# Zoomer visual mesh, local link coordinates in metres
v -0.0229962 -0.0227909 0.0065628
v -0.0229962 -0.0256546 0.0094266
v -0.0252863 -0.0227909 0.0094266
v -0.0229962 -0.0242209 0.0069454
v -0.0241397 -0.0227909 0.0069454
v -0.0240913 -0.0241603 0.0073170
v -0.0241397 -0.0252720 0.0094266
v -0.0229962 -0.0252720 0.0079966
v -0.0240913 -0.0249004 0.0080571
v -0.0249803 -0.0227909 0.0079966
v -0.0249803 -0.0242209 0.0094266
v -0.0246831 -0.0241603 0.0080571
v -0.0229962 -0.0256546 0.0113358
v -0.0229962 -0.0227909 0.0141995
v -0.0252863 -0.0227909 0.0113358
v -0.0229962 -0.0252720 0.0127658
v -0.0241397 -0.0252720 0.0113358
v -0.0240913 -0.0249004 0.0127053
v -0.0241397 -0.0227909 0.0138169
v -0.0229962 -0.0242209 0.0138169
v -0.0240913 -0.0241603 0.0134453
v -0.0249803 -0.0242209 0.0113358
v -0.0249803 -0.0227909 0.0127658
v -0.0246831 -0.0241603 0.0127053
v -0.0229962 0.0227909 0.0065628
v -0.0252863 0.0227909 0.0094266
v -0.0229962 0.0256546 0.0094266
v -0.0241397 0.0227909 0.0069454
v -0.0229962 0.0242209 0.0069454
v -0.0240913 0.0241603 0.0073170
v -0.0249803 0.0242209 0.0094266
v -0.0249803 0.0227909 0.0079966
v -0.0246831 0.0241603 0.0080571
v -0.0229962 0.0252720 0.0079966
v -0.0241397 0.0252720 0.0094266
v -0.0240913 0.0249004 0.0080571
v -0.0229962 0.0227909 0.0141995
v -0.0229962 0.0256546 0.0113358
v -0.0252863 0.0227909 0.0113358
v -0.0229962 0.0242209 0.0138169
v -0.0241397 0.0227909 0.0138169
v -0.0240913 0.0241603 0.0134453
v -0.0241397 0.0252720 0.0113358
v -0.0229962 0.0252720 0.0127658
v -0.0240913 0.0249004 0.0127053
v -0.0249803 0.0227909 0.0127658
v -0.0249803 0.0242209 0.0113358
v -0.0246831 0.0241603 0.0127053
v 0.0229962 -0.0227909 0.0065628
v 0.0252863 -0.0227909 0.0094266
v 0.0229962 -0.0256546 0.0094266
v 0.0241397 -0.0227909 0.0069454
v 0.0229962 -0.0242209 0.0069454
v 0.0240913 -0.0241603 0.0073170
v 0.0249803 -0.0242209 0.0094266
v 0.0249803 -0.0227909 0.0079966
v 0.0246831 -0.0241603 0.0080571
v 0.0229962 -0.0252720 0.0079966
v 0.0241397 -0.0252720 0.0094266
v 0.0240913 -0.0249004 0.0080571
v 0.0229962 -0.0227909 0.0141995
v 0.0229962 -0.0256546 0.0113358
v 0.0252863 -0.0227909 0.0113358
v 0.0229962 -0.0242209 0.0138169
v 0.0241397 -0.0227909 0.0138169
v 0.0240913 -0.0241603 0.0134453
v 0.0241397 -0.0252720 0.0113358
v 0.0229962 -0.0252720 0.0127658
v 0.0240913 -0.0249004 0.0127053
v 0.0249803 -0.0227909 0.0127658
v 0.0249803 -0.0242209 0.0113358
v 0.0246831 -0.0241603 0.0127053
v 0.0229962 0.0227909 0.0065628
v 0.0229962 0.0256546 0.0094266
v 0.0252863 0.0227909 0.0094266
v 0.0229962 0.0242209 0.0069454
v 0.0241397 0.0227909 0.0069454
v 0.0240913 0.0241603 0.0073170
v 0.0241397 0.0252720 0.0094266
v 0.0229962 0.0252720 0.0079966
v 0.0240913 0.0249004 0.0080571
v 0.0249803 0.0227909 0.0079966
v 0.0249803 0.0242209 0.0094266
v 0.0246831 0.0241603 0.0080571
v 0.0229962 0.0227909 0.0141995
v 0.0252863 0.0227909 0.0113358
v 0.0229962 0.0256546 0.0113358
v 0.0241397 0.0227909 0.0138169
v 0.0229962 0.0242209 0.0138169
v 0.0240913 0.0241603 0.0134453
v 0.0249803 0.0242209 0.0113358
v 0.0249803 0.0227909 0.0127658
v 0.0246831 0.0241603 0.0127053
v 0.0229962 0.0252720 0.0127658
v 0.0241397 0.0252720 0.0113358
v 0.0240913 0.0249004 0.0127053
v 0.0000000 0.0096642 0.0229698
v 0.0000000 0.0101425 0.0234471
v 0.0000000 0.0099034 0.0230338
v 0.0000000 0.0100784 0.0232085
v 0.0000000 0.0096642 0.0259529
v 0.0000000 0.0101425 0.0254756
v 0.0000000 0.0099034 0.0258890
v 0.0000000 0.0100784 0.0257143
v 0.0010087 0.0095815 0.0229698
v 0.0010587 0.0100558 0.0234471
v 0.0010337 0.0098186 0.0230338
v 0.0010520 0.0099922 0.0232085
v 0.0010087 0.0095815 0.0259529
v 0.0010587 0.0100558 0.0254756
v 0.0010337 0.0098186 0.0258890
v 0.0010520 0.0099922 0.0257143
v 0.0020002 0.0093349 0.0229698
v 0.0020992 0.0097969 0.0234471
v 0.0020497 0.0095659 0.0230338
v 0.0020859 0.0097350 0.0232085
v 0.0020002 0.0093349 0.0259529
v 0.0020992 0.0097969 0.0254756
v 0.0020497 0.0095659 0.0258890
v 0.0020859 0.0097350 0.0257143
v 0.0029574 0.0089286 0.0229698
v 0.0031038 0.0093705 0.0234471
v 0.0030306 0.0091495 0.0230338
v 0.0030842 0.0093113 0.0232085
v 0.0029574 0.0089286 0.0259529
v 0.0031038 0.0093705 0.0254756
v 0.0030306 0.0091495 0.0258890
v 0.0030842 0.0093113 0.0257143
v 0.0038641 0.0083694 0.0229698
v 0.0040553 0.0087837 0.0234471
v 0.0039597 0.0085766 0.0230338
v 0.0040297 0.0087282 0.0232085
v 0.0038641 0.0083694 0.0259529
v 0.0040553 0.0087837 0.0254756
v 0.0039597 0.0085766 0.0258890
v 0.0040297 0.0087282 0.0257143
v 0.0047046 0.0076671 0.0229698
v 0.0049375 0.0080466 0.0234471
v 0.0048210 0.0078569 0.0230338
v 0.0049063 0.0079958 0.0232085
v 0.0047046 0.0076671 0.0259529
v 0.0049375 0.0080466 0.0254756
v 0.0048210 0.0078569 0.0258890
v 0.0049063 0.0079958 0.0257143
v 0.0054647 0.0068336 0.0229698
v 0.0057351 0.0071718 0.0234471
v 0.0055999 0.0070027 0.0230338
v 0.0056989 0.0071265 0.0232085
v 0.0054647 0.0068336 0.0259529
v 0.0057351 0.0071718 0.0254756
v 0.0055999 0.0070027 0.0258890
v 0.0056989 0.0071265 0.0257143
v 0.0061312 0.0058832 0.0229698
v 0.0064346 0.0061744 0.0234471
v 0.0062829 0.0060288 0.0230338
v 0.0063940 0.0061354 0.0232085
v 0.0061312 0.0058832 0.0259529
v 0.0064346 0.0061744 0.0254756
v 0.0062829 0.0060288 0.0258890
v 0.0063940 0.0061354 0.0257143
v 0.0066928 0.0048321 0.0229698
v 0.0070241 0.0050713 0.0234471
v 0.0068584 0.0049517 0.0230338
v 0.0069797 0.0050392 0.0232085
v 0.0066928 0.0048321 0.0259529
v 0.0070241 0.0050713 0.0254756
v 0.0068584 0.0049517 0.0258890
v 0.0069797 0.0050392 0.0257143
v 0.0071399 0.0036983 0.0229698
v 0.0074933 0.0038814 0.0234471
v 0.0073166 0.0037899 0.0230338
v 0.0074460 0.0038569 0.0232085
v 0.0071399 0.0036983 0.0259529
v 0.0074933 0.0038814 0.0254756
v 0.0073166 0.0037899 0.0258890
v 0.0074460 0.0038569 0.0257143
v 0.0074649 0.0025013 0.0229698
v 0.0078343 0.0026251 0.0234471
v 0.0076496 0.0025632 0.0230338
v 0.0077848 0.0026085 0.0232085
v 0.0074649 0.0025013 0.0259529
v 0.0078343 0.0026251 0.0254756
v 0.0076496 0.0025632 0.0258890
v 0.0077848 0.0026085 0.0257143
v 0.0076621 0.0012614 0.0229698
v 0.0080413 0.0013239 0.0234471
v 0.0078517 0.0012926 0.0230338
v 0.0079905 0.0013155 0.0232085
v 0.0076621 0.0012614 0.0259529
v 0.0080413 0.0013239 0.0254756
v 0.0078517 0.0012926 0.0258890
v 0.0079905 0.0013155 0.0257143
v 0.0077282 0.0000000 0.0229698
v 0.0081107 0.0000000 0.0234471
v 0.0079194 0.0000000 0.0230338
v 0.0080594 0.0000000 0.0232085
v 0.0077282 0.0000000 0.0259529
v 0.0081107 0.0000000 0.0254756
v 0.0079194 0.0000000 0.0258890
v 0.0080594 0.0000000 0.0257143
v 0.0076621 -0.0012614 0.0229698
v 0.0080413 -0.0013239 0.0234471
v 0.0078517 -0.0012926 0.0230338
v 0.0079905 -0.0013155 0.0232085
v 0.0076621 -0.0012614 0.0259529
v 0.0080413 -0.0013239 0.0254756
v 0.0078517 -0.0012926 0.0258890
v 0.0079905 -0.0013155 0.0257143
v 0.0074649 -0.0025013 0.0229698
v 0.0078343 -0.0026251 0.0234471
v 0.0076496 -0.0025632 0.0230338
v 0.0077848 -0.0026085 0.0232085
v 0.0074649 -0.0025013 0.0259529
v 0.0078343 -0.0026251 0.0254756
v 0.0076496 -0.0025632 0.0258890
v 0.0077848 -0.0026085 0.0257143
v 0.0071399 -0.0036983 0.0229698
v 0.0074933 -0.0038814 0.0234471
v 0.0073166 -0.0037899 0.0230338
v 0.0074460 -0.0038569 0.0232085
v 0.0071399 -0.0036983 0.0259529
v 0.0074933 -0.0038814 0.0254756
v 0.0073166 -0.0037899 0.0258890
v 0.0074460 -0.0038569 0.0257143
v 0.0066928 -0.0048321 0.0229698
v 0.0070241 -0.0050713 0.0234471
v 0.0068584 -0.0049517 0.0230338
v 0.0069797 -0.0050392 0.0232085
v 0.0066928 -0.0048321 0.0259529
v 0.0070241 -0.0050713 0.0254756
v 0.0068584 -0.0049517 0.0258890
v 0.0069797 -0.0050392 0.0257143
v 0.0061312 -0.0058832 0.0229698
v 0.0064346 -0.0061744 0.0234471
v 0.0062829 -0.0060288 0.0230338
v 0.0063940 -0.0061354 0.0232085
v 0.0061312 -0.0058832 0.0259529
v 0.0064346 -0.0061744 0.0254756
v 0.0062829 -0.0060288 0.0258890
v 0.0063940 -0.0061354 0.0257143
v 0.0054647 -0.0068336 0.0229698
v 0.0057351 -0.0071718 0.0234471
v 0.0055999 -0.0070027 0.0230338
v 0.0056989 -0.0071265 0.0232085
v 0.0054647 -0.0068336 0.0259529
v 0.0057351 -0.0071718 0.0254756
v 0.0055999 -0.0070027 0.0258890
v 0.0056989 -0.0071265 0.0257143
v 0.0047046 -0.0076671 0.0229698
v 0.0049375 -0.0080466 0.0234471
v 0.0048210 -0.0078569 0.0230338
v 0.0049063 -0.0079958 0.0232085
v 0.0047046 -0.0076671 0.0259529
v 0.0049375 -0.0080466 0.0254756
v 0.0048210 -0.0078569 0.0258890
v 0.0049063 -0.0079958 0.0257143
v 0.0038641 -0.0083694 0.0229698
v 0.0040553 -0.0087837 0.0234471
v 0.0039597 -0.0085766 0.0230338
v 0.0040297 -0.0087282 0.0232085
v 0.0038641 -0.0083694 0.0259529
v 0.0040553 -0.0087837 0.0254756
v 0.0039597 -0.0085766 0.0258890
v 0.0040297 -0.0087282 0.0257143
v 0.0029574 -0.0089286 0.0229698
v 0.0031038 -0.0093705 0.0234471
v 0.0030306 -0.0091495 0.0230338
v 0.0030842 -0.0093113 0.0232085
v 0.0029574 -0.0089286 0.0259529
v 0.0031038 -0.0093705 0.0254756
v 0.0030306 -0.0091495 0.0258890
v 0.0030842 -0.0093113 0.0257143
v 0.0020002 -0.0093349 0.0229698
v 0.0020992 -0.0097969 0.0234471
v 0.0020497 -0.0095659 0.0230338
v 0.0020859 -0.0097350 0.0232085
v 0.0020002 -0.0093349 0.0259529
v 0.0020992 -0.0097969 0.0254756
v 0.0020497 -0.0095659 0.0258890
v 0.0020859 -0.0097350 0.0257143
v 0.0010087 -0.0095815 0.0229698
v 0.0010587 -0.0100558 0.0234471
v 0.0010337 -0.0098186 0.0230338
v 0.0010520 -0.0099922 0.0232085
v 0.0010087 -0.0095815 0.0259529
v 0.0010587 -0.0100558 0.0254756
v 0.0010337 -0.0098186 0.0258890
v 0.0010520 -0.0099922 0.0257143
v 0.0000000 -0.0096642 0.0229698
v 0.0000000 -0.0101425 0.0234471
v 0.0000000 -0.0099034 0.0230338
v 0.0000000 -0.0100784 0.0232085
v 0.0000000 -0.0096642 0.0259529
v 0.0000000 -0.0101425 0.0254756
v 0.0000000 -0.0099034 0.0258890
v 0.0000000 -0.0100784 0.0257143
v -0.0010087 -0.0095815 0.0229698
v -0.0010587 -0.0100558 0.0234471
v -0.0010337 -0.0098186 0.0230338
v -0.0010520 -0.0099922 0.0232085
v -0.0010087 -0.0095815 0.0259529
v -0.0010587 -0.0100558 0.0254756
v -0.0010337 -0.0098186 0.0258890
v -0.0010520 -0.0099922 0.0257143
v -0.0020002 -0.0093349 0.0229698
v -0.0020992 -0.0097969 0.0234471
v -0.0020497 -0.0095659 0.0230338
v -0.0020859 -0.0097350 0.0232085
v -0.0020002 -0.0093349 0.0259529
v -0.0020992 -0.0097969 0.0254756
v -0.0020497 -0.0095659 0.0258890
v -0.0020859 -0.0097350 0.0257143
v -0.0029574 -0.0089286 0.0229698
v -0.0031038 -0.0093705 0.0234471
v -0.0030306 -0.0091495 0.0230338
v -0.0030842 -0.0093113 0.0232085
v -0.0029574 -0.0089286 0.0259529
v -0.0031038 -0.0093705 0.0254756
v -0.0030306 -0.0091495 0.0258890
v -0.0030842 -0.0093113 0.0257143
v -0.0038641 -0.0083694 0.0229698
v -0.0040553 -0.0087837 0.0234471
v -0.0039597 -0.0085766 0.0230338
v -0.0040297 -0.0087282 0.0232085
v -0.0038641 -0.0083694 0.0259529
v -0.0040553 -0.0087837 0.0254756
v -0.0039597 -0.0085766 0.0258890
v -0.0040297 -0.0087282 0.0257143
v -0.0047046 -0.0076671 0.0229698
v -0.0049375 -0.0080466 0.0234471
v -0.0048210 -0.0078569 0.0230338
v -0.0049063 -0.0079958 0.0232085
v -0.0047046 -0.0076671 0.0259529
v -0.0049375 -0.0080466 0.0254756
v -0.0048210 -0.0078569 0.0258890
v -0.0049063 -0.0079958 0.0257143
v -0.0054647 -0.0068336 0.0229698
v -0.0057351 -0.0071718 0.0234471
v -0.0055999 -0.0070027 0.0230338
v -0.0056989 -0.0071265 0.0232085
v -0.0054647 -0.0068336 0.0259529
v -0.0057351 -0.0071718 0.0254756
v -0.0055999 -0.0070027 0.0258890
v -0.0056989 -0.0071265 0.0257143
v -0.0061312 -0.0058832 0.0229698
v -0.0064346 -0.0061744 0.0234471
v -0.0062829 -0.0060288 0.0230338
v -0.0063940 -0.0061354 0.0232085
v -0.0061312 -0.0058832 0.0259529
v -0.0064346 -0.0061744 0.0254756
v -0.0062829 -0.0060288 0.0258890
v -0.0063940 -0.0061354 0.0257143
v -0.0066928 -0.0048321 0.0229698
v -0.0070241 -0.0050713 0.0234471
v -0.0068584 -0.0049517 0.0230338
v -0.0069797 -0.0050392 0.0232085
v -0.0066928 -0.0048321 0.0259529
v -0.0070241 -0.0050713 0.0254756
v -0.0068584 -0.0049517 0.0258890
v -0.0069797 -0.0050392 0.0257143
v -0.0071399 -0.0036983 0.0229698
v -0.0074933 -0.0038814 0.0234471
v -0.0073166 -0.0037899 0.0230338
v -0.0074460 -0.0038569 0.0232085
v -0.0071399 -0.0036983 0.0259529
v -0.0074933 -0.0038814 0.0254756
v -0.0073166 -0.0037899 0.0258890
v -0.0074460 -0.0038569 0.0257143
v -0.0074649 -0.0025013 0.0229698
v -0.0078343 -0.0026251 0.0234471
v -0.0076496 -0.0025632 0.0230338
v -0.0077848 -0.0026085 0.0232085
v -0.0074649 -0.0025013 0.0259529
v -0.0078343 -0.0026251 0.0254756
v -0.0076496 -0.0025632 0.0258890
v -0.0077848 -0.0026085 0.0257143
v -0.0076621 -0.0012614 0.0229698
v -0.0080413 -0.0013239 0.0234471
v -0.0078517 -0.0012926 0.0230338
v -0.0079905 -0.0013155 0.0232085
v -0.0076621 -0.0012614 0.0259529
v -0.0080413 -0.0013239 0.0254756
v -0.0078517 -0.0012926 0.0258890
v -0.0079905 -0.0013155 0.0257143
v -0.0077282 0.0000000 0.0229698
v -0.0081107 0.0000000 0.0234471
v -0.0079194 0.0000000 0.0230338
v -0.0080594 0.0000000 0.0232085
v -0.0077282 0.0000000 0.0259529
v -0.0081107 0.0000000 0.0254756
v -0.0079194 0.0000000 0.0258890
v -0.0080594 0.0000000 0.0257143
v -0.0076621 0.0012614 0.0229698
v -0.0080413 0.0013239 0.0234471
v -0.0078517 0.0012926 0.0230338
v -0.0079905 0.0013155 0.0232085
v -0.0076621 0.0012614 0.0259529
v -0.0080413 0.0013239 0.0254756
v -0.0078517 0.0012926 0.0258890
v -0.0079905 0.0013155 0.0257143
v -0.0074649 0.0025013 0.0229698
v -0.0078343 0.0026251 0.0234471
v -0.0076496 0.0025632 0.0230338
v -0.0077848 0.0026085 0.0232085
v -0.0074649 0.0025013 0.0259529
v -0.0078343 0.0026251 0.0254756
v -0.0076496 0.0025632 0.0258890
v -0.0077848 0.0026085 0.0257143
v -0.0071399 0.0036983 0.0229698
v -0.0074933 0.0038814 0.0234471
v -0.0073166 0.0037899 0.0230338
v -0.0074460 0.0038569 0.0232085
v -0.0071399 0.0036983 0.0259529
v -0.0074933 0.0038814 0.0254756
v -0.0073166 0.0037899 0.0258890
v -0.0074460 0.0038569 0.0257143
v -0.0066928 0.0048321 0.0229698
v -0.0070241 0.0050713 0.0234471
v -0.0068584 0.0049517 0.0230338
v -0.0069797 0.0050392 0.0232085
v -0.0066928 0.0048321 0.0259529
v -0.0070241 0.0050713 0.0254756
v -0.0068584 0.0049517 0.0258890
v -0.0069797 0.0050392 0.0257143
v -0.0061312 0.0058832 0.0229698
v -0.0064346 0.0061744 0.0234471
v -0.0062829 0.0060288 0.0230338
v -0.0063940 0.0061354 0.0232085
v -0.0061312 0.0058832 0.0259529
v -0.0064346 0.0061744 0.0254756
v -0.0062829 0.0060288 0.0258890
v -0.0063940 0.0061354 0.0257143
v -0.0054647 0.0068336 0.0229698
v -0.0057351 0.0071718 0.0234471
v -0.0055999 0.0070027 0.0230338
v -0.0056989 0.0071265 0.0232085
v -0.0054647 0.0068336 0.0259529
v -0.0057351 0.0071718 0.0254756
v -0.0055999 0.0070027 0.0258890
v -0.0056989 0.0071265 0.0257143
v -0.0047046 0.0076671 0.0229698
v -0.0049375 0.0080466 0.0234471
v -0.0048210 0.0078569 0.0230338
v -0.0049063 0.0079958 0.0232085
v -0.0047046 0.0076671 0.0259529
v -0.0049375 0.0080466 0.0254756
v -0.0048210 0.0078569 0.0258890
v -0.0049063 0.0079958 0.0257143
v -0.0038641 0.0083694 0.0229698
v -0.0040553 0.0087837 0.0234471
v -0.0039597 0.0085766 0.0230338
v -0.0040297 0.0087282 0.0232085
v -0.0038641 0.0083694 0.0259529
v -0.0040553 0.0087837 0.0254756
v -0.0039597 0.0085766 0.0258890
v -0.0040297 0.0087282 0.0257143
v -0.0029574 0.0089286 0.0229698
v -0.0031038 0.0093705 0.0234471
v -0.0030306 0.0091495 0.0230338
v -0.0030842 0.0093113 0.0232085
v -0.0029574 0.0089286 0.0259529
v -0.0031038 0.0093705 0.0254756
v -0.0030306 0.0091495 0.0258890
v -0.0030842 0.0093113 0.0257143
v -0.0020002 0.0093349 0.0229698
v -0.0020992 0.0097969 0.0234471
v -0.0020497 0.0095659 0.0230338
v -0.0020859 0.0097350 0.0232085
v -0.0020002 0.0093349 0.0259529
v -0.0020992 0.0097969 0.0254756
v -0.0020497 0.0095659 0.0258890
v -0.0020859 0.0097350 0.0257143
v -0.0010087 0.0095815 0.0229698
v -0.0010587 0.0100558 0.0234471
v -0.0010337 0.0098186 0.0230338
v -0.0010520 0.0099922 0.0232085
v -0.0010087 0.0095815 0.0259529
v -0.0010587 0.0100558 0.0254756
v -0.0010337 0.0098186 0.0258890
v -0.0010520 0.0099922 0.0257143
v 0.0000000 0.0096642 0.0337090
v 0.0000000 0.0101425 0.0341863
v 0.0000000 0.0099034 0.0337729
v 0.0000000 0.0100784 0.0339476
v 0.0000000 0.0096642 0.0366921
v 0.0000000 0.0101425 0.0362148
v 0.0000000 0.0099034 0.0366281
v 0.0000000 0.0100784 0.0364534
v 0.0010087 0.0095815 0.0337090
v 0.0010587 0.0100558 0.0341863
v 0.0010337 0.0098186 0.0337729
v 0.0010520 0.0099922 0.0339476
v 0.0010087 0.0095815 0.0366921
v 0.0010587 0.0100558 0.0362148
v 0.0010337 0.0098186 0.0366281
v 0.0010520 0.0099922 0.0364534
v 0.0020002 0.0093349 0.0337090
v 0.0020992 0.0097969 0.0341863
v 0.0020497 0.0095659 0.0337729
v 0.0020859 0.0097350 0.0339476
v 0.0020002 0.0093349 0.0366921
v 0.0020992 0.0097969 0.0362148
v 0.0020497 0.0095659 0.0366281
v 0.0020859 0.0097350 0.0364534
v 0.0029574 0.0089286 0.0337090
v 0.0031038 0.0093705 0.0341863
v 0.0030306 0.0091495 0.0337729
v 0.0030842 0.0093113 0.0339476
v 0.0029574 0.0089286 0.0366921
v 0.0031038 0.0093705 0.0362148
v 0.0030306 0.0091495 0.0366281
v 0.0030842 0.0093113 0.0364534
v 0.0038641 0.0083694 0.0337090
v 0.0040553 0.0087837 0.0341863
v 0.0039597 0.0085766 0.0337729
v 0.0040297 0.0087282 0.0339476
v 0.0038641 0.0083694 0.0366921
v 0.0040553 0.0087837 0.0362148
v 0.0039597 0.0085766 0.0366281
v 0.0040297 0.0087282 0.0364534
v 0.0047046 0.0076671 0.0337090
v 0.0049375 0.0080466 0.0341863
v 0.0048210 0.0078569 0.0337729
v 0.0049063 0.0079958 0.0339476
v 0.0047046 0.0076671 0.0366921
v 0.0049375 0.0080466 0.0362148
v 0.0048210 0.0078569 0.0366281
v 0.0049063 0.0079958 0.0364534
v 0.0054647 0.0068336 0.0337090
v 0.0057351 0.0071718 0.0341863
v 0.0055999 0.0070027 0.0337729
v 0.0056989 0.0071265 0.0339476
v 0.0054647 0.0068336 0.0366921
v 0.0057351 0.0071718 0.0362148
v 0.0055999 0.0070027 0.0366281
v 0.0056989 0.0071265 0.0364534
v 0.0061312 0.0058832 0.0337090
v 0.0064346 0.0061744 0.0341863
v 0.0062829 0.0060288 0.0337729
v 0.0063940 0.0061354 0.0339476
v 0.0061312 0.0058832 0.0366921
v 0.0064346 0.0061744 0.0362148
v 0.0062829 0.0060288 0.0366281
v 0.0063940 0.0061354 0.0364534
v 0.0066928 0.0048321 0.0337090
v 0.0070241 0.0050713 0.0341863
v 0.0068584 0.0049517 0.0337729
v 0.0069797 0.0050392 0.0339476
v 0.0066928 0.0048321 0.0366921
v 0.0070241 0.0050713 0.0362148
v 0.0068584 0.0049517 0.0366281
v 0.0069797 0.0050392 0.0364534
v 0.0071399 0.0036983 0.0337090
v 0.0074933 0.0038814 0.0341863
v 0.0073166 0.0037899 0.0337729
v 0.0074460 0.0038569 0.0339476
v 0.0071399 0.0036983 0.0366921
v 0.0074933 0.0038814 0.0362148
v 0.0073166 0.0037899 0.0366281
v 0.0074460 0.0038569 0.0364534
v 0.0074649 0.0025013 0.0337090
v 0.0078343 0.0026251 0.0341863
v 0.0076496 0.0025632 0.0337729
v 0.0077848 0.0026085 0.0339476
v 0.0074649 0.0025013 0.0366921
v 0.0078343 0.0026251 0.0362148
v 0.0076496 0.0025632 0.0366281
v 0.0077848 0.0026085 0.0364534
v 0.0076621 0.0012614 0.0337090
v 0.0080413 0.0013239 0.0341863
v 0.0078517 0.0012926 0.0337729
v 0.0079905 0.0013155 0.0339476
v 0.0076621 0.0012614 0.0366921
v 0.0080413 0.0013239 0.0362148
v 0.0078517 0.0012926 0.0366281
v 0.0079905 0.0013155 0.0364534
v 0.0077282 0.0000000 0.0337090
v 0.0081107 0.0000000 0.0341863
v 0.0079194 0.0000000 0.0337729
v 0.0080594 0.0000000 0.0339476
v 0.0077282 0.0000000 0.0366921
v 0.0081107 0.0000000 0.0362148
v 0.0079194 0.0000000 0.0366281
v 0.0080594 0.0000000 0.0364534
v 0.0076621 -0.0012614 0.0337090
v 0.0080413 -0.0013239 0.0341863
v 0.0078517 -0.0012926 0.0337729
v 0.0079905 -0.0013155 0.0339476
v 0.0076621 -0.0012614 0.0366921
v 0.0080413 -0.0013239 0.0362148
v 0.0078517 -0.0012926 0.0366281
v 0.0079905 -0.0013155 0.0364534
v 0.0074649 -0.0025013 0.0337090
v 0.0078343 -0.0026251 0.0341863
v 0.0076496 -0.0025632 0.0337729
v 0.0077848 -0.0026085 0.0339476
v 0.0074649 -0.0025013 0.0366921
v 0.0078343 -0.0026251 0.0362148
v 0.0076496 -0.0025632 0.0366281
v 0.0077848 -0.0026085 0.0364534
v 0.0071399 -0.0036983 0.0337090
v 0.0074933 -0.0038814 0.0341863
v 0.0073166 -0.0037899 0.0337729
v 0.0074460 -0.0038569 0.0339476
v 0.0071399 -0.0036983 0.0366921
v 0.0074933 -0.0038814 0.0362148
v 0.0073166 -0.0037899 0.0366281
v 0.0074460 -0.0038569 0.0364534
v 0.0066928 -0.0048321 0.0337090
v 0.0070241 -0.0050713 0.0341863
v 0.0068584 -0.0049517 0.0337729
v 0.0069797 -0.0050392 0.0339476
v 0.0066928 -0.0048321 0.0366921
v 0.0070241 -0.0050713 0.0362148
v 0.0068584 -0.0049517 0.0366281
v 0.0069797 -0.0050392 0.0364534
v 0.0061312 -0.0058832 0.0337090
v 0.0064346 -0.0061744 0.0341863
v 0.0062829 -0.0060288 0.0337729
v 0.0063940 -0.0061354 0.0339476
v 0.0061312 -0.0058832 0.0366921
v 0.0064346 -0.0061744 0.0362148
v 0.0062829 -0.0060288 0.0366281
v 0.0063940 -0.0061354 0.0364534
v 0.0054647 -0.0068336 0.0337090
v 0.0057351 -0.0071718 0.0341863
v 0.0055999 -0.0070027 0.0337729
v 0.0056989 -0.0071265 0.0339476
v 0.0054647 -0.0068336 0.0366921
v 0.0057351 -0.0071718 0.0362148
v 0.0055999 -0.0070027 0.0366281
v 0.0056989 -0.0071265 0.0364534
v 0.0047046 -0.0076671 0.0337090
v 0.0049375 -0.0080466 0.0341863
v 0.0048210 -0.0078569 0.0337729
v 0.0049063 -0.0079958 0.0339476
v 0.0047046 -0.0076671 0.0366921
v 0.0049375 -0.0080466 0.0362148
v 0.0048210 -0.0078569 0.0366281
v 0.0049063 -0.0079958 0.0364534
v 0.0038641 -0.0083694 0.0337090
v 0.0040553 -0.0087837 0.0341863
v 0.0039597 -0.0085766 0.0337729
v 0.0040297 -0.0087282 0.0339476
v 0.0038641 -0.0083694 0.0366921
v 0.0040553 -0.0087837 0.0362148
v 0.0039597 -0.0085766 0.0366281
v 0.0040297 -0.0087282 0.0364534
v 0.0029574 -0.0089286 0.0337090
v 0.0031038 -0.0093705 0.0341863
v 0.0030306 -0.0091495 0.0337729
v 0.0030842 -0.0093113 0.0339476
v 0.0029574 -0.0089286 0.0366921
v 0.0031038 -0.0093705 0.0362148
v 0.0030306 -0.0091495 0.0366281
v 0.0030842 -0.0093113 0.0364534
v 0.0020002 -0.0093349 0.0337090
v 0.0020992 -0.0097969 0.0341863
v 0.0020497 -0.0095659 0.0337729
v 0.0020859 -0.0097350 0.0339476
v 0.0020002 -0.0093349 0.0366921
v 0.0020992 -0.0097969 0.0362148
v 0.0020497 -0.0095659 0.0366281
v 0.0020859 -0.0097350 0.0364534
v 0.0010087 -0.0095815 0.0337090
v 0.0010587 -0.0100558 0.0341863
v 0.0010337 -0.0098186 0.0337729
v 0.0010520 -0.0099922 0.0339476
v 0.0010087 -0.0095815 0.0366921
v 0.0010587 -0.0100558 0.0362148
v 0.0010337 -0.0098186 0.0366281
v 0.0010520 -0.0099922 0.0364534
v 0.0000000 -0.0096642 0.0337090
v 0.0000000 -0.0101425 0.0341863
v 0.0000000 -0.0099034 0.0337729
v 0.0000000 -0.0100784 0.0339476
v 0.0000000 -0.0096642 0.0366921
v 0.0000000 -0.0101425 0.0362148
v 0.0000000 -0.0099034 0.0366281
v 0.0000000 -0.0100784 0.0364534
v -0.0010087 -0.0095815 0.0337090
v -0.0010587 -0.0100558 0.0341863
v -0.0010337 -0.0098186 0.0337729
v -0.0010520 -0.0099922 0.0339476
v -0.0010087 -0.0095815 0.0366921
v -0.0010587 -0.0100558 0.0362148
v -0.0010337 -0.0098186 0.0366281
v -0.0010520 -0.0099922 0.0364534
v -0.0020002 -0.0093349 0.0337090
v -0.0020992 -0.0097969 0.0341863
v -0.0020497 -0.0095659 0.0337729
v -0.0020859 -0.0097350 0.0339476
v -0.0020002 -0.0093349 0.0366921
v -0.0020992 -0.0097969 0.0362148
v -0.0020497 -0.0095659 0.0366281
v -0.0020859 -0.0097350 0.0364534
v -0.0029574 -0.0089286 0.0337090
v -0.0031038 -0.0093705 0.0341863
v -0.0030306 -0.0091495 0.0337729
v -0.0030842 -0.0093113 0.0339476
v -0.0029574 -0.0089286 0.0366921
v -0.0031038 -0.0093705 0.0362148
v -0.0030306 -0.0091495 0.0366281
v -0.0030842 -0.0093113 0.0364534
v -0.0038641 -0.0083694 0.0337090
v -0.0040553 -0.0087837 0.0341863
v -0.0039597 -0.0085766 0.0337729
v -0.0040297 -0.0087282 0.0339476
v -0.0038641 -0.0083694 0.0366921
v -0.0040553 -0.0087837 0.0362148
v -0.0039597 -0.0085766 0.0366281
v -0.0040297 -0.0087282 0.0364534
v -0.0047046 -0.0076671 0.0337090
v -0.0049375 -0.0080466 0.0341863
v -0.0048210 -0.0078569 0.0337729
v -0.0049063 -0.0079958 0.0339476
v -0.0047046 -0.0076671 0.0366921
v -0.0049375 -0.0080466 0.0362148
v -0.0048210 -0.0078569 0.0366281
v -0.0049063 -0.0079958 0.0364534
v -0.0054647 -0.0068336 0.0337090
v -0.0057351 -0.0071718 0.0341863
v -0.0055999 -0.0070027 0.0337729
v -0.0056989 -0.0071265 0.0339476
v -0.0054647 -0.0068336 0.0366921
v -0.0057351 -0.0071718 0.0362148
v -0.0055999 -0.0070027 0.0366281
v -0.0056989 -0.0071265 0.0364534
v -0.0061312 -0.0058832 0.0337090
v -0.0064346 -0.0061744 0.0341863
v -0.0062829 -0.0060288 0.0337729
v -0.0063940 -0.0061354 0.0339476
v -0.0061312 -0.0058832 0.0366921
v -0.0064346 -0.0061744 0.0362148
v -0.0062829 -0.0060288 0.0366281
v -0.0063940 -0.0061354 0.0364534
v -0.0066928 -0.0048321 0.0337090
v -0.0070241 -0.0050713 0.0341863
v -0.0068584 -0.0049517 0.0337729
v -0.0069797 -0.0050392 0.0339476
v -0.0066928 -0.0048321 0.0366921
v -0.0070241 -0.0050713 0.0362148
v -0.0068584 -0.0049517 0.0366281
v -0.0069797 -0.0050392 0.0364534
v -0.0071399 -0.0036983 0.0337090
v -0.0074933 -0.0038814 0.0341863
v -0.0073166 -0.0037899 0.0337729
v -0.0074460 -0.0038569 0.0339476
v -0.0071399 -0.0036983 0.0366921
v -0.0074933 -0.0038814 0.0362148
v -0.0073166 -0.0037899 0.0366281
v -0.0074460 -0.0038569 0.0364534
v -0.0074649 -0.0025013 0.0337090
v -0.0078343 -0.0026251 0.0341863
v -0.0076496 -0.0025632 0.0337729
v -0.0077848 -0.0026085 0.0339476
v -0.0074649 -0.0025013 0.0366921
v -0.0078343 -0.0026251 0.0362148
v -0.0076496 -0.0025632 0.0366281
v -0.0077848 -0.0026085 0.0364534
v -0.0076621 -0.0012614 0.0337090
v -0.0080413 -0.0013239 0.0341863
v -0.0078517 -0.0012926 0.0337729
v -0.0079905 -0.0013155 0.0339476
v -0.0076621 -0.0012614 0.0366921
v -0.0080413 -0.0013239 0.0362148
v -0.0078517 -0.0012926 0.0366281
v -0.0079905 -0.0013155 0.0364534
v -0.0077282 0.0000000 0.0337090
v -0.0081107 0.0000000 0.0341863
v -0.0079194 0.0000000 0.0337729
v -0.0080594 0.0000000 0.0339476
v -0.0077282 0.0000000 0.0366921
v -0.0081107 0.0000000 0.0362148
v -0.0079194 0.0000000 0.0366281
v -0.0080594 0.0000000 0.0364534
v -0.0076621 0.0012614 0.0337090
v -0.0080413 0.0013239 0.0341863
v -0.0078517 0.0012926 0.0337729
v -0.0079905 0.0013155 0.0339476
v -0.0076621 0.0012614 0.0366921
v -0.0080413 0.0013239 0.0362148
v -0.0078517 0.0012926 0.0366281
v -0.0079905 0.0013155 0.0364534
v -0.0074649 0.0025013 0.0337090
v -0.0078343 0.0026251 0.0341863
v -0.0076496 0.0025632 0.0337729
v -0.0077848 0.0026085 0.0339476
v -0.0074649 0.0025013 0.0366921
v -0.0078343 0.0026251 0.0362148
v -0.0076496 0.0025632 0.0366281
v -0.0077848 0.0026085 0.0364534
v -0.0071399 0.0036983 0.0337090
v -0.0074933 0.0038814 0.0341863
v -0.0073166 0.0037899 0.0337729
v -0.0074460 0.0038569 0.0339476
v -0.0071399 0.0036983 0.0366921
v -0.0074933 0.0038814 0.0362148
v -0.0073166 0.0037899 0.0366281
v -0.0074460 0.0038569 0.0364534
v -0.0066928 0.0048321 0.0337090
v -0.0070241 0.0050713 0.0341863
v -0.0068584 0.0049517 0.0337729
v -0.0069797 0.0050392 0.0339476
v -0.0066928 0.0048321 0.0366921
v -0.0070241 0.0050713 0.0362148
v -0.0068584 0.0049517 0.0366281
v -0.0069797 0.0050392 0.0364534
v -0.0061312 0.0058832 0.0337090
v -0.0064346 0.0061744 0.0341863
v -0.0062829 0.0060288 0.0337729
v -0.0063940 0.0061354 0.0339476
v -0.0061312 0.0058832 0.0366921
v -0.0064346 0.0061744 0.0362148
v -0.0062829 0.0060288 0.0366281
v -0.0063940 0.0061354 0.0364534
v -0.0054647 0.0068336 0.0337090
v -0.0057351 0.0071718 0.0341863
v -0.0055999 0.0070027 0.0337729
v -0.0056989 0.0071265 0.0339476
v -0.0054647 0.0068336 0.0366921
v -0.0057351 0.0071718 0.0362148
v -0.0055999 0.0070027 0.0366281
v -0.0056989 0.0071265 0.0364534
v -0.0047046 0.0076671 0.0337090
v -0.0049375 0.0080466 0.0341863
v -0.0048210 0.0078569 0.0337729
v -0.0049063 0.0079958 0.0339476
v -0.0047046 0.0076671 0.0366921
v -0.0049375 0.0080466 0.0362148
v -0.0048210 0.0078569 0.0366281
v -0.0049063 0.0079958 0.0364534
v -0.0038641 0.0083694 0.0337090
v -0.0040553 0.0087837 0.0341863
v -0.0039597 0.0085766 0.0337729
v -0.0040297 0.0087282 0.0339476
v -0.0038641 0.0083694 0.0366921
v -0.0040553 0.0087837 0.0362148
v -0.0039597 0.0085766 0.0366281
v -0.0040297 0.0087282 0.0364534
v -0.0029574 0.0089286 0.0337090
v -0.0031038 0.0093705 0.0341863
v -0.0030306 0.0091495 0.0337729
v -0.0030842 0.0093113 0.0339476
v -0.0029574 0.0089286 0.0366921
v -0.0031038 0.0093705 0.0362148
v -0.0030306 0.0091495 0.0366281
v -0.0030842 0.0093113 0.0364534
v -0.0020002 0.0093349 0.0337090
v -0.0020992 0.0097969 0.0341863
v -0.0020497 0.0095659 0.0337729
v -0.0020859 0.0097350 0.0339476
v -0.0020002 0.0093349 0.0366921
v -0.0020992 0.0097969 0.0362148
v -0.0020497 0.0095659 0.0366281
v -0.0020859 0.0097350 0.0364534
v -0.0010087 0.0095815 0.0337090
v -0.0010587 0.0100558 0.0341863
v -0.0010337 0.0098186 0.0337729
v -0.0010520 0.0099922 0.0339476
v -0.0010087 0.0095815 0.0366921
v -0.0010587 0.0100558 0.0362148
v -0.0010337 0.0098186 0.0366281
v -0.0010520 0.0099922 0.0364534
v 0.0000000 0.0096642 0.0444481
v 0.0000000 0.0101425 0.0449254
v 0.0000000 0.0099034 0.0445121
v 0.0000000 0.0100784 0.0446868
v 0.0000000 0.0096642 0.0474312
v 0.0000000 0.0101425 0.0469539
v 0.0000000 0.0099034 0.0473673
v 0.0000000 0.0100784 0.0471926
v 0.0010087 0.0095815 0.0444481
v 0.0010587 0.0100558 0.0449254
v 0.0010337 0.0098186 0.0445121
v 0.0010520 0.0099922 0.0446868
v 0.0010087 0.0095815 0.0474312
v 0.0010587 0.0100558 0.0469539
v 0.0010337 0.0098186 0.0473673
v 0.0010520 0.0099922 0.0471926
v 0.0020002 0.0093349 0.0444481
v 0.0020992 0.0097969 0.0449254
v 0.0020497 0.0095659 0.0445121
v 0.0020859 0.0097350 0.0446868
v 0.0020002 0.0093349 0.0474312
v 0.0020992 0.0097969 0.0469539
v 0.0020497 0.0095659 0.0473673
v 0.0020859 0.0097350 0.0471926
v 0.0029574 0.0089286 0.0444481
v 0.0031038 0.0093705 0.0449254
v 0.0030306 0.0091495 0.0445121
v 0.0030842 0.0093113 0.0446868
v 0.0029574 0.0089286 0.0474312
v 0.0031038 0.0093705 0.0469539
v 0.0030306 0.0091495 0.0473673
v 0.0030842 0.0093113 0.0471926
v 0.0038641 0.0083694 0.0444481
v 0.0040553 0.0087837 0.0449254
v 0.0039597 0.0085766 0.0445121
v 0.0040297 0.0087282 0.0446868
v 0.0038641 0.0083694 0.0474312
v 0.0040553 0.0087837 0.0469539
v 0.0039597 0.0085766 0.0473673
v 0.0040297 0.0087282 0.0471926
v 0.0047046 0.0076671 0.0444481
v 0.0049375 0.0080466 0.0449254
v 0.0048210 0.0078569 0.0445121
v 0.0049063 0.0079958 0.0446868
v 0.0047046 0.0076671 0.0474312
v 0.0049375 0.0080466 0.0469539
v 0.0048210 0.0078569 0.0473673
v 0.0049063 0.0079958 0.0471926
v 0.0054647 0.0068336 0.0444481
v 0.0057351 0.0071718 0.0449254
v 0.0055999 0.0070027 0.0445121
v 0.0056989 0.0071265 0.0446868
v 0.0054647 0.0068336 0.0474312
v 0.0057351 0.0071718 0.0469539
v 0.0055999 0.0070027 0.0473673
v 0.0056989 0.0071265 0.0471926
v 0.0061312 0.0058832 0.0444481
v 0.0064346 0.0061744 0.0449254
v 0.0062829 0.0060288 0.0445121
v 0.0063940 0.0061354 0.0446868
v 0.0061312 0.0058832 0.0474312
v 0.0064346 0.0061744 0.0469539
v 0.0062829 0.0060288 0.0473673
v 0.0063940 0.0061354 0.0471926
v 0.0066928 0.0048321 0.0444481
v 0.0070241 0.0050713 0.0449254
v 0.0068584 0.0049517 0.0445121
v 0.0069797 0.0050392 0.0446868
v 0.0066928 0.0048321 0.0474312
v 0.0070241 0.0050713 0.0469539
v 0.0068584 0.0049517 0.0473673
v 0.0069797 0.0050392 0.0471926
v 0.0071399 0.0036983 0.0444481
v 0.0074933 0.0038814 0.0449254
v 0.0073166 0.0037899 0.0445121
v 0.0074460 0.0038569 0.0446868
v 0.0071399 0.0036983 0.0474312
v 0.0074933 0.0038814 0.0469539
v 0.0073166 0.0037899 0.0473673
v 0.0074460 0.0038569 0.0471926
v 0.0074649 0.0025013 0.0444481
v 0.0078343 0.0026251 0.0449254
v 0.0076496 0.0025632 0.0445121
v 0.0077848 0.0026085 0.0446868
v 0.0074649 0.0025013 0.0474312
v 0.0078343 0.0026251 0.0469539
v 0.0076496 0.0025632 0.0473673
v 0.0077848 0.0026085 0.0471926
v 0.0076621 0.0012614 0.0444481
v 0.0080413 0.0013239 0.0449254
v 0.0078517 0.0012926 0.0445121
v 0.0079905 0.0013155 0.0446868
v 0.0076621 0.0012614 0.0474312
v 0.0080413 0.0013239 0.0469539
v 0.0078517 0.0012926 0.0473673
v 0.0079905 0.0013155 0.0471926
v 0.0077282 0.0000000 0.0444481
v 0.0081107 0.0000000 0.0449254
v 0.0079194 0.0000000 0.0445121
v 0.0080594 0.0000000 0.0446868
v 0.0077282 0.0000000 0.0474312
v 0.0081107 0.0000000 0.0469539
v 0.0079194 0.0000000 0.0473673
v 0.0080594 0.0000000 0.0471926
v 0.0076621 -0.0012614 0.0444481
v 0.0080413 -0.0013239 0.0449254
v 0.0078517 -0.0012926 0.0445121
v 0.0079905 -0.0013155 0.0446868
v 0.0076621 -0.0012614 0.0474312
v 0.0080413 -0.0013239 0.0469539
v 0.0078517 -0.0012926 0.0473673
v 0.0079905 -0.0013155 0.0471926
v 0.0074649 -0.0025013 0.0444481
v 0.0078343 -0.0026251 0.0449254
v 0.0076496 -0.0025632 0.0445121
v 0.0077848 -0.0026085 0.0446868
v 0.0074649 -0.0025013 0.0474312
v 0.0078343 -0.0026251 0.0469539
v 0.0076496 -0.0025632 0.0473673
v 0.0077848 -0.0026085 0.0471926
v 0.0071399 -0.0036983 0.0444481
v 0.0074933 -0.0038814 0.0449254
v 0.0073166 -0.0037899 0.0445121
v 0.0074460 -0.0038569 0.0446868
v 0.0071399 -0.0036983 0.0474312
v 0.0074933 -0.0038814 0.0469539
v 0.0073166 -0.0037899 0.0473673
v 0.0074460 -0.0038569 0.0471926
v 0.0066928 -0.0048321 0.0444481
v 0.0070241 -0.0050713 0.0449254
v 0.0068584 -0.0049517 0.0445121
v 0.0069797 -0.0050392 0.0446868
v 0.0066928 -0.0048321 0.0474312
v 0.0070241 -0.0050713 0.0469539
v 0.0068584 -0.0049517 0.0473673
v 0.0069797 -0.0050392 0.0471926
v 0.0061312 -0.0058832 0.0444481
v 0.0064346 -0.0061744 0.0449254
v 0.0062829 -0.0060288 0.0445121
v 0.0063940 -0.0061354 0.0446868
v 0.0061312 -0.0058832 0.0474312
v 0.0064346 -0.0061744 0.0469539
v 0.0062829 -0.0060288 0.0473673
v 0.0063940 -0.0061354 0.0471926
v 0.0054647 -0.0068336 0.0444481
v 0.0057351 -0.0071718 0.0449254
v 0.0055999 -0.0070027 0.0445121
v 0.0056989 -0.0071265 0.0446868
v 0.0054647 -0.0068336 0.0474312
v 0.0057351 -0.0071718 0.0469539
v 0.0055999 -0.0070027 0.0473673
v 0.0056989 -0.0071265 0.0471926
v 0.0047046 -0.0076671 0.0444481
v 0.0049375 -0.0080466 0.0449254
v 0.0048210 -0.0078569 0.0445121
v 0.0049063 -0.0079958 0.0446868
v 0.0047046 -0.0076671 0.0474312
v 0.0049375 -0.0080466 0.0469539
v 0.0048210 -0.0078569 0.0473673
v 0.0049063 -0.0079958 0.0471926
v 0.0038641 -0.0083694 0.0444481
v 0.0040553 -0.0087837 0.0449254
v 0.0039597 -0.0085766 0.0445121
v 0.0040297 -0.0087282 0.0446868
v 0.0038641 -0.0083694 0.0474312
v 0.0040553 -0.0087837 0.0469539
v 0.0039597 -0.0085766 0.0473673
v 0.0040297 -0.0087282 0.0471926
v 0.0029574 -0.0089286 0.0444481
v 0.0031038 -0.0093705 0.0449254
v 0.0030306 -0.0091495 0.0445121
v 0.0030842 -0.0093113 0.0446868
v 0.0029574 -0.0089286 0.0474312
v 0.0031038 -0.0093705 0.0469539
v 0.0030306 -0.0091495 0.0473673
v 0.0030842 -0.0093113 0.0471926
v 0.0020002 -0.0093349 0.0444481
v 0.0020992 -0.0097969 0.0449254
v 0.0020497 -0.0095659 0.0445121
v 0.0020859 -0.0097350 0.0446868
v 0.0020002 -0.0093349 0.0474312
v 0.0020992 -0.0097969 0.0469539
v 0.0020497 -0.0095659 0.0473673
v 0.0020859 -0.0097350 0.0471926
v 0.0010087 -0.0095815 0.0444481
v 0.0010587 -0.0100558 0.0449254
v 0.0010337 -0.0098186 0.0445121
v 0.0010520 -0.0099922 0.0446868
v 0.0010087 -0.0095815 0.0474312
v 0.0010587 -0.0100558 0.0469539
v 0.0010337 -0.0098186 0.0473673
v 0.0010520 -0.0099922 0.0471926
v 0.0000000 -0.0096642 0.0444481
v 0.0000000 -0.0101425 0.0449254
v 0.0000000 -0.0099034 0.0445121
v 0.0000000 -0.0100784 0.0446868
v 0.0000000 -0.0096642 0.0474312
v 0.0000000 -0.0101425 0.0469539
v 0.0000000 -0.0099034 0.0473673
v 0.0000000 -0.0100784 0.0471926
v -0.0010087 -0.0095815 0.0444481
v -0.0010587 -0.0100558 0.0449254
v -0.0010337 -0.0098186 0.0445121
v -0.0010520 -0.0099922 0.0446868
v -0.0010087 -0.0095815 0.0474312
v -0.0010587 -0.0100558 0.0469539
v -0.0010337 -0.0098186 0.0473673
v -0.0010520 -0.0099922 0.0471926
v -0.0020002 -0.0093349 0.0444481
v -0.0020992 -0.0097969 0.0449254
v -0.0020497 -0.0095659 0.0445121
v -0.0020859 -0.0097350 0.0446868
v -0.0020002 -0.0093349 0.0474312
v -0.0020992 -0.0097969 0.0469539
v -0.0020497 -0.0095659 0.0473673
v -0.0020859 -0.0097350 0.0471926
v -0.0029574 -0.0089286 0.0444481
v -0.0031038 -0.0093705 0.0449254
v -0.0030306 -0.0091495 0.0445121
v -0.0030842 -0.0093113 0.0446868
v -0.0029574 -0.0089286 0.0474312
v -0.0031038 -0.0093705 0.0469539
v -0.0030306 -0.0091495 0.0473673
v -0.0030842 -0.0093113 0.0471926
v -0.0038641 -0.0083694 0.0444481
v -0.0040553 -0.0087837 0.0449254
v -0.0039597 -0.0085766 0.0445121
v -0.0040297 -0.0087282 0.0446868
v -0.0038641 -0.0083694 0.0474312
v -0.0040553 -0.0087837 0.0469539
v -0.0039597 -0.0085766 0.0473673
v -0.0040297 -0.0087282 0.0471926
v -0.0047046 -0.0076671 0.0444481
v -0.0049375 -0.0080466 0.0449254
v -0.0048210 -0.0078569 0.0445121
v -0.0049063 -0.0079958 0.0446868
v -0.0047046 -0.0076671 0.0474312
v -0.0049375 -0.0080466 0.0469539
v -0.0048210 -0.0078569 0.0473673
v -0.0049063 -0.0079958 0.0471926
v -0.0054647 -0.0068336 0.0444481
v -0.0057351 -0.0071718 0.0449254
v -0.0055999 -0.0070027 0.0445121
v -0.0056989 -0.0071265 0.0446868
v -0.0054647 -0.0068336 0.0474312
v -0.0057351 -0.0071718 0.0469539
v -0.0055999 -0.0070027 0.0473673
v -0.0056989 -0.0071265 0.0471926
v -0.0061312 -0.0058832 0.0444481
v -0.0064346 -0.0061744 0.0449254
v -0.0062829 -0.0060288 0.0445121
v -0.0063940 -0.0061354 0.0446868
v -0.0061312 -0.0058832 0.0474312
v -0.0064346 -0.0061744 0.0469539
v -0.0062829 -0.0060288 0.0473673
v -0.0063940 -0.0061354 0.0471926
v -0.0066928 -0.0048321 0.0444481
v -0.0070241 -0.0050713 0.0449254
v -0.0068584 -0.0049517 0.0445121
v -0.0069797 -0.0050392 0.0446868
v -0.0066928 -0.0048321 0.0474312
v -0.0070241 -0.0050713 0.0469539
v -0.0068584 -0.0049517 0.0473673
v -0.0069797 -0.0050392 0.0471926
v -0.0071399 -0.0036983 0.0444481
v -0.0074933 -0.0038814 0.0449254
v -0.0073166 -0.0037899 0.0445121
v -0.0074460 -0.0038569 0.0446868
v -0.0071399 -0.0036983 0.0474312
v -0.0074933 -0.0038814 0.0469539
v -0.0073166 -0.0037899 0.0473673
v -0.0074460 -0.0038569 0.0471926
v -0.0074649 -0.0025013 0.0444481
v -0.0078343 -0.0026251 0.0449254
v -0.0076496 -0.0025632 0.0445121
v -0.0077848 -0.0026085 0.0446868
v -0.0074649 -0.0025013 0.0474312
v -0.0078343 -0.0026251 0.0469539
v -0.0076496 -0.0025632 0.0473673
v -0.0077848 -0.0026085 0.0471926
v -0.0076621 -0.0012614 0.0444481
v -0.0080413 -0.0013239 0.0449254
v -0.0078517 -0.0012926 0.0445121
v -0.0079905 -0.0013155 0.0446868
v -0.0076621 -0.0012614 0.0474312
v -0.0080413 -0.0013239 0.0469539
v -0.0078517 -0.0012926 0.0473673
v -0.0079905 -0.0013155 0.0471926
v -0.0077282 0.0000000 0.0444481
v -0.0081107 0.0000000 0.0449254
v -0.0079194 0.0000000 0.0445121
v -0.0080594 0.0000000 0.0446868
v -0.0077282 0.0000000 0.0474312
v -0.0081107 0.0000000 0.0469539
v -0.0079194 0.0000000 0.0473673
v -0.0080594 0.0000000 0.0471926
v -0.0076621 0.0012614 0.0444481
v -0.0080413 0.0013239 0.0449254
v -0.0078517 0.0012926 0.0445121
v -0.0079905 0.0013155 0.0446868
v -0.0076621 0.0012614 0.0474312
v -0.0080413 0.0013239 0.0469539
v -0.0078517 0.0012926 0.0473673
v -0.0079905 0.0013155 0.0471926
v -0.0074649 0.0025013 0.0444481
v -0.0078343 0.0026251 0.0449254
v -0.0076496 0.0025632 0.0445121
v -0.0077848 0.0026085 0.0446868
v -0.0074649 0.0025013 0.0474312
v -0.0078343 0.0026251 0.0469539
v -0.0076496 0.0025632 0.0473673
v -0.0077848 0.0026085 0.0471926
v -0.0071399 0.0036983 0.0444481
v -0.0074933 0.0038814 0.0449254
v -0.0073166 0.0037899 0.0445121
v -0.0074460 0.0038569 0.0446868
v -0.0071399 0.0036983 0.0474312
v -0.0074933 0.0038814 0.0469539
v -0.0073166 0.0037899 0.0473673
v -0.0074460 0.0038569 0.0471926
v -0.0066928 0.0048321 0.0444481
v -0.0070241 0.0050713 0.0449254
v -0.0068584 0.0049517 0.0445121
v -0.0069797 0.0050392 0.0446868
v -0.0066928 0.0048321 0.0474312
v -0.0070241 0.0050713 0.0469539
v -0.0068584 0.0049517 0.0473673
v -0.0069797 0.0050392 0.0471926
v -0.0061312 0.0058832 0.0444481
v -0.0064346 0.0061744 0.0449254
v -0.0062829 0.0060288 0.0445121
v -0.0063940 0.0061354 0.0446868
v -0.0061312 0.0058832 0.0474312
v -0.0064346 0.0061744 0.0469539
v -0.0062829 0.0060288 0.0473673
v -0.0063940 0.0061354 0.0471926
v -0.0054647 0.0068336 0.0444481
v -0.0057351 0.0071718 0.0449254
v -0.0055999 0.0070027 0.0445121
v -0.0056989 0.0071265 0.0446868
v -0.0054647 0.0068336 0.0474312
v -0.0057351 0.0071718 0.0469539
v -0.0055999 0.0070027 0.0473673
v -0.0056989 0.0071265 0.0471926
v -0.0047046 0.0076671 0.0444481
v -0.0049375 0.0080466 0.0449254
v -0.0048210 0.0078569 0.0445121
v -0.0049063 0.0079958 0.0446868
v -0.0047046 0.0076671 0.0474312
v -0.0049375 0.0080466 0.0469539
v -0.0048210 0.0078569 0.0473673
v -0.0049063 0.0079958 0.0471926
v -0.0038641 0.0083694 0.0444481
v -0.0040553 0.0087837 0.0449254
v -0.0039597 0.0085766 0.0445121
v -0.0040297 0.0087282 0.0446868
v -0.0038641 0.0083694 0.0474312
v -0.0040553 0.0087837 0.0469539
v -0.0039597 0.0085766 0.0473673
v -0.0040297 0.0087282 0.0471926
v -0.0029574 0.0089286 0.0444481
v -0.0031038 0.0093705 0.0449254
v -0.0030306 0.0091495 0.0445121
v -0.0030842 0.0093113 0.0446868
v -0.0029574 0.0089286 0.0474312
v -0.0031038 0.0093705 0.0469539
v -0.0030306 0.0091495 0.0473673
v -0.0030842 0.0093113 0.0471926
v -0.0020002 0.0093349 0.0444481
v -0.0020992 0.0097969 0.0449254
v -0.0020497 0.0095659 0.0445121
v -0.0020859 0.0097350 0.0446868
v -0.0020002 0.0093349 0.0474312
v -0.0020992 0.0097969 0.0469539
v -0.0020497 0.0095659 0.0473673
v -0.0020859 0.0097350 0.0471926
v -0.0010087 0.0095815 0.0444481
v -0.0010587 0.0100558 0.0449254
v -0.0010337 0.0098186 0.0445121
v -0.0010520 0.0099922 0.0446868
v -0.0010087 0.0095815 0.0474312
v -0.0010587 0.0100558 0.0469539
v -0.0010337 0.0098186 0.0473673
v -0.0010520 0.0099922 0.0471926
v 0.0000000 0.0096642 0.0551873
v 0.0000000 0.0101425 0.0556646
v 0.0000000 0.0099034 0.0552512
v 0.0000000 0.0100784 0.0554259
v 0.0000000 0.0096642 0.0581704
v 0.0000000 0.0101425 0.0576931
v 0.0000000 0.0099034 0.0581064
v 0.0000000 0.0100784 0.0579317
v 0.0010087 0.0095815 0.0551873
v 0.0010587 0.0100558 0.0556646
v 0.0010337 0.0098186 0.0552512
v 0.0010520 0.0099922 0.0554259
v 0.0010087 0.0095815 0.0581704
v 0.0010587 0.0100558 0.0576931
v 0.0010337 0.0098186 0.0581064
v 0.0010520 0.0099922 0.0579317
v 0.0020002 0.0093349 0.0551873
v 0.0020992 0.0097969 0.0556646
v 0.0020497 0.0095659 0.0552512
v 0.0020859 0.0097350 0.0554259
v 0.0020002 0.0093349 0.0581704
v 0.0020992 0.0097969 0.0576931
v 0.0020497 0.0095659 0.0581064
v 0.0020859 0.0097350 0.0579317
v 0.0029574 0.0089286 0.0551873
v 0.0031038 0.0093705 0.0556646
v 0.0030306 0.0091495 0.0552512
v 0.0030842 0.0093113 0.0554259
v 0.0029574 0.0089286 0.0581704
v 0.0031038 0.0093705 0.0576931
v 0.0030306 0.0091495 0.0581064
v 0.0030842 0.0093113 0.0579317
v 0.0038641 0.0083694 0.0551873
v 0.0040553 0.0087837 0.0556646
v 0.0039597 0.0085766 0.0552512
v 0.0040297 0.0087282 0.0554259
v 0.0038641 0.0083694 0.0581704
v 0.0040553 0.0087837 0.0576931
v 0.0039597 0.0085766 0.0581064
v 0.0040297 0.0087282 0.0579317
v 0.0047046 0.0076671 0.0551873
v 0.0049375 0.0080466 0.0556646
v 0.0048210 0.0078569 0.0552512
v 0.0049063 0.0079958 0.0554259
v 0.0047046 0.0076671 0.0581704
v 0.0049375 0.0080466 0.0576931
v 0.0048210 0.0078569 0.0581064
v 0.0049063 0.0079958 0.0579317
v 0.0054647 0.0068336 0.0551873
v 0.0057351 0.0071718 0.0556646
v 0.0055999 0.0070027 0.0552512
v 0.0056989 0.0071265 0.0554259
v 0.0054647 0.0068336 0.0581704
v 0.0057351 0.0071718 0.0576931
v 0.0055999 0.0070027 0.0581064
v 0.0056989 0.0071265 0.0579317
v 0.0061312 0.0058832 0.0551873
v 0.0064346 0.0061744 0.0556646
v 0.0062829 0.0060288 0.0552512
v 0.0063940 0.0061354 0.0554259
v 0.0061312 0.0058832 0.0581704
v 0.0064346 0.0061744 0.0576931
v 0.0062829 0.0060288 0.0581064
v 0.0063940 0.0061354 0.0579317
v 0.0066928 0.0048321 0.0551873
v 0.0070241 0.0050713 0.0556646
v 0.0068584 0.0049517 0.0552512
v 0.0069797 0.0050392 0.0554259
v 0.0066928 0.0048321 0.0581704
v 0.0070241 0.0050713 0.0576931
v 0.0068584 0.0049517 0.0581064
v 0.0069797 0.0050392 0.0579317
v 0.0071399 0.0036983 0.0551873
v 0.0074933 0.0038814 0.0556646
v 0.0073166 0.0037899 0.0552512
v 0.0074460 0.0038569 0.0554259
v 0.0071399 0.0036983 0.0581704
v 0.0074933 0.0038814 0.0576931
v 0.0073166 0.0037899 0.0581064
v 0.0074460 0.0038569 0.0579317
v 0.0074649 0.0025013 0.0551873
v 0.0078343 0.0026251 0.0556646
v 0.0076496 0.0025632 0.0552512
v 0.0077848 0.0026085 0.0554259
v 0.0074649 0.0025013 0.0581704
v 0.0078343 0.0026251 0.0576931
v 0.0076496 0.0025632 0.0581064
v 0.0077848 0.0026085 0.0579317
v 0.0076621 0.0012614 0.0551873
v 0.0080413 0.0013239 0.0556646
v 0.0078517 0.0012926 0.0552512
v 0.0079905 0.0013155 0.0554259
v 0.0076621 0.0012614 0.0581704
v 0.0080413 0.0013239 0.0576931
v 0.0078517 0.0012926 0.0581064
v 0.0079905 0.0013155 0.0579317
v 0.0077282 0.0000000 0.0551873
v 0.0081107 0.0000000 0.0556646
v 0.0079194 0.0000000 0.0552512
v 0.0080594 0.0000000 0.0554259
v 0.0077282 0.0000000 0.0581704
v 0.0081107 0.0000000 0.0576931
v 0.0079194 0.0000000 0.0581064
v 0.0080594 0.0000000 0.0579317
v 0.0076621 -0.0012614 0.0551873
v 0.0080413 -0.0013239 0.0556646
v 0.0078517 -0.0012926 0.0552512
v 0.0079905 -0.0013155 0.0554259
v 0.0076621 -0.0012614 0.0581704
v 0.0080413 -0.0013239 0.0576931
v 0.0078517 -0.0012926 0.0581064
v 0.0079905 -0.0013155 0.0579317
v 0.0074649 -0.0025013 0.0551873
v 0.0078343 -0.0026251 0.0556646
v 0.0076496 -0.0025632 0.0552512
v 0.0077848 -0.0026085 0.0554259
v 0.0074649 -0.0025013 0.0581704
v 0.0078343 -0.0026251 0.0576931
v 0.0076496 -0.0025632 0.0581064
v 0.0077848 -0.0026085 0.0579317
v 0.0071399 -0.0036983 0.0551873
v 0.0074933 -0.0038814 0.0556646
v 0.0073166 -0.0037899 0.0552512
v 0.0074460 -0.0038569 0.0554259
v 0.0071399 -0.0036983 0.0581704
v 0.0074933 -0.0038814 0.0576931
v 0.0073166 -0.0037899 0.0581064
v 0.0074460 -0.0038569 0.0579317
v 0.0066928 -0.0048321 0.0551873
v 0.0070241 -0.0050713 0.0556646
v 0.0068584 -0.0049517 0.0552512
v 0.0069797 -0.0050392 0.0554259
v 0.0066928 -0.0048321 0.0581704
v 0.0070241 -0.0050713 0.0576931
v 0.0068584 -0.0049517 0.0581064
v 0.0069797 -0.0050392 0.0579317
v 0.0061312 -0.0058832 0.0551873
v 0.0064346 -0.0061744 0.0556646
v 0.0062829 -0.0060288 0.0552512
v 0.0063940 -0.0061354 0.0554259
v 0.0061312 -0.0058832 0.0581704
v 0.0064346 -0.0061744 0.0576931
v 0.0062829 -0.0060288 0.0581064
v 0.0063940 -0.0061354 0.0579317
v 0.0054647 -0.0068336 0.0551873
v 0.0057351 -0.0071718 0.0556646
v 0.0055999 -0.0070027 0.0552512
v 0.0056989 -0.0071265 0.0554259
v 0.0054647 -0.0068336 0.0581704
v 0.0057351 -0.0071718 0.0576931
v 0.0055999 -0.0070027 0.0581064
v 0.0056989 -0.0071265 0.0579317
v 0.0047046 -0.0076671 0.0551873
v 0.0049375 -0.0080466 0.0556646
v 0.0048210 -0.0078569 0.0552512
v 0.0049063 -0.0079958 0.0554259
v 0.0047046 -0.0076671 0.0581704
v 0.0049375 -0.0080466 0.0576931
v 0.0048210 -0.0078569 0.0581064
v 0.0049063 -0.0079958 0.0579317
v 0.0038641 -0.0083694 0.0551873
v 0.0040553 -0.0087837 0.0556646
v 0.0039597 -0.0085766 0.0552512
v 0.0040297 -0.0087282 0.0554259
v 0.0038641 -0.0083694 0.0581704
v 0.0040553 -0.0087837 0.0576931
v 0.0039597 -0.0085766 0.0581064
v 0.0040297 -0.0087282 0.0579317
v 0.0029574 -0.0089286 0.0551873
v 0.0031038 -0.0093705 0.0556646
v 0.0030306 -0.0091495 0.0552512
v 0.0030842 -0.0093113 0.0554259
v 0.0029574 -0.0089286 0.0581704
v 0.0031038 -0.0093705 0.0576931
v 0.0030306 -0.0091495 0.0581064
v 0.0030842 -0.0093113 0.0579317
v 0.0020002 -0.0093349 0.0551873
v 0.0020992 -0.0097969 0.0556646
v 0.0020497 -0.0095659 0.0552512
v 0.0020859 -0.0097350 0.0554259
v 0.0020002 -0.0093349 0.0581704
v 0.0020992 -0.0097969 0.0576931
v 0.0020497 -0.0095659 0.0581064
v 0.0020859 -0.0097350 0.0579317
v 0.0010087 -0.0095815 0.0551873
v 0.0010587 -0.0100558 0.0556646
v 0.0010337 -0.0098186 0.0552512
v 0.0010520 -0.0099922 0.0554259
v 0.0010087 -0.0095815 0.0581704
v 0.0010587 -0.0100558 0.0576931
v 0.0010337 -0.0098186 0.0581064
v 0.0010520 -0.0099922 0.0579317
v 0.0000000 -0.0096642 0.0551873
v 0.0000000 -0.0101425 0.0556646
v 0.0000000 -0.0099034 0.0552512
v 0.0000000 -0.0100784 0.0554259
v 0.0000000 -0.0096642 0.0581704
v 0.0000000 -0.0101425 0.0576931
v 0.0000000 -0.0099034 0.0581064
v 0.0000000 -0.0100784 0.0579317
v -0.0010087 -0.0095815 0.0551873
v -0.0010587 -0.0100558 0.0556646
v -0.0010337 -0.0098186 0.0552512
v -0.0010520 -0.0099922 0.0554259
v -0.0010087 -0.0095815 0.0581704
v -0.0010587 -0.0100558 0.0576931
v -0.0010337 -0.0098186 0.0581064
v -0.0010520 -0.0099922 0.0579317
v -0.0020002 -0.0093349 0.0551873
v -0.0020992 -0.0097969 0.0556646
v -0.0020497 -0.0095659 0.0552512
v -0.0020859 -0.0097350 0.0554259
v -0.0020002 -0.0093349 0.0581704
v -0.0020992 -0.0097969 0.0576931
v -0.0020497 -0.0095659 0.0581064
v -0.0020859 -0.0097350 0.0579317
v -0.0029574 -0.0089286 0.0551873
v -0.0031038 -0.0093705 0.0556646
v -0.0030306 -0.0091495 0.0552512
v -0.0030842 -0.0093113 0.0554259
v -0.0029574 -0.0089286 0.0581704
v -0.0031038 -0.0093705 0.0576931
v -0.0030306 -0.0091495 0.0581064
v -0.0030842 -0.0093113 0.0579317
v -0.0038641 -0.0083694 0.0551873
v -0.0040553 -0.0087837 0.0556646
v -0.0039597 -0.0085766 0.0552512
v -0.0040297 -0.0087282 0.0554259
v -0.0038641 -0.0083694 0.0581704
v -0.0040553 -0.0087837 0.0576931
v -0.0039597 -0.0085766 0.0581064
v -0.0040297 -0.0087282 0.0579317
v -0.0047046 -0.0076671 0.0551873
v -0.0049375 -0.0080466 0.0556646
v -0.0048210 -0.0078569 0.0552512
v -0.0049063 -0.0079958 0.0554259
v -0.0047046 -0.0076671 0.0581704
v -0.0049375 -0.0080466 0.0576931
v -0.0048210 -0.0078569 0.0581064
v -0.0049063 -0.0079958 0.0579317
v -0.0054647 -0.0068336 0.0551873
v -0.0057351 -0.0071718 0.0556646
v -0.0055999 -0.0070027 0.0552512
v -0.0056989 -0.0071265 0.0554259
v -0.0054647 -0.0068336 0.0581704
v -0.0057351 -0.0071718 0.0576931
v -0.0055999 -0.0070027 0.0581064
v -0.0056989 -0.0071265 0.0579317
v -0.0061312 -0.0058832 0.0551873
v -0.0064346 -0.0061744 0.0556646
v -0.0062829 -0.0060288 0.0552512
v -0.0063940 -0.0061354 0.0554259
v -0.0061312 -0.0058832 0.0581704
v -0.0064346 -0.0061744 0.0576931
v -0.0062829 -0.0060288 0.0581064
v -0.0063940 -0.0061354 0.0579317
v -0.0066928 -0.0048321 0.0551873
v -0.0070241 -0.0050713 0.0556646
v -0.0068584 -0.0049517 0.0552512
v -0.0069797 -0.0050392 0.0554259
v -0.0066928 -0.0048321 0.0581704
v -0.0070241 -0.0050713 0.0576931
v -0.0068584 -0.0049517 0.0581064
v -0.0069797 -0.0050392 0.0579317
v -0.0071399 -0.0036983 0.0551873
v -0.0074933 -0.0038814 0.0556646
v -0.0073166 -0.0037899 0.0552512
v -0.0074460 -0.0038569 0.0554259
v -0.0071399 -0.0036983 0.0581704
v -0.0074933 -0.0038814 0.0576931
v -0.0073166 -0.0037899 0.0581064
v -0.0074460 -0.0038569 0.0579317
v -0.0074649 -0.0025013 0.0551873
v -0.0078343 -0.0026251 0.0556646
v -0.0076496 -0.0025632 0.0552512
v -0.0077848 -0.0026085 0.0554259
v -0.0074649 -0.0025013 0.0581704
v -0.0078343 -0.0026251 0.0576931
v -0.0076496 -0.0025632 0.0581064
v -0.0077848 -0.0026085 0.0579317
v -0.0076621 -0.0012614 0.0551873
v -0.0080413 -0.0013239 0.0556646
v -0.0078517 -0.0012926 0.0552512
v -0.0079905 -0.0013155 0.0554259
v -0.0076621 -0.0012614 0.0581704
v -0.0080413 -0.0013239 0.0576931
v -0.0078517 -0.0012926 0.0581064
v -0.0079905 -0.0013155 0.0579317
v -0.0077282 0.0000000 0.0551873
v -0.0081107 0.0000000 0.0556646
v -0.0079194 0.0000000 0.0552512
v -0.0080594 0.0000000 0.0554259
v -0.0077282 0.0000000 0.0581704
v -0.0081107 0.0000000 0.0576931
v -0.0079194 0.0000000 0.0581064
v -0.0080594 0.0000000 0.0579317
v -0.0076621 0.0012614 0.0551873
v -0.0080413 0.0013239 0.0556646
v -0.0078517 0.0012926 0.0552512
v -0.0079905 0.0013155 0.0554259
v -0.0076621 0.0012614 0.0581704
v -0.0080413 0.0013239 0.0576931
v -0.0078517 0.0012926 0.0581064
v -0.0079905 0.0013155 0.0579317
v -0.0074649 0.0025013 0.0551873
v -0.0078343 0.0026251 0.0556646
v -0.0076496 0.0025632 0.0552512
v -0.0077848 0.0026085 0.0554259
v -0.0074649 0.0025013 0.0581704
v -0.0078343 0.0026251 0.0576931
v -0.0076496 0.0025632 0.0581064
v -0.0077848 0.0026085 0.0579317
v -0.0071399 0.0036983 0.0551873
v -0.0074933 0.0038814 0.0556646
v -0.0073166 0.0037899 0.0552512
v -0.0074460 0.0038569 0.0554259
v -0.0071399 0.0036983 0.0581704
v -0.0074933 0.0038814 0.0576931
v -0.0073166 0.0037899 0.0581064
v -0.0074460 0.0038569 0.0579317
v -0.0066928 0.0048321 0.0551873
v -0.0070241 0.0050713 0.0556646
v -0.0068584 0.0049517 0.0552512
v -0.0069797 0.0050392 0.0554259
v -0.0066928 0.0048321 0.0581704
v -0.0070241 0.0050713 0.0576931
v -0.0068584 0.0049517 0.0581064
v -0.0069797 0.0050392 0.0579317
v -0.0061312 0.0058832 0.0551873
v -0.0064346 0.0061744 0.0556646
v -0.0062829 0.0060288 0.0552512
v -0.0063940 0.0061354 0.0554259
v -0.0061312 0.0058832 0.0581704
v -0.0064346 0.0061744 0.0576931
v -0.0062829 0.0060288 0.0581064
v -0.0063940 0.0061354 0.0579317
v -0.0054647 0.0068336 0.0551873
v -0.0057351 0.0071718 0.0556646
v -0.0055999 0.0070027 0.0552512
v -0.0056989 0.0071265 0.0554259
v -0.0054647 0.0068336 0.0581704
v -0.0057351 0.0071718 0.0576931
v -0.0055999 0.0070027 0.0581064
v -0.0056989 0.0071265 0.0579317
v -0.0047046 0.0076671 0.0551873
v -0.0049375 0.0080466 0.0556646
v -0.0048210 0.0078569 0.0552512
v -0.0049063 0.0079958 0.0554259
v -0.0047046 0.0076671 0.0581704
v -0.0049375 0.0080466 0.0576931
v -0.0048210 0.0078569 0.0581064
v -0.0049063 0.0079958 0.0579317
v -0.0038641 0.0083694 0.0551873
v -0.0040553 0.0087837 0.0556646
v -0.0039597 0.0085766 0.0552512
v -0.0040297 0.0087282 0.0554259
v -0.0038641 0.0083694 0.0581704
v -0.0040553 0.0087837 0.0576931
v -0.0039597 0.0085766 0.0581064
v -0.0040297 0.0087282 0.0579317
v -0.0029574 0.0089286 0.0551873
v -0.0031038 0.0093705 0.0556646
v -0.0030306 0.0091495 0.0552512
v -0.0030842 0.0093113 0.0554259
v -0.0029574 0.0089286 0.0581704
v -0.0031038 0.0093705 0.0576931
v -0.0030306 0.0091495 0.0581064
v -0.0030842 0.0093113 0.0579317
v -0.0020002 0.0093349 0.0551873
v -0.0020992 0.0097969 0.0556646
v -0.0020497 0.0095659 0.0552512
v -0.0020859 0.0097350 0.0554259
v -0.0020002 0.0093349 0.0581704
v -0.0020992 0.0097969 0.0576931
v -0.0020497 0.0095659 0.0581064
v -0.0020859 0.0097350 0.0579317
v -0.0010087 0.0095815 0.0551873
v -0.0010587 0.0100558 0.0556646
v -0.0010337 0.0098186 0.0552512
v -0.0010520 0.0099922 0.0554259
v -0.0010087 0.0095815 0.0581704
v -0.0010587 0.0100558 0.0576931
v -0.0010337 0.0098186 0.0581064
v -0.0010520 0.0099922 0.0579317
v 0.0000000 0.0096642 0.0659264
v 0.0000000 0.0101425 0.0664037
v 0.0000000 0.0099034 0.0659904
v 0.0000000 0.0100784 0.0661651
v 0.0000000 0.0096642 0.0689095
v 0.0000000 0.0101425 0.0684322
v 0.0000000 0.0099034 0.0688456
v 0.0000000 0.0100784 0.0686709
v 0.0010087 0.0095815 0.0659264
v 0.0010587 0.0100558 0.0664037
v 0.0010337 0.0098186 0.0659904
v 0.0010520 0.0099922 0.0661651
v 0.0010087 0.0095815 0.0689095
v 0.0010587 0.0100558 0.0684322
v 0.0010337 0.0098186 0.0688456
v 0.0010520 0.0099922 0.0686709
v 0.0020002 0.0093349 0.0659264
v 0.0020992 0.0097969 0.0664037
v 0.0020497 0.0095659 0.0659904
v 0.0020859 0.0097350 0.0661651
v 0.0020002 0.0093349 0.0689095
v 0.0020992 0.0097969 0.0684322
v 0.0020497 0.0095659 0.0688456
v 0.0020859 0.0097350 0.0686709
v 0.0029574 0.0089286 0.0659264
v 0.0031038 0.0093705 0.0664037
v 0.0030306 0.0091495 0.0659904
v 0.0030842 0.0093113 0.0661651
v 0.0029574 0.0089286 0.0689095
v 0.0031038 0.0093705 0.0684322
v 0.0030306 0.0091495 0.0688456
v 0.0030842 0.0093113 0.0686709
v 0.0038641 0.0083694 0.0659264
v 0.0040553 0.0087837 0.0664037
v 0.0039597 0.0085766 0.0659904
v 0.0040297 0.0087282 0.0661651
v 0.0038641 0.0083694 0.0689095
v 0.0040553 0.0087837 0.0684322
v 0.0039597 0.0085766 0.0688456
v 0.0040297 0.0087282 0.0686709
v 0.0047046 0.0076671 0.0659264
v 0.0049375 0.0080466 0.0664037
v 0.0048210 0.0078569 0.0659904
v 0.0049063 0.0079958 0.0661651
v 0.0047046 0.0076671 0.0689095
v 0.0049375 0.0080466 0.0684322
v 0.0048210 0.0078569 0.0688456
v 0.0049063 0.0079958 0.0686709
v 0.0054647 0.0068336 0.0659264
v 0.0057351 0.0071718 0.0664037
v 0.0055999 0.0070027 0.0659904
v 0.0056989 0.0071265 0.0661651
v 0.0054647 0.0068336 0.0689095
v 0.0057351 0.0071718 0.0684322
v 0.0055999 0.0070027 0.0688456
v 0.0056989 0.0071265 0.0686709
v 0.0061312 0.0058832 0.0659264
v 0.0064346 0.0061744 0.0664037
v 0.0062829 0.0060288 0.0659904
v 0.0063940 0.0061354 0.0661651
v 0.0061312 0.0058832 0.0689095
v 0.0064346 0.0061744 0.0684322
v 0.0062829 0.0060288 0.0688456
v 0.0063940 0.0061354 0.0686709
v 0.0066928 0.0048321 0.0659264
v 0.0070241 0.0050713 0.0664037
v 0.0068584 0.0049517 0.0659904
v 0.0069797 0.0050392 0.0661651
v 0.0066928 0.0048321 0.0689095
v 0.0070241 0.0050713 0.0684322
v 0.0068584 0.0049517 0.0688456
v 0.0069797 0.0050392 0.0686709
v 0.0071399 0.0036983 0.0659264
v 0.0074933 0.0038814 0.0664037
v 0.0073166 0.0037899 0.0659904
v 0.0074460 0.0038569 0.0661651
v 0.0071399 0.0036983 0.0689095
v 0.0074933 0.0038814 0.0684322
v 0.0073166 0.0037899 0.0688456
v 0.0074460 0.0038569 0.0686709
v 0.0074649 0.0025013 0.0659264
v 0.0078343 0.0026251 0.0664037
v 0.0076496 0.0025632 0.0659904
v 0.0077848 0.0026085 0.0661651
v 0.0074649 0.0025013 0.0689095
v 0.0078343 0.0026251 0.0684322
v 0.0076496 0.0025632 0.0688456
v 0.0077848 0.0026085 0.0686709
v 0.0076621 0.0012614 0.0659264
v 0.0080413 0.0013239 0.0664037
v 0.0078517 0.0012926 0.0659904
v 0.0079905 0.0013155 0.0661651
v 0.0076621 0.0012614 0.0689095
v 0.0080413 0.0013239 0.0684322
v 0.0078517 0.0012926 0.0688456
v 0.0079905 0.0013155 0.0686709
v 0.0077282 0.0000000 0.0659264
v 0.0081107 0.0000000 0.0664037
v 0.0079194 0.0000000 0.0659904
v 0.0080594 0.0000000 0.0661651
v 0.0077282 0.0000000 0.0689095
v 0.0081107 0.0000000 0.0684322
v 0.0079194 0.0000000 0.0688456
v 0.0080594 0.0000000 0.0686709
v 0.0076621 -0.0012614 0.0659264
v 0.0080413 -0.0013239 0.0664037
v 0.0078517 -0.0012926 0.0659904
v 0.0079905 -0.0013155 0.0661651
v 0.0076621 -0.0012614 0.0689095
v 0.0080413 -0.0013239 0.0684322
v 0.0078517 -0.0012926 0.0688456
v 0.0079905 -0.0013155 0.0686709
v 0.0074649 -0.0025013 0.0659264
v 0.0078343 -0.0026251 0.0664037
v 0.0076496 -0.0025632 0.0659904
v 0.0077848 -0.0026085 0.0661651
v 0.0074649 -0.0025013 0.0689095
v 0.0078343 -0.0026251 0.0684322
v 0.0076496 -0.0025632 0.0688456
v 0.0077848 -0.0026085 0.0686709
v 0.0071399 -0.0036983 0.0659264
v 0.0074933 -0.0038814 0.0664037
v 0.0073166 -0.0037899 0.0659904
v 0.0074460 -0.0038569 0.0661651
v 0.0071399 -0.0036983 0.0689095
v 0.0074933 -0.0038814 0.0684322
v 0.0073166 -0.0037899 0.0688456
v 0.0074460 -0.0038569 0.0686709
v 0.0066928 -0.0048321 0.0659264
v 0.0070241 -0.0050713 0.0664037
v 0.0068584 -0.0049517 0.0659904
v 0.0069797 -0.0050392 0.0661651
v 0.0066928 -0.0048321 0.0689095
v 0.0070241 -0.0050713 0.0684322
v 0.0068584 -0.0049517 0.0688456
v 0.0069797 -0.0050392 0.0686709
v 0.0061312 -0.0058832 0.0659264
v 0.0064346 -0.0061744 0.0664037
v 0.0062829 -0.0060288 0.0659904
v 0.0063940 -0.0061354 0.0661651
v 0.0061312 -0.0058832 0.0689095
v 0.0064346 -0.0061744 0.0684322
v 0.0062829 -0.0060288 0.0688456
v 0.0063940 -0.0061354 0.0686709
v 0.0054647 -0.0068336 0.0659264
v 0.0057351 -0.0071718 0.0664037
v 0.0055999 -0.0070027 0.0659904
v 0.0056989 -0.0071265 0.0661651
v 0.0054647 -0.0068336 0.0689095
v 0.0057351 -0.0071718 0.0684322
v 0.0055999 -0.0070027 0.0688456
v 0.0056989 -0.0071265 0.0686709
v 0.0047046 -0.0076671 0.0659264
v 0.0049375 -0.0080466 0.0664037
v 0.0048210 -0.0078569 0.0659904
v 0.0049063 -0.0079958 0.0661651
v 0.0047046 -0.0076671 0.0689095
v 0.0049375 -0.0080466 0.0684322
v 0.0048210 -0.0078569 0.0688456
v 0.0049063 -0.0079958 0.0686709
v 0.0038641 -0.0083694 0.0659264
v 0.0040553 -0.0087837 0.0664037
v 0.0039597 -0.0085766 0.0659904
v 0.0040297 -0.0087282 0.0661651
v 0.0038641 -0.0083694 0.0689095
v 0.0040553 -0.0087837 0.0684322
v 0.0039597 -0.0085766 0.0688456
v 0.0040297 -0.0087282 0.0686709
v 0.0029574 -0.0089286 0.0659264
v 0.0031038 -0.0093705 0.0664037
v 0.0030306 -0.0091495 0.0659904
v 0.0030842 -0.0093113 0.0661651
v 0.0029574 -0.0089286 0.0689095
v 0.0031038 -0.0093705 0.0684322
v 0.0030306 -0.0091495 0.0688456
v 0.0030842 -0.0093113 0.0686709
v 0.0020002 -0.0093349 0.0659264
v 0.0020992 -0.0097969 0.0664037
v 0.0020497 -0.0095659 0.0659904
v 0.0020859 -0.0097350 0.0661651
v 0.0020002 -0.0093349 0.0689095
v 0.0020992 -0.0097969 0.0684322
v 0.0020497 -0.0095659 0.0688456
v 0.0020859 -0.0097350 0.0686709
v 0.0010087 -0.0095815 0.0659264
v 0.0010587 -0.0100558 0.0664037
v 0.0010337 -0.0098186 0.0659904
v 0.0010520 -0.0099922 0.0661651
v 0.0010087 -0.0095815 0.0689095
v 0.0010587 -0.0100558 0.0684322
v 0.0010337 -0.0098186 0.0688456
v 0.0010520 -0.0099922 0.0686709
v 0.0000000 -0.0096642 0.0659264
v 0.0000000 -0.0101425 0.0664037
v 0.0000000 -0.0099034 0.0659904
v 0.0000000 -0.0100784 0.0661651
v 0.0000000 -0.0096642 0.0689095
v 0.0000000 -0.0101425 0.0684322
v 0.0000000 -0.0099034 0.0688456
v 0.0000000 -0.0100784 0.0686709
v -0.0010087 -0.0095815 0.0659264
v -0.0010587 -0.0100558 0.0664037
v -0.0010337 -0.0098186 0.0659904
v -0.0010520 -0.0099922 0.0661651
v -0.0010087 -0.0095815 0.0689095
v -0.0010587 -0.0100558 0.0684322
v -0.0010337 -0.0098186 0.0688456
v -0.0010520 -0.0099922 0.0686709
v -0.0020002 -0.0093349 0.0659264
v -0.0020992 -0.0097969 0.0664037
v -0.0020497 -0.0095659 0.0659904
v -0.0020859 -0.0097350 0.0661651
v -0.0020002 -0.0093349 0.0689095
v -0.0020992 -0.0097969 0.0684322
v -0.0020497 -0.0095659 0.0688456
v -0.0020859 -0.0097350 0.0686709
v -0.0029574 -0.0089286 0.0659264
v -0.0031038 -0.0093705 0.0664037
v -0.0030306 -0.0091495 0.0659904
v -0.0030842 -0.0093113 0.0661651
v -0.0029574 -0.0089286 0.0689095
v -0.0031038 -0.0093705 0.0684322
v -0.0030306 -0.0091495 0.0688456
v -0.0030842 -0.0093113 0.0686709
v -0.0038641 -0.0083694 0.0659264
v -0.0040553 -0.0087837 0.0664037
v -0.0039597 -0.0085766 0.0659904
v -0.0040297 -0.0087282 0.0661651
v -0.0038641 -0.0083694 0.0689095
v -0.0040553 -0.0087837 0.0684322
v -0.0039597 -0.0085766 0.0688456
v -0.0040297 -0.0087282 0.0686709
v -0.0047046 -0.0076671 0.0659264
v -0.0049375 -0.0080466 0.0664037
v -0.0048210 -0.0078569 0.0659904
v -0.0049063 -0.0079958 0.0661651
v -0.0047046 -0.0076671 0.0689095
v -0.0049375 -0.0080466 0.0684322
v -0.0048210 -0.0078569 0.0688456
v -0.0049063 -0.0079958 0.0686709
v -0.0054647 -0.0068336 0.0659264
v -0.0057351 -0.0071718 0.0664037
v -0.0055999 -0.0070027 0.0659904
v -0.0056989 -0.0071265 0.0661651
v -0.0054647 -0.0068336 0.0689095
v -0.0057351 -0.0071718 0.0684322
v -0.0055999 -0.0070027 0.0688456
v -0.0056989 -0.0071265 0.0686709
v -0.0061312 -0.0058832 0.0659264
v -0.0064346 -0.0061744 0.0664037
v -0.0062829 -0.0060288 0.0659904
v -0.0063940 -0.0061354 0.0661651
v -0.0061312 -0.0058832 0.0689095
v -0.0064346 -0.0061744 0.0684322
v -0.0062829 -0.0060288 0.0688456
v -0.0063940 -0.0061354 0.0686709
v -0.0066928 -0.0048321 0.0659264
v -0.0070241 -0.0050713 0.0664037
v -0.0068584 -0.0049517 0.0659904
v -0.0069797 -0.0050392 0.0661651
v -0.0066928 -0.0048321 0.0689095
v -0.0070241 -0.0050713 0.0684322
v -0.0068584 -0.0049517 0.0688456
v -0.0069797 -0.0050392 0.0686709
v -0.0071399 -0.0036983 0.0659264
v -0.0074933 -0.0038814 0.0664037
v -0.0073166 -0.0037899 0.0659904
v -0.0074460 -0.0038569 0.0661651
v -0.0071399 -0.0036983 0.0689095
v -0.0074933 -0.0038814 0.0684322
v -0.0073166 -0.0037899 0.0688456
v -0.0074460 -0.0038569 0.0686709
v -0.0074649 -0.0025013 0.0659264
v -0.0078343 -0.0026251 0.0664037
v -0.0076496 -0.0025632 0.0659904
v -0.0077848 -0.0026085 0.0661651
v -0.0074649 -0.0025013 0.0689095
v -0.0078343 -0.0026251 0.0684322
v -0.0076496 -0.0025632 0.0688456
v -0.0077848 -0.0026085 0.0686709
v -0.0076621 -0.0012614 0.0659264
v -0.0080413 -0.0013239 0.0664037
v -0.0078517 -0.0012926 0.0659904
v -0.0079905 -0.0013155 0.0661651
v -0.0076621 -0.0012614 0.0689095
v -0.0080413 -0.0013239 0.0684322
v -0.0078517 -0.0012926 0.0688456
v -0.0079905 -0.0013155 0.0686709
v -0.0077282 0.0000000 0.0659264
v -0.0081107 0.0000000 0.0664037
v -0.0079194 0.0000000 0.0659904
v -0.0080594 0.0000000 0.0661651
v -0.0077282 0.0000000 0.0689095
v -0.0081107 0.0000000 0.0684322
v -0.0079194 0.0000000 0.0688456
v -0.0080594 0.0000000 0.0686709
v -0.0076621 0.0012614 0.0659264
v -0.0080413 0.0013239 0.0664037
v -0.0078517 0.0012926 0.0659904
v -0.0079905 0.0013155 0.0661651
v -0.0076621 0.0012614 0.0689095
v -0.0080413 0.0013239 0.0684322
v -0.0078517 0.0012926 0.0688456
v -0.0079905 0.0013155 0.0686709
v -0.0074649 0.0025013 0.0659264
v -0.0078343 0.0026251 0.0664037
v -0.0076496 0.0025632 0.0659904
v -0.0077848 0.0026085 0.0661651
v -0.0074649 0.0025013 0.0689095
v -0.0078343 0.0026251 0.0684322
v -0.0076496 0.0025632 0.0688456
v -0.0077848 0.0026085 0.0686709
v -0.0071399 0.0036983 0.0659264
v -0.0074933 0.0038814 0.0664037
v -0.0073166 0.0037899 0.0659904
v -0.0074460 0.0038569 0.0661651
v -0.0071399 0.0036983 0.0689095
v -0.0074933 0.0038814 0.0684322
v -0.0073166 0.0037899 0.0688456
v -0.0074460 0.0038569 0.0686709
v -0.0066928 0.0048321 0.0659264
v -0.0070241 0.0050713 0.0664037
v -0.0068584 0.0049517 0.0659904
v -0.0069797 0.0050392 0.0661651
v -0.0066928 0.0048321 0.0689095
v -0.0070241 0.0050713 0.0684322
v -0.0068584 0.0049517 0.0688456
v -0.0069797 0.0050392 0.0686709
v -0.0061312 0.0058832 0.0659264
v -0.0064346 0.0061744 0.0664037
v -0.0062829 0.0060288 0.0659904
v -0.0063940 0.0061354 0.0661651
v -0.0061312 0.0058832 0.0689095
v -0.0064346 0.0061744 0.0684322
v -0.0062829 0.0060288 0.0688456
v -0.0063940 0.0061354 0.0686709
v -0.0054647 0.0068336 0.0659264
v -0.0057351 0.0071718 0.0664037
v -0.0055999 0.0070027 0.0659904
v -0.0056989 0.0071265 0.0661651
v -0.0054647 0.0068336 0.0689095
v -0.0057351 0.0071718 0.0684322
v -0.0055999 0.0070027 0.0688456
v -0.0056989 0.0071265 0.0686709
v -0.0047046 0.0076671 0.0659264
v -0.0049375 0.0080466 0.0664037
v -0.0048210 0.0078569 0.0659904
v -0.0049063 0.0079958 0.0661651
v -0.0047046 0.0076671 0.0689095
v -0.0049375 0.0080466 0.0684322
v -0.0048210 0.0078569 0.0688456
v -0.0049063 0.0079958 0.0686709
v -0.0038641 0.0083694 0.0659264
v -0.0040553 0.0087837 0.0664037
v -0.0039597 0.0085766 0.0659904
v -0.0040297 0.0087282 0.0661651
v -0.0038641 0.0083694 0.0689095
v -0.0040553 0.0087837 0.0684322
v -0.0039597 0.0085766 0.0688456
v -0.0040297 0.0087282 0.0686709
v -0.0029574 0.0089286 0.0659264
v -0.0031038 0.0093705 0.0664037
v -0.0030306 0.0091495 0.0659904
v -0.0030842 0.0093113 0.0661651
v -0.0029574 0.0089286 0.0689095
v -0.0031038 0.0093705 0.0684322
v -0.0030306 0.0091495 0.0688456
v -0.0030842 0.0093113 0.0686709
v -0.0020002 0.0093349 0.0659264
v -0.0020992 0.0097969 0.0664037
v -0.0020497 0.0095659 0.0659904
v -0.0020859 0.0097350 0.0661651
v -0.0020002 0.0093349 0.0689095
v -0.0020992 0.0097969 0.0684322
v -0.0020497 0.0095659 0.0688456
v -0.0020859 0.0097350 0.0686709
v -0.0010087 0.0095815 0.0659264
v -0.0010587 0.0100558 0.0664037
v -0.0010337 0.0098186 0.0659904
v -0.0010520 0.0099922 0.0661651
v -0.0010087 0.0095815 0.0689095
v -0.0010587 0.0100558 0.0684322
v -0.0010337 0.0098186 0.0688456
v -0.0010520 0.0099922 0.0686709
f 1 4 6
f 1 6 5
f 4 8 9
f 4 9 6
f 2 7 9
f 2 9 8
f 7 11 12
f 7 12 9
f 3 10 12
f 3 12 11
f 10 5 6
f 10 6 12
f 6 9 12
f 13 16 18
f 13 18 17
f 16 20 21
f 16 21 18
f 14 19 21
f 14 21 20
f 19 23 24
f 19 24 21
f 15 22 24
f 15 24 23
f 22 17 18
f 22 18 24
f 18 21 24
f 25 28 30
f 25 30 29
f 28 32 33
f 28 33 30
f 26 31 33
f 26 33 32
f 31 35 36
f 31 36 33
f 27 34 36
f 27 36 35
f 34 29 30
f 34 30 36
f 30 33 36
f 37 40 42
f 37 42 41
f 40 44 45
f 40 45 42
f 38 43 45
f 38 45 44
f 43 47 48
f 43 48 45
f 39 46 48
f 39 48 47
f 46 41 42
f 46 42 48
f 42 45 48
f 49 52 54
f 49 54 53
f 52 56 57
f 52 57 54
f 50 55 57
f 50 57 56
f 55 59 60
f 55 60 57
f 51 58 60
f 51 60 59
f 58 53 54
f 58 54 60
f 54 57 60
f 61 64 66
f 61 66 65
f 64 68 69
f 64 69 66
f 62 67 69
f 62 69 68
f 67 71 72
f 67 72 69
f 63 70 72
f 63 72 71
f 70 65 66
f 70 66 72
f 66 69 72
f 73 76 78
f 73 78 77
f 76 80 81
f 76 81 78
f 74 79 81
f 74 81 80
f 79 83 84
f 79 84 81
f 75 82 84
f 75 84 83
f 82 77 78
f 82 78 84
f 78 81 84
f 85 88 90
f 85 90 89
f 88 92 93
f 88 93 90
f 86 91 93
f 86 93 92
f 91 95 96
f 91 96 93
f 87 94 96
f 87 96 95
f 94 89 90
f 94 90 96
f 90 93 96
f 25 1 5
f 25 5 28
f 28 5 10
f 28 10 32
f 32 10 3
f 32 3 26
f 2 13 17
f 2 17 7
f 7 17 22
f 7 22 11
f 11 22 15
f 11 15 3
f 14 37 41
f 14 41 19
f 19 41 46
f 19 46 23
f 23 46 39
f 23 39 15
f 38 27 35
f 38 35 43
f 43 35 31
f 43 31 47
f 47 31 26
f 47 26 39
f 73 25 29
f 73 29 76
f 76 29 34
f 76 34 80
f 80 34 27
f 80 27 74
f 37 85 89
f 37 89 40
f 40 89 94
f 40 94 44
f 44 94 87
f 44 87 38
f 86 75 83
f 86 83 91
f 91 83 79
f 91 79 95
f 95 79 74
f 95 74 87
f 49 73 77
f 49 77 52
f 52 77 82
f 52 82 56
f 56 82 75
f 56 75 50
f 85 61 65
f 85 65 88
f 88 65 70
f 88 70 92
f 92 70 63
f 92 63 86
f 62 51 59
f 62 59 67
f 67 59 55
f 67 55 71
f 71 55 50
f 71 50 63
f 1 49 53
f 1 53 4
f 4 53 58
f 4 58 8
f 8 58 51
f 8 51 2
f 61 14 20
f 61 20 64
f 64 20 16
f 64 16 68
f 68 16 13
f 68 13 62
f 25 73 49
f 25 49 1
f 3 15 39
f 3 39 26
f 51 62 13
f 51 13 2
f 85 37 14
f 85 14 61
f 27 38 87
f 27 87 74
f 75 86 63
f 75 63 50
f 98 106 108
f 98 108 100
f 100 108 107
f 100 107 99
f 99 107 105
f 99 105 97
f 110 102 104
f 110 104 112
f 112 104 103
f 112 103 111
f 111 103 101
f 111 101 109
f 106 114 116
f 106 116 108
f 108 116 115
f 108 115 107
f 107 115 113
f 107 113 105
f 118 110 112
f 118 112 120
f 120 112 111
f 120 111 119
f 119 111 109
f 119 109 117
f 114 122 124
f 114 124 116
f 116 124 123
f 116 123 115
f 115 123 121
f 115 121 113
f 126 118 120
f 126 120 128
f 128 120 119
f 128 119 127
f 127 119 117
f 127 117 125
f 122 130 132
f 122 132 124
f 124 132 131
f 124 131 123
f 123 131 129
f 123 129 121
f 134 126 128
f 134 128 136
f 136 128 127
f 136 127 135
f 135 127 125
f 135 125 133
f 130 138 140
f 130 140 132
f 132 140 139
f 132 139 131
f 131 139 137
f 131 137 129
f 142 134 136
f 142 136 144
f 144 136 135
f 144 135 143
f 143 135 133
f 143 133 141
f 138 146 148
f 138 148 140
f 140 148 147
f 140 147 139
f 139 147 145
f 139 145 137
f 150 142 144
f 150 144 152
f 152 144 143
f 152 143 151
f 151 143 141
f 151 141 149
f 146 154 156
f 146 156 148
f 148 156 155
f 148 155 147
f 147 155 153
f 147 153 145
f 158 150 152
f 158 152 160
f 160 152 151
f 160 151 159
f 159 151 149
f 159 149 157
f 154 162 164
f 154 164 156
f 156 164 163
f 156 163 155
f 155 163 161
f 155 161 153
f 166 158 160
f 166 160 168
f 168 160 159
f 168 159 167
f 167 159 157
f 167 157 165
f 162 170 172
f 162 172 164
f 164 172 171
f 164 171 163
f 163 171 169
f 163 169 161
f 174 166 168
f 174 168 176
f 176 168 167
f 176 167 175
f 175 167 165
f 175 165 173
f 170 178 180
f 170 180 172
f 172 180 179
f 172 179 171
f 171 179 177
f 171 177 169
f 182 174 176
f 182 176 184
f 184 176 175
f 184 175 183
f 183 175 173
f 183 173 181
f 178 186 188
f 178 188 180
f 180 188 187
f 180 187 179
f 179 187 185
f 179 185 177
f 190 182 184
f 190 184 192
f 192 184 183
f 192 183 191
f 191 183 181
f 191 181 189
f 186 194 196
f 186 196 188
f 188 196 195
f 188 195 187
f 187 195 193
f 187 193 185
f 198 190 192
f 198 192 200
f 200 192 191
f 200 191 199
f 199 191 189
f 199 189 197
f 194 202 204
f 194 204 196
f 196 204 203
f 196 203 195
f 195 203 201
f 195 201 193
f 206 198 200
f 206 200 208
f 208 200 199
f 208 199 207
f 207 199 197
f 207 197 205
f 202 210 212
f 202 212 204
f 204 212 211
f 204 211 203
f 203 211 209
f 203 209 201
f 214 206 208
f 214 208 216
f 216 208 207
f 216 207 215
f 215 207 205
f 215 205 213
f 210 218 220
f 210 220 212
f 212 220 219
f 212 219 211
f 211 219 217
f 211 217 209
f 222 214 216
f 222 216 224
f 224 216 215
f 224 215 223
f 223 215 213
f 223 213 221
f 218 226 228
f 218 228 220
f 220 228 227
f 220 227 219
f 219 227 225
f 219 225 217
f 230 222 224
f 230 224 232
f 232 224 223
f 232 223 231
f 231 223 221
f 231 221 229
f 226 234 236
f 226 236 228
f 228 236 235
f 228 235 227
f 227 235 233
f 227 233 225
f 238 230 232
f 238 232 240
f 240 232 231
f 240 231 239
f 239 231 229
f 239 229 237
f 234 242 244
f 234 244 236
f 236 244 243
f 236 243 235
f 235 243 241
f 235 241 233
f 246 238 240
f 246 240 248
f 248 240 239
f 248 239 247
f 247 239 237
f 247 237 245
f 242 250 252
f 242 252 244
f 244 252 251
f 244 251 243
f 243 251 249
f 243 249 241
f 254 246 248
f 254 248 256
f 256 248 247
f 256 247 255
f 255 247 245
f 255 245 253
f 250 258 260
f 250 260 252
f 252 260 259
f 252 259 251
f 251 259 257
f 251 257 249
f 262 254 256
f 262 256 264
f 264 256 255
f 264 255 263
f 263 255 253
f 263 253 261
f 258 266 268
f 258 268 260
f 260 268 267
f 260 267 259
f 259 267 265
f 259 265 257
f 270 262 264
f 270 264 272
f 272 264 263
f 272 263 271
f 271 263 261
f 271 261 269
f 266 274 276
f 266 276 268
f 268 276 275
f 268 275 267
f 267 275 273
f 267 273 265
f 278 270 272
f 278 272 280
f 280 272 271
f 280 271 279
f 279 271 269
f 279 269 277
f 274 282 284
f 274 284 276
f 276 284 283
f 276 283 275
f 275 283 281
f 275 281 273
f 286 278 280
f 286 280 288
f 288 280 279
f 288 279 287
f 287 279 277
f 287 277 285
f 282 290 292
f 282 292 284
f 284 292 291
f 284 291 283
f 283 291 289
f 283 289 281
f 294 286 288
f 294 288 296
f 296 288 287
f 296 287 295
f 295 287 285
f 295 285 293
f 290 298 300
f 290 300 292
f 292 300 299
f 292 299 291
f 291 299 297
f 291 297 289
f 302 294 296
f 302 296 304
f 304 296 295
f 304 295 303
f 303 295 293
f 303 293 301
f 298 306 308
f 298 308 300
f 300 308 307
f 300 307 299
f 299 307 305
f 299 305 297
f 310 302 304
f 310 304 312
f 312 304 303
f 312 303 311
f 311 303 301
f 311 301 309
f 306 314 316
f 306 316 308
f 308 316 315
f 308 315 307
f 307 315 313
f 307 313 305
f 318 310 312
f 318 312 320
f 320 312 311
f 320 311 319
f 319 311 309
f 319 309 317
f 314 322 324
f 314 324 316
f 316 324 323
f 316 323 315
f 315 323 321
f 315 321 313
f 326 318 320
f 326 320 328
f 328 320 319
f 328 319 327
f 327 319 317
f 327 317 325
f 322 330 332
f 322 332 324
f 324 332 331
f 324 331 323
f 323 331 329
f 323 329 321
f 334 326 328
f 334 328 336
f 336 328 327
f 336 327 335
f 335 327 325
f 335 325 333
f 330 338 340
f 330 340 332
f 332 340 339
f 332 339 331
f 331 339 337
f 331 337 329
f 342 334 336
f 342 336 344
f 344 336 335
f 344 335 343
f 343 335 333
f 343 333 341
f 338 346 348
f 338 348 340
f 340 348 347
f 340 347 339
f 339 347 345
f 339 345 337
f 350 342 344
f 350 344 352
f 352 344 343
f 352 343 351
f 351 343 341
f 351 341 349
f 346 354 356
f 346 356 348
f 348 356 355
f 348 355 347
f 347 355 353
f 347 353 345
f 358 350 352
f 358 352 360
f 360 352 351
f 360 351 359
f 359 351 349
f 359 349 357
f 354 362 364
f 354 364 356
f 356 364 363
f 356 363 355
f 355 363 361
f 355 361 353
f 366 358 360
f 366 360 368
f 368 360 359
f 368 359 367
f 367 359 357
f 367 357 365
f 362 370 372
f 362 372 364
f 364 372 371
f 364 371 363
f 363 371 369
f 363 369 361
f 374 366 368
f 374 368 376
f 376 368 367
f 376 367 375
f 375 367 365
f 375 365 373
f 370 378 380
f 370 380 372
f 372 380 379
f 372 379 371
f 371 379 377
f 371 377 369
f 382 374 376
f 382 376 384
f 384 376 375
f 384 375 383
f 383 375 373
f 383 373 381
f 378 386 388
f 378 388 380
f 380 388 387
f 380 387 379
f 379 387 385
f 379 385 377
f 390 382 384
f 390 384 392
f 392 384 383
f 392 383 391
f 391 383 381
f 391 381 389
f 386 394 396
f 386 396 388
f 388 396 395
f 388 395 387
f 387 395 393
f 387 393 385
f 398 390 392
f 398 392 400
f 400 392 391
f 400 391 399
f 399 391 389
f 399 389 397
f 394 402 404
f 394 404 396
f 396 404 403
f 396 403 395
f 395 403 401
f 395 401 393
f 406 398 400
f 406 400 408
f 408 400 399
f 408 399 407
f 407 399 397
f 407 397 405
f 402 410 412
f 402 412 404
f 404 412 411
f 404 411 403
f 403 411 409
f 403 409 401
f 414 406 408
f 414 408 416
f 416 408 407
f 416 407 415
f 415 407 405
f 415 405 413
f 410 418 420
f 410 420 412
f 412 420 419
f 412 419 411
f 411 419 417
f 411 417 409
f 422 414 416
f 422 416 424
f 424 416 415
f 424 415 423
f 423 415 413
f 423 413 421
f 418 426 428
f 418 428 420
f 420 428 427
f 420 427 419
f 419 427 425
f 419 425 417
f 430 422 424
f 430 424 432
f 432 424 423
f 432 423 431
f 431 423 421
f 431 421 429
f 426 434 436
f 426 436 428
f 428 436 435
f 428 435 427
f 427 435 433
f 427 433 425
f 438 430 432
f 438 432 440
f 440 432 431
f 440 431 439
f 439 431 429
f 439 429 437
f 434 442 444
f 434 444 436
f 436 444 443
f 436 443 435
f 435 443 441
f 435 441 433
f 446 438 440
f 446 440 448
f 448 440 439
f 448 439 447
f 447 439 437
f 447 437 445
f 442 450 452
f 442 452 444
f 444 452 451
f 444 451 443
f 443 451 449
f 443 449 441
f 454 446 448
f 454 448 456
f 456 448 447
f 456 447 455
f 455 447 445
f 455 445 453
f 450 458 460
f 450 460 452
f 452 460 459
f 452 459 451
f 451 459 457
f 451 457 449
f 462 454 456
f 462 456 464
f 464 456 455
f 464 455 463
f 463 455 453
f 463 453 461
f 458 466 468
f 458 468 460
f 460 468 467
f 460 467 459
f 459 467 465
f 459 465 457
f 470 462 464
f 470 464 472
f 472 464 463
f 472 463 471
f 471 463 461
f 471 461 469
f 466 474 476
f 466 476 468
f 468 476 475
f 468 475 467
f 467 475 473
f 467 473 465
f 478 470 472
f 478 472 480
f 480 472 471
f 480 471 479
f 479 471 469
f 479 469 477
f 474 98 100
f 474 100 476
f 476 100 99
f 476 99 475
f 475 99 97
f 475 97 473
f 102 478 480
f 102 480 104
f 104 480 479
f 104 479 103
f 103 479 477
f 103 477 101
f 473 97 105
f 105 113 121
f 121 129 137
f 137 145 153
f 153 161 169
f 169 177 185
f 185 193 201
f 201 209 217
f 217 225 233
f 233 241 249
f 249 257 265
f 265 273 281
f 281 289 297
f 297 305 313
f 313 321 329
f 329 337 345
f 345 353 361
f 361 369 377
f 377 385 393
f 393 401 409
f 409 417 425
f 425 433 441
f 441 449 457
f 457 465 473
f 473 105 121
f 121 137 153
f 153 169 185
f 185 201 217
f 217 233 249
f 249 265 281
f 281 297 313
f 313 329 345
f 345 361 377
f 377 393 409
f 409 425 441
f 441 457 473
f 473 121 153
f 153 185 217
f 217 249 281
f 281 313 345
f 345 377 409
f 409 441 473
f 473 153 217
f 217 281 345
f 345 409 473
f 217 345 473
f 98 102 110
f 98 110 106
f 474 478 102
f 474 102 98
f 117 109 101
f 101 477 469
f 469 461 453
f 453 445 437
f 437 429 421
f 421 413 405
f 405 397 389
f 389 381 373
f 373 365 357
f 357 349 341
f 341 333 325
f 325 317 309
f 309 301 293
f 293 285 277
f 277 269 261
f 261 253 245
f 245 237 229
f 229 221 213
f 213 205 197
f 197 189 181
f 181 173 165
f 165 157 149
f 149 141 133
f 133 125 117
f 117 101 469
f 469 453 437
f 437 421 405
f 405 389 373
f 373 357 341
f 341 325 309
f 309 293 277
f 277 261 245
f 245 229 213
f 213 197 181
f 181 165 149
f 149 133 117
f 117 469 437
f 437 405 373
f 373 341 309
f 309 277 245
f 245 213 181
f 181 149 117
f 117 437 373
f 373 309 245
f 245 181 117
f 373 245 117
f 106 110 118
f 106 118 114
f 114 118 126
f 114 126 122
f 122 126 134
f 122 134 130
f 130 134 142
f 130 142 138
f 138 142 150
f 138 150 146
f 146 150 158
f 146 158 154
f 154 158 166
f 154 166 162
f 162 166 174
f 162 174 170
f 170 174 182
f 170 182 178
f 178 182 190
f 178 190 186
f 186 190 198
f 186 198 194
f 194 198 206
f 194 206 202
f 202 206 214
f 202 214 210
f 210 214 222
f 210 222 218
f 218 222 230
f 218 230 226
f 226 230 238
f 226 238 234
f 234 238 246
f 234 246 242
f 242 246 254
f 242 254 250
f 250 254 262
f 250 262 258
f 258 262 270
f 258 270 266
f 266 270 278
f 266 278 274
f 274 278 286
f 274 286 282
f 282 286 294
f 282 294 290
f 290 294 302
f 290 302 298
f 298 302 310
f 298 310 306
f 306 310 318
f 306 318 314
f 314 318 326
f 314 326 322
f 322 326 334
f 322 334 330
f 330 334 342
f 330 342 338
f 338 342 350
f 338 350 346
f 346 350 358
f 346 358 354
f 354 358 366
f 354 366 362
f 362 366 374
f 362 374 370
f 370 374 382
f 370 382 378
f 378 382 390
f 378 390 386
f 386 390 398
f 386 398 394
f 394 398 406
f 394 406 402
f 402 406 414
f 402 414 410
f 410 414 422
f 410 422 418
f 418 422 430
f 418 430 426
f 426 430 438
f 426 438 434
f 434 438 446
f 434 446 442
f 442 446 454
f 442 454 450
f 450 454 462
f 450 462 458
f 458 462 470
f 458 470 466
f 466 470 478
f 466 478 474
f 482 490 492
f 482 492 484
f 484 492 491
f 484 491 483
f 483 491 489
f 483 489 481
f 494 486 488
f 494 488 496
f 496 488 487
f 496 487 495
f 495 487 485
f 495 485 493
f 490 498 500
f 490 500 492
f 492 500 499
f 492 499 491
f 491 499 497
f 491 497 489
f 502 494 496
f 502 496 504
f 504 496 495
f 504 495 503
f 503 495 493
f 503 493 501
f 498 506 508
f 498 508 500
f 500 508 507
f 500 507 499
f 499 507 505
f 499 505 497
f 510 502 504
f 510 504 512
f 512 504 503
f 512 503 511
f 511 503 501
f 511 501 509
f 506 514 516
f 506 516 508
f 508 516 515
f 508 515 507
f 507 515 513
f 507 513 505
f 518 510 512
f 518 512 520
f 520 512 511
f 520 511 519
f 519 511 509
f 519 509 517
f 514 522 524
f 514 524 516
f 516 524 523
f 516 523 515
f 515 523 521
f 515 521 513
f 526 518 520
f 526 520 528
f 528 520 519
f 528 519 527
f 527 519 517
f 527 517 525
f 522 530 532
f 522 532 524
f 524 532 531
f 524 531 523
f 523 531 529
f 523 529 521
f 534 526 528
f 534 528 536
f 536 528 527
f 536 527 535
f 535 527 525
f 535 525 533
f 530 538 540
f 530 540 532
f 532 540 539
f 532 539 531
f 531 539 537
f 531 537 529
f 542 534 536
f 542 536 544
f 544 536 535
f 544 535 543
f 543 535 533
f 543 533 541
f 538 546 548
f 538 548 540
f 540 548 547
f 540 547 539
f 539 547 545
f 539 545 537
f 550 542 544
f 550 544 552
f 552 544 543
f 552 543 551
f 551 543 541
f 551 541 549
f 546 554 556
f 546 556 548
f 548 556 555
f 548 555 547
f 547 555 553
f 547 553 545
f 558 550 552
f 558 552 560
f 560 552 551
f 560 551 559
f 559 551 549
f 559 549 557
f 554 562 564
f 554 564 556
f 556 564 563
f 556 563 555
f 555 563 561
f 555 561 553
f 566 558 560
f 566 560 568
f 568 560 559
f 568 559 567
f 567 559 557
f 567 557 565
f 562 570 572
f 562 572 564
f 564 572 571
f 564 571 563
f 563 571 569
f 563 569 561
f 574 566 568
f 574 568 576
f 576 568 567
f 576 567 575
f 575 567 565
f 575 565 573
f 570 578 580
f 570 580 572
f 572 580 579
f 572 579 571
f 571 579 577
f 571 577 569
f 582 574 576
f 582 576 584
f 584 576 575
f 584 575 583
f 583 575 573
f 583 573 581
f 578 586 588
f 578 588 580
f 580 588 587
f 580 587 579
f 579 587 585
f 579 585 577
f 590 582 584
f 590 584 592
f 592 584 583
f 592 583 591
f 591 583 581
f 591 581 589
f 586 594 596
f 586 596 588
f 588 596 595
f 588 595 587
f 587 595 593
f 587 593 585
f 598 590 592
f 598 592 600
f 600 592 591
f 600 591 599
f 599 591 589
f 599 589 597
f 594 602 604
f 594 604 596
f 596 604 603
f 596 603 595
f 595 603 601
f 595 601 593
f 606 598 600
f 606 600 608
f 608 600 599
f 608 599 607
f 607 599 597
f 607 597 605
f 602 610 612
f 602 612 604
f 604 612 611
f 604 611 603
f 603 611 609
f 603 609 601
f 614 606 608
f 614 608 616
f 616 608 607
f 616 607 615
f 615 607 605
f 615 605 613
f 610 618 620
f 610 620 612
f 612 620 619
f 612 619 611
f 611 619 617
f 611 617 609
f 622 614 616
f 622 616 624
f 624 616 615
f 624 615 623
f 623 615 613
f 623 613 621
f 618 626 628
f 618 628 620
f 620 628 627
f 620 627 619
f 619 627 625
f 619 625 617
f 630 622 624
f 630 624 632
f 632 624 623
f 632 623 631
f 631 623 621
f 631 621 629
f 626 634 636
f 626 636 628
f 628 636 635
f 628 635 627
f 627 635 633
f 627 633 625
f 638 630 632
f 638 632 640
f 640 632 631
f 640 631 639
f 639 631 629
f 639 629 637
f 634 642 644
f 634 644 636
f 636 644 643
f 636 643 635
f 635 643 641
f 635 641 633
f 646 638 640
f 646 640 648
f 648 640 639
f 648 639 647
f 647 639 637
f 647 637 645
f 642 650 652
f 642 652 644
f 644 652 651
f 644 651 643
f 643 651 649
f 643 649 641
f 654 646 648
f 654 648 656
f 656 648 647
f 656 647 655
f 655 647 645
f 655 645 653
f 650 658 660
f 650 660 652
f 652 660 659
f 652 659 651
f 651 659 657
f 651 657 649
f 662 654 656
f 662 656 664
f 664 656 655
f 664 655 663
f 663 655 653
f 663 653 661
f 658 666 668
f 658 668 660
f 660 668 667
f 660 667 659
f 659 667 665
f 659 665 657
f 670 662 664
f 670 664 672
f 672 664 663
f 672 663 671
f 671 663 661
f 671 661 669
f 666 674 676
f 666 676 668
f 668 676 675
f 668 675 667
f 667 675 673
f 667 673 665
f 678 670 672
f 678 672 680
f 680 672 671
f 680 671 679
f 679 671 669
f 679 669 677
f 674 682 684
f 674 684 676
f 676 684 683
f 676 683 675
f 675 683 681
f 675 681 673
f 686 678 680
f 686 680 688
f 688 680 679
f 688 679 687
f 687 679 677
f 687 677 685
f 682 690 692
f 682 692 684
f 684 692 691
f 684 691 683
f 683 691 689
f 683 689 681
f 694 686 688
f 694 688 696
f 696 688 687
f 696 687 695
f 695 687 685
f 695 685 693
f 690 698 700
f 690 700 692
f 692 700 699
f 692 699 691
f 691 699 697
f 691 697 689
f 702 694 696
f 702 696 704
f 704 696 695
f 704 695 703
f 703 695 693
f 703 693 701
f 698 706 708
f 698 708 700
f 700 708 707
f 700 707 699
f 699 707 705
f 699 705 697
f 710 702 704
f 710 704 712
f 712 704 703
f 712 703 711
f 711 703 701
f 711 701 709
f 706 714 716
f 706 716 708
f 708 716 715
f 708 715 707
f 707 715 713
f 707 713 705
f 718 710 712
f 718 712 720
f 720 712 711
f 720 711 719
f 719 711 709
f 719 709 717
f 714 722 724
f 714 724 716
f 716 724 723
f 716 723 715
f 715 723 721
f 715 721 713
f 726 718 720
f 726 720 728
f 728 720 719
f 728 719 727
f 727 719 717
f 727 717 725
f 722 730 732
f 722 732 724
f 724 732 731
f 724 731 723
f 723 731 729
f 723 729 721
f 734 726 728
f 734 728 736
f 736 728 727
f 736 727 735
f 735 727 725
f 735 725 733
f 730 738 740
f 730 740 732
f 732 740 739
f 732 739 731
f 731 739 737
f 731 737 729
f 742 734 736
f 742 736 744
f 744 736 735
f 744 735 743
f 743 735 733
f 743 733 741
f 738 746 748
f 738 748 740
f 740 748 747
f 740 747 739
f 739 747 745
f 739 745 737
f 750 742 744
f 750 744 752
f 752 744 743
f 752 743 751
f 751 743 741
f 751 741 749
f 746 754 756
f 746 756 748
f 748 756 755
f 748 755 747
f 747 755 753
f 747 753 745
f 758 750 752
f 758 752 760
f 760 752 751
f 760 751 759
f 759 751 749
f 759 749 757
f 754 762 764
f 754 764 756
f 756 764 763
f 756 763 755
f 755 763 761
f 755 761 753
f 766 758 760
f 766 760 768
f 768 760 759
f 768 759 767
f 767 759 757
f 767 757 765
f 762 770 772
f 762 772 764
f 764 772 771
f 764 771 763
f 763 771 769
f 763 769 761
f 774 766 768
f 774 768 776
f 776 768 767
f 776 767 775
f 775 767 765
f 775 765 773
f 770 778 780
f 770 780 772
f 772 780 779
f 772 779 771
f 771 779 777
f 771 777 769
f 782 774 776
f 782 776 784
f 784 776 775
f 784 775 783
f 783 775 773
f 783 773 781
f 778 786 788
f 778 788 780
f 780 788 787
f 780 787 779
f 779 787 785
f 779 785 777
f 790 782 784
f 790 784 792
f 792 784 783
f 792 783 791
f 791 783 781
f 791 781 789
f 786 794 796
f 786 796 788
f 788 796 795
f 788 795 787
f 787 795 793
f 787 793 785
f 798 790 792
f 798 792 800
f 800 792 791
f 800 791 799
f 799 791 789
f 799 789 797
f 794 802 804
f 794 804 796
f 796 804 803
f 796 803 795
f 795 803 801
f 795 801 793
f 806 798 800
f 806 800 808
f 808 800 799
f 808 799 807
f 807 799 797
f 807 797 805
f 802 810 812
f 802 812 804
f 804 812 811
f 804 811 803
f 803 811 809
f 803 809 801
f 814 806 808
f 814 808 816
f 816 808 807
f 816 807 815
f 815 807 805
f 815 805 813
f 810 818 820
f 810 820 812
f 812 820 819
f 812 819 811
f 811 819 817
f 811 817 809
f 822 814 816
f 822 816 824
f 824 816 815
f 824 815 823
f 823 815 813
f 823 813 821
f 818 826 828
f 818 828 820
f 820 828 827
f 820 827 819
f 819 827 825
f 819 825 817
f 830 822 824
f 830 824 832
f 832 824 823
f 832 823 831
f 831 823 821
f 831 821 829
f 826 834 836
f 826 836 828
f 828 836 835
f 828 835 827
f 827 835 833
f 827 833 825
f 838 830 832
f 838 832 840
f 840 832 831
f 840 831 839
f 839 831 829
f 839 829 837
f 834 842 844
f 834 844 836
f 836 844 843
f 836 843 835
f 835 843 841
f 835 841 833
f 846 838 840
f 846 840 848
f 848 840 839
f 848 839 847
f 847 839 837
f 847 837 845
f 842 850 852
f 842 852 844
f 844 852 851
f 844 851 843
f 843 851 849
f 843 849 841
f 854 846 848
f 854 848 856
f 856 848 847
f 856 847 855
f 855 847 845
f 855 845 853
f 850 858 860
f 850 860 852
f 852 860 859
f 852 859 851
f 851 859 857
f 851 857 849
f 862 854 856
f 862 856 864
f 864 856 855
f 864 855 863
f 863 855 853
f 863 853 861
f 858 482 484
f 858 484 860
f 860 484 483
f 860 483 859
f 859 483 481
f 859 481 857
f 486 862 864
f 486 864 488
f 488 864 863
f 488 863 487
f 487 863 861
f 487 861 485
f 857 481 489
f 489 497 505
f 505 513 521
f 521 529 537
f 537 545 553
f 553 561 569
f 569 577 585
f 585 593 601
f 601 609 617
f 617 625 633
f 633 641 649
f 649 657 665
f 665 673 681
f 681 689 697
f 697 705 713
f 713 721 729
f 729 737 745
f 745 753 761
f 761 769 777
f 777 785 793
f 793 801 809
f 809 817 825
f 825 833 841
f 841 849 857
f 857 489 505
f 505 521 537
f 537 553 569
f 569 585 601
f 601 617 633
f 633 649 665
f 665 681 697
f 697 713 729
f 729 745 761
f 761 777 793
f 793 809 825
f 825 841 857
f 857 505 537
f 537 569 601
f 601 633 665
f 665 697 729
f 729 761 793
f 793 825 857
f 857 537 601
f 601 665 729
f 729 793 857
f 601 729 857
f 482 486 494
f 482 494 490
f 858 862 486
f 858 486 482
f 501 493 485
f 485 861 853
f 853 845 837
f 837 829 821
f 821 813 805
f 805 797 789
f 789 781 773
f 773 765 757
f 757 749 741
f 741 733 725
f 725 717 709
f 709 701 693
f 693 685 677
f 677 669 661
f 661 653 645
f 645 637 629
f 629 621 613
f 613 605 597
f 597 589 581
f 581 573 565
f 565 557 549
f 549 541 533
f 533 525 517
f 517 509 501
f 501 485 853
f 853 837 821
f 821 805 789
f 789 773 757
f 757 741 725
f 725 709 693
f 693 677 661
f 661 645 629
f 629 613 597
f 597 581 565
f 565 549 533
f 533 517 501
f 501 853 821
f 821 789 757
f 757 725 693
f 693 661 629
f 629 597 565
f 565 533 501
f 501 821 757
f 757 693 629
f 629 565 501
f 757 629 501
f 490 494 502
f 490 502 498
f 498 502 510
f 498 510 506
f 506 510 518
f 506 518 514
f 514 518 526
f 514 526 522
f 522 526 534
f 522 534 530
f 530 534 542
f 530 542 538
f 538 542 550
f 538 550 546
f 546 550 558
f 546 558 554
f 554 558 566
f 554 566 562
f 562 566 574
f 562 574 570
f 570 574 582
f 570 582 578
f 578 582 590
f 578 590 586
f 586 590 598
f 586 598 594
f 594 598 606
f 594 606 602
f 602 606 614
f 602 614 610
f 610 614 622
f 610 622 618
f 618 622 630
f 618 630 626
f 626 630 638
f 626 638 634
f 634 638 646
f 634 646 642
f 642 646 654
f 642 654 650
f 650 654 662
f 650 662 658
f 658 662 670
f 658 670 666
f 666 670 678
f 666 678 674
f 674 678 686
f 674 686 682
f 682 686 694
f 682 694 690
f 690 694 702
f 690 702 698
f 698 702 710
f 698 710 706
f 706 710 718
f 706 718 714
f 714 718 726
f 714 726 722
f 722 726 734
f 722 734 730
f 730 734 742
f 730 742 738
f 738 742 750
f 738 750 746
f 746 750 758
f 746 758 754
f 754 758 766
f 754 766 762
f 762 766 774
f 762 774 770
f 770 774 782
f 770 782 778
f 778 782 790
f 778 790 786
f 786 790 798
f 786 798 794
f 794 798 806
f 794 806 802
f 802 806 814
f 802 814 810
f 810 814 822
f 810 822 818
f 818 822 830
f 818 830 826
f 826 830 838
f 826 838 834
f 834 838 846
f 834 846 842
f 842 846 854
f 842 854 850
f 850 854 862
f 850 862 858
f 866 874 876
f 866 876 868
f 868 876 875
f 868 875 867
f 867 875 873
f 867 873 865
f 878 870 872
f 878 872 880
f 880 872 871
f 880 871 879
f 879 871 869
f 879 869 877
f 874 882 884
f 874 884 876
f 876 884 883
f 876 883 875
f 875 883 881
f 875 881 873
f 886 878 880
f 886 880 888
f 888 880 879
f 888 879 887
f 887 879 877
f 887 877 885
f 882 890 892
f 882 892 884
f 884 892 891
f 884 891 883
f 883 891 889
f 883 889 881
f 894 886 888
f 894 888 896
f 896 888 887
f 896 887 895
f 895 887 885
f 895 885 893
f 890 898 900
f 890 900 892
f 892 900 899
f 892 899 891
f 891 899 897
f 891 897 889
f 902 894 896
f 902 896 904
f 904 896 895
f 904 895 903
f 903 895 893
f 903 893 901
f 898 906 908
f 898 908 900
f 900 908 907
f 900 907 899
f 899 907 905
f 899 905 897
f 910 902 904
f 910 904 912
f 912 904 903
f 912 903 911
f 911 903 901
f 911 901 909
f 906 914 916
f 906 916 908
f 908 916 915
f 908 915 907
f 907 915 913
f 907 913 905
f 918 910 912
f 918 912 920
f 920 912 911
f 920 911 919
f 919 911 909
f 919 909 917
f 914 922 924
f 914 924 916
f 916 924 923
f 916 923 915
f 915 923 921
f 915 921 913
f 926 918 920
f 926 920 928
f 928 920 919
f 928 919 927
f 927 919 917
f 927 917 925
f 922 930 932
f 922 932 924
f 924 932 931
f 924 931 923
f 923 931 929
f 923 929 921
f 934 926 928
f 934 928 936
f 936 928 927
f 936 927 935
f 935 927 925
f 935 925 933
f 930 938 940
f 930 940 932
f 932 940 939
f 932 939 931
f 931 939 937
f 931 937 929
f 942 934 936
f 942 936 944
f 944 936 935
f 944 935 943
f 943 935 933
f 943 933 941
f 938 946 948
f 938 948 940
f 940 948 947
f 940 947 939
f 939 947 945
f 939 945 937
f 950 942 944
f 950 944 952
f 952 944 943
f 952 943 951
f 951 943 941
f 951 941 949
f 946 954 956
f 946 956 948
f 948 956 955
f 948 955 947
f 947 955 953
f 947 953 945
f 958 950 952
f 958 952 960
f 960 952 951
f 960 951 959
f 959 951 949
f 959 949 957
f 954 962 964
f 954 964 956
f 956 964 963
f 956 963 955
f 955 963 961
f 955 961 953
f 966 958 960
f 966 960 968
f 968 960 959
f 968 959 967
f 967 959 957
f 967 957 965
f 962 970 972
f 962 972 964
f 964 972 971
f 964 971 963
f 963 971 969
f 963 969 961
f 974 966 968
f 974 968 976
f 976 968 967
f 976 967 975
f 975 967 965
f 975 965 973
f 970 978 980
f 970 980 972
f 972 980 979
f 972 979 971
f 971 979 977
f 971 977 969
f 982 974 976
f 982 976 984
f 984 976 975
f 984 975 983
f 983 975 973
f 983 973 981
f 978 986 988
f 978 988 980
f 980 988 987
f 980 987 979
f 979 987 985
f 979 985 977
f 990 982 984
f 990 984 992
f 992 984 983
f 992 983 991
f 991 983 981
f 991 981 989
f 986 994 996
f 986 996 988
f 988 996 995
f 988 995 987
f 987 995 993
f 987 993 985
f 998 990 992
f 998 992 1000
f 1000 992 991
f 1000 991 999
f 999 991 989
f 999 989 997
f 994 1002 1004
f 994 1004 996
f 996 1004 1003
f 996 1003 995
f 995 1003 1001
f 995 1001 993
f 1006 998 1000
f 1006 1000 1008
f 1008 1000 999
f 1008 999 1007
f 1007 999 997
f 1007 997 1005
f 1002 1010 1012
f 1002 1012 1004
f 1004 1012 1011
f 1004 1011 1003
f 1003 1011 1009
f 1003 1009 1001
f 1014 1006 1008
f 1014 1008 1016
f 1016 1008 1007
f 1016 1007 1015
f 1015 1007 1005
f 1015 1005 1013
f 1010 1018 1020
f 1010 1020 1012
f 1012 1020 1019
f 1012 1019 1011
f 1011 1019 1017
f 1011 1017 1009
f 1022 1014 1016
f 1022 1016 1024
f 1024 1016 1015
f 1024 1015 1023
f 1023 1015 1013
f 1023 1013 1021
f 1018 1026 1028
f 1018 1028 1020
f 1020 1028 1027
f 1020 1027 1019
f 1019 1027 1025
f 1019 1025 1017
f 1030 1022 1024
f 1030 1024 1032
f 1032 1024 1023
f 1032 1023 1031
f 1031 1023 1021
f 1031 1021 1029
f 1026 1034 1036
f 1026 1036 1028
f 1028 1036 1035
f 1028 1035 1027
f 1027 1035 1033
f 1027 1033 1025
f 1038 1030 1032
f 1038 1032 1040
f 1040 1032 1031
f 1040 1031 1039
f 1039 1031 1029
f 1039 1029 1037
f 1034 1042 1044
f 1034 1044 1036
f 1036 1044 1043
f 1036 1043 1035
f 1035 1043 1041
f 1035 1041 1033
f 1046 1038 1040
f 1046 1040 1048
f 1048 1040 1039
f 1048 1039 1047
f 1047 1039 1037
f 1047 1037 1045
f 1042 1050 1052
f 1042 1052 1044
f 1044 1052 1051
f 1044 1051 1043
f 1043 1051 1049
f 1043 1049 1041
f 1054 1046 1048
f 1054 1048 1056
f 1056 1048 1047
f 1056 1047 1055
f 1055 1047 1045
f 1055 1045 1053
f 1050 1058 1060
f 1050 1060 1052
f 1052 1060 1059
f 1052 1059 1051
f 1051 1059 1057
f 1051 1057 1049
f 1062 1054 1056
f 1062 1056 1064
f 1064 1056 1055
f 1064 1055 1063
f 1063 1055 1053
f 1063 1053 1061
f 1058 1066 1068
f 1058 1068 1060
f 1060 1068 1067
f 1060 1067 1059
f 1059 1067 1065
f 1059 1065 1057
f 1070 1062 1064
f 1070 1064 1072
f 1072 1064 1063
f 1072 1063 1071
f 1071 1063 1061
f 1071 1061 1069
f 1066 1074 1076
f 1066 1076 1068
f 1068 1076 1075
f 1068 1075 1067
f 1067 1075 1073
f 1067 1073 1065
f 1078 1070 1072
f 1078 1072 1080
f 1080 1072 1071
f 1080 1071 1079
f 1079 1071 1069
f 1079 1069 1077
f 1074 1082 1084
f 1074 1084 1076
f 1076 1084 1083
f 1076 1083 1075
f 1075 1083 1081
f 1075 1081 1073
f 1086 1078 1080
f 1086 1080 1088
f 1088 1080 1079
f 1088 1079 1087
f 1087 1079 1077
f 1087 1077 1085
f 1082 1090 1092
f 1082 1092 1084
f 1084 1092 1091
f 1084 1091 1083
f 1083 1091 1089
f 1083 1089 1081
f 1094 1086 1088
f 1094 1088 1096
f 1096 1088 1087
f 1096 1087 1095
f 1095 1087 1085
f 1095 1085 1093
f 1090 1098 1100
f 1090 1100 1092
f 1092 1100 1099
f 1092 1099 1091
f 1091 1099 1097
f 1091 1097 1089
f 1102 1094 1096
f 1102 1096 1104
f 1104 1096 1095
f 1104 1095 1103
f 1103 1095 1093
f 1103 1093 1101
f 1098 1106 1108
f 1098 1108 1100
f 1100 1108 1107
f 1100 1107 1099
f 1099 1107 1105
f 1099 1105 1097
f 1110 1102 1104
f 1110 1104 1112
f 1112 1104 1103
f 1112 1103 1111
f 1111 1103 1101
f 1111 1101 1109
f 1106 1114 1116
f 1106 1116 1108
f 1108 1116 1115
f 1108 1115 1107
f 1107 1115 1113
f 1107 1113 1105
f 1118 1110 1112
f 1118 1112 1120
f 1120 1112 1111
f 1120 1111 1119
f 1119 1111 1109
f 1119 1109 1117
f 1114 1122 1124
f 1114 1124 1116
f 1116 1124 1123
f 1116 1123 1115
f 1115 1123 1121
f 1115 1121 1113
f 1126 1118 1120
f 1126 1120 1128
f 1128 1120 1119
f 1128 1119 1127
f 1127 1119 1117
f 1127 1117 1125
f 1122 1130 1132
f 1122 1132 1124
f 1124 1132 1131
f 1124 1131 1123
f 1123 1131 1129
f 1123 1129 1121
f 1134 1126 1128
f 1134 1128 1136
f 1136 1128 1127
f 1136 1127 1135
f 1135 1127 1125
f 1135 1125 1133
f 1130 1138 1140
f 1130 1140 1132
f 1132 1140 1139
f 1132 1139 1131
f 1131 1139 1137
f 1131 1137 1129
f 1142 1134 1136
f 1142 1136 1144
f 1144 1136 1135
f 1144 1135 1143
f 1143 1135 1133
f 1143 1133 1141
f 1138 1146 1148
f 1138 1148 1140
f 1140 1148 1147
f 1140 1147 1139
f 1139 1147 1145
f 1139 1145 1137
f 1150 1142 1144
f 1150 1144 1152
f 1152 1144 1143
f 1152 1143 1151
f 1151 1143 1141
f 1151 1141 1149
f 1146 1154 1156
f 1146 1156 1148
f 1148 1156 1155
f 1148 1155 1147
f 1147 1155 1153
f 1147 1153 1145
f 1158 1150 1152
f 1158 1152 1160
f 1160 1152 1151
f 1160 1151 1159
f 1159 1151 1149
f 1159 1149 1157
f 1154 1162 1164
f 1154 1164 1156
f 1156 1164 1163
f 1156 1163 1155
f 1155 1163 1161
f 1155 1161 1153
f 1166 1158 1160
f 1166 1160 1168
f 1168 1160 1159
f 1168 1159 1167
f 1167 1159 1157
f 1167 1157 1165
f 1162 1170 1172
f 1162 1172 1164
f 1164 1172 1171
f 1164 1171 1163
f 1163 1171 1169
f 1163 1169 1161
f 1174 1166 1168
f 1174 1168 1176
f 1176 1168 1167
f 1176 1167 1175
f 1175 1167 1165
f 1175 1165 1173
f 1170 1178 1180
f 1170 1180 1172
f 1172 1180 1179
f 1172 1179 1171
f 1171 1179 1177
f 1171 1177 1169
f 1182 1174 1176
f 1182 1176 1184
f 1184 1176 1175
f 1184 1175 1183
f 1183 1175 1173
f 1183 1173 1181
f 1178 1186 1188
f 1178 1188 1180
f 1180 1188 1187
f 1180 1187 1179
f 1179 1187 1185
f 1179 1185 1177
f 1190 1182 1184
f 1190 1184 1192
f 1192 1184 1183
f 1192 1183 1191
f 1191 1183 1181
f 1191 1181 1189
f 1186 1194 1196
f 1186 1196 1188
f 1188 1196 1195
f 1188 1195 1187
f 1187 1195 1193
f 1187 1193 1185
f 1198 1190 1192
f 1198 1192 1200
f 1200 1192 1191
f 1200 1191 1199
f 1199 1191 1189
f 1199 1189 1197
f 1194 1202 1204
f 1194 1204 1196
f 1196 1204 1203
f 1196 1203 1195
f 1195 1203 1201
f 1195 1201 1193
f 1206 1198 1200
f 1206 1200 1208
f 1208 1200 1199
f 1208 1199 1207
f 1207 1199 1197
f 1207 1197 1205
f 1202 1210 1212
f 1202 1212 1204
f 1204 1212 1211
f 1204 1211 1203
f 1203 1211 1209
f 1203 1209 1201
f 1214 1206 1208
f 1214 1208 1216
f 1216 1208 1207
f 1216 1207 1215
f 1215 1207 1205
f 1215 1205 1213
f 1210 1218 1220
f 1210 1220 1212
f 1212 1220 1219
f 1212 1219 1211
f 1211 1219 1217
f 1211 1217 1209
f 1222 1214 1216
f 1222 1216 1224
f 1224 1216 1215
f 1224 1215 1223
f 1223 1215 1213
f 1223 1213 1221
f 1218 1226 1228
f 1218 1228 1220
f 1220 1228 1227
f 1220 1227 1219
f 1219 1227 1225
f 1219 1225 1217
f 1230 1222 1224
f 1230 1224 1232
f 1232 1224 1223
f 1232 1223 1231
f 1231 1223 1221
f 1231 1221 1229
f 1226 1234 1236
f 1226 1236 1228
f 1228 1236 1235
f 1228 1235 1227
f 1227 1235 1233
f 1227 1233 1225
f 1238 1230 1232
f 1238 1232 1240
f 1240 1232 1231
f 1240 1231 1239
f 1239 1231 1229
f 1239 1229 1237
f 1234 1242 1244
f 1234 1244 1236
f 1236 1244 1243
f 1236 1243 1235
f 1235 1243 1241
f 1235 1241 1233
f 1246 1238 1240
f 1246 1240 1248
f 1248 1240 1239
f 1248 1239 1247
f 1247 1239 1237
f 1247 1237 1245
f 1242 866 868
f 1242 868 1244
f 1244 868 867
f 1244 867 1243
f 1243 867 865
f 1243 865 1241
f 870 1246 1248
f 870 1248 872
f 872 1248 1247
f 872 1247 871
f 871 1247 1245
f 871 1245 869
f 1241 865 873
f 873 881 889
f 889 897 905
f 905 913 921
f 921 929 937
f 937 945 953
f 953 961 969
f 969 977 985
f 985 993 1001
f 1001 1009 1017
f 1017 1025 1033
f 1033 1041 1049
f 1049 1057 1065
f 1065 1073 1081
f 1081 1089 1097
f 1097 1105 1113
f 1113 1121 1129
f 1129 1137 1145
f 1145 1153 1161
f 1161 1169 1177
f 1177 1185 1193
f 1193 1201 1209
f 1209 1217 1225
f 1225 1233 1241
f 1241 873 889
f 889 905 921
f 921 937 953
f 953 969 985
f 985 1001 1017
f 1017 1033 1049
f 1049 1065 1081
f 1081 1097 1113
f 1113 1129 1145
f 1145 1161 1177
f 1177 1193 1209
f 1209 1225 1241
f 1241 889 921
f 921 953 985
f 985 1017 1049
f 1049 1081 1113
f 1113 1145 1177
f 1177 1209 1241
f 1241 921 985
f 985 1049 1113
f 1113 1177 1241
f 985 1113 1241
f 866 870 878
f 866 878 874
f 1242 1246 870
f 1242 870 866
f 885 877 869
f 869 1245 1237
f 1237 1229 1221
f 1221 1213 1205
f 1205 1197 1189
f 1189 1181 1173
f 1173 1165 1157
f 1157 1149 1141
f 1141 1133 1125
f 1125 1117 1109
f 1109 1101 1093
f 1093 1085 1077
f 1077 1069 1061
f 1061 1053 1045
f 1045 1037 1029
f 1029 1021 1013
f 1013 1005 997
f 997 989 981
f 981 973 965
f 965 957 949
f 949 941 933
f 933 925 917
f 917 909 901
f 901 893 885
f 885 869 1237
f 1237 1221 1205
f 1205 1189 1173
f 1173 1157 1141
f 1141 1125 1109
f 1109 1093 1077
f 1077 1061 1045
f 1045 1029 1013
f 1013 997 981
f 981 965 949
f 949 933 917
f 917 901 885
f 885 1237 1205
f 1205 1173 1141
f 1141 1109 1077
f 1077 1045 1013
f 1013 981 949
f 949 917 885
f 885 1205 1141
f 1141 1077 1013
f 1013 949 885
f 1141 1013 885
f 874 878 886
f 874 886 882
f 882 886 894
f 882 894 890
f 890 894 902
f 890 902 898
f 898 902 910
f 898 910 906
f 906 910 918
f 906 918 914
f 914 918 926
f 914 926 922
f 922 926 934
f 922 934 930
f 930 934 942
f 930 942 938
f 938 942 950
f 938 950 946
f 946 950 958
f 946 958 954
f 954 958 966
f 954 966 962
f 962 966 974
f 962 974 970
f 970 974 982
f 970 982 978
f 978 982 990
f 978 990 986
f 986 990 998
f 986 998 994
f 994 998 1006
f 994 1006 1002
f 1002 1006 1014
f 1002 1014 1010
f 1010 1014 1022
f 1010 1022 1018
f 1018 1022 1030
f 1018 1030 1026
f 1026 1030 1038
f 1026 1038 1034
f 1034 1038 1046
f 1034 1046 1042
f 1042 1046 1054
f 1042 1054 1050
f 1050 1054 1062
f 1050 1062 1058
f 1058 1062 1070
f 1058 1070 1066
f 1066 1070 1078
f 1066 1078 1074
f 1074 1078 1086
f 1074 1086 1082
f 1082 1086 1094
f 1082 1094 1090
f 1090 1094 1102
f 1090 1102 1098
f 1098 1102 1110
f 1098 1110 1106
f 1106 1110 1118
f 1106 1118 1114
f 1114 1118 1126
f 1114 1126 1122
f 1122 1126 1134
f 1122 1134 1130
f 1130 1134 1142
f 1130 1142 1138
f 1138 1142 1150
f 1138 1150 1146
f 1146 1150 1158
f 1146 1158 1154
f 1154 1158 1166
f 1154 1166 1162
f 1162 1166 1174
f 1162 1174 1170
f 1170 1174 1182
f 1170 1182 1178
f 1178 1182 1190
f 1178 1190 1186
f 1186 1190 1198
f 1186 1198 1194
f 1194 1198 1206
f 1194 1206 1202
f 1202 1206 1214
f 1202 1214 1210
f 1210 1214 1222
f 1210 1222 1218
f 1218 1222 1230
f 1218 1230 1226
f 1226 1230 1238
f 1226 1238 1234
f 1234 1238 1246
f 1234 1246 1242
f 1250 1258 1260
f 1250 1260 1252
f 1252 1260 1259
f 1252 1259 1251
f 1251 1259 1257
f 1251 1257 1249
f 1262 1254 1256
f 1262 1256 1264
f 1264 1256 1255
f 1264 1255 1263
f 1263 1255 1253
f 1263 1253 1261
f 1258 1266 1268
f 1258 1268 1260
f 1260 1268 1267
f 1260 1267 1259
f 1259 1267 1265
f 1259 1265 1257
f 1270 1262 1264
f 1270 1264 1272
f 1272 1264 1263
f 1272 1263 1271
f 1271 1263 1261
f 1271 1261 1269
f 1266 1274 1276
f 1266 1276 1268
f 1268 1276 1275
f 1268 1275 1267
f 1267 1275 1273
f 1267 1273 1265
f 1278 1270 1272
f 1278 1272 1280
f 1280 1272 1271
f 1280 1271 1279
f 1279 1271 1269
f 1279 1269 1277
f 1274 1282 1284
f 1274 1284 1276
f 1276 1284 1283
f 1276 1283 1275
f 1275 1283 1281
f 1275 1281 1273
f 1286 1278 1280
f 1286 1280 1288
f 1288 1280 1279
f 1288 1279 1287
f 1287 1279 1277
f 1287 1277 1285
f 1282 1290 1292
f 1282 1292 1284
f 1284 1292 1291
f 1284 1291 1283
f 1283 1291 1289
f 1283 1289 1281
f 1294 1286 1288
f 1294 1288 1296
f 1296 1288 1287
f 1296 1287 1295
f 1295 1287 1285
f 1295 1285 1293
f 1290 1298 1300
f 1290 1300 1292
f 1292 1300 1299
f 1292 1299 1291
f 1291 1299 1297
f 1291 1297 1289
f 1302 1294 1296
f 1302 1296 1304
f 1304 1296 1295
f 1304 1295 1303
f 1303 1295 1293
f 1303 1293 1301
f 1298 1306 1308
f 1298 1308 1300
f 1300 1308 1307
f 1300 1307 1299
f 1299 1307 1305
f 1299 1305 1297
f 1310 1302 1304
f 1310 1304 1312
f 1312 1304 1303
f 1312 1303 1311
f 1311 1303 1301
f 1311 1301 1309
f 1306 1314 1316
f 1306 1316 1308
f 1308 1316 1315
f 1308 1315 1307
f 1307 1315 1313
f 1307 1313 1305
f 1318 1310 1312
f 1318 1312 1320
f 1320 1312 1311
f 1320 1311 1319
f 1319 1311 1309
f 1319 1309 1317
f 1314 1322 1324
f 1314 1324 1316
f 1316 1324 1323
f 1316 1323 1315
f 1315 1323 1321
f 1315 1321 1313
f 1326 1318 1320
f 1326 1320 1328
f 1328 1320 1319
f 1328 1319 1327
f 1327 1319 1317
f 1327 1317 1325
f 1322 1330 1332
f 1322 1332 1324
f 1324 1332 1331
f 1324 1331 1323
f 1323 1331 1329
f 1323 1329 1321
f 1334 1326 1328
f 1334 1328 1336
f 1336 1328 1327
f 1336 1327 1335
f 1335 1327 1325
f 1335 1325 1333
f 1330 1338 1340
f 1330 1340 1332
f 1332 1340 1339
f 1332 1339 1331
f 1331 1339 1337
f 1331 1337 1329
f 1342 1334 1336
f 1342 1336 1344
f 1344 1336 1335
f 1344 1335 1343
f 1343 1335 1333
f 1343 1333 1341
f 1338 1346 1348
f 1338 1348 1340
f 1340 1348 1347
f 1340 1347 1339
f 1339 1347 1345
f 1339 1345 1337
f 1350 1342 1344
f 1350 1344 1352
f 1352 1344 1343
f 1352 1343 1351
f 1351 1343 1341
f 1351 1341 1349
f 1346 1354 1356
f 1346 1356 1348
f 1348 1356 1355
f 1348 1355 1347
f 1347 1355 1353
f 1347 1353 1345
f 1358 1350 1352
f 1358 1352 1360
f 1360 1352 1351
f 1360 1351 1359
f 1359 1351 1349
f 1359 1349 1357
f 1354 1362 1364
f 1354 1364 1356
f 1356 1364 1363
f 1356 1363 1355
f 1355 1363 1361
f 1355 1361 1353
f 1366 1358 1360
f 1366 1360 1368
f 1368 1360 1359
f 1368 1359 1367
f 1367 1359 1357
f 1367 1357 1365
f 1362 1370 1372
f 1362 1372 1364
f 1364 1372 1371
f 1364 1371 1363
f 1363 1371 1369
f 1363 1369 1361
f 1374 1366 1368
f 1374 1368 1376
f 1376 1368 1367
f 1376 1367 1375
f 1375 1367 1365
f 1375 1365 1373
f 1370 1378 1380
f 1370 1380 1372
f 1372 1380 1379
f 1372 1379 1371
f 1371 1379 1377
f 1371 1377 1369
f 1382 1374 1376
f 1382 1376 1384
f 1384 1376 1375
f 1384 1375 1383
f 1383 1375 1373
f 1383 1373 1381
f 1378 1386 1388
f 1378 1388 1380
f 1380 1388 1387
f 1380 1387 1379
f 1379 1387 1385
f 1379 1385 1377
f 1390 1382 1384
f 1390 1384 1392
f 1392 1384 1383
f 1392 1383 1391
f 1391 1383 1381
f 1391 1381 1389
f 1386 1394 1396
f 1386 1396 1388
f 1388 1396 1395
f 1388 1395 1387
f 1387 1395 1393
f 1387 1393 1385
f 1398 1390 1392
f 1398 1392 1400
f 1400 1392 1391
f 1400 1391 1399
f 1399 1391 1389
f 1399 1389 1397
f 1394 1402 1404
f 1394 1404 1396
f 1396 1404 1403
f 1396 1403 1395
f 1395 1403 1401
f 1395 1401 1393
f 1406 1398 1400
f 1406 1400 1408
f 1408 1400 1399
f 1408 1399 1407
f 1407 1399 1397
f 1407 1397 1405
f 1402 1410 1412
f 1402 1412 1404
f 1404 1412 1411
f 1404 1411 1403
f 1403 1411 1409
f 1403 1409 1401
f 1414 1406 1408
f 1414 1408 1416
f 1416 1408 1407
f 1416 1407 1415
f 1415 1407 1405
f 1415 1405 1413
f 1410 1418 1420
f 1410 1420 1412
f 1412 1420 1419
f 1412 1419 1411
f 1411 1419 1417
f 1411 1417 1409
f 1422 1414 1416
f 1422 1416 1424
f 1424 1416 1415
f 1424 1415 1423
f 1423 1415 1413
f 1423 1413 1421
f 1418 1426 1428
f 1418 1428 1420
f 1420 1428 1427
f 1420 1427 1419
f 1419 1427 1425
f 1419 1425 1417
f 1430 1422 1424
f 1430 1424 1432
f 1432 1424 1423
f 1432 1423 1431
f 1431 1423 1421
f 1431 1421 1429
f 1426 1434 1436
f 1426 1436 1428
f 1428 1436 1435
f 1428 1435 1427
f 1427 1435 1433
f 1427 1433 1425
f 1438 1430 1432
f 1438 1432 1440
f 1440 1432 1431
f 1440 1431 1439
f 1439 1431 1429
f 1439 1429 1437
f 1434 1442 1444
f 1434 1444 1436
f 1436 1444 1443
f 1436 1443 1435
f 1435 1443 1441
f 1435 1441 1433
f 1446 1438 1440
f 1446 1440 1448
f 1448 1440 1439
f 1448 1439 1447
f 1447 1439 1437
f 1447 1437 1445
f 1442 1450 1452
f 1442 1452 1444
f 1444 1452 1451
f 1444 1451 1443
f 1443 1451 1449
f 1443 1449 1441
f 1454 1446 1448
f 1454 1448 1456
f 1456 1448 1447
f 1456 1447 1455
f 1455 1447 1445
f 1455 1445 1453
f 1450 1458 1460
f 1450 1460 1452
f 1452 1460 1459
f 1452 1459 1451
f 1451 1459 1457
f 1451 1457 1449
f 1462 1454 1456
f 1462 1456 1464
f 1464 1456 1455
f 1464 1455 1463
f 1463 1455 1453
f 1463 1453 1461
f 1458 1466 1468
f 1458 1468 1460
f 1460 1468 1467
f 1460 1467 1459
f 1459 1467 1465
f 1459 1465 1457
f 1470 1462 1464
f 1470 1464 1472
f 1472 1464 1463
f 1472 1463 1471
f 1471 1463 1461
f 1471 1461 1469
f 1466 1474 1476
f 1466 1476 1468
f 1468 1476 1475
f 1468 1475 1467
f 1467 1475 1473
f 1467 1473 1465
f 1478 1470 1472
f 1478 1472 1480
f 1480 1472 1471
f 1480 1471 1479
f 1479 1471 1469
f 1479 1469 1477
f 1474 1482 1484
f 1474 1484 1476
f 1476 1484 1483
f 1476 1483 1475
f 1475 1483 1481
f 1475 1481 1473
f 1486 1478 1480
f 1486 1480 1488
f 1488 1480 1479
f 1488 1479 1487
f 1487 1479 1477
f 1487 1477 1485
f 1482 1490 1492
f 1482 1492 1484
f 1484 1492 1491
f 1484 1491 1483
f 1483 1491 1489
f 1483 1489 1481
f 1494 1486 1488
f 1494 1488 1496
f 1496 1488 1487
f 1496 1487 1495
f 1495 1487 1485
f 1495 1485 1493
f 1490 1498 1500
f 1490 1500 1492
f 1492 1500 1499
f 1492 1499 1491
f 1491 1499 1497
f 1491 1497 1489
f 1502 1494 1496
f 1502 1496 1504
f 1504 1496 1495
f 1504 1495 1503
f 1503 1495 1493
f 1503 1493 1501
f 1498 1506 1508
f 1498 1508 1500
f 1500 1508 1507
f 1500 1507 1499
f 1499 1507 1505
f 1499 1505 1497
f 1510 1502 1504
f 1510 1504 1512
f 1512 1504 1503
f 1512 1503 1511
f 1511 1503 1501
f 1511 1501 1509
f 1506 1514 1516
f 1506 1516 1508
f 1508 1516 1515
f 1508 1515 1507
f 1507 1515 1513
f 1507 1513 1505
f 1518 1510 1512
f 1518 1512 1520
f 1520 1512 1511
f 1520 1511 1519
f 1519 1511 1509
f 1519 1509 1517
f 1514 1522 1524
f 1514 1524 1516
f 1516 1524 1523
f 1516 1523 1515
f 1515 1523 1521
f 1515 1521 1513
f 1526 1518 1520
f 1526 1520 1528
f 1528 1520 1519
f 1528 1519 1527
f 1527 1519 1517
f 1527 1517 1525
f 1522 1530 1532
f 1522 1532 1524
f 1524 1532 1531
f 1524 1531 1523
f 1523 1531 1529
f 1523 1529 1521
f 1534 1526 1528
f 1534 1528 1536
f 1536 1528 1527
f 1536 1527 1535
f 1535 1527 1525
f 1535 1525 1533
f 1530 1538 1540
f 1530 1540 1532
f 1532 1540 1539
f 1532 1539 1531
f 1531 1539 1537
f 1531 1537 1529
f 1542 1534 1536
f 1542 1536 1544
f 1544 1536 1535
f 1544 1535 1543
f 1543 1535 1533
f 1543 1533 1541
f 1538 1546 1548
f 1538 1548 1540
f 1540 1548 1547
f 1540 1547 1539
f 1539 1547 1545
f 1539 1545 1537
f 1550 1542 1544
f 1550 1544 1552
f 1552 1544 1543
f 1552 1543 1551
f 1551 1543 1541
f 1551 1541 1549
f 1546 1554 1556
f 1546 1556 1548
f 1548 1556 1555
f 1548 1555 1547
f 1547 1555 1553
f 1547 1553 1545
f 1558 1550 1552
f 1558 1552 1560
f 1560 1552 1551
f 1560 1551 1559
f 1559 1551 1549
f 1559 1549 1557
f 1554 1562 1564
f 1554 1564 1556
f 1556 1564 1563
f 1556 1563 1555
f 1555 1563 1561
f 1555 1561 1553
f 1566 1558 1560
f 1566 1560 1568
f 1568 1560 1559
f 1568 1559 1567
f 1567 1559 1557
f 1567 1557 1565
f 1562 1570 1572
f 1562 1572 1564
f 1564 1572 1571
f 1564 1571 1563
f 1563 1571 1569
f 1563 1569 1561
f 1574 1566 1568
f 1574 1568 1576
f 1576 1568 1567
f 1576 1567 1575
f 1575 1567 1565
f 1575 1565 1573
f 1570 1578 1580
f 1570 1580 1572
f 1572 1580 1579
f 1572 1579 1571
f 1571 1579 1577
f 1571 1577 1569
f 1582 1574 1576
f 1582 1576 1584
f 1584 1576 1575
f 1584 1575 1583
f 1583 1575 1573
f 1583 1573 1581
f 1578 1586 1588
f 1578 1588 1580
f 1580 1588 1587
f 1580 1587 1579
f 1579 1587 1585
f 1579 1585 1577
f 1590 1582 1584
f 1590 1584 1592
f 1592 1584 1583
f 1592 1583 1591
f 1591 1583 1581
f 1591 1581 1589
f 1586 1594 1596
f 1586 1596 1588
f 1588 1596 1595
f 1588 1595 1587
f 1587 1595 1593
f 1587 1593 1585
f 1598 1590 1592
f 1598 1592 1600
f 1600 1592 1591
f 1600 1591 1599
f 1599 1591 1589
f 1599 1589 1597
f 1594 1602 1604
f 1594 1604 1596
f 1596 1604 1603
f 1596 1603 1595
f 1595 1603 1601
f 1595 1601 1593
f 1606 1598 1600
f 1606 1600 1608
f 1608 1600 1599
f 1608 1599 1607
f 1607 1599 1597
f 1607 1597 1605
f 1602 1610 1612
f 1602 1612 1604
f 1604 1612 1611
f 1604 1611 1603
f 1603 1611 1609
f 1603 1609 1601
f 1614 1606 1608
f 1614 1608 1616
f 1616 1608 1607
f 1616 1607 1615
f 1615 1607 1605
f 1615 1605 1613
f 1610 1618 1620
f 1610 1620 1612
f 1612 1620 1619
f 1612 1619 1611
f 1611 1619 1617
f 1611 1617 1609
f 1622 1614 1616
f 1622 1616 1624
f 1624 1616 1615
f 1624 1615 1623
f 1623 1615 1613
f 1623 1613 1621
f 1618 1626 1628
f 1618 1628 1620
f 1620 1628 1627
f 1620 1627 1619
f 1619 1627 1625
f 1619 1625 1617
f 1630 1622 1624
f 1630 1624 1632
f 1632 1624 1623
f 1632 1623 1631
f 1631 1623 1621
f 1631 1621 1629
f 1626 1250 1252
f 1626 1252 1628
f 1628 1252 1251
f 1628 1251 1627
f 1627 1251 1249
f 1627 1249 1625
f 1254 1630 1632
f 1254 1632 1256
f 1256 1632 1631
f 1256 1631 1255
f 1255 1631 1629
f 1255 1629 1253
f 1625 1249 1257
f 1257 1265 1273
f 1273 1281 1289
f 1289 1297 1305
f 1305 1313 1321
f 1321 1329 1337
f 1337 1345 1353
f 1353 1361 1369
f 1369 1377 1385
f 1385 1393 1401
f 1401 1409 1417
f 1417 1425 1433
f 1433 1441 1449
f 1449 1457 1465
f 1465 1473 1481
f 1481 1489 1497
f 1497 1505 1513
f 1513 1521 1529
f 1529 1537 1545
f 1545 1553 1561
f 1561 1569 1577
f 1577 1585 1593
f 1593 1601 1609
f 1609 1617 1625
f 1625 1257 1273
f 1273 1289 1305
f 1305 1321 1337
f 1337 1353 1369
f 1369 1385 1401
f 1401 1417 1433
f 1433 1449 1465
f 1465 1481 1497
f 1497 1513 1529
f 1529 1545 1561
f 1561 1577 1593
f 1593 1609 1625
f 1625 1273 1305
f 1305 1337 1369
f 1369 1401 1433
f 1433 1465 1497
f 1497 1529 1561
f 1561 1593 1625
f 1625 1305 1369
f 1369 1433 1497
f 1497 1561 1625
f 1369 1497 1625
f 1250 1254 1262
f 1250 1262 1258
f 1626 1630 1254
f 1626 1254 1250
f 1269 1261 1253
f 1253 1629 1621
f 1621 1613 1605
f 1605 1597 1589
f 1589 1581 1573
f 1573 1565 1557
f 1557 1549 1541
f 1541 1533 1525
f 1525 1517 1509
f 1509 1501 1493
f 1493 1485 1477
f 1477 1469 1461
f 1461 1453 1445
f 1445 1437 1429
f 1429 1421 1413
f 1413 1405 1397
f 1397 1389 1381
f 1381 1373 1365
f 1365 1357 1349
f 1349 1341 1333
f 1333 1325 1317
f 1317 1309 1301
f 1301 1293 1285
f 1285 1277 1269
f 1269 1253 1621
f 1621 1605 1589
f 1589 1573 1557
f 1557 1541 1525
f 1525 1509 1493
f 1493 1477 1461
f 1461 1445 1429
f 1429 1413 1397
f 1397 1381 1365
f 1365 1349 1333
f 1333 1317 1301
f 1301 1285 1269
f 1269 1621 1589
f 1589 1557 1525
f 1525 1493 1461
f 1461 1429 1397
f 1397 1365 1333
f 1333 1301 1269
f 1269 1589 1525
f 1525 1461 1397
f 1397 1333 1269
f 1525 1397 1269
f 1258 1262 1270
f 1258 1270 1266
f 1266 1270 1278
f 1266 1278 1274
f 1274 1278 1286
f 1274 1286 1282
f 1282 1286 1294
f 1282 1294 1290
f 1290 1294 1302
f 1290 1302 1298
f 1298 1302 1310
f 1298 1310 1306
f 1306 1310 1318
f 1306 1318 1314
f 1314 1318 1326
f 1314 1326 1322
f 1322 1326 1334
f 1322 1334 1330
f 1330 1334 1342
f 1330 1342 1338
f 1338 1342 1350
f 1338 1350 1346
f 1346 1350 1358
f 1346 1358 1354
f 1354 1358 1366
f 1354 1366 1362
f 1362 1366 1374
f 1362 1374 1370
f 1370 1374 1382
f 1370 1382 1378
f 1378 1382 1390
f 1378 1390 1386
f 1386 1390 1398
f 1386 1398 1394
f 1394 1398 1406
f 1394 1406 1402
f 1402 1406 1414
f 1402 1414 1410
f 1410 1414 1422
f 1410 1422 1418
f 1418 1422 1430
f 1418 1430 1426
f 1426 1430 1438
f 1426 1438 1434
f 1434 1438 1446
f 1434 1446 1442
f 1442 1446 1454
f 1442 1454 1450
f 1450 1454 1462
f 1450 1462 1458
f 1458 1462 1470
f 1458 1470 1466
f 1466 1470 1478
f 1466 1478 1474
f 1474 1478 1486
f 1474 1486 1482
f 1482 1486 1494
f 1482 1494 1490
f 1490 1494 1502
f 1490 1502 1498
f 1498 1502 1510
f 1498 1510 1506
f 1506 1510 1518
f 1506 1518 1514
f 1514 1518 1526
f 1514 1526 1522
f 1522 1526 1534
f 1522 1534 1530
f 1530 1534 1542
f 1530 1542 1538
f 1538 1542 1550
f 1538 1550 1546
f 1546 1550 1558
f 1546 1558 1554
f 1554 1558 1566
f 1554 1566 1562
f 1562 1566 1574
f 1562 1574 1570
f 1570 1574 1582
f 1570 1582 1578
f 1578 1582 1590
f 1578 1590 1586
f 1586 1590 1598
f 1586 1598 1594
f 1594 1598 1606
f 1594 1606 1602
f 1602 1606 1614
f 1602 1614 1610
f 1610 1614 1622
f 1610 1622 1618
f 1618 1622 1630
f 1618 1630 1626
f 1634 1642 1644
f 1634 1644 1636
f 1636 1644 1643
f 1636 1643 1635
f 1635 1643 1641
f 1635 1641 1633
f 1646 1638 1640
f 1646 1640 1648
f 1648 1640 1639
f 1648 1639 1647
f 1647 1639 1637
f 1647 1637 1645
f 1642 1650 1652
f 1642 1652 1644
f 1644 1652 1651
f 1644 1651 1643
f 1643 1651 1649
f 1643 1649 1641
f 1654 1646 1648
f 1654 1648 1656
f 1656 1648 1647
f 1656 1647 1655
f 1655 1647 1645
f 1655 1645 1653
f 1650 1658 1660
f 1650 1660 1652
f 1652 1660 1659
f 1652 1659 1651
f 1651 1659 1657
f 1651 1657 1649
f 1662 1654 1656
f 1662 1656 1664
f 1664 1656 1655
f 1664 1655 1663
f 1663 1655 1653
f 1663 1653 1661
f 1658 1666 1668
f 1658 1668 1660
f 1660 1668 1667
f 1660 1667 1659
f 1659 1667 1665
f 1659 1665 1657
f 1670 1662 1664
f 1670 1664 1672
f 1672 1664 1663
f 1672 1663 1671
f 1671 1663 1661
f 1671 1661 1669
f 1666 1674 1676
f 1666 1676 1668
f 1668 1676 1675
f 1668 1675 1667
f 1667 1675 1673
f 1667 1673 1665
f 1678 1670 1672
f 1678 1672 1680
f 1680 1672 1671
f 1680 1671 1679
f 1679 1671 1669
f 1679 1669 1677
f 1674 1682 1684
f 1674 1684 1676
f 1676 1684 1683
f 1676 1683 1675
f 1675 1683 1681
f 1675 1681 1673
f 1686 1678 1680
f 1686 1680 1688
f 1688 1680 1679
f 1688 1679 1687
f 1687 1679 1677
f 1687 1677 1685
f 1682 1690 1692
f 1682 1692 1684
f 1684 1692 1691
f 1684 1691 1683
f 1683 1691 1689
f 1683 1689 1681
f 1694 1686 1688
f 1694 1688 1696
f 1696 1688 1687
f 1696 1687 1695
f 1695 1687 1685
f 1695 1685 1693
f 1690 1698 1700
f 1690 1700 1692
f 1692 1700 1699
f 1692 1699 1691
f 1691 1699 1697
f 1691 1697 1689
f 1702 1694 1696
f 1702 1696 1704
f 1704 1696 1695
f 1704 1695 1703
f 1703 1695 1693
f 1703 1693 1701
f 1698 1706 1708
f 1698 1708 1700
f 1700 1708 1707
f 1700 1707 1699
f 1699 1707 1705
f 1699 1705 1697
f 1710 1702 1704
f 1710 1704 1712
f 1712 1704 1703
f 1712 1703 1711
f 1711 1703 1701
f 1711 1701 1709
f 1706 1714 1716
f 1706 1716 1708
f 1708 1716 1715
f 1708 1715 1707
f 1707 1715 1713
f 1707 1713 1705
f 1718 1710 1712
f 1718 1712 1720
f 1720 1712 1711
f 1720 1711 1719
f 1719 1711 1709
f 1719 1709 1717
f 1714 1722 1724
f 1714 1724 1716
f 1716 1724 1723
f 1716 1723 1715
f 1715 1723 1721
f 1715 1721 1713
f 1726 1718 1720
f 1726 1720 1728
f 1728 1720 1719
f 1728 1719 1727
f 1727 1719 1717
f 1727 1717 1725
f 1722 1730 1732
f 1722 1732 1724
f 1724 1732 1731
f 1724 1731 1723
f 1723 1731 1729
f 1723 1729 1721
f 1734 1726 1728
f 1734 1728 1736
f 1736 1728 1727
f 1736 1727 1735
f 1735 1727 1725
f 1735 1725 1733
f 1730 1738 1740
f 1730 1740 1732
f 1732 1740 1739
f 1732 1739 1731
f 1731 1739 1737
f 1731 1737 1729
f 1742 1734 1736
f 1742 1736 1744
f 1744 1736 1735
f 1744 1735 1743
f 1743 1735 1733
f 1743 1733 1741
f 1738 1746 1748
f 1738 1748 1740
f 1740 1748 1747
f 1740 1747 1739
f 1739 1747 1745
f 1739 1745 1737
f 1750 1742 1744
f 1750 1744 1752
f 1752 1744 1743
f 1752 1743 1751
f 1751 1743 1741
f 1751 1741 1749
f 1746 1754 1756
f 1746 1756 1748
f 1748 1756 1755
f 1748 1755 1747
f 1747 1755 1753
f 1747 1753 1745
f 1758 1750 1752
f 1758 1752 1760
f 1760 1752 1751
f 1760 1751 1759
f 1759 1751 1749
f 1759 1749 1757
f 1754 1762 1764
f 1754 1764 1756
f 1756 1764 1763
f 1756 1763 1755
f 1755 1763 1761
f 1755 1761 1753
f 1766 1758 1760
f 1766 1760 1768
f 1768 1760 1759
f 1768 1759 1767
f 1767 1759 1757
f 1767 1757 1765
f 1762 1770 1772
f 1762 1772 1764
f 1764 1772 1771
f 1764 1771 1763
f 1763 1771 1769
f 1763 1769 1761
f 1774 1766 1768
f 1774 1768 1776
f 1776 1768 1767
f 1776 1767 1775
f 1775 1767 1765
f 1775 1765 1773
f 1770 1778 1780
f 1770 1780 1772
f 1772 1780 1779
f 1772 1779 1771
f 1771 1779 1777
f 1771 1777 1769
f 1782 1774 1776
f 1782 1776 1784
f 1784 1776 1775
f 1784 1775 1783
f 1783 1775 1773
f 1783 1773 1781
f 1778 1786 1788
f 1778 1788 1780
f 1780 1788 1787
f 1780 1787 1779
f 1779 1787 1785
f 1779 1785 1777
f 1790 1782 1784
f 1790 1784 1792
f 1792 1784 1783
f 1792 1783 1791
f 1791 1783 1781
f 1791 1781 1789
f 1786 1794 1796
f 1786 1796 1788
f 1788 1796 1795
f 1788 1795 1787
f 1787 1795 1793
f 1787 1793 1785
f 1798 1790 1792
f 1798 1792 1800
f 1800 1792 1791
f 1800 1791 1799
f 1799 1791 1789
f 1799 1789 1797
f 1794 1802 1804
f 1794 1804 1796
f 1796 1804 1803
f 1796 1803 1795
f 1795 1803 1801
f 1795 1801 1793
f 1806 1798 1800
f 1806 1800 1808
f 1808 1800 1799
f 1808 1799 1807
f 1807 1799 1797
f 1807 1797 1805
f 1802 1810 1812
f 1802 1812 1804
f 1804 1812 1811
f 1804 1811 1803
f 1803 1811 1809
f 1803 1809 1801
f 1814 1806 1808
f 1814 1808 1816
f 1816 1808 1807
f 1816 1807 1815
f 1815 1807 1805
f 1815 1805 1813
f 1810 1818 1820
f 1810 1820 1812
f 1812 1820 1819
f 1812 1819 1811
f 1811 1819 1817
f 1811 1817 1809
f 1822 1814 1816
f 1822 1816 1824
f 1824 1816 1815
f 1824 1815 1823
f 1823 1815 1813
f 1823 1813 1821
f 1818 1826 1828
f 1818 1828 1820
f 1820 1828 1827
f 1820 1827 1819
f 1819 1827 1825
f 1819 1825 1817
f 1830 1822 1824
f 1830 1824 1832
f 1832 1824 1823
f 1832 1823 1831
f 1831 1823 1821
f 1831 1821 1829
f 1826 1834 1836
f 1826 1836 1828
f 1828 1836 1835
f 1828 1835 1827
f 1827 1835 1833
f 1827 1833 1825
f 1838 1830 1832
f 1838 1832 1840
f 1840 1832 1831
f 1840 1831 1839
f 1839 1831 1829
f 1839 1829 1837
f 1834 1842 1844
f 1834 1844 1836
f 1836 1844 1843
f 1836 1843 1835
f 1835 1843 1841
f 1835 1841 1833
f 1846 1838 1840
f 1846 1840 1848
f 1848 1840 1839
f 1848 1839 1847
f 1847 1839 1837
f 1847 1837 1845
f 1842 1850 1852
f 1842 1852 1844
f 1844 1852 1851
f 1844 1851 1843
f 1843 1851 1849
f 1843 1849 1841
f 1854 1846 1848
f 1854 1848 1856
f 1856 1848 1847
f 1856 1847 1855
f 1855 1847 1845
f 1855 1845 1853
f 1850 1858 1860
f 1850 1860 1852
f 1852 1860 1859
f 1852 1859 1851
f 1851 1859 1857
f 1851 1857 1849
f 1862 1854 1856
f 1862 1856 1864
f 1864 1856 1855
f 1864 1855 1863
f 1863 1855 1853
f 1863 1853 1861
f 1858 1866 1868
f 1858 1868 1860
f 1860 1868 1867
f 1860 1867 1859
f 1859 1867 1865
f 1859 1865 1857
f 1870 1862 1864
f 1870 1864 1872
f 1872 1864 1863
f 1872 1863 1871
f 1871 1863 1861
f 1871 1861 1869
f 1866 1874 1876
f 1866 1876 1868
f 1868 1876 1875
f 1868 1875 1867
f 1867 1875 1873
f 1867 1873 1865
f 1878 1870 1872
f 1878 1872 1880
f 1880 1872 1871
f 1880 1871 1879
f 1879 1871 1869
f 1879 1869 1877
f 1874 1882 1884
f 1874 1884 1876
f 1876 1884 1883
f 1876 1883 1875
f 1875 1883 1881
f 1875 1881 1873
f 1886 1878 1880
f 1886 1880 1888
f 1888 1880 1879
f 1888 1879 1887
f 1887 1879 1877
f 1887 1877 1885
f 1882 1890 1892
f 1882 1892 1884
f 1884 1892 1891
f 1884 1891 1883
f 1883 1891 1889
f 1883 1889 1881
f 1894 1886 1888
f 1894 1888 1896
f 1896 1888 1887
f 1896 1887 1895
f 1895 1887 1885
f 1895 1885 1893
f 1890 1898 1900
f 1890 1900 1892
f 1892 1900 1899
f 1892 1899 1891
f 1891 1899 1897
f 1891 1897 1889
f 1902 1894 1896
f 1902 1896 1904
f 1904 1896 1895
f 1904 1895 1903
f 1903 1895 1893
f 1903 1893 1901
f 1898 1906 1908
f 1898 1908 1900
f 1900 1908 1907
f 1900 1907 1899
f 1899 1907 1905
f 1899 1905 1897
f 1910 1902 1904
f 1910 1904 1912
f 1912 1904 1903
f 1912 1903 1911
f 1911 1903 1901
f 1911 1901 1909
f 1906 1914 1916
f 1906 1916 1908
f 1908 1916 1915
f 1908 1915 1907
f 1907 1915 1913
f 1907 1913 1905
f 1918 1910 1912
f 1918 1912 1920
f 1920 1912 1911
f 1920 1911 1919
f 1919 1911 1909
f 1919 1909 1917
f 1914 1922 1924
f 1914 1924 1916
f 1916 1924 1923
f 1916 1923 1915
f 1915 1923 1921
f 1915 1921 1913
f 1926 1918 1920
f 1926 1920 1928
f 1928 1920 1919
f 1928 1919 1927
f 1927 1919 1917
f 1927 1917 1925
f 1922 1930 1932
f 1922 1932 1924
f 1924 1932 1931
f 1924 1931 1923
f 1923 1931 1929
f 1923 1929 1921
f 1934 1926 1928
f 1934 1928 1936
f 1936 1928 1927
f 1936 1927 1935
f 1935 1927 1925
f 1935 1925 1933
f 1930 1938 1940
f 1930 1940 1932
f 1932 1940 1939
f 1932 1939 1931
f 1931 1939 1937
f 1931 1937 1929
f 1942 1934 1936
f 1942 1936 1944
f 1944 1936 1935
f 1944 1935 1943
f 1943 1935 1933
f 1943 1933 1941
f 1938 1946 1948
f 1938 1948 1940
f 1940 1948 1947
f 1940 1947 1939
f 1939 1947 1945
f 1939 1945 1937
f 1950 1942 1944
f 1950 1944 1952
f 1952 1944 1943
f 1952 1943 1951
f 1951 1943 1941
f 1951 1941 1949
f 1946 1954 1956
f 1946 1956 1948
f 1948 1956 1955
f 1948 1955 1947
f 1947 1955 1953
f 1947 1953 1945
f 1958 1950 1952
f 1958 1952 1960
f 1960 1952 1951
f 1960 1951 1959
f 1959 1951 1949
f 1959 1949 1957
f 1954 1962 1964
f 1954 1964 1956
f 1956 1964 1963
f 1956 1963 1955
f 1955 1963 1961
f 1955 1961 1953
f 1966 1958 1960
f 1966 1960 1968
f 1968 1960 1959
f 1968 1959 1967
f 1967 1959 1957
f 1967 1957 1965
f 1962 1970 1972
f 1962 1972 1964
f 1964 1972 1971
f 1964 1971 1963
f 1963 1971 1969
f 1963 1969 1961
f 1974 1966 1968
f 1974 1968 1976
f 1976 1968 1967
f 1976 1967 1975
f 1975 1967 1965
f 1975 1965 1973
f 1970 1978 1980
f 1970 1980 1972
f 1972 1980 1979
f 1972 1979 1971
f 1971 1979 1977
f 1971 1977 1969
f 1982 1974 1976
f 1982 1976 1984
f 1984 1976 1975
f 1984 1975 1983
f 1983 1975 1973
f 1983 1973 1981
f 1978 1986 1988
f 1978 1988 1980
f 1980 1988 1987
f 1980 1987 1979
f 1979 1987 1985
f 1979 1985 1977
f 1990 1982 1984
f 1990 1984 1992
f 1992 1984 1983
f 1992 1983 1991
f 1991 1983 1981
f 1991 1981 1989
f 1986 1994 1996
f 1986 1996 1988
f 1988 1996 1995
f 1988 1995 1987
f 1987 1995 1993
f 1987 1993 1985
f 1998 1990 1992
f 1998 1992 2000
f 2000 1992 1991
f 2000 1991 1999
f 1999 1991 1989
f 1999 1989 1997
f 1994 2002 2004
f 1994 2004 1996
f 1996 2004 2003
f 1996 2003 1995
f 1995 2003 2001
f 1995 2001 1993
f 2006 1998 2000
f 2006 2000 2008
f 2008 2000 1999
f 2008 1999 2007
f 2007 1999 1997
f 2007 1997 2005
f 2002 2010 2012
f 2002 2012 2004
f 2004 2012 2011
f 2004 2011 2003
f 2003 2011 2009
f 2003 2009 2001
f 2014 2006 2008
f 2014 2008 2016
f 2016 2008 2007
f 2016 2007 2015
f 2015 2007 2005
f 2015 2005 2013
f 2010 1634 1636
f 2010 1636 2012
f 2012 1636 1635
f 2012 1635 2011
f 2011 1635 1633
f 2011 1633 2009
f 1638 2014 2016
f 1638 2016 1640
f 1640 2016 2015
f 1640 2015 1639
f 1639 2015 2013
f 1639 2013 1637
f 2009 1633 1641
f 1641 1649 1657
f 1657 1665 1673
f 1673 1681 1689
f 1689 1697 1705
f 1705 1713 1721
f 1721 1729 1737
f 1737 1745 1753
f 1753 1761 1769
f 1769 1777 1785
f 1785 1793 1801
f 1801 1809 1817
f 1817 1825 1833
f 1833 1841 1849
f 1849 1857 1865
f 1865 1873 1881
f 1881 1889 1897
f 1897 1905 1913
f 1913 1921 1929
f 1929 1937 1945
f 1945 1953 1961
f 1961 1969 1977
f 1977 1985 1993
f 1993 2001 2009
f 2009 1641 1657
f 1657 1673 1689
f 1689 1705 1721
f 1721 1737 1753
f 1753 1769 1785
f 1785 1801 1817
f 1817 1833 1849
f 1849 1865 1881
f 1881 1897 1913
f 1913 1929 1945
f 1945 1961 1977
f 1977 1993 2009
f 2009 1657 1689
f 1689 1721 1753
f 1753 1785 1817
f 1817 1849 1881
f 1881 1913 1945
f 1945 1977 2009
f 2009 1689 1753
f 1753 1817 1881
f 1881 1945 2009
f 1753 1881 2009
f 1634 1638 1646
f 1634 1646 1642
f 2010 2014 1638
f 2010 1638 1634
f 1653 1645 1637
f 1637 2013 2005
f 2005 1997 1989
f 1989 1981 1973
f 1973 1965 1957
f 1957 1949 1941
f 1941 1933 1925
f 1925 1917 1909
f 1909 1901 1893
f 1893 1885 1877
f 1877 1869 1861
f 1861 1853 1845
f 1845 1837 1829
f 1829 1821 1813
f 1813 1805 1797
f 1797 1789 1781
f 1781 1773 1765
f 1765 1757 1749
f 1749 1741 1733
f 1733 1725 1717
f 1717 1709 1701
f 1701 1693 1685
f 1685 1677 1669
f 1669 1661 1653
f 1653 1637 2005
f 2005 1989 1973
f 1973 1957 1941
f 1941 1925 1909
f 1909 1893 1877
f 1877 1861 1845
f 1845 1829 1813
f 1813 1797 1781
f 1781 1765 1749
f 1749 1733 1717
f 1717 1701 1685
f 1685 1669 1653
f 1653 2005 1973
f 1973 1941 1909
f 1909 1877 1845
f 1845 1813 1781
f 1781 1749 1717
f 1717 1685 1653
f 1653 1973 1909
f 1909 1845 1781
f 1781 1717 1653
f 1909 1781 1653
f 1642 1646 1654
f 1642 1654 1650
f 1650 1654 1662
f 1650 1662 1658
f 1658 1662 1670
f 1658 1670 1666
f 1666 1670 1678
f 1666 1678 1674
f 1674 1678 1686
f 1674 1686 1682
f 1682 1686 1694
f 1682 1694 1690
f 1690 1694 1702
f 1690 1702 1698
f 1698 1702 1710
f 1698 1710 1706
f 1706 1710 1718
f 1706 1718 1714
f 1714 1718 1726
f 1714 1726 1722
f 1722 1726 1734
f 1722 1734 1730
f 1730 1734 1742
f 1730 1742 1738
f 1738 1742 1750
f 1738 1750 1746
f 1746 1750 1758
f 1746 1758 1754
f 1754 1758 1766
f 1754 1766 1762
f 1762 1766 1774
f 1762 1774 1770
f 1770 1774 1782
f 1770 1782 1778
f 1778 1782 1790
f 1778 1790 1786
f 1786 1790 1798
f 1786 1798 1794
f 1794 1798 1806
f 1794 1806 1802
f 1802 1806 1814
f 1802 1814 1810
f 1810 1814 1822
f 1810 1822 1818
f 1818 1822 1830
f 1818 1830 1826
f 1826 1830 1838
f 1826 1838 1834
f 1834 1838 1846
f 1834 1846 1842
f 1842 1846 1854
f 1842 1854 1850
f 1850 1854 1862
f 1850 1862 1858
f 1858 1862 1870
f 1858 1870 1866
f 1866 1870 1878
f 1866 1878 1874
f 1874 1878 1886
f 1874 1886 1882
f 1882 1886 1894
f 1882 1894 1890
f 1890 1894 1902
f 1890 1902 1898
f 1898 1902 1910
f 1898 1910 1906
f 1906 1910 1918
f 1906 1918 1914
f 1914 1918 1926
f 1914 1926 1922
f 1922 1926 1934
f 1922 1934 1930
f 1930 1934 1942
f 1930 1942 1938
f 1938 1942 1950
f 1938 1950 1946
f 1946 1950 1958
f 1946 1958 1954
f 1954 1958 1966
f 1954 1966 1962
f 1962 1966 1974
f 1962 1974 1970
f 1970 1974 1982
f 1970 1982 1978
f 1978 1982 1990
f 1978 1990 1986
f 1986 1990 1998
f 1986 1998 1994
f 1994 1998 2006
f 1994 2006 2002
f 2002 2006 2014
f 2002 2014 2010
