# Zoomer visual mesh, local link coordinates in metres
v -0.0184160 -0.0194498 0.0126483
v -0.0184160 -0.0214783 0.0146768
v -0.0200382 -0.0194498 0.0146768
v -0.0184160 -0.0204627 0.0129193
v -0.0192260 -0.0194498 0.0129193
v -0.0191918 -0.0204198 0.0131826
v -0.0192260 -0.0212073 0.0146768
v -0.0184160 -0.0212073 0.0136639
v -0.0191918 -0.0209441 0.0137068
v -0.0198215 -0.0194498 0.0136639
v -0.0198215 -0.0204627 0.0146768
v -0.0196109 -0.0204198 0.0137068
v -0.0184160 -0.0214783 0.0146768
v -0.0184160 -0.0194498 0.0167053
v -0.0200382 -0.0194498 0.0146768
v -0.0184160 -0.0212073 0.0156898
v -0.0192260 -0.0212073 0.0146768
v -0.0191918 -0.0209441 0.0156469
v -0.0192260 -0.0194498 0.0164343
v -0.0184160 -0.0204627 0.0164343
v -0.0191918 -0.0204198 0.0161711
v -0.0198215 -0.0204627 0.0146768
v -0.0198215 -0.0194498 0.0156898
v -0.0196109 -0.0204198 0.0156469
v -0.0184160 0.0194498 0.0126483
v -0.0200382 0.0194498 0.0146768
v -0.0184160 0.0214783 0.0146768
v -0.0192260 0.0194498 0.0129193
v -0.0184160 0.0204627 0.0129193
v -0.0191918 0.0204198 0.0131826
v -0.0198215 0.0204627 0.0146768
v -0.0198215 0.0194498 0.0136639
v -0.0196109 0.0204198 0.0137068
v -0.0184160 0.0212073 0.0136639
v -0.0192260 0.0212073 0.0146768
v -0.0191918 0.0209441 0.0137068
v -0.0184160 0.0194498 0.0167053
v -0.0184160 0.0214783 0.0146768
v -0.0200382 0.0194498 0.0146768
v -0.0184160 0.0204627 0.0164343
v -0.0192260 0.0194498 0.0164343
v -0.0191918 0.0204198 0.0161711
v -0.0192260 0.0212073 0.0146768
v -0.0184160 0.0212073 0.0156898
v -0.0191918 0.0209441 0.0156469
v -0.0198215 0.0194498 0.0156898
v -0.0198215 0.0204627 0.0146768
v -0.0196109 0.0204198 0.0156469
v 0.0184160 -0.0194498 0.0126483
v 0.0200382 -0.0194498 0.0146768
v 0.0184160 -0.0214783 0.0146768
v 0.0192260 -0.0194498 0.0129193
v 0.0184160 -0.0204627 0.0129193
v 0.0191918 -0.0204198 0.0131826
v 0.0198215 -0.0204627 0.0146768
v 0.0198215 -0.0194498 0.0136639
v 0.0196109 -0.0204198 0.0137068
v 0.0184160 -0.0212073 0.0136639
v 0.0192260 -0.0212073 0.0146768
v 0.0191918 -0.0209441 0.0137068
v 0.0184160 -0.0194498 0.0167053
v 0.0184160 -0.0214783 0.0146768
v 0.0200382 -0.0194498 0.0146768
v 0.0184160 -0.0204627 0.0164343
v 0.0192260 -0.0194498 0.0164343
v 0.0191918 -0.0204198 0.0161711
v 0.0192260 -0.0212073 0.0146768
v 0.0184160 -0.0212073 0.0156898
v 0.0191918 -0.0209441 0.0156469
v 0.0198215 -0.0194498 0.0156898
v 0.0198215 -0.0204627 0.0146768
v 0.0196109 -0.0204198 0.0156469
v 0.0184160 0.0194498 0.0126483
v 0.0184160 0.0214783 0.0146768
v 0.0200382 0.0194498 0.0146768
v 0.0184160 0.0204627 0.0129193
v 0.0192260 0.0194498 0.0129193
v 0.0191918 0.0204198 0.0131826
v 0.0192260 0.0212073 0.0146768
v 0.0184160 0.0212073 0.0136639
v 0.0191918 0.0209441 0.0137068
v 0.0198215 0.0194498 0.0136639
v 0.0198215 0.0204627 0.0146768
v 0.0196109 0.0204198 0.0137068
v 0.0184160 0.0194498 0.0167053
v 0.0200382 0.0194498 0.0146768
v 0.0184160 0.0214783 0.0146768
v 0.0192260 0.0194498 0.0164343
v 0.0184160 0.0204627 0.0164343
v 0.0191918 0.0204198 0.0161711
v 0.0198215 0.0204627 0.0146768
v 0.0198215 0.0194498 0.0156898
v 0.0196109 0.0204198 0.0156469
v 0.0184160 0.0212073 0.0156898
v 0.0192260 0.0212073 0.0146768
v 0.0191918 0.0209441 0.0156469
v -0.0327290 -0.0260904 0.0069909
v -0.0327290 -0.0248706 0.0070998
v -0.0327290 -0.0240305 0.0070997
v -0.0327290 -0.0231903 0.0070997
v -0.0327290 -0.0223501 0.0070995
v -0.0327290 -0.0215099 0.0070993
v -0.0327290 -0.0206696 0.0070991
v -0.0327290 -0.0198294 0.0070987
v -0.0327290 -0.0189892 0.0070983
v -0.0327290 -0.0181490 0.0070977
v -0.0327290 -0.0173087 0.0070971
v -0.0327290 -0.0164685 0.0070963
v -0.0327290 -0.0156282 0.0070954
v -0.0327290 -0.0147880 0.0070944
v -0.0327290 -0.0139477 0.0070933
v -0.0327290 -0.0131074 0.0070920
v -0.0327290 -0.0122672 0.0070906
v -0.0327290 -0.0114269 0.0070891
v -0.0327290 -0.0105866 0.0070874
v -0.0327290 -0.0097463 0.0070855
v -0.0327290 -0.0089060 0.0070835
v -0.0327290 -0.0080657 0.0070812
v -0.0327290 -0.0072254 0.0070788
v -0.0327290 -0.0063851 0.0070762
v -0.0327290 -0.0055448 0.0070734
v -0.0327290 -0.0047044 0.0070703
v -0.0327290 -0.0038641 0.0070670
v -0.0327290 -0.0030237 0.0070635
v -0.0327290 -0.0021833 0.0070597
v -0.0327290 -0.0013430 0.0070556
v -0.0327290 -0.0005026 0.0070512
v -0.0327290 0.0003379 0.0070465
v -0.0327290 0.0011783 0.0070414
v -0.0327290 0.0020188 0.0070360
v -0.0327290 0.0028593 0.0070301
v -0.0327290 0.0036998 0.0070238
v -0.0327290 0.0045404 0.0070170
v -0.0327290 0.0053810 0.0070097
v -0.0327290 0.0062216 0.0070017
v -0.0327290 0.0070623 0.0069931
v -0.0327290 0.0079031 0.0069837
v -0.0327290 0.0087440 0.0069734
v -0.0327290 0.0095850 0.0069622
v -0.0327290 0.0104262 0.0069497
v -0.0327290 0.0112676 0.0069357
v -0.0327290 0.0121250 0.0069195
v -0.0327290 0.0131240 0.0068377
v -0.0327290 0.0140010 0.0063825
v -0.0327290 0.0147378 0.0059955
v -0.0327290 0.0154795 0.0056157
v -0.0327290 0.0162254 0.0052420
v -0.0327290 0.0169747 0.0048738
v -0.0327290 0.0177271 0.0045104
v -0.0327290 0.0184822 0.0041514
v -0.0327290 0.0192396 0.0037962
v -0.0327290 0.0199990 0.0034444
v -0.0327290 0.0207602 0.0030957
v -0.0327290 0.0215231 0.0027495
v -0.0327290 0.0222873 0.0024057
v -0.0327290 0.0230528 0.0020639
v -0.0327290 0.0238194 0.0017236
v -0.0327290 0.0245869 0.0013847
v -0.0327290 0.0253551 0.0010467
v -0.0327290 0.0261240 0.0007092
v -0.0327290 0.0268934 0.0003719
v -0.0327290 0.0276631 0.0000342
v -0.0327290 0.0284330 -0.0003043
v -0.0327290 0.0292030 -0.0006444
v -0.0327290 0.0299728 -0.0009869
v -0.0327290 0.0307422 -0.0013331
v -0.0327290 0.0316272 -0.0017519
v -0.0327290 0.0323311 -0.0024861
v -0.0327290 0.0328440 -0.0032394
v -0.0327290 0.0333024 -0.0039839
v -0.0327290 0.0337245 -0.0047569
v -0.0327290 0.0341013 -0.0055614
v -0.0327290 0.0344211 -0.0063997
v -0.0327290 0.0346700 -0.0072718
v -0.0327290 0.0348313 -0.0081746
v -0.0327290 0.0348884 -0.0090991
v -0.0327290 0.0348274 -0.0100302
v -0.0327290 0.0346328 -0.0109788
v -0.0327290 0.0342341 -0.0118638
v -0.0327290 0.0337301 -0.0126535
v -0.0327290 0.0331327 -0.0133655
v -0.0327290 0.0324592 -0.0139949
v -0.0327290 0.0317296 -0.0145420
v -0.0327290 0.0309608 -0.0150131
v -0.0327290 0.0301655 -0.0154178
v -0.0327290 0.0293525 -0.0157648
v -0.0327290 0.0285283 -0.0160636
v -0.0327290 0.0276966 -0.0163217
v -0.0327290 0.0268605 -0.0165458
v -0.0327290 0.0260025 -0.0167456
v -0.0327290 0.0251255 -0.0168765
v -0.0327290 0.0242698 -0.0169591
v -0.0327290 0.0234314 -0.0170373
v -0.0327290 0.0225928 -0.0171135
v -0.0327290 0.0217540 -0.0171873
v -0.0327290 0.0209152 -0.0172590
v -0.0327290 0.0200761 -0.0173286
v -0.0327290 0.0192369 -0.0173961
v -0.0327290 0.0183976 -0.0174617
v -0.0327290 0.0175581 -0.0175250
v -0.0327290 0.0167185 -0.0175865
v -0.0327290 0.0158788 -0.0176461
v -0.0327290 0.0150391 -0.0177037
v -0.0327290 0.0141992 -0.0177595
v -0.0327290 0.0133592 -0.0178133
v -0.0327290 0.0125192 -0.0178654
v -0.0327290 0.0116790 -0.0179158
v -0.0327290 0.0108387 -0.0179643
v -0.0327290 0.0099985 -0.0180112
v -0.0327290 0.0091581 -0.0180563
v -0.0327290 0.0083177 -0.0180998
v -0.0327290 0.0074772 -0.0181417
v -0.0327290 0.0066366 -0.0181819
v -0.0327290 0.0057961 -0.0182206
v -0.0327290 0.0049555 -0.0182578
v -0.0327290 0.0041148 -0.0182934
v -0.0327290 0.0032741 -0.0183276
v -0.0327290 0.0024334 -0.0183603
v -0.0327290 0.0015926 -0.0183916
v -0.0327290 0.0007518 -0.0184216
v -0.0327290 -0.0000890 -0.0184500
v -0.0327290 -0.0009298 -0.0184772
v -0.0327290 -0.0017707 -0.0185031
v -0.0327290 -0.0026116 -0.0185276
v -0.0327290 -0.0034525 -0.0185509
v -0.0327290 -0.0042934 -0.0185730
v -0.0327290 -0.0051343 -0.0185938
v -0.0327290 -0.0059752 -0.0186134
v -0.0327290 -0.0068162 -0.0186319
v -0.0327290 -0.0076571 -0.0186492
v -0.0327290 -0.0084980 -0.0186655
v -0.0327290 -0.0093390 -0.0186805
v -0.0327290 -0.0101799 -0.0186946
v -0.0327290 -0.0110208 -0.0187077
v -0.0327290 -0.0118618 -0.0187196
v -0.0327290 -0.0127026 -0.0187306
v -0.0327290 -0.0135436 -0.0187407
v -0.0327290 -0.0143845 -0.0187497
v -0.0327290 -0.0152253 -0.0187578
v -0.0327290 -0.0160662 -0.0187651
v -0.0327290 -0.0169071 -0.0187714
v -0.0327290 -0.0177479 -0.0187770
v -0.0327290 -0.0185888 -0.0187816
v -0.0327290 -0.0194296 -0.0187855
v -0.0327290 -0.0202704 -0.0187886
v -0.0327290 -0.0211112 -0.0187909
v -0.0327290 -0.0219519 -0.0187924
v -0.0327290 -0.0227934 -0.0187933
v -0.0327290 -0.0236471 -0.0187916
v -0.0327290 -0.0245151 -0.0187597
v -0.0327290 -0.0253842 -0.0186884
v -0.0327290 -0.0262488 -0.0185791
v -0.0327290 -0.0271083 -0.0184320
v -0.0327290 -0.0279614 -0.0182458
v -0.0327290 -0.0288068 -0.0180190
v -0.0327290 -0.0296430 -0.0177480
v -0.0327290 -0.0304675 -0.0174273
v -0.0327290 -0.0312765 -0.0170479
v -0.0327290 -0.0320635 -0.0165964
v -0.0327290 -0.0328164 -0.0160498
v -0.0327290 -0.0334802 -0.0154019
v -0.0327290 -0.0340956 -0.0146583
v -0.0327290 -0.0345301 -0.0137405
v -0.0327290 -0.0347270 -0.0127721
v -0.0327290 -0.0347500 -0.0118261
v -0.0327290 -0.0346583 -0.0109141
v -0.0327290 -0.0344872 -0.0100333
v -0.0327290 -0.0342590 -0.0091790
v -0.0327290 -0.0339872 -0.0083466
v -0.0327290 -0.0336805 -0.0075328
v -0.0327290 -0.0333449 -0.0067353
v -0.0327290 -0.0329851 -0.0059520
v -0.0327290 -0.0326038 -0.0051816
v -0.0327290 -0.0322037 -0.0044226
v -0.0327290 -0.0317859 -0.0036746
v -0.0327290 -0.0313530 -0.0029385
v -0.0327290 -0.0309165 -0.0022235
v -0.0327290 -0.0305033 -0.0015099
v -0.0327290 -0.0301029 -0.0007851
v -0.0327290 -0.0297108 -0.0000517
v -0.0327290 -0.0293251 0.0006874
v -0.0327290 -0.0289446 0.0014309
v -0.0327290 -0.0285682 0.0021775
v -0.0327290 -0.0281952 0.0029267
v -0.0327290 -0.0278248 0.0036780
v -0.0327290 -0.0274564 0.0044310
v -0.0327290 -0.0270894 0.0051855
v -0.0327290 -0.0267225 0.0059415
v -0.0327290 -0.0253312 0.0057768
v -0.0327290 -0.0248707 0.0056679
v -0.0327290 -0.0240305 0.0056678
v -0.0327290 -0.0231904 0.0056678
v -0.0327290 -0.0223503 0.0056676
v -0.0327290 -0.0215103 0.0056675
v -0.0327290 -0.0206702 0.0056672
v -0.0327290 -0.0198301 0.0056668
v -0.0327290 -0.0189900 0.0056664
v -0.0327290 -0.0181500 0.0056658
v -0.0327290 -0.0173099 0.0056652
v -0.0327290 -0.0164699 0.0056644
v -0.0327290 -0.0156298 0.0056635
v -0.0327290 -0.0147898 0.0056625
v -0.0327290 -0.0139497 0.0056614
v -0.0327290 -0.0131097 0.0056602
v -0.0327290 -0.0122697 0.0056587
v -0.0327290 -0.0114297 0.0056572
v -0.0327290 -0.0105897 0.0056555
v -0.0327290 -0.0097497 0.0056536
v -0.0327290 -0.0089097 0.0056516
v -0.0327290 -0.0080697 0.0056493
v -0.0327290 -0.0072297 0.0056469
v -0.0327290 -0.0063897 0.0056443
v -0.0327290 -0.0055498 0.0056415
v -0.0327290 -0.0047098 0.0056384
v -0.0327290 -0.0038699 0.0056352
v -0.0327290 -0.0030300 0.0056316
v -0.0327290 -0.0021901 0.0056278
v -0.0327290 -0.0013502 0.0056238
v -0.0327290 -0.0005103 0.0056194
v -0.0327290 0.0003295 0.0056147
v -0.0327290 0.0011694 0.0056096
v -0.0327290 0.0020092 0.0056042
v -0.0327290 0.0028489 0.0055983
v -0.0327290 0.0036886 0.0055920
v -0.0327290 0.0045283 0.0055852
v -0.0327290 0.0053679 0.0055779
v -0.0327290 0.0062075 0.0055699
v -0.0327290 0.0070470 0.0055613
v -0.0327290 0.0078864 0.0055519
v -0.0327290 0.0087257 0.0055417
v -0.0327290 0.0095648 0.0055304
v -0.0327290 0.0104037 0.0055180
v -0.0327290 0.0112424 0.0055041
v -0.0327290 0.0120650 0.0054889
v -0.0327290 0.0127264 0.0054621
v -0.0327290 0.0133278 0.0051187
v -0.0327290 0.0140786 0.0047244
v -0.0327290 0.0148325 0.0043384
v -0.0327290 0.0155889 0.0039594
v -0.0327290 0.0163476 0.0035865
v -0.0327290 0.0171083 0.0032192
v -0.0327290 0.0178707 0.0028566
v -0.0327290 0.0186346 0.0024984
v -0.0327290 0.0193999 0.0021439
v -0.0327290 0.0201662 0.0017928
v -0.0327290 0.0209336 0.0014447
v -0.0327290 0.0217017 0.0010991
v -0.0327290 0.0224704 0.0007558
v -0.0327290 0.0232397 0.0004143
v -0.0327290 0.0240093 0.0000745
v -0.0327290 0.0247790 -0.0002642
v -0.0327290 0.0255488 -0.0006021
v -0.0327290 0.0263183 -0.0009395
v -0.0327290 0.0270873 -0.0012768
v -0.0327290 0.0278556 -0.0016146
v -0.0327290 0.0286226 -0.0019534
v -0.0327290 0.0293880 -0.0022940
v -0.0327290 0.0301510 -0.0026372
v -0.0327290 0.0307943 -0.0029166
v -0.0327290 0.0312117 -0.0033790
v -0.0327290 0.0316414 -0.0040166
v -0.0327290 0.0320640 -0.0047027
v -0.0327290 0.0324472 -0.0054042
v -0.0327290 0.0327833 -0.0061209
v -0.0327290 0.0330625 -0.0068521
v -0.0327290 0.0332751 -0.0075950
v -0.0327290 0.0334096 -0.0083454
v -0.0327290 0.0334566 -0.0090968
v -0.0327290 0.0334080 -0.0098413
v -0.0327290 0.0332703 -0.0105384
v -0.0327290 0.0329757 -0.0111807
v -0.0327290 0.0325759 -0.0118061
v -0.0327290 0.0320937 -0.0123802
v -0.0327290 0.0315398 -0.0128971
v -0.0327290 0.0309254 -0.0133572
v -0.0327290 0.0302618 -0.0137635
v -0.0327290 0.0295597 -0.0141204
v -0.0327290 0.0288275 -0.0144327
v -0.0327290 0.0280721 -0.0147063
v -0.0327290 0.0272990 -0.0149461
v -0.0327290 0.0265123 -0.0151569
v -0.0327290 0.0257340 -0.0153392
v -0.0327290 0.0249516 -0.0154553
v -0.0327290 0.0241347 -0.0155336
v -0.0327290 0.0233001 -0.0156115
v -0.0327290 0.0224653 -0.0156873
v -0.0327290 0.0216303 -0.0157607
v -0.0327290 0.0207949 -0.0158322
v -0.0327290 0.0199595 -0.0159015
v -0.0327290 0.0191238 -0.0159687
v -0.0327290 0.0182879 -0.0160340
v -0.0327290 0.0174519 -0.0160971
v -0.0327290 0.0166156 -0.0161584
v -0.0327290 0.0157792 -0.0162177
v -0.0327290 0.0149426 -0.0162750
v -0.0327290 0.0141059 -0.0163307
v -0.0327290 0.0132691 -0.0163843
v -0.0327290 0.0124320 -0.0164362
v -0.0327290 0.0115949 -0.0164864
v -0.0327290 0.0107576 -0.0165347
v -0.0327290 0.0099202 -0.0165814
v -0.0327290 0.0090827 -0.0166264
v -0.0327290 0.0082450 -0.0166697
v -0.0327290 0.0074073 -0.0167115
v -0.0327290 0.0065695 -0.0167516
v -0.0327290 0.0057315 -0.0167902
v -0.0327290 0.0048935 -0.0168273
v -0.0327290 0.0040554 -0.0168628
v -0.0327290 0.0032172 -0.0168969
v -0.0327290 0.0023789 -0.0169295
v -0.0327290 0.0015405 -0.0169607
v -0.0327290 0.0007021 -0.0169905
v -0.0327290 -0.0001364 -0.0170189
v -0.0327290 -0.0009750 -0.0170460
v -0.0327290 -0.0018136 -0.0170719
v -0.0327290 -0.0026523 -0.0170963
v -0.0327290 -0.0034911 -0.0171195
v -0.0327290 -0.0043299 -0.0171416
v -0.0327290 -0.0051688 -0.0171623
v -0.0327290 -0.0060077 -0.0171819
v -0.0327290 -0.0068466 -0.0172003
v -0.0327290 -0.0076857 -0.0172176
v -0.0327290 -0.0085247 -0.0172338
v -0.0327290 -0.0093638 -0.0172489
v -0.0327290 -0.0102030 -0.0172629
v -0.0327290 -0.0110421 -0.0172759
v -0.0327290 -0.0118813 -0.0172878
v -0.0327290 -0.0127206 -0.0172988
v -0.0327290 -0.0135598 -0.0173089
v -0.0327290 -0.0143991 -0.0173179
v -0.0327290 -0.0152385 -0.0173260
v -0.0327290 -0.0160778 -0.0173333
v -0.0327290 -0.0169172 -0.0173396
v -0.0327290 -0.0177566 -0.0173451
v -0.0327290 -0.0185960 -0.0173498
v -0.0327290 -0.0194355 -0.0173536
v -0.0327290 -0.0202750 -0.0173567
v -0.0327290 -0.0211145 -0.0173590
v -0.0327290 -0.0219540 -0.0173606
v -0.0327290 -0.0227928 -0.0173614
v -0.0327290 -0.0236195 -0.0173600
v -0.0327290 -0.0244304 -0.0173303
v -0.0327290 -0.0252359 -0.0172643
v -0.0327290 -0.0260382 -0.0171628
v -0.0327290 -0.0268348 -0.0170265
v -0.0327290 -0.0276232 -0.0168545
v -0.0327290 -0.0284005 -0.0166460
v -0.0327290 -0.0291626 -0.0163991
v -0.0327290 -0.0299039 -0.0161110
v -0.0327290 -0.0306161 -0.0157774
v -0.0327290 -0.0312864 -0.0153937
v -0.0327290 -0.0318932 -0.0149552
v -0.0327290 -0.0324290 -0.0144296
v -0.0327290 -0.0328894 -0.0138866
v -0.0327290 -0.0331708 -0.0132904
v -0.0327290 -0.0333039 -0.0126144
v -0.0327290 -0.0333192 -0.0118821
v -0.0327290 -0.0332417 -0.0111232
v -0.0327290 -0.0330919 -0.0103551
v -0.0327290 -0.0328863 -0.0095863
v -0.0327290 -0.0326364 -0.0088216
v -0.0327290 -0.0323505 -0.0080632
v -0.0327290 -0.0320343 -0.0073120
v -0.0327290 -0.0316927 -0.0065685
v -0.0327290 -0.0313287 -0.0058331
v -0.0327290 -0.0309452 -0.0051057
v -0.0327290 -0.0305437 -0.0043867
v -0.0327290 -0.0301248 -0.0036745
v -0.0327290 -0.0296858 -0.0029553
v -0.0327290 -0.0292570 -0.0022149
v -0.0327290 -0.0288448 -0.0014689
v -0.0327290 -0.0284447 -0.0007205
v -0.0327290 -0.0280531 0.0000300
v -0.0327290 -0.0276680 0.0007824
v -0.0327290 -0.0272880 0.0015361
v -0.0327290 -0.0269121 0.0022911
v -0.0327290 -0.0265395 0.0030469
v -0.0327290 -0.0261695 0.0038032
v -0.0327290 -0.0258015 0.0045597
v -0.0327290 -0.0254347 0.0053155
v -0.0321565 -0.0260904 0.0069909
v -0.0321565 -0.0248706 0.0070998
v -0.0321565 -0.0240305 0.0070997
v -0.0321565 -0.0231903 0.0070997
v -0.0321565 -0.0223501 0.0070995
v -0.0321565 -0.0215099 0.0070993
v -0.0321565 -0.0206696 0.0070991
v -0.0321565 -0.0198294 0.0070987
v -0.0321565 -0.0189892 0.0070983
v -0.0321565 -0.0181490 0.0070977
v -0.0321565 -0.0173087 0.0070971
v -0.0321565 -0.0164685 0.0070963
v -0.0321565 -0.0156282 0.0070954
v -0.0321565 -0.0147880 0.0070944
v -0.0321565 -0.0139477 0.0070933
v -0.0321565 -0.0131074 0.0070920
v -0.0321565 -0.0122672 0.0070906
v -0.0321565 -0.0114269 0.0070891
v -0.0321565 -0.0105866 0.0070874
v -0.0321565 -0.0097463 0.0070855
v -0.0321565 -0.0089060 0.0070835
v -0.0321565 -0.0080657 0.0070812
v -0.0321565 -0.0072254 0.0070788
v -0.0321565 -0.0063851 0.0070762
v -0.0321565 -0.0055448 0.0070734
v -0.0321565 -0.0047044 0.0070703
v -0.0321565 -0.0038641 0.0070670
v -0.0321565 -0.0030237 0.0070635
v -0.0321565 -0.0021833 0.0070597
v -0.0321565 -0.0013430 0.0070556
v -0.0321565 -0.0005026 0.0070512
v -0.0321565 0.0003379 0.0070465
v -0.0321565 0.0011783 0.0070414
v -0.0321565 0.0020188 0.0070360
v -0.0321565 0.0028593 0.0070301
v -0.0321565 0.0036998 0.0070238
v -0.0321565 0.0045404 0.0070170
v -0.0321565 0.0053810 0.0070097
v -0.0321565 0.0062216 0.0070017
v -0.0321565 0.0070623 0.0069931
v -0.0321565 0.0079031 0.0069837
v -0.0321565 0.0087440 0.0069734
v -0.0321565 0.0095850 0.0069622
v -0.0321565 0.0104262 0.0069497
v -0.0321565 0.0112676 0.0069357
v -0.0321565 0.0121250 0.0069195
v -0.0321565 0.0131240 0.0068377
v -0.0321565 0.0140010 0.0063825
v -0.0321565 0.0147378 0.0059955
v -0.0321565 0.0154795 0.0056157
v -0.0321565 0.0162254 0.0052420
v -0.0321565 0.0169747 0.0048738
v -0.0321565 0.0177271 0.0045104
v -0.0321565 0.0184822 0.0041514
v -0.0321565 0.0192396 0.0037962
v -0.0321565 0.0199990 0.0034444
v -0.0321565 0.0207602 0.0030957
v -0.0321565 0.0215231 0.0027495
v -0.0321565 0.0222873 0.0024057
v -0.0321565 0.0230528 0.0020639
v -0.0321565 0.0238194 0.0017236
v -0.0321565 0.0245869 0.0013847
v -0.0321565 0.0253551 0.0010467
v -0.0321565 0.0261240 0.0007092
v -0.0321565 0.0268934 0.0003719
v -0.0321565 0.0276631 0.0000342
v -0.0321565 0.0284330 -0.0003043
v -0.0321565 0.0292030 -0.0006444
v -0.0321565 0.0299728 -0.0009869
v -0.0321565 0.0307422 -0.0013331
v -0.0321565 0.0316272 -0.0017519
v -0.0321565 0.0323311 -0.0024861
v -0.0321565 0.0328440 -0.0032394
v -0.0321565 0.0333024 -0.0039839
v -0.0321565 0.0337245 -0.0047569
v -0.0321565 0.0341013 -0.0055614
v -0.0321565 0.0344211 -0.0063997
v -0.0321565 0.0346700 -0.0072718
v -0.0321565 0.0348313 -0.0081746
v -0.0321565 0.0348884 -0.0090991
v -0.0321565 0.0348274 -0.0100302
v -0.0321565 0.0346328 -0.0109788
v -0.0321565 0.0342341 -0.0118638
v -0.0321565 0.0337301 -0.0126535
v -0.0321565 0.0331327 -0.0133655
v -0.0321565 0.0324592 -0.0139949
v -0.0321565 0.0317296 -0.0145420
v -0.0321565 0.0309608 -0.0150131
v -0.0321565 0.0301655 -0.0154178
v -0.0321565 0.0293525 -0.0157648
v -0.0321565 0.0285283 -0.0160636
v -0.0321565 0.0276966 -0.0163217
v -0.0321565 0.0268605 -0.0165458
v -0.0321565 0.0260025 -0.0167456
v -0.0321565 0.0251255 -0.0168765
v -0.0321565 0.0242698 -0.0169591
v -0.0321565 0.0234314 -0.0170373
v -0.0321565 0.0225928 -0.0171135
v -0.0321565 0.0217540 -0.0171873
v -0.0321565 0.0209152 -0.0172590
v -0.0321565 0.0200761 -0.0173286
v -0.0321565 0.0192369 -0.0173961
v -0.0321565 0.0183976 -0.0174617
v -0.0321565 0.0175581 -0.0175250
v -0.0321565 0.0167185 -0.0175865
v -0.0321565 0.0158788 -0.0176461
v -0.0321565 0.0150391 -0.0177037
v -0.0321565 0.0141992 -0.0177595
v -0.0321565 0.0133592 -0.0178133
v -0.0321565 0.0125192 -0.0178654
v -0.0321565 0.0116790 -0.0179158
v -0.0321565 0.0108387 -0.0179643
v -0.0321565 0.0099985 -0.0180112
v -0.0321565 0.0091581 -0.0180563
v -0.0321565 0.0083177 -0.0180998
v -0.0321565 0.0074772 -0.0181417
v -0.0321565 0.0066366 -0.0181819
v -0.0321565 0.0057961 -0.0182206
v -0.0321565 0.0049555 -0.0182578
v -0.0321565 0.0041148 -0.0182934
v -0.0321565 0.0032741 -0.0183276
v -0.0321565 0.0024334 -0.0183603
v -0.0321565 0.0015926 -0.0183916
v -0.0321565 0.0007518 -0.0184216
v -0.0321565 -0.0000890 -0.0184500
v -0.0321565 -0.0009298 -0.0184772
v -0.0321565 -0.0017707 -0.0185031
v -0.0321565 -0.0026116 -0.0185276
v -0.0321565 -0.0034525 -0.0185509
v -0.0321565 -0.0042934 -0.0185730
v -0.0321565 -0.0051343 -0.0185938
v -0.0321565 -0.0059752 -0.0186134
v -0.0321565 -0.0068162 -0.0186319
v -0.0321565 -0.0076571 -0.0186492
v -0.0321565 -0.0084980 -0.0186655
v -0.0321565 -0.0093390 -0.0186805
v -0.0321565 -0.0101799 -0.0186946
v -0.0321565 -0.0110208 -0.0187077
v -0.0321565 -0.0118618 -0.0187196
v -0.0321565 -0.0127026 -0.0187306
v -0.0321565 -0.0135436 -0.0187407
v -0.0321565 -0.0143845 -0.0187497
v -0.0321565 -0.0152253 -0.0187578
v -0.0321565 -0.0160662 -0.0187651
v -0.0321565 -0.0169071 -0.0187714
v -0.0321565 -0.0177479 -0.0187770
v -0.0321565 -0.0185888 -0.0187816
v -0.0321565 -0.0194296 -0.0187855
v -0.0321565 -0.0202704 -0.0187886
v -0.0321565 -0.0211112 -0.0187909
v -0.0321565 -0.0219519 -0.0187924
v -0.0321565 -0.0227934 -0.0187933
v -0.0321565 -0.0236471 -0.0187916
v -0.0321565 -0.0245151 -0.0187597
v -0.0321565 -0.0253842 -0.0186884
v -0.0321565 -0.0262488 -0.0185791
v -0.0321565 -0.0271083 -0.0184320
v -0.0321565 -0.0279614 -0.0182458
v -0.0321565 -0.0288068 -0.0180190
v -0.0321565 -0.0296430 -0.0177480
v -0.0321565 -0.0304675 -0.0174273
v -0.0321565 -0.0312765 -0.0170479
v -0.0321565 -0.0320635 -0.0165964
v -0.0321565 -0.0328164 -0.0160498
v -0.0321565 -0.0334802 -0.0154019
v -0.0321565 -0.0340956 -0.0146583
v -0.0321565 -0.0345301 -0.0137405
v -0.0321565 -0.0347270 -0.0127721
v -0.0321565 -0.0347500 -0.0118261
v -0.0321565 -0.0346583 -0.0109141
v -0.0321565 -0.0344872 -0.0100333
v -0.0321565 -0.0342590 -0.0091790
v -0.0321565 -0.0339872 -0.0083466
v -0.0321565 -0.0336805 -0.0075328
v -0.0321565 -0.0333449 -0.0067353
v -0.0321565 -0.0329851 -0.0059520
v -0.0321565 -0.0326038 -0.0051816
v -0.0321565 -0.0322037 -0.0044226
v -0.0321565 -0.0317859 -0.0036746
v -0.0321565 -0.0313530 -0.0029385
v -0.0321565 -0.0309165 -0.0022235
v -0.0321565 -0.0305033 -0.0015099
v -0.0321565 -0.0301029 -0.0007851
v -0.0321565 -0.0297108 -0.0000517
v -0.0321565 -0.0293251 0.0006874
v -0.0321565 -0.0289446 0.0014309
v -0.0321565 -0.0285682 0.0021775
v -0.0321565 -0.0281952 0.0029267
v -0.0321565 -0.0278248 0.0036780
v -0.0321565 -0.0274564 0.0044310
v -0.0321565 -0.0270894 0.0051855
v -0.0321565 -0.0267225 0.0059415
v -0.0321565 -0.0253312 0.0057768
v -0.0321565 -0.0248707 0.0056679
v -0.0321565 -0.0240305 0.0056678
v -0.0321565 -0.0231904 0.0056678
v -0.0321565 -0.0223503 0.0056676
v -0.0321565 -0.0215103 0.0056675
v -0.0321565 -0.0206702 0.0056672
v -0.0321565 -0.0198301 0.0056668
v -0.0321565 -0.0189900 0.0056664
v -0.0321565 -0.0181500 0.0056658
v -0.0321565 -0.0173099 0.0056652
v -0.0321565 -0.0164699 0.0056644
v -0.0321565 -0.0156298 0.0056635
v -0.0321565 -0.0147898 0.0056625
v -0.0321565 -0.0139497 0.0056614
v -0.0321565 -0.0131097 0.0056602
v -0.0321565 -0.0122697 0.0056587
v -0.0321565 -0.0114297 0.0056572
v -0.0321565 -0.0105897 0.0056555
v -0.0321565 -0.0097497 0.0056536
v -0.0321565 -0.0089097 0.0056516
v -0.0321565 -0.0080697 0.0056493
v -0.0321565 -0.0072297 0.0056469
v -0.0321565 -0.0063897 0.0056443
v -0.0321565 -0.0055498 0.0056415
v -0.0321565 -0.0047098 0.0056384
v -0.0321565 -0.0038699 0.0056352
v -0.0321565 -0.0030300 0.0056316
v -0.0321565 -0.0021901 0.0056278
v -0.0321565 -0.0013502 0.0056238
v -0.0321565 -0.0005103 0.0056194
v -0.0321565 0.0003295 0.0056147
v -0.0321565 0.0011694 0.0056096
v -0.0321565 0.0020092 0.0056042
v -0.0321565 0.0028489 0.0055983
v -0.0321565 0.0036886 0.0055920
v -0.0321565 0.0045283 0.0055852
v -0.0321565 0.0053679 0.0055779
v -0.0321565 0.0062075 0.0055699
v -0.0321565 0.0070470 0.0055613
v -0.0321565 0.0078864 0.0055519
v -0.0321565 0.0087257 0.0055417
v -0.0321565 0.0095648 0.0055304
v -0.0321565 0.0104037 0.0055180
v -0.0321565 0.0112424 0.0055041
v -0.0321565 0.0120650 0.0054889
v -0.0321565 0.0127264 0.0054621
v -0.0321565 0.0133278 0.0051187
v -0.0321565 0.0140786 0.0047244
v -0.0321565 0.0148325 0.0043384
v -0.0321565 0.0155889 0.0039594
v -0.0321565 0.0163476 0.0035865
v -0.0321565 0.0171083 0.0032192
v -0.0321565 0.0178707 0.0028566
v -0.0321565 0.0186346 0.0024984
v -0.0321565 0.0193999 0.0021439
v -0.0321565 0.0201662 0.0017928
v -0.0321565 0.0209336 0.0014447
v -0.0321565 0.0217017 0.0010991
v -0.0321565 0.0224704 0.0007558
v -0.0321565 0.0232397 0.0004143
v -0.0321565 0.0240093 0.0000745
v -0.0321565 0.0247790 -0.0002642
v -0.0321565 0.0255488 -0.0006021
v -0.0321565 0.0263183 -0.0009395
v -0.0321565 0.0270873 -0.0012768
v -0.0321565 0.0278556 -0.0016146
v -0.0321565 0.0286226 -0.0019534
v -0.0321565 0.0293880 -0.0022940
v -0.0321565 0.0301510 -0.0026372
v -0.0321565 0.0307943 -0.0029166
v -0.0321565 0.0312117 -0.0033790
v -0.0321565 0.0316414 -0.0040166
v -0.0321565 0.0320640 -0.0047027
v -0.0321565 0.0324472 -0.0054042
v -0.0321565 0.0327833 -0.0061209
v -0.0321565 0.0330625 -0.0068521
v -0.0321565 0.0332751 -0.0075950
v -0.0321565 0.0334096 -0.0083454
v -0.0321565 0.0334566 -0.0090968
v -0.0321565 0.0334080 -0.0098413
v -0.0321565 0.0332703 -0.0105384
v -0.0321565 0.0329757 -0.0111807
v -0.0321565 0.0325759 -0.0118061
v -0.0321565 0.0320937 -0.0123802
v -0.0321565 0.0315398 -0.0128971
v -0.0321565 0.0309254 -0.0133572
v -0.0321565 0.0302618 -0.0137635
v -0.0321565 0.0295597 -0.0141204
v -0.0321565 0.0288275 -0.0144327
v -0.0321565 0.0280721 -0.0147063
v -0.0321565 0.0272990 -0.0149461
v -0.0321565 0.0265123 -0.0151569
v -0.0321565 0.0257340 -0.0153392
v -0.0321565 0.0249516 -0.0154553
v -0.0321565 0.0241347 -0.0155336
v -0.0321565 0.0233001 -0.0156115
v -0.0321565 0.0224653 -0.0156873
v -0.0321565 0.0216303 -0.0157607
v -0.0321565 0.0207949 -0.0158322
v -0.0321565 0.0199595 -0.0159015
v -0.0321565 0.0191238 -0.0159687
v -0.0321565 0.0182879 -0.0160340
v -0.0321565 0.0174519 -0.0160971
v -0.0321565 0.0166156 -0.0161584
v -0.0321565 0.0157792 -0.0162177
v -0.0321565 0.0149426 -0.0162750
v -0.0321565 0.0141059 -0.0163307
v -0.0321565 0.0132691 -0.0163843
v -0.0321565 0.0124320 -0.0164362
v -0.0321565 0.0115949 -0.0164864
v -0.0321565 0.0107576 -0.0165347
v -0.0321565 0.0099202 -0.0165814
v -0.0321565 0.0090827 -0.0166264
v -0.0321565 0.0082450 -0.0166697
v -0.0321565 0.0074073 -0.0167115
v -0.0321565 0.0065695 -0.0167516
v -0.0321565 0.0057315 -0.0167902
v -0.0321565 0.0048935 -0.0168273
v -0.0321565 0.0040554 -0.0168628
v -0.0321565 0.0032172 -0.0168969
v -0.0321565 0.0023789 -0.0169295
v -0.0321565 0.0015405 -0.0169607
v -0.0321565 0.0007021 -0.0169905
v -0.0321565 -0.0001364 -0.0170189
v -0.0321565 -0.0009750 -0.0170460
v -0.0321565 -0.0018136 -0.0170719
v -0.0321565 -0.0026523 -0.0170963
v -0.0321565 -0.0034911 -0.0171195
v -0.0321565 -0.0043299 -0.0171416
v -0.0321565 -0.0051688 -0.0171623
v -0.0321565 -0.0060077 -0.0171819
v -0.0321565 -0.0068466 -0.0172003
v -0.0321565 -0.0076857 -0.0172176
v -0.0321565 -0.0085247 -0.0172338
v -0.0321565 -0.0093638 -0.0172489
v -0.0321565 -0.0102030 -0.0172629
v -0.0321565 -0.0110421 -0.0172759
v -0.0321565 -0.0118813 -0.0172878
v -0.0321565 -0.0127206 -0.0172988
v -0.0321565 -0.0135598 -0.0173089
v -0.0321565 -0.0143991 -0.0173179
v -0.0321565 -0.0152385 -0.0173260
v -0.0321565 -0.0160778 -0.0173333
v -0.0321565 -0.0169172 -0.0173396
v -0.0321565 -0.0177566 -0.0173451
v -0.0321565 -0.0185960 -0.0173498
v -0.0321565 -0.0194355 -0.0173536
v -0.0321565 -0.0202750 -0.0173567
v -0.0321565 -0.0211145 -0.0173590
v -0.0321565 -0.0219540 -0.0173606
v -0.0321565 -0.0227928 -0.0173614
v -0.0321565 -0.0236195 -0.0173600
v -0.0321565 -0.0244304 -0.0173303
v -0.0321565 -0.0252359 -0.0172643
v -0.0321565 -0.0260382 -0.0171628
v -0.0321565 -0.0268348 -0.0170265
v -0.0321565 -0.0276232 -0.0168545
v -0.0321565 -0.0284005 -0.0166460
v -0.0321565 -0.0291626 -0.0163991
v -0.0321565 -0.0299039 -0.0161110
v -0.0321565 -0.0306161 -0.0157774
v -0.0321565 -0.0312864 -0.0153937
v -0.0321565 -0.0318932 -0.0149552
v -0.0321565 -0.0324290 -0.0144296
v -0.0321565 -0.0328894 -0.0138866
v -0.0321565 -0.0331708 -0.0132904
v -0.0321565 -0.0333039 -0.0126144
v -0.0321565 -0.0333192 -0.0118821
v -0.0321565 -0.0332417 -0.0111232
v -0.0321565 -0.0330919 -0.0103551
v -0.0321565 -0.0328863 -0.0095863
v -0.0321565 -0.0326364 -0.0088216
v -0.0321565 -0.0323505 -0.0080632
v -0.0321565 -0.0320343 -0.0073120
v -0.0321565 -0.0316927 -0.0065685
v -0.0321565 -0.0313287 -0.0058331
v -0.0321565 -0.0309452 -0.0051057
v -0.0321565 -0.0305437 -0.0043867
v -0.0321565 -0.0301248 -0.0036745
v -0.0321565 -0.0296858 -0.0029553
v -0.0321565 -0.0292570 -0.0022149
v -0.0321565 -0.0288448 -0.0014689
v -0.0321565 -0.0284447 -0.0007205
v -0.0321565 -0.0280531 0.0000300
v -0.0321565 -0.0276680 0.0007824
v -0.0321565 -0.0272880 0.0015361
v -0.0321565 -0.0269121 0.0022911
v -0.0321565 -0.0265395 0.0030469
v -0.0321565 -0.0261695 0.0038032
v -0.0321565 -0.0258015 0.0045597
v -0.0321565 -0.0254347 0.0053155
v 0.0321565 -0.0260904 0.0069909
v 0.0321565 -0.0248706 0.0070998
v 0.0321565 -0.0240305 0.0070997
v 0.0321565 -0.0231903 0.0070997
v 0.0321565 -0.0223501 0.0070995
v 0.0321565 -0.0215099 0.0070993
v 0.0321565 -0.0206696 0.0070991
v 0.0321565 -0.0198294 0.0070987
v 0.0321565 -0.0189892 0.0070983
v 0.0321565 -0.0181490 0.0070977
v 0.0321565 -0.0173087 0.0070971
v 0.0321565 -0.0164685 0.0070963
v 0.0321565 -0.0156282 0.0070954
v 0.0321565 -0.0147880 0.0070944
v 0.0321565 -0.0139477 0.0070933
v 0.0321565 -0.0131074 0.0070920
v 0.0321565 -0.0122672 0.0070906
v 0.0321565 -0.0114269 0.0070891
v 0.0321565 -0.0105866 0.0070874
v 0.0321565 -0.0097463 0.0070855
v 0.0321565 -0.0089060 0.0070835
v 0.0321565 -0.0080657 0.0070812
v 0.0321565 -0.0072254 0.0070788
v 0.0321565 -0.0063851 0.0070762
v 0.0321565 -0.0055448 0.0070734
v 0.0321565 -0.0047044 0.0070703
v 0.0321565 -0.0038641 0.0070670
v 0.0321565 -0.0030237 0.0070635
v 0.0321565 -0.0021833 0.0070597
v 0.0321565 -0.0013430 0.0070556
v 0.0321565 -0.0005026 0.0070512
v 0.0321565 0.0003379 0.0070465
v 0.0321565 0.0011783 0.0070414
v 0.0321565 0.0020188 0.0070360
v 0.0321565 0.0028593 0.0070301
v 0.0321565 0.0036998 0.0070238
v 0.0321565 0.0045404 0.0070170
v 0.0321565 0.0053810 0.0070097
v 0.0321565 0.0062216 0.0070017
v 0.0321565 0.0070623 0.0069931
v 0.0321565 0.0079031 0.0069837
v 0.0321565 0.0087440 0.0069734
v 0.0321565 0.0095850 0.0069622
v 0.0321565 0.0104262 0.0069497
v 0.0321565 0.0112676 0.0069357
v 0.0321565 0.0121250 0.0069195
v 0.0321565 0.0131240 0.0068377
v 0.0321565 0.0140010 0.0063825
v 0.0321565 0.0147378 0.0059955
v 0.0321565 0.0154795 0.0056157
v 0.0321565 0.0162254 0.0052420
v 0.0321565 0.0169747 0.0048738
v 0.0321565 0.0177271 0.0045104
v 0.0321565 0.0184822 0.0041514
v 0.0321565 0.0192396 0.0037962
v 0.0321565 0.0199990 0.0034444
v 0.0321565 0.0207602 0.0030957
v 0.0321565 0.0215231 0.0027495
v 0.0321565 0.0222873 0.0024057
v 0.0321565 0.0230528 0.0020639
v 0.0321565 0.0238194 0.0017236
v 0.0321565 0.0245869 0.0013847
v 0.0321565 0.0253551 0.0010467
v 0.0321565 0.0261240 0.0007092
v 0.0321565 0.0268934 0.0003719
v 0.0321565 0.0276631 0.0000342
v 0.0321565 0.0284330 -0.0003043
v 0.0321565 0.0292030 -0.0006444
v 0.0321565 0.0299728 -0.0009869
v 0.0321565 0.0307422 -0.0013331
v 0.0321565 0.0316272 -0.0017519
v 0.0321565 0.0323311 -0.0024861
v 0.0321565 0.0328440 -0.0032394
v 0.0321565 0.0333024 -0.0039839
v 0.0321565 0.0337245 -0.0047569
v 0.0321565 0.0341013 -0.0055614
v 0.0321565 0.0344211 -0.0063997
v 0.0321565 0.0346700 -0.0072718
v 0.0321565 0.0348313 -0.0081746
v 0.0321565 0.0348884 -0.0090991
v 0.0321565 0.0348274 -0.0100302
v 0.0321565 0.0346328 -0.0109788
v 0.0321565 0.0342341 -0.0118638
v 0.0321565 0.0337301 -0.0126535
v 0.0321565 0.0331327 -0.0133655
v 0.0321565 0.0324592 -0.0139949
v 0.0321565 0.0317296 -0.0145420
v 0.0321565 0.0309608 -0.0150131
v 0.0321565 0.0301655 -0.0154178
v 0.0321565 0.0293525 -0.0157648
v 0.0321565 0.0285283 -0.0160636
v 0.0321565 0.0276966 -0.0163217
v 0.0321565 0.0268605 -0.0165458
v 0.0321565 0.0260025 -0.0167456
v 0.0321565 0.0251255 -0.0168765
v 0.0321565 0.0242698 -0.0169591
v 0.0321565 0.0234314 -0.0170373
v 0.0321565 0.0225928 -0.0171135
v 0.0321565 0.0217540 -0.0171873
v 0.0321565 0.0209152 -0.0172590
v 0.0321565 0.0200761 -0.0173286
v 0.0321565 0.0192369 -0.0173961
v 0.0321565 0.0183976 -0.0174617
v 0.0321565 0.0175581 -0.0175250
v 0.0321565 0.0167185 -0.0175865
v 0.0321565 0.0158788 -0.0176461
v 0.0321565 0.0150391 -0.0177037
v 0.0321565 0.0141992 -0.0177595
v 0.0321565 0.0133592 -0.0178133
v 0.0321565 0.0125192 -0.0178654
v 0.0321565 0.0116790 -0.0179158
v 0.0321565 0.0108387 -0.0179643
v 0.0321565 0.0099985 -0.0180112
v 0.0321565 0.0091581 -0.0180563
v 0.0321565 0.0083177 -0.0180998
v 0.0321565 0.0074772 -0.0181417
v 0.0321565 0.0066366 -0.0181819
v 0.0321565 0.0057961 -0.0182206
v 0.0321565 0.0049555 -0.0182578
v 0.0321565 0.0041148 -0.0182934
v 0.0321565 0.0032741 -0.0183276
v 0.0321565 0.0024334 -0.0183603
v 0.0321565 0.0015926 -0.0183916
v 0.0321565 0.0007518 -0.0184216
v 0.0321565 -0.0000890 -0.0184500
v 0.0321565 -0.0009298 -0.0184772
v 0.0321565 -0.0017707 -0.0185031
v 0.0321565 -0.0026116 -0.0185276
v 0.0321565 -0.0034525 -0.0185509
v 0.0321565 -0.0042934 -0.0185730
v 0.0321565 -0.0051343 -0.0185938
v 0.0321565 -0.0059752 -0.0186134
v 0.0321565 -0.0068162 -0.0186319
v 0.0321565 -0.0076571 -0.0186492
v 0.0321565 -0.0084980 -0.0186655
v 0.0321565 -0.0093390 -0.0186805
v 0.0321565 -0.0101799 -0.0186946
v 0.0321565 -0.0110208 -0.0187077
v 0.0321565 -0.0118618 -0.0187196
v 0.0321565 -0.0127026 -0.0187306
v 0.0321565 -0.0135436 -0.0187407
v 0.0321565 -0.0143845 -0.0187497
v 0.0321565 -0.0152253 -0.0187578
v 0.0321565 -0.0160662 -0.0187651
v 0.0321565 -0.0169071 -0.0187714
v 0.0321565 -0.0177479 -0.0187770
v 0.0321565 -0.0185888 -0.0187816
v 0.0321565 -0.0194296 -0.0187855
v 0.0321565 -0.0202704 -0.0187886
v 0.0321565 -0.0211112 -0.0187909
v 0.0321565 -0.0219519 -0.0187924
v 0.0321565 -0.0227934 -0.0187933
v 0.0321565 -0.0236471 -0.0187916
v 0.0321565 -0.0245151 -0.0187597
v 0.0321565 -0.0253842 -0.0186884
v 0.0321565 -0.0262488 -0.0185791
v 0.0321565 -0.0271083 -0.0184320
v 0.0321565 -0.0279614 -0.0182458
v 0.0321565 -0.0288068 -0.0180190
v 0.0321565 -0.0296430 -0.0177480
v 0.0321565 -0.0304675 -0.0174273
v 0.0321565 -0.0312765 -0.0170479
v 0.0321565 -0.0320635 -0.0165964
v 0.0321565 -0.0328164 -0.0160498
v 0.0321565 -0.0334802 -0.0154019
v 0.0321565 -0.0340956 -0.0146583
v 0.0321565 -0.0345301 -0.0137405
v 0.0321565 -0.0347270 -0.0127721
v 0.0321565 -0.0347500 -0.0118261
v 0.0321565 -0.0346583 -0.0109141
v 0.0321565 -0.0344872 -0.0100333
v 0.0321565 -0.0342590 -0.0091790
v 0.0321565 -0.0339872 -0.0083466
v 0.0321565 -0.0336805 -0.0075328
v 0.0321565 -0.0333449 -0.0067353
v 0.0321565 -0.0329851 -0.0059520
v 0.0321565 -0.0326038 -0.0051816
v 0.0321565 -0.0322037 -0.0044226
v 0.0321565 -0.0317859 -0.0036746
v 0.0321565 -0.0313530 -0.0029385
v 0.0321565 -0.0309165 -0.0022235
v 0.0321565 -0.0305033 -0.0015099
v 0.0321565 -0.0301029 -0.0007851
v 0.0321565 -0.0297108 -0.0000517
v 0.0321565 -0.0293251 0.0006874
v 0.0321565 -0.0289446 0.0014309
v 0.0321565 -0.0285682 0.0021775
v 0.0321565 -0.0281952 0.0029267
v 0.0321565 -0.0278248 0.0036780
v 0.0321565 -0.0274564 0.0044310
v 0.0321565 -0.0270894 0.0051855
v 0.0321565 -0.0267225 0.0059415
v 0.0321565 -0.0253312 0.0057768
v 0.0321565 -0.0248707 0.0056679
v 0.0321565 -0.0240305 0.0056678
v 0.0321565 -0.0231904 0.0056678
v 0.0321565 -0.0223503 0.0056676
v 0.0321565 -0.0215103 0.0056675
v 0.0321565 -0.0206702 0.0056672
v 0.0321565 -0.0198301 0.0056668
v 0.0321565 -0.0189900 0.0056664
v 0.0321565 -0.0181500 0.0056658
v 0.0321565 -0.0173099 0.0056652
v 0.0321565 -0.0164699 0.0056644
v 0.0321565 -0.0156298 0.0056635
v 0.0321565 -0.0147898 0.0056625
v 0.0321565 -0.0139497 0.0056614
v 0.0321565 -0.0131097 0.0056602
v 0.0321565 -0.0122697 0.0056587
v 0.0321565 -0.0114297 0.0056572
v 0.0321565 -0.0105897 0.0056555
v 0.0321565 -0.0097497 0.0056536
v 0.0321565 -0.0089097 0.0056516
v 0.0321565 -0.0080697 0.0056493
v 0.0321565 -0.0072297 0.0056469
v 0.0321565 -0.0063897 0.0056443
v 0.0321565 -0.0055498 0.0056415
v 0.0321565 -0.0047098 0.0056384
v 0.0321565 -0.0038699 0.0056352
v 0.0321565 -0.0030300 0.0056316
v 0.0321565 -0.0021901 0.0056278
v 0.0321565 -0.0013502 0.0056238
v 0.0321565 -0.0005103 0.0056194
v 0.0321565 0.0003295 0.0056147
v 0.0321565 0.0011694 0.0056096
v 0.0321565 0.0020092 0.0056042
v 0.0321565 0.0028489 0.0055983
v 0.0321565 0.0036886 0.0055920
v 0.0321565 0.0045283 0.0055852
v 0.0321565 0.0053679 0.0055779
v 0.0321565 0.0062075 0.0055699
v 0.0321565 0.0070470 0.0055613
v 0.0321565 0.0078864 0.0055519
v 0.0321565 0.0087257 0.0055417
v 0.0321565 0.0095648 0.0055304
v 0.0321565 0.0104037 0.0055180
v 0.0321565 0.0112424 0.0055041
v 0.0321565 0.0120650 0.0054889
v 0.0321565 0.0127264 0.0054621
v 0.0321565 0.0133278 0.0051187
v 0.0321565 0.0140786 0.0047244
v 0.0321565 0.0148325 0.0043384
v 0.0321565 0.0155889 0.0039594
v 0.0321565 0.0163476 0.0035865
v 0.0321565 0.0171083 0.0032192
v 0.0321565 0.0178707 0.0028566
v 0.0321565 0.0186346 0.0024984
v 0.0321565 0.0193999 0.0021439
v 0.0321565 0.0201662 0.0017928
v 0.0321565 0.0209336 0.0014447
v 0.0321565 0.0217017 0.0010991
v 0.0321565 0.0224704 0.0007558
v 0.0321565 0.0232397 0.0004143
v 0.0321565 0.0240093 0.0000745
v 0.0321565 0.0247790 -0.0002642
v 0.0321565 0.0255488 -0.0006021
v 0.0321565 0.0263183 -0.0009395
v 0.0321565 0.0270873 -0.0012768
v 0.0321565 0.0278556 -0.0016146
v 0.0321565 0.0286226 -0.0019534
v 0.0321565 0.0293880 -0.0022940
v 0.0321565 0.0301510 -0.0026372
v 0.0321565 0.0307943 -0.0029166
v 0.0321565 0.0312117 -0.0033790
v 0.0321565 0.0316414 -0.0040166
v 0.0321565 0.0320640 -0.0047027
v 0.0321565 0.0324472 -0.0054042
v 0.0321565 0.0327833 -0.0061209
v 0.0321565 0.0330625 -0.0068521
v 0.0321565 0.0332751 -0.0075950
v 0.0321565 0.0334096 -0.0083454
v 0.0321565 0.0334566 -0.0090968
v 0.0321565 0.0334080 -0.0098413
v 0.0321565 0.0332703 -0.0105384
v 0.0321565 0.0329757 -0.0111807
v 0.0321565 0.0325759 -0.0118061
v 0.0321565 0.0320937 -0.0123802
v 0.0321565 0.0315398 -0.0128971
v 0.0321565 0.0309254 -0.0133572
v 0.0321565 0.0302618 -0.0137635
v 0.0321565 0.0295597 -0.0141204
v 0.0321565 0.0288275 -0.0144327
v 0.0321565 0.0280721 -0.0147063
v 0.0321565 0.0272990 -0.0149461
v 0.0321565 0.0265123 -0.0151569
v 0.0321565 0.0257340 -0.0153392
v 0.0321565 0.0249516 -0.0154553
v 0.0321565 0.0241347 -0.0155336
v 0.0321565 0.0233001 -0.0156115
v 0.0321565 0.0224653 -0.0156873
v 0.0321565 0.0216303 -0.0157607
v 0.0321565 0.0207949 -0.0158322
v 0.0321565 0.0199595 -0.0159015
v 0.0321565 0.0191238 -0.0159687
v 0.0321565 0.0182879 -0.0160340
v 0.0321565 0.0174519 -0.0160971
v 0.0321565 0.0166156 -0.0161584
v 0.0321565 0.0157792 -0.0162177
v 0.0321565 0.0149426 -0.0162750
v 0.0321565 0.0141059 -0.0163307
v 0.0321565 0.0132691 -0.0163843
v 0.0321565 0.0124320 -0.0164362
v 0.0321565 0.0115949 -0.0164864
v 0.0321565 0.0107576 -0.0165347
v 0.0321565 0.0099202 -0.0165814
v 0.0321565 0.0090827 -0.0166264
v 0.0321565 0.0082450 -0.0166697
v 0.0321565 0.0074073 -0.0167115
v 0.0321565 0.0065695 -0.0167516
v 0.0321565 0.0057315 -0.0167902
v 0.0321565 0.0048935 -0.0168273
v 0.0321565 0.0040554 -0.0168628
v 0.0321565 0.0032172 -0.0168969
v 0.0321565 0.0023789 -0.0169295
v 0.0321565 0.0015405 -0.0169607
v 0.0321565 0.0007021 -0.0169905
v 0.0321565 -0.0001364 -0.0170189
v 0.0321565 -0.0009750 -0.0170460
v 0.0321565 -0.0018136 -0.0170719
v 0.0321565 -0.0026523 -0.0170963
v 0.0321565 -0.0034911 -0.0171195
v 0.0321565 -0.0043299 -0.0171416
v 0.0321565 -0.0051688 -0.0171623
v 0.0321565 -0.0060077 -0.0171819
v 0.0321565 -0.0068466 -0.0172003
v 0.0321565 -0.0076857 -0.0172176
v 0.0321565 -0.0085247 -0.0172338
v 0.0321565 -0.0093638 -0.0172489
v 0.0321565 -0.0102030 -0.0172629
v 0.0321565 -0.0110421 -0.0172759
v 0.0321565 -0.0118813 -0.0172878
v 0.0321565 -0.0127206 -0.0172988
v 0.0321565 -0.0135598 -0.0173089
v 0.0321565 -0.0143991 -0.0173179
v 0.0321565 -0.0152385 -0.0173260
v 0.0321565 -0.0160778 -0.0173333
v 0.0321565 -0.0169172 -0.0173396
v 0.0321565 -0.0177566 -0.0173451
v 0.0321565 -0.0185960 -0.0173498
v 0.0321565 -0.0194355 -0.0173536
v 0.0321565 -0.0202750 -0.0173567
v 0.0321565 -0.0211145 -0.0173590
v 0.0321565 -0.0219540 -0.0173606
v 0.0321565 -0.0227928 -0.0173614
v 0.0321565 -0.0236195 -0.0173600
v 0.0321565 -0.0244304 -0.0173303
v 0.0321565 -0.0252359 -0.0172643
v 0.0321565 -0.0260382 -0.0171628
v 0.0321565 -0.0268348 -0.0170265
v 0.0321565 -0.0276232 -0.0168545
v 0.0321565 -0.0284005 -0.0166460
v 0.0321565 -0.0291626 -0.0163991
v 0.0321565 -0.0299039 -0.0161110
v 0.0321565 -0.0306161 -0.0157774
v 0.0321565 -0.0312864 -0.0153937
v 0.0321565 -0.0318932 -0.0149552
v 0.0321565 -0.0324290 -0.0144296
v 0.0321565 -0.0328894 -0.0138866
v 0.0321565 -0.0331708 -0.0132904
v 0.0321565 -0.0333039 -0.0126144
v 0.0321565 -0.0333192 -0.0118821
v 0.0321565 -0.0332417 -0.0111232
v 0.0321565 -0.0330919 -0.0103551
v 0.0321565 -0.0328863 -0.0095863
v 0.0321565 -0.0326364 -0.0088216
v 0.0321565 -0.0323505 -0.0080632
v 0.0321565 -0.0320343 -0.0073120
v 0.0321565 -0.0316927 -0.0065685
v 0.0321565 -0.0313287 -0.0058331
v 0.0321565 -0.0309452 -0.0051057
v 0.0321565 -0.0305437 -0.0043867
v 0.0321565 -0.0301248 -0.0036745
v 0.0321565 -0.0296858 -0.0029553
v 0.0321565 -0.0292570 -0.0022149
v 0.0321565 -0.0288448 -0.0014689
v 0.0321565 -0.0284447 -0.0007205
v 0.0321565 -0.0280531 0.0000300
v 0.0321565 -0.0276680 0.0007824
v 0.0321565 -0.0272880 0.0015361
v 0.0321565 -0.0269121 0.0022911
v 0.0321565 -0.0265395 0.0030469
v 0.0321565 -0.0261695 0.0038032
v 0.0321565 -0.0258015 0.0045597
v 0.0321565 -0.0254347 0.0053155
v 0.0327290 -0.0260904 0.0069909
v 0.0327290 -0.0248706 0.0070998
v 0.0327290 -0.0240305 0.0070997
v 0.0327290 -0.0231903 0.0070997
v 0.0327290 -0.0223501 0.0070995
v 0.0327290 -0.0215099 0.0070993
v 0.0327290 -0.0206696 0.0070991
v 0.0327290 -0.0198294 0.0070987
v 0.0327290 -0.0189892 0.0070983
v 0.0327290 -0.0181490 0.0070977
v 0.0327290 -0.0173087 0.0070971
v 0.0327290 -0.0164685 0.0070963
v 0.0327290 -0.0156282 0.0070954
v 0.0327290 -0.0147880 0.0070944
v 0.0327290 -0.0139477 0.0070933
v 0.0327290 -0.0131074 0.0070920
v 0.0327290 -0.0122672 0.0070906
v 0.0327290 -0.0114269 0.0070891
v 0.0327290 -0.0105866 0.0070874
v 0.0327290 -0.0097463 0.0070855
v 0.0327290 -0.0089060 0.0070835
v 0.0327290 -0.0080657 0.0070812
v 0.0327290 -0.0072254 0.0070788
v 0.0327290 -0.0063851 0.0070762
v 0.0327290 -0.0055448 0.0070734
v 0.0327290 -0.0047044 0.0070703
v 0.0327290 -0.0038641 0.0070670
v 0.0327290 -0.0030237 0.0070635
v 0.0327290 -0.0021833 0.0070597
v 0.0327290 -0.0013430 0.0070556
v 0.0327290 -0.0005026 0.0070512
v 0.0327290 0.0003379 0.0070465
v 0.0327290 0.0011783 0.0070414
v 0.0327290 0.0020188 0.0070360
v 0.0327290 0.0028593 0.0070301
v 0.0327290 0.0036998 0.0070238
v 0.0327290 0.0045404 0.0070170
v 0.0327290 0.0053810 0.0070097
v 0.0327290 0.0062216 0.0070017
v 0.0327290 0.0070623 0.0069931
v 0.0327290 0.0079031 0.0069837
v 0.0327290 0.0087440 0.0069734
v 0.0327290 0.0095850 0.0069622
v 0.0327290 0.0104262 0.0069497
v 0.0327290 0.0112676 0.0069357
v 0.0327290 0.0121250 0.0069195
v 0.0327290 0.0131240 0.0068377
v 0.0327290 0.0140010 0.0063825
v 0.0327290 0.0147378 0.0059955
v 0.0327290 0.0154795 0.0056157
v 0.0327290 0.0162254 0.0052420
v 0.0327290 0.0169747 0.0048738
v 0.0327290 0.0177271 0.0045104
v 0.0327290 0.0184822 0.0041514
v 0.0327290 0.0192396 0.0037962
v 0.0327290 0.0199990 0.0034444
v 0.0327290 0.0207602 0.0030957
v 0.0327290 0.0215231 0.0027495
v 0.0327290 0.0222873 0.0024057
v 0.0327290 0.0230528 0.0020639
v 0.0327290 0.0238194 0.0017236
v 0.0327290 0.0245869 0.0013847
v 0.0327290 0.0253551 0.0010467
v 0.0327290 0.0261240 0.0007092
v 0.0327290 0.0268934 0.0003719
v 0.0327290 0.0276631 0.0000342
v 0.0327290 0.0284330 -0.0003043
v 0.0327290 0.0292030 -0.0006444
v 0.0327290 0.0299728 -0.0009869
v 0.0327290 0.0307422 -0.0013331
v 0.0327290 0.0316272 -0.0017519
v 0.0327290 0.0323311 -0.0024861
v 0.0327290 0.0328440 -0.0032394
v 0.0327290 0.0333024 -0.0039839
v 0.0327290 0.0337245 -0.0047569
v 0.0327290 0.0341013 -0.0055614
v 0.0327290 0.0344211 -0.0063997
v 0.0327290 0.0346700 -0.0072718
v 0.0327290 0.0348313 -0.0081746
v 0.0327290 0.0348884 -0.0090991
v 0.0327290 0.0348274 -0.0100302
v 0.0327290 0.0346328 -0.0109788
v 0.0327290 0.0342341 -0.0118638
v 0.0327290 0.0337301 -0.0126535
v 0.0327290 0.0331327 -0.0133655
v 0.0327290 0.0324592 -0.0139949
v 0.0327290 0.0317296 -0.0145420
v 0.0327290 0.0309608 -0.0150131
v 0.0327290 0.0301655 -0.0154178
v 0.0327290 0.0293525 -0.0157648
v 0.0327290 0.0285283 -0.0160636
v 0.0327290 0.0276966 -0.0163217
v 0.0327290 0.0268605 -0.0165458
v 0.0327290 0.0260025 -0.0167456
v 0.0327290 0.0251255 -0.0168765
v 0.0327290 0.0242698 -0.0169591
v 0.0327290 0.0234314 -0.0170373
v 0.0327290 0.0225928 -0.0171135
v 0.0327290 0.0217540 -0.0171873
v 0.0327290 0.0209152 -0.0172590
v 0.0327290 0.0200761 -0.0173286
v 0.0327290 0.0192369 -0.0173961
v 0.0327290 0.0183976 -0.0174617
v 0.0327290 0.0175581 -0.0175250
v 0.0327290 0.0167185 -0.0175865
v 0.0327290 0.0158788 -0.0176461
v 0.0327290 0.0150391 -0.0177037
v 0.0327290 0.0141992 -0.0177595
v 0.0327290 0.0133592 -0.0178133
v 0.0327290 0.0125192 -0.0178654
v 0.0327290 0.0116790 -0.0179158
v 0.0327290 0.0108387 -0.0179643
v 0.0327290 0.0099985 -0.0180112
v 0.0327290 0.0091581 -0.0180563
v 0.0327290 0.0083177 -0.0180998
v 0.0327290 0.0074772 -0.0181417
v 0.0327290 0.0066366 -0.0181819
v 0.0327290 0.0057961 -0.0182206
v 0.0327290 0.0049555 -0.0182578
v 0.0327290 0.0041148 -0.0182934
v 0.0327290 0.0032741 -0.0183276
v 0.0327290 0.0024334 -0.0183603
v 0.0327290 0.0015926 -0.0183916
v 0.0327290 0.0007518 -0.0184216
v 0.0327290 -0.0000890 -0.0184500
v 0.0327290 -0.0009298 -0.0184772
v 0.0327290 -0.0017707 -0.0185031
v 0.0327290 -0.0026116 -0.0185276
v 0.0327290 -0.0034525 -0.0185509
v 0.0327290 -0.0042934 -0.0185730
v 0.0327290 -0.0051343 -0.0185938
v 0.0327290 -0.0059752 -0.0186134
v 0.0327290 -0.0068162 -0.0186319
v 0.0327290 -0.0076571 -0.0186492
v 0.0327290 -0.0084980 -0.0186655
v 0.0327290 -0.0093390 -0.0186805
v 0.0327290 -0.0101799 -0.0186946
v 0.0327290 -0.0110208 -0.0187077
v 0.0327290 -0.0118618 -0.0187196
v 0.0327290 -0.0127026 -0.0187306
v 0.0327290 -0.0135436 -0.0187407
v 0.0327290 -0.0143845 -0.0187497
v 0.0327290 -0.0152253 -0.0187578
v 0.0327290 -0.0160662 -0.0187651
v 0.0327290 -0.0169071 -0.0187714
v 0.0327290 -0.0177479 -0.0187770
v 0.0327290 -0.0185888 -0.0187816
v 0.0327290 -0.0194296 -0.0187855
v 0.0327290 -0.0202704 -0.0187886
v 0.0327290 -0.0211112 -0.0187909
v 0.0327290 -0.0219519 -0.0187924
v 0.0327290 -0.0227934 -0.0187933
v 0.0327290 -0.0236471 -0.0187916
v 0.0327290 -0.0245151 -0.0187597
v 0.0327290 -0.0253842 -0.0186884
v 0.0327290 -0.0262488 -0.0185791
v 0.0327290 -0.0271083 -0.0184320
v 0.0327290 -0.0279614 -0.0182458
v 0.0327290 -0.0288068 -0.0180190
v 0.0327290 -0.0296430 -0.0177480
v 0.0327290 -0.0304675 -0.0174273
v 0.0327290 -0.0312765 -0.0170479
v 0.0327290 -0.0320635 -0.0165964
v 0.0327290 -0.0328164 -0.0160498
v 0.0327290 -0.0334802 -0.0154019
v 0.0327290 -0.0340956 -0.0146583
v 0.0327290 -0.0345301 -0.0137405
v 0.0327290 -0.0347270 -0.0127721
v 0.0327290 -0.0347500 -0.0118261
v 0.0327290 -0.0346583 -0.0109141
v 0.0327290 -0.0344872 -0.0100333
v 0.0327290 -0.0342590 -0.0091790
v 0.0327290 -0.0339872 -0.0083466
v 0.0327290 -0.0336805 -0.0075328
v 0.0327290 -0.0333449 -0.0067353
v 0.0327290 -0.0329851 -0.0059520
v 0.0327290 -0.0326038 -0.0051816
v 0.0327290 -0.0322037 -0.0044226
v 0.0327290 -0.0317859 -0.0036746
v 0.0327290 -0.0313530 -0.0029385
v 0.0327290 -0.0309165 -0.0022235
v 0.0327290 -0.0305033 -0.0015099
v 0.0327290 -0.0301029 -0.0007851
v 0.0327290 -0.0297108 -0.0000517
v 0.0327290 -0.0293251 0.0006874
v 0.0327290 -0.0289446 0.0014309
v 0.0327290 -0.0285682 0.0021775
v 0.0327290 -0.0281952 0.0029267
v 0.0327290 -0.0278248 0.0036780
v 0.0327290 -0.0274564 0.0044310
v 0.0327290 -0.0270894 0.0051855
v 0.0327290 -0.0267225 0.0059415
v 0.0327290 -0.0253312 0.0057768
v 0.0327290 -0.0248707 0.0056679
v 0.0327290 -0.0240305 0.0056678
v 0.0327290 -0.0231904 0.0056678
v 0.0327290 -0.0223503 0.0056676
v 0.0327290 -0.0215103 0.0056675
v 0.0327290 -0.0206702 0.0056672
v 0.0327290 -0.0198301 0.0056668
v 0.0327290 -0.0189900 0.0056664
v 0.0327290 -0.0181500 0.0056658
v 0.0327290 -0.0173099 0.0056652
v 0.0327290 -0.0164699 0.0056644
v 0.0327290 -0.0156298 0.0056635
v 0.0327290 -0.0147898 0.0056625
v 0.0327290 -0.0139497 0.0056614
v 0.0327290 -0.0131097 0.0056602
v 0.0327290 -0.0122697 0.0056587
v 0.0327290 -0.0114297 0.0056572
v 0.0327290 -0.0105897 0.0056555
v 0.0327290 -0.0097497 0.0056536
v 0.0327290 -0.0089097 0.0056516
v 0.0327290 -0.0080697 0.0056493
v 0.0327290 -0.0072297 0.0056469
v 0.0327290 -0.0063897 0.0056443
v 0.0327290 -0.0055498 0.0056415
v 0.0327290 -0.0047098 0.0056384
v 0.0327290 -0.0038699 0.0056352
v 0.0327290 -0.0030300 0.0056316
v 0.0327290 -0.0021901 0.0056278
v 0.0327290 -0.0013502 0.0056238
v 0.0327290 -0.0005103 0.0056194
v 0.0327290 0.0003295 0.0056147
v 0.0327290 0.0011694 0.0056096
v 0.0327290 0.0020092 0.0056042
v 0.0327290 0.0028489 0.0055983
v 0.0327290 0.0036886 0.0055920
v 0.0327290 0.0045283 0.0055852
v 0.0327290 0.0053679 0.0055779
v 0.0327290 0.0062075 0.0055699
v 0.0327290 0.0070470 0.0055613
v 0.0327290 0.0078864 0.0055519
v 0.0327290 0.0087257 0.0055417
v 0.0327290 0.0095648 0.0055304
v 0.0327290 0.0104037 0.0055180
v 0.0327290 0.0112424 0.0055041
v 0.0327290 0.0120650 0.0054889
v 0.0327290 0.0127264 0.0054621
v 0.0327290 0.0133278 0.0051187
v 0.0327290 0.0140786 0.0047244
v 0.0327290 0.0148325 0.0043384
v 0.0327290 0.0155889 0.0039594
v 0.0327290 0.0163476 0.0035865
v 0.0327290 0.0171083 0.0032192
v 0.0327290 0.0178707 0.0028566
v 0.0327290 0.0186346 0.0024984
v 0.0327290 0.0193999 0.0021439
v 0.0327290 0.0201662 0.0017928
v 0.0327290 0.0209336 0.0014447
v 0.0327290 0.0217017 0.0010991
v 0.0327290 0.0224704 0.0007558
v 0.0327290 0.0232397 0.0004143
v 0.0327290 0.0240093 0.0000745
v 0.0327290 0.0247790 -0.0002642
v 0.0327290 0.0255488 -0.0006021
v 0.0327290 0.0263183 -0.0009395
v 0.0327290 0.0270873 -0.0012768
v 0.0327290 0.0278556 -0.0016146
v 0.0327290 0.0286226 -0.0019534
v 0.0327290 0.0293880 -0.0022940
v 0.0327290 0.0301510 -0.0026372
v 0.0327290 0.0307943 -0.0029166
v 0.0327290 0.0312117 -0.0033790
v 0.0327290 0.0316414 -0.0040166
v 0.0327290 0.0320640 -0.0047027
v 0.0327290 0.0324472 -0.0054042
v 0.0327290 0.0327833 -0.0061209
v 0.0327290 0.0330625 -0.0068521
v 0.0327290 0.0332751 -0.0075950
v 0.0327290 0.0334096 -0.0083454
v 0.0327290 0.0334566 -0.0090968
v 0.0327290 0.0334080 -0.0098413
v 0.0327290 0.0332703 -0.0105384
v 0.0327290 0.0329757 -0.0111807
v 0.0327290 0.0325759 -0.0118061
v 0.0327290 0.0320937 -0.0123802
v 0.0327290 0.0315398 -0.0128971
v 0.0327290 0.0309254 -0.0133572
v 0.0327290 0.0302618 -0.0137635
v 0.0327290 0.0295597 -0.0141204
v 0.0327290 0.0288275 -0.0144327
v 0.0327290 0.0280721 -0.0147063
v 0.0327290 0.0272990 -0.0149461
v 0.0327290 0.0265123 -0.0151569
v 0.0327290 0.0257340 -0.0153392
v 0.0327290 0.0249516 -0.0154553
v 0.0327290 0.0241347 -0.0155336
v 0.0327290 0.0233001 -0.0156115
v 0.0327290 0.0224653 -0.0156873
v 0.0327290 0.0216303 -0.0157607
v 0.0327290 0.0207949 -0.0158322
v 0.0327290 0.0199595 -0.0159015
v 0.0327290 0.0191238 -0.0159687
v 0.0327290 0.0182879 -0.0160340
v 0.0327290 0.0174519 -0.0160971
v 0.0327290 0.0166156 -0.0161584
v 0.0327290 0.0157792 -0.0162177
v 0.0327290 0.0149426 -0.0162750
v 0.0327290 0.0141059 -0.0163307
v 0.0327290 0.0132691 -0.0163843
v 0.0327290 0.0124320 -0.0164362
v 0.0327290 0.0115949 -0.0164864
v 0.0327290 0.0107576 -0.0165347
v 0.0327290 0.0099202 -0.0165814
v 0.0327290 0.0090827 -0.0166264
v 0.0327290 0.0082450 -0.0166697
v 0.0327290 0.0074073 -0.0167115
v 0.0327290 0.0065695 -0.0167516
v 0.0327290 0.0057315 -0.0167902
v 0.0327290 0.0048935 -0.0168273
v 0.0327290 0.0040554 -0.0168628
v 0.0327290 0.0032172 -0.0168969
v 0.0327290 0.0023789 -0.0169295
v 0.0327290 0.0015405 -0.0169607
v 0.0327290 0.0007021 -0.0169905
v 0.0327290 -0.0001364 -0.0170189
v 0.0327290 -0.0009750 -0.0170460
v 0.0327290 -0.0018136 -0.0170719
v 0.0327290 -0.0026523 -0.0170963
v 0.0327290 -0.0034911 -0.0171195
v 0.0327290 -0.0043299 -0.0171416
v 0.0327290 -0.0051688 -0.0171623
v 0.0327290 -0.0060077 -0.0171819
v 0.0327290 -0.0068466 -0.0172003
v 0.0327290 -0.0076857 -0.0172176
v 0.0327290 -0.0085247 -0.0172338
v 0.0327290 -0.0093638 -0.0172489
v 0.0327290 -0.0102030 -0.0172629
v 0.0327290 -0.0110421 -0.0172759
v 0.0327290 -0.0118813 -0.0172878
v 0.0327290 -0.0127206 -0.0172988
v 0.0327290 -0.0135598 -0.0173089
v 0.0327290 -0.0143991 -0.0173179
v 0.0327290 -0.0152385 -0.0173260
v 0.0327290 -0.0160778 -0.0173333
v 0.0327290 -0.0169172 -0.0173396
v 0.0327290 -0.0177566 -0.0173451
v 0.0327290 -0.0185960 -0.0173498
v 0.0327290 -0.0194355 -0.0173536
v 0.0327290 -0.0202750 -0.0173567
v 0.0327290 -0.0211145 -0.0173590
v 0.0327290 -0.0219540 -0.0173606
v 0.0327290 -0.0227928 -0.0173614
v 0.0327290 -0.0236195 -0.0173600
v 0.0327290 -0.0244304 -0.0173303
v 0.0327290 -0.0252359 -0.0172643
v 0.0327290 -0.0260382 -0.0171628
v 0.0327290 -0.0268348 -0.0170265
v 0.0327290 -0.0276232 -0.0168545
v 0.0327290 -0.0284005 -0.0166460
v 0.0327290 -0.0291626 -0.0163991
v 0.0327290 -0.0299039 -0.0161110
v 0.0327290 -0.0306161 -0.0157774
v 0.0327290 -0.0312864 -0.0153937
v 0.0327290 -0.0318932 -0.0149552
v 0.0327290 -0.0324290 -0.0144296
v 0.0327290 -0.0328894 -0.0138866
v 0.0327290 -0.0331708 -0.0132904
v 0.0327290 -0.0333039 -0.0126144
v 0.0327290 -0.0333192 -0.0118821
v 0.0327290 -0.0332417 -0.0111232
v 0.0327290 -0.0330919 -0.0103551
v 0.0327290 -0.0328863 -0.0095863
v 0.0327290 -0.0326364 -0.0088216
v 0.0327290 -0.0323505 -0.0080632
v 0.0327290 -0.0320343 -0.0073120
v 0.0327290 -0.0316927 -0.0065685
v 0.0327290 -0.0313287 -0.0058331
v 0.0327290 -0.0309452 -0.0051057
v 0.0327290 -0.0305437 -0.0043867
v 0.0327290 -0.0301248 -0.0036745
v 0.0327290 -0.0296858 -0.0029553
v 0.0327290 -0.0292570 -0.0022149
v 0.0327290 -0.0288448 -0.0014689
v 0.0327290 -0.0284447 -0.0007205
v 0.0327290 -0.0280531 0.0000300
v 0.0327290 -0.0276680 0.0007824
v 0.0327290 -0.0272880 0.0015361
v 0.0327290 -0.0269121 0.0022911
v 0.0327290 -0.0265395 0.0030469
v 0.0327290 -0.0261695 0.0038032
v 0.0327290 -0.0258015 0.0045597
v 0.0327290 -0.0254347 0.0053155
f 1 4 6
f 1 6 5
f 4 8 9
f 4 9 6
f 2 7 9
f 2 9 8
f 7 11 12
f 7 12 9
f 3 10 12
f 3 12 11
f 10 5 6
f 10 6 12
f 6 9 12
f 13 16 18
f 13 18 17
f 16 20 21
f 16 21 18
f 14 19 21
f 14 21 20
f 19 23 24
f 19 24 21
f 15 22 24
f 15 24 23
f 22 17 18
f 22 18 24
f 18 21 24
f 25 28 30
f 25 30 29
f 28 32 33
f 28 33 30
f 26 31 33
f 26 33 32
f 31 35 36
f 31 36 33
f 27 34 36
f 27 36 35
f 34 29 30
f 34 30 36
f 30 33 36
f 37 40 42
f 37 42 41
f 40 44 45
f 40 45 42
f 38 43 45
f 38 45 44
f 43 47 48
f 43 48 45
f 39 46 48
f 39 48 47
f 46 41 42
f 46 42 48
f 42 45 48
f 49 52 54
f 49 54 53
f 52 56 57
f 52 57 54
f 50 55 57
f 50 57 56
f 55 59 60
f 55 60 57
f 51 58 60
f 51 60 59
f 58 53 54
f 58 54 60
f 54 57 60
f 61 64 66
f 61 66 65
f 64 68 69
f 64 69 66
f 62 67 69
f 62 69 68
f 67 71 72
f 67 72 69
f 63 70 72
f 63 72 71
f 70 65 66
f 70 66 72
f 66 69 72
f 73 76 78
f 73 78 77
f 76 80 81
f 76 81 78
f 74 79 81
f 74 81 80
f 79 83 84
f 79 84 81
f 75 82 84
f 75 84 83
f 82 77 78
f 82 78 84
f 78 81 84
f 85 88 90
f 85 90 89
f 88 92 93
f 88 93 90
f 86 91 93
f 86 93 92
f 91 95 96
f 91 96 93
f 87 94 96
f 87 96 95
f 94 89 90
f 94 90 96
f 90 93 96
f 25 1 5
f 25 5 28
f 28 5 10
f 28 10 32
f 32 10 3
f 32 3 26
f 2 13 17
f 2 17 7
f 7 17 22
f 7 22 11
f 11 22 15
f 11 15 3
f 14 37 41
f 14 41 19
f 19 41 46
f 19 46 23
f 23 46 39
f 23 39 15
f 38 27 35
f 38 35 43
f 43 35 31
f 43 31 47
f 47 31 26
f 47 26 39
f 73 25 29
f 73 29 76
f 76 29 34
f 76 34 80
f 80 34 27
f 80 27 74
f 37 85 89
f 37 89 40
f 40 89 94
f 40 94 44
f 44 94 87
f 44 87 38
f 86 75 83
f 86 83 91
f 91 83 79
f 91 79 95
f 95 79 74
f 95 74 87
f 49 73 77
f 49 77 52
f 52 77 82
f 52 82 56
f 56 82 75
f 56 75 50
f 85 61 65
f 85 65 88
f 88 65 70
f 88 70 92
f 92 70 63
f 92 63 86
f 62 51 59
f 62 59 67
f 67 59 55
f 67 55 71
f 71 55 50
f 71 50 63
f 1 49 53
f 1 53 4
f 4 53 58
f 4 58 8
f 8 58 51
f 8 51 2
f 61 14 20
f 61 20 64
f 64 20 16
f 64 16 68
f 68 16 13
f 68 13 62
f 25 73 49
f 25 49 1
f 3 15 39
f 3 39 26
f 51 62 13
f 51 13 2
f 85 37 14
f 85 14 61
f 27 38 87
f 27 87 74
f 75 86 63
f 75 63 50
f 97 481 482
f 97 482 98
f 290 674 673
f 290 673 289
f 98 290 289
f 98 289 97
f 481 673 674
f 481 674 482
f 98 482 483
f 98 483 99
f 291 675 674
f 291 674 290
f 99 291 290
f 99 290 98
f 482 674 675
f 482 675 483
f 99 483 484
f 99 484 100
f 292 676 675
f 292 675 291
f 100 292 291
f 100 291 99
f 483 675 676
f 483 676 484
f 100 484 485
f 100 485 101
f 293 677 676
f 293 676 292
f 101 293 292
f 101 292 100
f 484 676 677
f 484 677 485
f 101 485 486
f 101 486 102
f 294 678 677
f 294 677 293
f 102 294 293
f 102 293 101
f 485 677 678
f 485 678 486
f 102 486 487
f 102 487 103
f 295 679 678
f 295 678 294
f 103 295 294
f 103 294 102
f 486 678 679
f 486 679 487
f 103 487 488
f 103 488 104
f 296 680 679
f 296 679 295
f 104 296 295
f 104 295 103
f 487 679 680
f 487 680 488
f 104 488 489
f 104 489 105
f 297 681 680
f 297 680 296
f 105 297 296
f 105 296 104
f 488 680 681
f 488 681 489
f 105 489 490
f 105 490 106
f 298 682 681
f 298 681 297
f 106 298 297
f 106 297 105
f 489 681 682
f 489 682 490
f 106 490 491
f 106 491 107
f 299 683 682
f 299 682 298
f 107 299 298
f 107 298 106
f 490 682 683
f 490 683 491
f 107 491 492
f 107 492 108
f 300 684 683
f 300 683 299
f 108 300 299
f 108 299 107
f 491 683 684
f 491 684 492
f 108 492 493
f 108 493 109
f 301 685 684
f 301 684 300
f 109 301 300
f 109 300 108
f 492 684 685
f 492 685 493
f 109 493 494
f 109 494 110
f 302 686 685
f 302 685 301
f 110 302 301
f 110 301 109
f 493 685 686
f 493 686 494
f 110 494 495
f 110 495 111
f 303 687 686
f 303 686 302
f 111 303 302
f 111 302 110
f 494 686 687
f 494 687 495
f 111 495 496
f 111 496 112
f 304 688 687
f 304 687 303
f 112 304 303
f 112 303 111
f 495 687 688
f 495 688 496
f 112 496 497
f 112 497 113
f 305 689 688
f 305 688 304
f 113 305 304
f 113 304 112
f 496 688 689
f 496 689 497
f 113 497 498
f 113 498 114
f 306 690 689
f 306 689 305
f 114 306 305
f 114 305 113
f 497 689 690
f 497 690 498
f 114 498 499
f 114 499 115
f 307 691 690
f 307 690 306
f 115 307 306
f 115 306 114
f 498 690 691
f 498 691 499
f 115 499 500
f 115 500 116
f 308 692 691
f 308 691 307
f 116 308 307
f 116 307 115
f 499 691 692
f 499 692 500
f 116 500 501
f 116 501 117
f 309 693 692
f 309 692 308
f 117 309 308
f 117 308 116
f 500 692 693
f 500 693 501
f 117 501 502
f 117 502 118
f 310 694 693
f 310 693 309
f 118 310 309
f 118 309 117
f 501 693 694
f 501 694 502
f 118 502 503
f 118 503 119
f 311 695 694
f 311 694 310
f 119 311 310
f 119 310 118
f 502 694 695
f 502 695 503
f 119 503 504
f 119 504 120
f 312 696 695
f 312 695 311
f 120 312 311
f 120 311 119
f 503 695 696
f 503 696 504
f 120 504 505
f 120 505 121
f 313 697 696
f 313 696 312
f 121 313 312
f 121 312 120
f 504 696 697
f 504 697 505
f 121 505 506
f 121 506 122
f 314 698 697
f 314 697 313
f 122 314 313
f 122 313 121
f 505 697 698
f 505 698 506
f 122 506 507
f 122 507 123
f 315 699 698
f 315 698 314
f 123 315 314
f 123 314 122
f 506 698 699
f 506 699 507
f 123 507 508
f 123 508 124
f 316 700 699
f 316 699 315
f 124 316 315
f 124 315 123
f 507 699 700
f 507 700 508
f 124 508 509
f 124 509 125
f 317 701 700
f 317 700 316
f 125 317 316
f 125 316 124
f 508 700 701
f 508 701 509
f 125 509 510
f 125 510 126
f 318 702 701
f 318 701 317
f 126 318 317
f 126 317 125
f 509 701 702
f 509 702 510
f 126 510 511
f 126 511 127
f 319 703 702
f 319 702 318
f 127 319 318
f 127 318 126
f 510 702 703
f 510 703 511
f 127 511 512
f 127 512 128
f 320 704 703
f 320 703 319
f 128 320 319
f 128 319 127
f 511 703 704
f 511 704 512
f 128 512 513
f 128 513 129
f 321 705 704
f 321 704 320
f 129 321 320
f 129 320 128
f 512 704 705
f 512 705 513
f 129 513 514
f 129 514 130
f 322 706 705
f 322 705 321
f 130 322 321
f 130 321 129
f 513 705 706
f 513 706 514
f 130 514 515
f 130 515 131
f 323 707 706
f 323 706 322
f 131 323 322
f 131 322 130
f 514 706 707
f 514 707 515
f 131 515 516
f 131 516 132
f 324 708 707
f 324 707 323
f 132 324 323
f 132 323 131
f 515 707 708
f 515 708 516
f 132 516 517
f 132 517 133
f 325 709 708
f 325 708 324
f 133 325 324
f 133 324 132
f 516 708 709
f 516 709 517
f 133 517 518
f 133 518 134
f 326 710 709
f 326 709 325
f 134 326 325
f 134 325 133
f 517 709 710
f 517 710 518
f 134 518 519
f 134 519 135
f 327 711 710
f 327 710 326
f 135 327 326
f 135 326 134
f 518 710 711
f 518 711 519
f 135 519 520
f 135 520 136
f 328 712 711
f 328 711 327
f 136 328 327
f 136 327 135
f 519 711 712
f 519 712 520
f 136 520 521
f 136 521 137
f 329 713 712
f 329 712 328
f 137 329 328
f 137 328 136
f 520 712 713
f 520 713 521
f 137 521 522
f 137 522 138
f 330 714 713
f 330 713 329
f 138 330 329
f 138 329 137
f 521 713 714
f 521 714 522
f 138 522 523
f 138 523 139
f 331 715 714
f 331 714 330
f 139 331 330
f 139 330 138
f 522 714 715
f 522 715 523
f 139 523 524
f 139 524 140
f 332 716 715
f 332 715 331
f 140 332 331
f 140 331 139
f 523 715 716
f 523 716 524
f 140 524 525
f 140 525 141
f 333 717 716
f 333 716 332
f 141 333 332
f 141 332 140
f 524 716 717
f 524 717 525
f 141 525 526
f 141 526 142
f 334 718 717
f 334 717 333
f 142 334 333
f 142 333 141
f 525 717 718
f 525 718 526
f 142 526 527
f 142 527 143
f 335 719 718
f 335 718 334
f 143 335 334
f 143 334 142
f 526 718 719
f 526 719 527
f 143 527 528
f 143 528 144
f 336 720 719
f 336 719 335
f 144 336 335
f 144 335 143
f 527 719 720
f 527 720 528
f 144 528 529
f 144 529 145
f 337 721 720
f 337 720 336
f 145 337 336
f 145 336 144
f 528 720 721
f 528 721 529
f 145 529 530
f 145 530 146
f 338 722 721
f 338 721 337
f 146 338 337
f 146 337 145
f 529 721 722
f 529 722 530
f 146 530 531
f 146 531 147
f 339 723 722
f 339 722 338
f 147 339 338
f 147 338 146
f 530 722 723
f 530 723 531
f 147 531 532
f 147 532 148
f 340 724 723
f 340 723 339
f 148 340 339
f 148 339 147
f 531 723 724
f 531 724 532
f 148 532 533
f 148 533 149
f 341 725 724
f 341 724 340
f 149 341 340
f 149 340 148
f 532 724 725
f 532 725 533
f 149 533 534
f 149 534 150
f 342 726 725
f 342 725 341
f 150 342 341
f 150 341 149
f 533 725 726
f 533 726 534
f 150 534 535
f 150 535 151
f 343 727 726
f 343 726 342
f 151 343 342
f 151 342 150
f 534 726 727
f 534 727 535
f 151 535 536
f 151 536 152
f 344 728 727
f 344 727 343
f 152 344 343
f 152 343 151
f 535 727 728
f 535 728 536
f 152 536 537
f 152 537 153
f 345 729 728
f 345 728 344
f 153 345 344
f 153 344 152
f 536 728 729
f 536 729 537
f 153 537 538
f 153 538 154
f 346 730 729
f 346 729 345
f 154 346 345
f 154 345 153
f 537 729 730
f 537 730 538
f 154 538 539
f 154 539 155
f 347 731 730
f 347 730 346
f 155 347 346
f 155 346 154
f 538 730 731
f 538 731 539
f 155 539 540
f 155 540 156
f 348 732 731
f 348 731 347
f 156 348 347
f 156 347 155
f 539 731 732
f 539 732 540
f 156 540 541
f 156 541 157
f 349 733 732
f 349 732 348
f 157 349 348
f 157 348 156
f 540 732 733
f 540 733 541
f 157 541 542
f 157 542 158
f 350 734 733
f 350 733 349
f 158 350 349
f 158 349 157
f 541 733 734
f 541 734 542
f 158 542 543
f 158 543 159
f 351 735 734
f 351 734 350
f 159 351 350
f 159 350 158
f 542 734 735
f 542 735 543
f 159 543 544
f 159 544 160
f 352 736 735
f 352 735 351
f 160 352 351
f 160 351 159
f 543 735 736
f 543 736 544
f 160 544 545
f 160 545 161
f 353 737 736
f 353 736 352
f 161 353 352
f 161 352 160
f 544 736 737
f 544 737 545
f 161 545 546
f 161 546 162
f 354 738 737
f 354 737 353
f 162 354 353
f 162 353 161
f 545 737 738
f 545 738 546
f 162 546 547
f 162 547 163
f 355 739 738
f 355 738 354
f 163 355 354
f 163 354 162
f 546 738 739
f 546 739 547
f 163 547 548
f 163 548 164
f 356 740 739
f 356 739 355
f 164 356 355
f 164 355 163
f 547 739 740
f 547 740 548
f 164 548 549
f 164 549 165
f 357 741 740
f 357 740 356
f 165 357 356
f 165 356 164
f 548 740 741
f 548 741 549
f 165 549 550
f 165 550 166
f 358 742 741
f 358 741 357
f 166 358 357
f 166 357 165
f 549 741 742
f 549 742 550
f 166 550 551
f 166 551 167
f 359 743 742
f 359 742 358
f 167 359 358
f 167 358 166
f 550 742 743
f 550 743 551
f 167 551 552
f 167 552 168
f 360 744 743
f 360 743 359
f 168 360 359
f 168 359 167
f 551 743 744
f 551 744 552
f 168 552 553
f 168 553 169
f 361 745 744
f 361 744 360
f 169 361 360
f 169 360 168
f 552 744 745
f 552 745 553
f 169 553 554
f 169 554 170
f 362 746 745
f 362 745 361
f 170 362 361
f 170 361 169
f 553 745 746
f 553 746 554
f 170 554 555
f 170 555 171
f 363 747 746
f 363 746 362
f 171 363 362
f 171 362 170
f 554 746 747
f 554 747 555
f 171 555 556
f 171 556 172
f 364 748 747
f 364 747 363
f 172 364 363
f 172 363 171
f 555 747 748
f 555 748 556
f 172 556 557
f 172 557 173
f 365 749 748
f 365 748 364
f 173 365 364
f 173 364 172
f 556 748 749
f 556 749 557
f 173 557 558
f 173 558 174
f 366 750 749
f 366 749 365
f 174 366 365
f 174 365 173
f 557 749 750
f 557 750 558
f 174 558 559
f 174 559 175
f 367 751 750
f 367 750 366
f 175 367 366
f 175 366 174
f 558 750 751
f 558 751 559
f 175 559 560
f 175 560 176
f 368 752 751
f 368 751 367
f 176 368 367
f 176 367 175
f 559 751 752
f 559 752 560
f 176 560 561
f 176 561 177
f 369 753 752
f 369 752 368
f 177 369 368
f 177 368 176
f 560 752 753
f 560 753 561
f 177 561 562
f 177 562 178
f 370 754 753
f 370 753 369
f 178 370 369
f 178 369 177
f 561 753 754
f 561 754 562
f 178 562 563
f 178 563 179
f 371 755 754
f 371 754 370
f 179 371 370
f 179 370 178
f 562 754 755
f 562 755 563
f 179 563 564
f 179 564 180
f 372 756 755
f 372 755 371
f 180 372 371
f 180 371 179
f 563 755 756
f 563 756 564
f 180 564 565
f 180 565 181
f 373 757 756
f 373 756 372
f 181 373 372
f 181 372 180
f 564 756 757
f 564 757 565
f 181 565 566
f 181 566 182
f 374 758 757
f 374 757 373
f 182 374 373
f 182 373 181
f 565 757 758
f 565 758 566
f 182 566 567
f 182 567 183
f 375 759 758
f 375 758 374
f 183 375 374
f 183 374 182
f 566 758 759
f 566 759 567
f 183 567 568
f 183 568 184
f 376 760 759
f 376 759 375
f 184 376 375
f 184 375 183
f 567 759 760
f 567 760 568
f 184 568 569
f 184 569 185
f 377 761 760
f 377 760 376
f 185 377 376
f 185 376 184
f 568 760 761
f 568 761 569
f 185 569 570
f 185 570 186
f 378 762 761
f 378 761 377
f 186 378 377
f 186 377 185
f 569 761 762
f 569 762 570
f 186 570 571
f 186 571 187
f 379 763 762
f 379 762 378
f 187 379 378
f 187 378 186
f 570 762 763
f 570 763 571
f 187 571 572
f 187 572 188
f 380 764 763
f 380 763 379
f 188 380 379
f 188 379 187
f 571 763 764
f 571 764 572
f 188 572 573
f 188 573 189
f 381 765 764
f 381 764 380
f 189 381 380
f 189 380 188
f 572 764 765
f 572 765 573
f 189 573 574
f 189 574 190
f 382 766 765
f 382 765 381
f 190 382 381
f 190 381 189
f 573 765 766
f 573 766 574
f 190 574 575
f 190 575 191
f 383 767 766
f 383 766 382
f 191 383 382
f 191 382 190
f 574 766 767
f 574 767 575
f 191 575 576
f 191 576 192
f 384 768 767
f 384 767 383
f 192 384 383
f 192 383 191
f 575 767 768
f 575 768 576
f 192 576 577
f 192 577 193
f 385 769 768
f 385 768 384
f 193 385 384
f 193 384 192
f 576 768 769
f 576 769 577
f 193 577 578
f 193 578 194
f 386 770 769
f 386 769 385
f 194 386 385
f 194 385 193
f 577 769 770
f 577 770 578
f 194 578 579
f 194 579 195
f 387 771 770
f 387 770 386
f 195 387 386
f 195 386 194
f 578 770 771
f 578 771 579
f 195 579 580
f 195 580 196
f 388 772 771
f 388 771 387
f 196 388 387
f 196 387 195
f 579 771 772
f 579 772 580
f 196 580 581
f 196 581 197
f 389 773 772
f 389 772 388
f 197 389 388
f 197 388 196
f 580 772 773
f 580 773 581
f 197 581 582
f 197 582 198
f 390 774 773
f 390 773 389
f 198 390 389
f 198 389 197
f 581 773 774
f 581 774 582
f 198 582 583
f 198 583 199
f 391 775 774
f 391 774 390
f 199 391 390
f 199 390 198
f 582 774 775
f 582 775 583
f 199 583 584
f 199 584 200
f 392 776 775
f 392 775 391
f 200 392 391
f 200 391 199
f 583 775 776
f 583 776 584
f 200 584 585
f 200 585 201
f 393 777 776
f 393 776 392
f 201 393 392
f 201 392 200
f 584 776 777
f 584 777 585
f 201 585 586
f 201 586 202
f 394 778 777
f 394 777 393
f 202 394 393
f 202 393 201
f 585 777 778
f 585 778 586
f 202 586 587
f 202 587 203
f 395 779 778
f 395 778 394
f 203 395 394
f 203 394 202
f 586 778 779
f 586 779 587
f 203 587 588
f 203 588 204
f 396 780 779
f 396 779 395
f 204 396 395
f 204 395 203
f 587 779 780
f 587 780 588
f 204 588 589
f 204 589 205
f 397 781 780
f 397 780 396
f 205 397 396
f 205 396 204
f 588 780 781
f 588 781 589
f 205 589 590
f 205 590 206
f 398 782 781
f 398 781 397
f 206 398 397
f 206 397 205
f 589 781 782
f 589 782 590
f 206 590 591
f 206 591 207
f 399 783 782
f 399 782 398
f 207 399 398
f 207 398 206
f 590 782 783
f 590 783 591
f 207 591 592
f 207 592 208
f 400 784 783
f 400 783 399
f 208 400 399
f 208 399 207
f 591 783 784
f 591 784 592
f 208 592 593
f 208 593 209
f 401 785 784
f 401 784 400
f 209 401 400
f 209 400 208
f 592 784 785
f 592 785 593
f 209 593 594
f 209 594 210
f 402 786 785
f 402 785 401
f 210 402 401
f 210 401 209
f 593 785 786
f 593 786 594
f 210 594 595
f 210 595 211
f 403 787 786
f 403 786 402
f 211 403 402
f 211 402 210
f 594 786 787
f 594 787 595
f 211 595 596
f 211 596 212
f 404 788 787
f 404 787 403
f 212 404 403
f 212 403 211
f 595 787 788
f 595 788 596
f 212 596 597
f 212 597 213
f 405 789 788
f 405 788 404
f 213 405 404
f 213 404 212
f 596 788 789
f 596 789 597
f 213 597 598
f 213 598 214
f 406 790 789
f 406 789 405
f 214 406 405
f 214 405 213
f 597 789 790
f 597 790 598
f 214 598 599
f 214 599 215
f 407 791 790
f 407 790 406
f 215 407 406
f 215 406 214
f 598 790 791
f 598 791 599
f 215 599 600
f 215 600 216
f 408 792 791
f 408 791 407
f 216 408 407
f 216 407 215
f 599 791 792
f 599 792 600
f 216 600 601
f 216 601 217
f 409 793 792
f 409 792 408
f 217 409 408
f 217 408 216
f 600 792 793
f 600 793 601
f 217 601 602
f 217 602 218
f 410 794 793
f 410 793 409
f 218 410 409
f 218 409 217
f 601 793 794
f 601 794 602
f 218 602 603
f 218 603 219
f 411 795 794
f 411 794 410
f 219 411 410
f 219 410 218
f 602 794 795
f 602 795 603
f 219 603 604
f 219 604 220
f 412 796 795
f 412 795 411
f 220 412 411
f 220 411 219
f 603 795 796
f 603 796 604
f 220 604 605
f 220 605 221
f 413 797 796
f 413 796 412
f 221 413 412
f 221 412 220
f 604 796 797
f 604 797 605
f 221 605 606
f 221 606 222
f 414 798 797
f 414 797 413
f 222 414 413
f 222 413 221
f 605 797 798
f 605 798 606
f 222 606 607
f 222 607 223
f 415 799 798
f 415 798 414
f 223 415 414
f 223 414 222
f 606 798 799
f 606 799 607
f 223 607 608
f 223 608 224
f 416 800 799
f 416 799 415
f 224 416 415
f 224 415 223
f 607 799 800
f 607 800 608
f 224 608 609
f 224 609 225
f 417 801 800
f 417 800 416
f 225 417 416
f 225 416 224
f 608 800 801
f 608 801 609
f 225 609 610
f 225 610 226
f 418 802 801
f 418 801 417
f 226 418 417
f 226 417 225
f 609 801 802
f 609 802 610
f 226 610 611
f 226 611 227
f 419 803 802
f 419 802 418
f 227 419 418
f 227 418 226
f 610 802 803
f 610 803 611
f 227 611 612
f 227 612 228
f 420 804 803
f 420 803 419
f 228 420 419
f 228 419 227
f 611 803 804
f 611 804 612
f 228 612 613
f 228 613 229
f 421 805 804
f 421 804 420
f 229 421 420
f 229 420 228
f 612 804 805
f 612 805 613
f 229 613 614
f 229 614 230
f 422 806 805
f 422 805 421
f 230 422 421
f 230 421 229
f 613 805 806
f 613 806 614
f 230 614 615
f 230 615 231
f 423 807 806
f 423 806 422
f 231 423 422
f 231 422 230
f 614 806 807
f 614 807 615
f 231 615 616
f 231 616 232
f 424 808 807
f 424 807 423
f 232 424 423
f 232 423 231
f 615 807 808
f 615 808 616
f 232 616 617
f 232 617 233
f 425 809 808
f 425 808 424
f 233 425 424
f 233 424 232
f 616 808 809
f 616 809 617
f 233 617 618
f 233 618 234
f 426 810 809
f 426 809 425
f 234 426 425
f 234 425 233
f 617 809 810
f 617 810 618
f 234 618 619
f 234 619 235
f 427 811 810
f 427 810 426
f 235 427 426
f 235 426 234
f 618 810 811
f 618 811 619
f 235 619 620
f 235 620 236
f 428 812 811
f 428 811 427
f 236 428 427
f 236 427 235
f 619 811 812
f 619 812 620
f 236 620 621
f 236 621 237
f 429 813 812
f 429 812 428
f 237 429 428
f 237 428 236
f 620 812 813
f 620 813 621
f 237 621 622
f 237 622 238
f 430 814 813
f 430 813 429
f 238 430 429
f 238 429 237
f 621 813 814
f 621 814 622
f 238 622 623
f 238 623 239
f 431 815 814
f 431 814 430
f 239 431 430
f 239 430 238
f 622 814 815
f 622 815 623
f 239 623 624
f 239 624 240
f 432 816 815
f 432 815 431
f 240 432 431
f 240 431 239
f 623 815 816
f 623 816 624
f 240 624 625
f 240 625 241
f 433 817 816
f 433 816 432
f 241 433 432
f 241 432 240
f 624 816 817
f 624 817 625
f 241 625 626
f 241 626 242
f 434 818 817
f 434 817 433
f 242 434 433
f 242 433 241
f 625 817 818
f 625 818 626
f 242 626 627
f 242 627 243
f 435 819 818
f 435 818 434
f 243 435 434
f 243 434 242
f 626 818 819
f 626 819 627
f 243 627 628
f 243 628 244
f 436 820 819
f 436 819 435
f 244 436 435
f 244 435 243
f 627 819 820
f 627 820 628
f 244 628 629
f 244 629 245
f 437 821 820
f 437 820 436
f 245 437 436
f 245 436 244
f 628 820 821
f 628 821 629
f 245 629 630
f 245 630 246
f 438 822 821
f 438 821 437
f 246 438 437
f 246 437 245
f 629 821 822
f 629 822 630
f 246 630 631
f 246 631 247
f 439 823 822
f 439 822 438
f 247 439 438
f 247 438 246
f 630 822 823
f 630 823 631
f 247 631 632
f 247 632 248
f 440 824 823
f 440 823 439
f 248 440 439
f 248 439 247
f 631 823 824
f 631 824 632
f 248 632 633
f 248 633 249
f 441 825 824
f 441 824 440
f 249 441 440
f 249 440 248
f 632 824 825
f 632 825 633
f 249 633 634
f 249 634 250
f 442 826 825
f 442 825 441
f 250 442 441
f 250 441 249
f 633 825 826
f 633 826 634
f 250 634 635
f 250 635 251
f 443 827 826
f 443 826 442
f 251 443 442
f 251 442 250
f 634 826 827
f 634 827 635
f 251 635 636
f 251 636 252
f 444 828 827
f 444 827 443
f 252 444 443
f 252 443 251
f 635 827 828
f 635 828 636
f 252 636 637
f 252 637 253
f 445 829 828
f 445 828 444
f 253 445 444
f 253 444 252
f 636 828 829
f 636 829 637
f 253 637 638
f 253 638 254
f 446 830 829
f 446 829 445
f 254 446 445
f 254 445 253
f 637 829 830
f 637 830 638
f 254 638 639
f 254 639 255
f 447 831 830
f 447 830 446
f 255 447 446
f 255 446 254
f 638 830 831
f 638 831 639
f 255 639 640
f 255 640 256
f 448 832 831
f 448 831 447
f 256 448 447
f 256 447 255
f 639 831 832
f 639 832 640
f 256 640 641
f 256 641 257
f 449 833 832
f 449 832 448
f 257 449 448
f 257 448 256
f 640 832 833
f 640 833 641
f 257 641 642
f 257 642 258
f 450 834 833
f 450 833 449
f 258 450 449
f 258 449 257
f 641 833 834
f 641 834 642
f 258 642 643
f 258 643 259
f 451 835 834
f 451 834 450
f 259 451 450
f 259 450 258
f 642 834 835
f 642 835 643
f 259 643 644
f 259 644 260
f 452 836 835
f 452 835 451
f 260 452 451
f 260 451 259
f 643 835 836
f 643 836 644
f 260 644 645
f 260 645 261
f 453 837 836
f 453 836 452
f 261 453 452
f 261 452 260
f 644 836 837
f 644 837 645
f 261 645 646
f 261 646 262
f 454 838 837
f 454 837 453
f 262 454 453
f 262 453 261
f 645 837 838
f 645 838 646
f 262 646 647
f 262 647 263
f 455 839 838
f 455 838 454
f 263 455 454
f 263 454 262
f 646 838 839
f 646 839 647
f 263 647 648
f 263 648 264
f 456 840 839
f 456 839 455
f 264 456 455
f 264 455 263
f 647 839 840
f 647 840 648
f 264 648 649
f 264 649 265
f 457 841 840
f 457 840 456
f 265 457 456
f 265 456 264
f 648 840 841
f 648 841 649
f 265 649 650
f 265 650 266
f 458 842 841
f 458 841 457
f 266 458 457
f 266 457 265
f 649 841 842
f 649 842 650
f 266 650 651
f 266 651 267
f 459 843 842
f 459 842 458
f 267 459 458
f 267 458 266
f 650 842 843
f 650 843 651
f 267 651 652
f 267 652 268
f 460 844 843
f 460 843 459
f 268 460 459
f 268 459 267
f 651 843 844
f 651 844 652
f 268 652 653
f 268 653 269
f 461 845 844
f 461 844 460
f 269 461 460
f 269 460 268
f 652 844 845
f 652 845 653
f 269 653 654
f 269 654 270
f 462 846 845
f 462 845 461
f 270 462 461
f 270 461 269
f 653 845 846
f 653 846 654
f 270 654 655
f 270 655 271
f 463 847 846
f 463 846 462
f 271 463 462
f 271 462 270
f 654 846 847
f 654 847 655
f 271 655 656
f 271 656 272
f 464 848 847
f 464 847 463
f 272 464 463
f 272 463 271
f 655 847 848
f 655 848 656
f 272 656 657
f 272 657 273
f 465 849 848
f 465 848 464
f 273 465 464
f 273 464 272
f 656 848 849
f 656 849 657
f 273 657 658
f 273 658 274
f 466 850 849
f 466 849 465
f 274 466 465
f 274 465 273
f 657 849 850
f 657 850 658
f 274 658 659
f 274 659 275
f 467 851 850
f 467 850 466
f 275 467 466
f 275 466 274
f 658 850 851
f 658 851 659
f 275 659 660
f 275 660 276
f 468 852 851
f 468 851 467
f 276 468 467
f 276 467 275
f 659 851 852
f 659 852 660
f 276 660 661
f 276 661 277
f 469 853 852
f 469 852 468
f 277 469 468
f 277 468 276
f 660 852 853
f 660 853 661
f 277 661 662
f 277 662 278
f 470 854 853
f 470 853 469
f 278 470 469
f 278 469 277
f 661 853 854
f 661 854 662
f 278 662 663
f 278 663 279
f 471 855 854
f 471 854 470
f 279 471 470
f 279 470 278
f 662 854 855
f 662 855 663
f 279 663 664
f 279 664 280
f 472 856 855
f 472 855 471
f 280 472 471
f 280 471 279
f 663 855 856
f 663 856 664
f 280 664 665
f 280 665 281
f 473 857 856
f 473 856 472
f 281 473 472
f 281 472 280
f 664 856 857
f 664 857 665
f 281 665 666
f 281 666 282
f 474 858 857
f 474 857 473
f 282 474 473
f 282 473 281
f 665 857 858
f 665 858 666
f 282 666 667
f 282 667 283
f 475 859 858
f 475 858 474
f 283 475 474
f 283 474 282
f 666 858 859
f 666 859 667
f 283 667 668
f 283 668 284
f 476 860 859
f 476 859 475
f 284 476 475
f 284 475 283
f 667 859 860
f 667 860 668
f 284 668 669
f 284 669 285
f 477 861 860
f 477 860 476
f 285 477 476
f 285 476 284
f 668 860 861
f 668 861 669
f 285 669 670
f 285 670 286
f 478 862 861
f 478 861 477
f 286 478 477
f 286 477 285
f 669 861 862
f 669 862 670
f 286 670 671
f 286 671 287
f 479 863 862
f 479 862 478
f 287 479 478
f 287 478 286
f 670 862 863
f 670 863 671
f 287 671 672
f 287 672 288
f 480 864 863
f 480 863 479
f 288 480 479
f 288 479 287
f 671 863 864
f 671 864 672
f 288 672 481
f 288 481 97
f 289 673 864
f 289 864 480
f 97 289 480
f 97 480 288
f 672 864 673
f 672 673 481
f 865 1249 1250
f 865 1250 866
f 1058 1442 1441
f 1058 1441 1057
f 866 1058 1057
f 866 1057 865
f 1249 1441 1442
f 1249 1442 1250
f 866 1250 1251
f 866 1251 867
f 1059 1443 1442
f 1059 1442 1058
f 867 1059 1058
f 867 1058 866
f 1250 1442 1443
f 1250 1443 1251
f 867 1251 1252
f 867 1252 868
f 1060 1444 1443
f 1060 1443 1059
f 868 1060 1059
f 868 1059 867
f 1251 1443 1444
f 1251 1444 1252
f 868 1252 1253
f 868 1253 869
f 1061 1445 1444
f 1061 1444 1060
f 869 1061 1060
f 869 1060 868
f 1252 1444 1445
f 1252 1445 1253
f 869 1253 1254
f 869 1254 870
f 1062 1446 1445
f 1062 1445 1061
f 870 1062 1061
f 870 1061 869
f 1253 1445 1446
f 1253 1446 1254
f 870 1254 1255
f 870 1255 871
f 1063 1447 1446
f 1063 1446 1062
f 871 1063 1062
f 871 1062 870
f 1254 1446 1447
f 1254 1447 1255
f 871 1255 1256
f 871 1256 872
f 1064 1448 1447
f 1064 1447 1063
f 872 1064 1063
f 872 1063 871
f 1255 1447 1448
f 1255 1448 1256
f 872 1256 1257
f 872 1257 873
f 1065 1449 1448
f 1065 1448 1064
f 873 1065 1064
f 873 1064 872
f 1256 1448 1449
f 1256 1449 1257
f 873 1257 1258
f 873 1258 874
f 1066 1450 1449
f 1066 1449 1065
f 874 1066 1065
f 874 1065 873
f 1257 1449 1450
f 1257 1450 1258
f 874 1258 1259
f 874 1259 875
f 1067 1451 1450
f 1067 1450 1066
f 875 1067 1066
f 875 1066 874
f 1258 1450 1451
f 1258 1451 1259
f 875 1259 1260
f 875 1260 876
f 1068 1452 1451
f 1068 1451 1067
f 876 1068 1067
f 876 1067 875
f 1259 1451 1452
f 1259 1452 1260
f 876 1260 1261
f 876 1261 877
f 1069 1453 1452
f 1069 1452 1068
f 877 1069 1068
f 877 1068 876
f 1260 1452 1453
f 1260 1453 1261
f 877 1261 1262
f 877 1262 878
f 1070 1454 1453
f 1070 1453 1069
f 878 1070 1069
f 878 1069 877
f 1261 1453 1454
f 1261 1454 1262
f 878 1262 1263
f 878 1263 879
f 1071 1455 1454
f 1071 1454 1070
f 879 1071 1070
f 879 1070 878
f 1262 1454 1455
f 1262 1455 1263
f 879 1263 1264
f 879 1264 880
f 1072 1456 1455
f 1072 1455 1071
f 880 1072 1071
f 880 1071 879
f 1263 1455 1456
f 1263 1456 1264
f 880 1264 1265
f 880 1265 881
f 1073 1457 1456
f 1073 1456 1072
f 881 1073 1072
f 881 1072 880
f 1264 1456 1457
f 1264 1457 1265
f 881 1265 1266
f 881 1266 882
f 1074 1458 1457
f 1074 1457 1073
f 882 1074 1073
f 882 1073 881
f 1265 1457 1458
f 1265 1458 1266
f 882 1266 1267
f 882 1267 883
f 1075 1459 1458
f 1075 1458 1074
f 883 1075 1074
f 883 1074 882
f 1266 1458 1459
f 1266 1459 1267
f 883 1267 1268
f 883 1268 884
f 1076 1460 1459
f 1076 1459 1075
f 884 1076 1075
f 884 1075 883
f 1267 1459 1460
f 1267 1460 1268
f 884 1268 1269
f 884 1269 885
f 1077 1461 1460
f 1077 1460 1076
f 885 1077 1076
f 885 1076 884
f 1268 1460 1461
f 1268 1461 1269
f 885 1269 1270
f 885 1270 886
f 1078 1462 1461
f 1078 1461 1077
f 886 1078 1077
f 886 1077 885
f 1269 1461 1462
f 1269 1462 1270
f 886 1270 1271
f 886 1271 887
f 1079 1463 1462
f 1079 1462 1078
f 887 1079 1078
f 887 1078 886
f 1270 1462 1463
f 1270 1463 1271
f 887 1271 1272
f 887 1272 888
f 1080 1464 1463
f 1080 1463 1079
f 888 1080 1079
f 888 1079 887
f 1271 1463 1464
f 1271 1464 1272
f 888 1272 1273
f 888 1273 889
f 1081 1465 1464
f 1081 1464 1080
f 889 1081 1080
f 889 1080 888
f 1272 1464 1465
f 1272 1465 1273
f 889 1273 1274
f 889 1274 890
f 1082 1466 1465
f 1082 1465 1081
f 890 1082 1081
f 890 1081 889
f 1273 1465 1466
f 1273 1466 1274
f 890 1274 1275
f 890 1275 891
f 1083 1467 1466
f 1083 1466 1082
f 891 1083 1082
f 891 1082 890
f 1274 1466 1467
f 1274 1467 1275
f 891 1275 1276
f 891 1276 892
f 1084 1468 1467
f 1084 1467 1083
f 892 1084 1083
f 892 1083 891
f 1275 1467 1468
f 1275 1468 1276
f 892 1276 1277
f 892 1277 893
f 1085 1469 1468
f 1085 1468 1084
f 893 1085 1084
f 893 1084 892
f 1276 1468 1469
f 1276 1469 1277
f 893 1277 1278
f 893 1278 894
f 1086 1470 1469
f 1086 1469 1085
f 894 1086 1085
f 894 1085 893
f 1277 1469 1470
f 1277 1470 1278
f 894 1278 1279
f 894 1279 895
f 1087 1471 1470
f 1087 1470 1086
f 895 1087 1086
f 895 1086 894
f 1278 1470 1471
f 1278 1471 1279
f 895 1279 1280
f 895 1280 896
f 1088 1472 1471
f 1088 1471 1087
f 896 1088 1087
f 896 1087 895
f 1279 1471 1472
f 1279 1472 1280
f 896 1280 1281
f 896 1281 897
f 1089 1473 1472
f 1089 1472 1088
f 897 1089 1088
f 897 1088 896
f 1280 1472 1473
f 1280 1473 1281
f 897 1281 1282
f 897 1282 898
f 1090 1474 1473
f 1090 1473 1089
f 898 1090 1089
f 898 1089 897
f 1281 1473 1474
f 1281 1474 1282
f 898 1282 1283
f 898 1283 899
f 1091 1475 1474
f 1091 1474 1090
f 899 1091 1090
f 899 1090 898
f 1282 1474 1475
f 1282 1475 1283
f 899 1283 1284
f 899 1284 900
f 1092 1476 1475
f 1092 1475 1091
f 900 1092 1091
f 900 1091 899
f 1283 1475 1476
f 1283 1476 1284
f 900 1284 1285
f 900 1285 901
f 1093 1477 1476
f 1093 1476 1092
f 901 1093 1092
f 901 1092 900
f 1284 1476 1477
f 1284 1477 1285
f 901 1285 1286
f 901 1286 902
f 1094 1478 1477
f 1094 1477 1093
f 902 1094 1093
f 902 1093 901
f 1285 1477 1478
f 1285 1478 1286
f 902 1286 1287
f 902 1287 903
f 1095 1479 1478
f 1095 1478 1094
f 903 1095 1094
f 903 1094 902
f 1286 1478 1479
f 1286 1479 1287
f 903 1287 1288
f 903 1288 904
f 1096 1480 1479
f 1096 1479 1095
f 904 1096 1095
f 904 1095 903
f 1287 1479 1480
f 1287 1480 1288
f 904 1288 1289
f 904 1289 905
f 1097 1481 1480
f 1097 1480 1096
f 905 1097 1096
f 905 1096 904
f 1288 1480 1481
f 1288 1481 1289
f 905 1289 1290
f 905 1290 906
f 1098 1482 1481
f 1098 1481 1097
f 906 1098 1097
f 906 1097 905
f 1289 1481 1482
f 1289 1482 1290
f 906 1290 1291
f 906 1291 907
f 1099 1483 1482
f 1099 1482 1098
f 907 1099 1098
f 907 1098 906
f 1290 1482 1483
f 1290 1483 1291
f 907 1291 1292
f 907 1292 908
f 1100 1484 1483
f 1100 1483 1099
f 908 1100 1099
f 908 1099 907
f 1291 1483 1484
f 1291 1484 1292
f 908 1292 1293
f 908 1293 909
f 1101 1485 1484
f 1101 1484 1100
f 909 1101 1100
f 909 1100 908
f 1292 1484 1485
f 1292 1485 1293
f 909 1293 1294
f 909 1294 910
f 1102 1486 1485
f 1102 1485 1101
f 910 1102 1101
f 910 1101 909
f 1293 1485 1486
f 1293 1486 1294
f 910 1294 1295
f 910 1295 911
f 1103 1487 1486
f 1103 1486 1102
f 911 1103 1102
f 911 1102 910
f 1294 1486 1487
f 1294 1487 1295
f 911 1295 1296
f 911 1296 912
f 1104 1488 1487
f 1104 1487 1103
f 912 1104 1103
f 912 1103 911
f 1295 1487 1488
f 1295 1488 1296
f 912 1296 1297
f 912 1297 913
f 1105 1489 1488
f 1105 1488 1104
f 913 1105 1104
f 913 1104 912
f 1296 1488 1489
f 1296 1489 1297
f 913 1297 1298
f 913 1298 914
f 1106 1490 1489
f 1106 1489 1105
f 914 1106 1105
f 914 1105 913
f 1297 1489 1490
f 1297 1490 1298
f 914 1298 1299
f 914 1299 915
f 1107 1491 1490
f 1107 1490 1106
f 915 1107 1106
f 915 1106 914
f 1298 1490 1491
f 1298 1491 1299
f 915 1299 1300
f 915 1300 916
f 1108 1492 1491
f 1108 1491 1107
f 916 1108 1107
f 916 1107 915
f 1299 1491 1492
f 1299 1492 1300
f 916 1300 1301
f 916 1301 917
f 1109 1493 1492
f 1109 1492 1108
f 917 1109 1108
f 917 1108 916
f 1300 1492 1493
f 1300 1493 1301
f 917 1301 1302
f 917 1302 918
f 1110 1494 1493
f 1110 1493 1109
f 918 1110 1109
f 918 1109 917
f 1301 1493 1494
f 1301 1494 1302
f 918 1302 1303
f 918 1303 919
f 1111 1495 1494
f 1111 1494 1110
f 919 1111 1110
f 919 1110 918
f 1302 1494 1495
f 1302 1495 1303
f 919 1303 1304
f 919 1304 920
f 1112 1496 1495
f 1112 1495 1111
f 920 1112 1111
f 920 1111 919
f 1303 1495 1496
f 1303 1496 1304
f 920 1304 1305
f 920 1305 921
f 1113 1497 1496
f 1113 1496 1112
f 921 1113 1112
f 921 1112 920
f 1304 1496 1497
f 1304 1497 1305
f 921 1305 1306
f 921 1306 922
f 1114 1498 1497
f 1114 1497 1113
f 922 1114 1113
f 922 1113 921
f 1305 1497 1498
f 1305 1498 1306
f 922 1306 1307
f 922 1307 923
f 1115 1499 1498
f 1115 1498 1114
f 923 1115 1114
f 923 1114 922
f 1306 1498 1499
f 1306 1499 1307
f 923 1307 1308
f 923 1308 924
f 1116 1500 1499
f 1116 1499 1115
f 924 1116 1115
f 924 1115 923
f 1307 1499 1500
f 1307 1500 1308
f 924 1308 1309
f 924 1309 925
f 1117 1501 1500
f 1117 1500 1116
f 925 1117 1116
f 925 1116 924
f 1308 1500 1501
f 1308 1501 1309
f 925 1309 1310
f 925 1310 926
f 1118 1502 1501
f 1118 1501 1117
f 926 1118 1117
f 926 1117 925
f 1309 1501 1502
f 1309 1502 1310
f 926 1310 1311
f 926 1311 927
f 1119 1503 1502
f 1119 1502 1118
f 927 1119 1118
f 927 1118 926
f 1310 1502 1503
f 1310 1503 1311
f 927 1311 1312
f 927 1312 928
f 1120 1504 1503
f 1120 1503 1119
f 928 1120 1119
f 928 1119 927
f 1311 1503 1504
f 1311 1504 1312
f 928 1312 1313
f 928 1313 929
f 1121 1505 1504
f 1121 1504 1120
f 929 1121 1120
f 929 1120 928
f 1312 1504 1505
f 1312 1505 1313
f 929 1313 1314
f 929 1314 930
f 1122 1506 1505
f 1122 1505 1121
f 930 1122 1121
f 930 1121 929
f 1313 1505 1506
f 1313 1506 1314
f 930 1314 1315
f 930 1315 931
f 1123 1507 1506
f 1123 1506 1122
f 931 1123 1122
f 931 1122 930
f 1314 1506 1507
f 1314 1507 1315
f 931 1315 1316
f 931 1316 932
f 1124 1508 1507
f 1124 1507 1123
f 932 1124 1123
f 932 1123 931
f 1315 1507 1508
f 1315 1508 1316
f 932 1316 1317
f 932 1317 933
f 1125 1509 1508
f 1125 1508 1124
f 933 1125 1124
f 933 1124 932
f 1316 1508 1509
f 1316 1509 1317
f 933 1317 1318
f 933 1318 934
f 1126 1510 1509
f 1126 1509 1125
f 934 1126 1125
f 934 1125 933
f 1317 1509 1510
f 1317 1510 1318
f 934 1318 1319
f 934 1319 935
f 1127 1511 1510
f 1127 1510 1126
f 935 1127 1126
f 935 1126 934
f 1318 1510 1511
f 1318 1511 1319
f 935 1319 1320
f 935 1320 936
f 1128 1512 1511
f 1128 1511 1127
f 936 1128 1127
f 936 1127 935
f 1319 1511 1512
f 1319 1512 1320
f 936 1320 1321
f 936 1321 937
f 1129 1513 1512
f 1129 1512 1128
f 937 1129 1128
f 937 1128 936
f 1320 1512 1513
f 1320 1513 1321
f 937 1321 1322
f 937 1322 938
f 1130 1514 1513
f 1130 1513 1129
f 938 1130 1129
f 938 1129 937
f 1321 1513 1514
f 1321 1514 1322
f 938 1322 1323
f 938 1323 939
f 1131 1515 1514
f 1131 1514 1130
f 939 1131 1130
f 939 1130 938
f 1322 1514 1515
f 1322 1515 1323
f 939 1323 1324
f 939 1324 940
f 1132 1516 1515
f 1132 1515 1131
f 940 1132 1131
f 940 1131 939
f 1323 1515 1516
f 1323 1516 1324
f 940 1324 1325
f 940 1325 941
f 1133 1517 1516
f 1133 1516 1132
f 941 1133 1132
f 941 1132 940
f 1324 1516 1517
f 1324 1517 1325
f 941 1325 1326
f 941 1326 942
f 1134 1518 1517
f 1134 1517 1133
f 942 1134 1133
f 942 1133 941
f 1325 1517 1518
f 1325 1518 1326
f 942 1326 1327
f 942 1327 943
f 1135 1519 1518
f 1135 1518 1134
f 943 1135 1134
f 943 1134 942
f 1326 1518 1519
f 1326 1519 1327
f 943 1327 1328
f 943 1328 944
f 1136 1520 1519
f 1136 1519 1135
f 944 1136 1135
f 944 1135 943
f 1327 1519 1520
f 1327 1520 1328
f 944 1328 1329
f 944 1329 945
f 1137 1521 1520
f 1137 1520 1136
f 945 1137 1136
f 945 1136 944
f 1328 1520 1521
f 1328 1521 1329
f 945 1329 1330
f 945 1330 946
f 1138 1522 1521
f 1138 1521 1137
f 946 1138 1137
f 946 1137 945
f 1329 1521 1522
f 1329 1522 1330
f 946 1330 1331
f 946 1331 947
f 1139 1523 1522
f 1139 1522 1138
f 947 1139 1138
f 947 1138 946
f 1330 1522 1523
f 1330 1523 1331
f 947 1331 1332
f 947 1332 948
f 1140 1524 1523
f 1140 1523 1139
f 948 1140 1139
f 948 1139 947
f 1331 1523 1524
f 1331 1524 1332
f 948 1332 1333
f 948 1333 949
f 1141 1525 1524
f 1141 1524 1140
f 949 1141 1140
f 949 1140 948
f 1332 1524 1525
f 1332 1525 1333
f 949 1333 1334
f 949 1334 950
f 1142 1526 1525
f 1142 1525 1141
f 950 1142 1141
f 950 1141 949
f 1333 1525 1526
f 1333 1526 1334
f 950 1334 1335
f 950 1335 951
f 1143 1527 1526
f 1143 1526 1142
f 951 1143 1142
f 951 1142 950
f 1334 1526 1527
f 1334 1527 1335
f 951 1335 1336
f 951 1336 952
f 1144 1528 1527
f 1144 1527 1143
f 952 1144 1143
f 952 1143 951
f 1335 1527 1528
f 1335 1528 1336
f 952 1336 1337
f 952 1337 953
f 1145 1529 1528
f 1145 1528 1144
f 953 1145 1144
f 953 1144 952
f 1336 1528 1529
f 1336 1529 1337
f 953 1337 1338
f 953 1338 954
f 1146 1530 1529
f 1146 1529 1145
f 954 1146 1145
f 954 1145 953
f 1337 1529 1530
f 1337 1530 1338
f 954 1338 1339
f 954 1339 955
f 1147 1531 1530
f 1147 1530 1146
f 955 1147 1146
f 955 1146 954
f 1338 1530 1531
f 1338 1531 1339
f 955 1339 1340
f 955 1340 956
f 1148 1532 1531
f 1148 1531 1147
f 956 1148 1147
f 956 1147 955
f 1339 1531 1532
f 1339 1532 1340
f 956 1340 1341
f 956 1341 957
f 1149 1533 1532
f 1149 1532 1148
f 957 1149 1148
f 957 1148 956
f 1340 1532 1533
f 1340 1533 1341
f 957 1341 1342
f 957 1342 958
f 1150 1534 1533
f 1150 1533 1149
f 958 1150 1149
f 958 1149 957
f 1341 1533 1534
f 1341 1534 1342
f 958 1342 1343
f 958 1343 959
f 1151 1535 1534
f 1151 1534 1150
f 959 1151 1150
f 959 1150 958
f 1342 1534 1535
f 1342 1535 1343
f 959 1343 1344
f 959 1344 960
f 1152 1536 1535
f 1152 1535 1151
f 960 1152 1151
f 960 1151 959
f 1343 1535 1536
f 1343 1536 1344
f 960 1344 1345
f 960 1345 961
f 1153 1537 1536
f 1153 1536 1152
f 961 1153 1152
f 961 1152 960
f 1344 1536 1537
f 1344 1537 1345
f 961 1345 1346
f 961 1346 962
f 1154 1538 1537
f 1154 1537 1153
f 962 1154 1153
f 962 1153 961
f 1345 1537 1538
f 1345 1538 1346
f 962 1346 1347
f 962 1347 963
f 1155 1539 1538
f 1155 1538 1154
f 963 1155 1154
f 963 1154 962
f 1346 1538 1539
f 1346 1539 1347
f 963 1347 1348
f 963 1348 964
f 1156 1540 1539
f 1156 1539 1155
f 964 1156 1155
f 964 1155 963
f 1347 1539 1540
f 1347 1540 1348
f 964 1348 1349
f 964 1349 965
f 1157 1541 1540
f 1157 1540 1156
f 965 1157 1156
f 965 1156 964
f 1348 1540 1541
f 1348 1541 1349
f 965 1349 1350
f 965 1350 966
f 1158 1542 1541
f 1158 1541 1157
f 966 1158 1157
f 966 1157 965
f 1349 1541 1542
f 1349 1542 1350
f 966 1350 1351
f 966 1351 967
f 1159 1543 1542
f 1159 1542 1158
f 967 1159 1158
f 967 1158 966
f 1350 1542 1543
f 1350 1543 1351
f 967 1351 1352
f 967 1352 968
f 1160 1544 1543
f 1160 1543 1159
f 968 1160 1159
f 968 1159 967
f 1351 1543 1544
f 1351 1544 1352
f 968 1352 1353
f 968 1353 969
f 1161 1545 1544
f 1161 1544 1160
f 969 1161 1160
f 969 1160 968
f 1352 1544 1545
f 1352 1545 1353
f 969 1353 1354
f 969 1354 970
f 1162 1546 1545
f 1162 1545 1161
f 970 1162 1161
f 970 1161 969
f 1353 1545 1546
f 1353 1546 1354
f 970 1354 1355
f 970 1355 971
f 1163 1547 1546
f 1163 1546 1162
f 971 1163 1162
f 971 1162 970
f 1354 1546 1547
f 1354 1547 1355
f 971 1355 1356
f 971 1356 972
f 1164 1548 1547
f 1164 1547 1163
f 972 1164 1163
f 972 1163 971
f 1355 1547 1548
f 1355 1548 1356
f 972 1356 1357
f 972 1357 973
f 1165 1549 1548
f 1165 1548 1164
f 973 1165 1164
f 973 1164 972
f 1356 1548 1549
f 1356 1549 1357
f 973 1357 1358
f 973 1358 974
f 1166 1550 1549
f 1166 1549 1165
f 974 1166 1165
f 974 1165 973
f 1357 1549 1550
f 1357 1550 1358
f 974 1358 1359
f 974 1359 975
f 1167 1551 1550
f 1167 1550 1166
f 975 1167 1166
f 975 1166 974
f 1358 1550 1551
f 1358 1551 1359
f 975 1359 1360
f 975 1360 976
f 1168 1552 1551
f 1168 1551 1167
f 976 1168 1167
f 976 1167 975
f 1359 1551 1552
f 1359 1552 1360
f 976 1360 1361
f 976 1361 977
f 1169 1553 1552
f 1169 1552 1168
f 977 1169 1168
f 977 1168 976
f 1360 1552 1553
f 1360 1553 1361
f 977 1361 1362
f 977 1362 978
f 1170 1554 1553
f 1170 1553 1169
f 978 1170 1169
f 978 1169 977
f 1361 1553 1554
f 1361 1554 1362
f 978 1362 1363
f 978 1363 979
f 1171 1555 1554
f 1171 1554 1170
f 979 1171 1170
f 979 1170 978
f 1362 1554 1555
f 1362 1555 1363
f 979 1363 1364
f 979 1364 980
f 1172 1556 1555
f 1172 1555 1171
f 980 1172 1171
f 980 1171 979
f 1363 1555 1556
f 1363 1556 1364
f 980 1364 1365
f 980 1365 981
f 1173 1557 1556
f 1173 1556 1172
f 981 1173 1172
f 981 1172 980
f 1364 1556 1557
f 1364 1557 1365
f 981 1365 1366
f 981 1366 982
f 1174 1558 1557
f 1174 1557 1173
f 982 1174 1173
f 982 1173 981
f 1365 1557 1558
f 1365 1558 1366
f 982 1366 1367
f 982 1367 983
f 1175 1559 1558
f 1175 1558 1174
f 983 1175 1174
f 983 1174 982
f 1366 1558 1559
f 1366 1559 1367
f 983 1367 1368
f 983 1368 984
f 1176 1560 1559
f 1176 1559 1175
f 984 1176 1175
f 984 1175 983
f 1367 1559 1560
f 1367 1560 1368
f 984 1368 1369
f 984 1369 985
f 1177 1561 1560
f 1177 1560 1176
f 985 1177 1176
f 985 1176 984
f 1368 1560 1561
f 1368 1561 1369
f 985 1369 1370
f 985 1370 986
f 1178 1562 1561
f 1178 1561 1177
f 986 1178 1177
f 986 1177 985
f 1369 1561 1562
f 1369 1562 1370
f 986 1370 1371
f 986 1371 987
f 1179 1563 1562
f 1179 1562 1178
f 987 1179 1178
f 987 1178 986
f 1370 1562 1563
f 1370 1563 1371
f 987 1371 1372
f 987 1372 988
f 1180 1564 1563
f 1180 1563 1179
f 988 1180 1179
f 988 1179 987
f 1371 1563 1564
f 1371 1564 1372
f 988 1372 1373
f 988 1373 989
f 1181 1565 1564
f 1181 1564 1180
f 989 1181 1180
f 989 1180 988
f 1372 1564 1565
f 1372 1565 1373
f 989 1373 1374
f 989 1374 990
f 1182 1566 1565
f 1182 1565 1181
f 990 1182 1181
f 990 1181 989
f 1373 1565 1566
f 1373 1566 1374
f 990 1374 1375
f 990 1375 991
f 1183 1567 1566
f 1183 1566 1182
f 991 1183 1182
f 991 1182 990
f 1374 1566 1567
f 1374 1567 1375
f 991 1375 1376
f 991 1376 992
f 1184 1568 1567
f 1184 1567 1183
f 992 1184 1183
f 992 1183 991
f 1375 1567 1568
f 1375 1568 1376
f 992 1376 1377
f 992 1377 993
f 1185 1569 1568
f 1185 1568 1184
f 993 1185 1184
f 993 1184 992
f 1376 1568 1569
f 1376 1569 1377
f 993 1377 1378
f 993 1378 994
f 1186 1570 1569
f 1186 1569 1185
f 994 1186 1185
f 994 1185 993
f 1377 1569 1570
f 1377 1570 1378
f 994 1378 1379
f 994 1379 995
f 1187 1571 1570
f 1187 1570 1186
f 995 1187 1186
f 995 1186 994
f 1378 1570 1571
f 1378 1571 1379
f 995 1379 1380
f 995 1380 996
f 1188 1572 1571
f 1188 1571 1187
f 996 1188 1187
f 996 1187 995
f 1379 1571 1572
f 1379 1572 1380
f 996 1380 1381
f 996 1381 997
f 1189 1573 1572
f 1189 1572 1188
f 997 1189 1188
f 997 1188 996
f 1380 1572 1573
f 1380 1573 1381
f 997 1381 1382
f 997 1382 998
f 1190 1574 1573
f 1190 1573 1189
f 998 1190 1189
f 998 1189 997
f 1381 1573 1574
f 1381 1574 1382
f 998 1382 1383
f 998 1383 999
f 1191 1575 1574
f 1191 1574 1190
f 999 1191 1190
f 999 1190 998
f 1382 1574 1575
f 1382 1575 1383
f 999 1383 1384
f 999 1384 1000
f 1192 1576 1575
f 1192 1575 1191
f 1000 1192 1191
f 1000 1191 999
f 1383 1575 1576
f 1383 1576 1384
f 1000 1384 1385
f 1000 1385 1001
f 1193 1577 1576
f 1193 1576 1192
f 1001 1193 1192
f 1001 1192 1000
f 1384 1576 1577
f 1384 1577 1385
f 1001 1385 1386
f 1001 1386 1002
f 1194 1578 1577
f 1194 1577 1193
f 1002 1194 1193
f 1002 1193 1001
f 1385 1577 1578
f 1385 1578 1386
f 1002 1386 1387
f 1002 1387 1003
f 1195 1579 1578
f 1195 1578 1194
f 1003 1195 1194
f 1003 1194 1002
f 1386 1578 1579
f 1386 1579 1387
f 1003 1387 1388
f 1003 1388 1004
f 1196 1580 1579
f 1196 1579 1195
f 1004 1196 1195
f 1004 1195 1003
f 1387 1579 1580
f 1387 1580 1388
f 1004 1388 1389
f 1004 1389 1005
f 1197 1581 1580
f 1197 1580 1196
f 1005 1197 1196
f 1005 1196 1004
f 1388 1580 1581
f 1388 1581 1389
f 1005 1389 1390
f 1005 1390 1006
f 1198 1582 1581
f 1198 1581 1197
f 1006 1198 1197
f 1006 1197 1005
f 1389 1581 1582
f 1389 1582 1390
f 1006 1390 1391
f 1006 1391 1007
f 1199 1583 1582
f 1199 1582 1198
f 1007 1199 1198
f 1007 1198 1006
f 1390 1582 1583
f 1390 1583 1391
f 1007 1391 1392
f 1007 1392 1008
f 1200 1584 1583
f 1200 1583 1199
f 1008 1200 1199
f 1008 1199 1007
f 1391 1583 1584
f 1391 1584 1392
f 1008 1392 1393
f 1008 1393 1009
f 1201 1585 1584
f 1201 1584 1200
f 1009 1201 1200
f 1009 1200 1008
f 1392 1584 1585
f 1392 1585 1393
f 1009 1393 1394
f 1009 1394 1010
f 1202 1586 1585
f 1202 1585 1201
f 1010 1202 1201
f 1010 1201 1009
f 1393 1585 1586
f 1393 1586 1394
f 1010 1394 1395
f 1010 1395 1011
f 1203 1587 1586
f 1203 1586 1202
f 1011 1203 1202
f 1011 1202 1010
f 1394 1586 1587
f 1394 1587 1395
f 1011 1395 1396
f 1011 1396 1012
f 1204 1588 1587
f 1204 1587 1203
f 1012 1204 1203
f 1012 1203 1011
f 1395 1587 1588
f 1395 1588 1396
f 1012 1396 1397
f 1012 1397 1013
f 1205 1589 1588
f 1205 1588 1204
f 1013 1205 1204
f 1013 1204 1012
f 1396 1588 1589
f 1396 1589 1397
f 1013 1397 1398
f 1013 1398 1014
f 1206 1590 1589
f 1206 1589 1205
f 1014 1206 1205
f 1014 1205 1013
f 1397 1589 1590
f 1397 1590 1398
f 1014 1398 1399
f 1014 1399 1015
f 1207 1591 1590
f 1207 1590 1206
f 1015 1207 1206
f 1015 1206 1014
f 1398 1590 1591
f 1398 1591 1399
f 1015 1399 1400
f 1015 1400 1016
f 1208 1592 1591
f 1208 1591 1207
f 1016 1208 1207
f 1016 1207 1015
f 1399 1591 1592
f 1399 1592 1400
f 1016 1400 1401
f 1016 1401 1017
f 1209 1593 1592
f 1209 1592 1208
f 1017 1209 1208
f 1017 1208 1016
f 1400 1592 1593
f 1400 1593 1401
f 1017 1401 1402
f 1017 1402 1018
f 1210 1594 1593
f 1210 1593 1209
f 1018 1210 1209
f 1018 1209 1017
f 1401 1593 1594
f 1401 1594 1402
f 1018 1402 1403
f 1018 1403 1019
f 1211 1595 1594
f 1211 1594 1210
f 1019 1211 1210
f 1019 1210 1018
f 1402 1594 1595
f 1402 1595 1403
f 1019 1403 1404
f 1019 1404 1020
f 1212 1596 1595
f 1212 1595 1211
f 1020 1212 1211
f 1020 1211 1019
f 1403 1595 1596
f 1403 1596 1404
f 1020 1404 1405
f 1020 1405 1021
f 1213 1597 1596
f 1213 1596 1212
f 1021 1213 1212
f 1021 1212 1020
f 1404 1596 1597
f 1404 1597 1405
f 1021 1405 1406
f 1021 1406 1022
f 1214 1598 1597
f 1214 1597 1213
f 1022 1214 1213
f 1022 1213 1021
f 1405 1597 1598
f 1405 1598 1406
f 1022 1406 1407
f 1022 1407 1023
f 1215 1599 1598
f 1215 1598 1214
f 1023 1215 1214
f 1023 1214 1022
f 1406 1598 1599
f 1406 1599 1407
f 1023 1407 1408
f 1023 1408 1024
f 1216 1600 1599
f 1216 1599 1215
f 1024 1216 1215
f 1024 1215 1023
f 1407 1599 1600
f 1407 1600 1408
f 1024 1408 1409
f 1024 1409 1025
f 1217 1601 1600
f 1217 1600 1216
f 1025 1217 1216
f 1025 1216 1024
f 1408 1600 1601
f 1408 1601 1409
f 1025 1409 1410
f 1025 1410 1026
f 1218 1602 1601
f 1218 1601 1217
f 1026 1218 1217
f 1026 1217 1025
f 1409 1601 1602
f 1409 1602 1410
f 1026 1410 1411
f 1026 1411 1027
f 1219 1603 1602
f 1219 1602 1218
f 1027 1219 1218
f 1027 1218 1026
f 1410 1602 1603
f 1410 1603 1411
f 1027 1411 1412
f 1027 1412 1028
f 1220 1604 1603
f 1220 1603 1219
f 1028 1220 1219
f 1028 1219 1027
f 1411 1603 1604
f 1411 1604 1412
f 1028 1412 1413
f 1028 1413 1029
f 1221 1605 1604
f 1221 1604 1220
f 1029 1221 1220
f 1029 1220 1028
f 1412 1604 1605
f 1412 1605 1413
f 1029 1413 1414
f 1029 1414 1030
f 1222 1606 1605
f 1222 1605 1221
f 1030 1222 1221
f 1030 1221 1029
f 1413 1605 1606
f 1413 1606 1414
f 1030 1414 1415
f 1030 1415 1031
f 1223 1607 1606
f 1223 1606 1222
f 1031 1223 1222
f 1031 1222 1030
f 1414 1606 1607
f 1414 1607 1415
f 1031 1415 1416
f 1031 1416 1032
f 1224 1608 1607
f 1224 1607 1223
f 1032 1224 1223
f 1032 1223 1031
f 1415 1607 1608
f 1415 1608 1416
f 1032 1416 1417
f 1032 1417 1033
f 1225 1609 1608
f 1225 1608 1224
f 1033 1225 1224
f 1033 1224 1032
f 1416 1608 1609
f 1416 1609 1417
f 1033 1417 1418
f 1033 1418 1034
f 1226 1610 1609
f 1226 1609 1225
f 1034 1226 1225
f 1034 1225 1033
f 1417 1609 1610
f 1417 1610 1418
f 1034 1418 1419
f 1034 1419 1035
f 1227 1611 1610
f 1227 1610 1226
f 1035 1227 1226
f 1035 1226 1034
f 1418 1610 1611
f 1418 1611 1419
f 1035 1419 1420
f 1035 1420 1036
f 1228 1612 1611
f 1228 1611 1227
f 1036 1228 1227
f 1036 1227 1035
f 1419 1611 1612
f 1419 1612 1420
f 1036 1420 1421
f 1036 1421 1037
f 1229 1613 1612
f 1229 1612 1228
f 1037 1229 1228
f 1037 1228 1036
f 1420 1612 1613
f 1420 1613 1421
f 1037 1421 1422
f 1037 1422 1038
f 1230 1614 1613
f 1230 1613 1229
f 1038 1230 1229
f 1038 1229 1037
f 1421 1613 1614
f 1421 1614 1422
f 1038 1422 1423
f 1038 1423 1039
f 1231 1615 1614
f 1231 1614 1230
f 1039 1231 1230
f 1039 1230 1038
f 1422 1614 1615
f 1422 1615 1423
f 1039 1423 1424
f 1039 1424 1040
f 1232 1616 1615
f 1232 1615 1231
f 1040 1232 1231
f 1040 1231 1039
f 1423 1615 1616
f 1423 1616 1424
f 1040 1424 1425
f 1040 1425 1041
f 1233 1617 1616
f 1233 1616 1232
f 1041 1233 1232
f 1041 1232 1040
f 1424 1616 1617
f 1424 1617 1425
f 1041 1425 1426
f 1041 1426 1042
f 1234 1618 1617
f 1234 1617 1233
f 1042 1234 1233
f 1042 1233 1041
f 1425 1617 1618
f 1425 1618 1426
f 1042 1426 1427
f 1042 1427 1043
f 1235 1619 1618
f 1235 1618 1234
f 1043 1235 1234
f 1043 1234 1042
f 1426 1618 1619
f 1426 1619 1427
f 1043 1427 1428
f 1043 1428 1044
f 1236 1620 1619
f 1236 1619 1235
f 1044 1236 1235
f 1044 1235 1043
f 1427 1619 1620
f 1427 1620 1428
f 1044 1428 1429
f 1044 1429 1045
f 1237 1621 1620
f 1237 1620 1236
f 1045 1237 1236
f 1045 1236 1044
f 1428 1620 1621
f 1428 1621 1429
f 1045 1429 1430
f 1045 1430 1046
f 1238 1622 1621
f 1238 1621 1237
f 1046 1238 1237
f 1046 1237 1045
f 1429 1621 1622
f 1429 1622 1430
f 1046 1430 1431
f 1046 1431 1047
f 1239 1623 1622
f 1239 1622 1238
f 1047 1239 1238
f 1047 1238 1046
f 1430 1622 1623
f 1430 1623 1431
f 1047 1431 1432
f 1047 1432 1048
f 1240 1624 1623
f 1240 1623 1239
f 1048 1240 1239
f 1048 1239 1047
f 1431 1623 1624
f 1431 1624 1432
f 1048 1432 1433
f 1048 1433 1049
f 1241 1625 1624
f 1241 1624 1240
f 1049 1241 1240
f 1049 1240 1048
f 1432 1624 1625
f 1432 1625 1433
f 1049 1433 1434
f 1049 1434 1050
f 1242 1626 1625
f 1242 1625 1241
f 1050 1242 1241
f 1050 1241 1049
f 1433 1625 1626
f 1433 1626 1434
f 1050 1434 1435
f 1050 1435 1051
f 1243 1627 1626
f 1243 1626 1242
f 1051 1243 1242
f 1051 1242 1050
f 1434 1626 1627
f 1434 1627 1435
f 1051 1435 1436
f 1051 1436 1052
f 1244 1628 1627
f 1244 1627 1243
f 1052 1244 1243
f 1052 1243 1051
f 1435 1627 1628
f 1435 1628 1436
f 1052 1436 1437
f 1052 1437 1053
f 1245 1629 1628
f 1245 1628 1244
f 1053 1245 1244
f 1053 1244 1052
f 1436 1628 1629
f 1436 1629 1437
f 1053 1437 1438
f 1053 1438 1054
f 1246 1630 1629
f 1246 1629 1245
f 1054 1246 1245
f 1054 1245 1053
f 1437 1629 1630
f 1437 1630 1438
f 1054 1438 1439
f 1054 1439 1055
f 1247 1631 1630
f 1247 1630 1246
f 1055 1247 1246
f 1055 1246 1054
f 1438 1630 1631
f 1438 1631 1439
f 1055 1439 1440
f 1055 1440 1056
f 1248 1632 1631
f 1248 1631 1247
f 1056 1248 1247
f 1056 1247 1055
f 1439 1631 1632
f 1439 1632 1440
f 1056 1440 1249
f 1056 1249 865
f 1057 1441 1632
f 1057 1632 1248
f 865 1057 1248
f 865 1248 1056
f 1440 1632 1441
f 1440 1441 1249
