# Zoomer visual mesh, local link coordinates in metres
v 0.0224237 0.0000000 0.0025058
v 0.0223545 0.0022001 0.0025058
v 0.0221476 0.0043866 0.0025058
v 0.0218041 0.0065461 0.0025058
v 0.0213262 0.0086652 0.0025058
v 0.0207168 0.0107309 0.0025058
v 0.0199796 0.0127304 0.0025058
v 0.0191193 0.0146514 0.0025058
v 0.0181411 0.0164821 0.0025058
v 0.0170511 0.0182112 0.0025058
v 0.0158559 0.0198281 0.0025058
v 0.0145630 0.0213226 0.0025058
v 0.0131803 0.0226857 0.0025058
v 0.0117163 0.0239090 0.0025058
v 0.0101801 0.0249848 0.0025058
v 0.0085812 0.0259066 0.0025058
v 0.0069293 0.0266687 0.0025058
v 0.0052347 0.0272663 0.0025058
v 0.0035078 0.0276959 0.0025058
v 0.0017593 0.0279547 0.0025058
v 0.0000000 0.0280411 0.0025058
v -0.0017593 0.0279547 0.0025058
v -0.0035078 0.0276959 0.0025058
v -0.0052347 0.0272663 0.0025058
v -0.0069293 0.0266687 0.0025058
v -0.0085812 0.0259066 0.0025058
v -0.0101801 0.0249848 0.0025058
v -0.0117163 0.0239090 0.0025058
v -0.0131803 0.0226857 0.0025058
v -0.0145630 0.0213226 0.0025058
v -0.0158559 0.0198281 0.0025058
v -0.0170511 0.0182112 0.0025058
v -0.0181411 0.0164821 0.0025058
v -0.0191193 0.0146514 0.0025058
v -0.0199796 0.0127304 0.0025058
v -0.0207168 0.0107309 0.0025058
v -0.0213262 0.0086652 0.0025058
v -0.0218041 0.0065461 0.0025058
v -0.0221476 0.0043866 0.0025058
v -0.0223545 0.0022001 0.0025058
v -0.0224237 0.0000000 0.0025058
v -0.0223545 -0.0022001 0.0025058
v -0.0221476 -0.0043866 0.0025058
v -0.0218041 -0.0065461 0.0025058
v -0.0213262 -0.0086652 0.0025058
v -0.0207168 -0.0107309 0.0025058
v -0.0199796 -0.0127304 0.0025058
v -0.0191193 -0.0146514 0.0025058
v -0.0181411 -0.0164821 0.0025058
v -0.0170511 -0.0182112 0.0025058
v -0.0158559 -0.0198281 0.0025058
v -0.0145630 -0.0213226 0.0025058
v -0.0131803 -0.0226857 0.0025058
v -0.0117163 -0.0239090 0.0025058
v -0.0101801 -0.0249848 0.0025058
v -0.0085812 -0.0259066 0.0025058
v -0.0069293 -0.0266687 0.0025058
v -0.0052347 -0.0272663 0.0025058
v -0.0035078 -0.0276959 0.0025058
v -0.0017593 -0.0279547 0.0025058
v -0.0000000 -0.0280411 0.0025058
v 0.0017593 -0.0279547 0.0025058
v 0.0035078 -0.0276959 0.0025058
v 0.0052347 -0.0272663 0.0025058
v 0.0069293 -0.0266687 0.0025058
v 0.0085812 -0.0259066 0.0025058
v 0.0101801 -0.0249848 0.0025058
v 0.0117163 -0.0239090 0.0025058
v 0.0131803 -0.0226857 0.0025058
v 0.0145630 -0.0213226 0.0025058
v 0.0158559 -0.0198281 0.0025058
v 0.0170511 -0.0182112 0.0025058
v 0.0181411 -0.0164821 0.0025058
v 0.0191193 -0.0146514 0.0025058
v 0.0199796 -0.0127304 0.0025058
v 0.0207168 -0.0107309 0.0025058
v 0.0213262 -0.0086652 0.0025058
v 0.0218041 -0.0065461 0.0025058
v 0.0221476 -0.0043866 0.0025058
v 0.0223545 -0.0022001 0.0025058
v 0.0223884 0.0000000 0.0041249
v 0.0223194 0.0021966 0.0041249
v 0.0221127 0.0043797 0.0041249
v 0.0217698 0.0065358 0.0041249
v 0.0212926 0.0086515 0.0041249
v 0.0206842 0.0107140 0.0041249
v 0.0199482 0.0127104 0.0041249
v 0.0190892 0.0146284 0.0041249
v 0.0181126 0.0164562 0.0041249
v 0.0170243 0.0181826 0.0041249
v 0.0158310 0.0197969 0.0041249
v 0.0145401 0.0212891 0.0041249
v 0.0131596 0.0226500 0.0041249
v 0.0116979 0.0238714 0.0041249
v 0.0101641 0.0249455 0.0041249
v 0.0085677 0.0258658 0.0041249
v 0.0069184 0.0266267 0.0041249
v 0.0052265 0.0272234 0.0041249
v 0.0035023 0.0276523 0.0041249
v 0.0017566 0.0279107 0.0041249
v 0.0000000 0.0279970 0.0041249
v -0.0017566 0.0279107 0.0041249
v -0.0035023 0.0276523 0.0041249
v -0.0052265 0.0272234 0.0041249
v -0.0069184 0.0266267 0.0041249
v -0.0085677 0.0258658 0.0041249
v -0.0101641 0.0249455 0.0041249
v -0.0116979 0.0238714 0.0041249
v -0.0131596 0.0226500 0.0041249
v -0.0145401 0.0212891 0.0041249
v -0.0158310 0.0197969 0.0041249
v -0.0170243 0.0181826 0.0041249
v -0.0181126 0.0164562 0.0041249
v -0.0190892 0.0146284 0.0041249
v -0.0199482 0.0127104 0.0041249
v -0.0206842 0.0107140 0.0041249
v -0.0212926 0.0086515 0.0041249
v -0.0217698 0.0065358 0.0041249
v -0.0221127 0.0043797 0.0041249
v -0.0223194 0.0021966 0.0041249
v -0.0223884 0.0000000 0.0041249
v -0.0223194 -0.0021966 0.0041249
v -0.0221127 -0.0043797 0.0041249
v -0.0217698 -0.0065358 0.0041249
v -0.0212926 -0.0086515 0.0041249
v -0.0206842 -0.0107140 0.0041249
v -0.0199482 -0.0127104 0.0041249
v -0.0190892 -0.0146284 0.0041249
v -0.0181126 -0.0164562 0.0041249
v -0.0170243 -0.0181826 0.0041249
v -0.0158310 -0.0197969 0.0041249
v -0.0145401 -0.0212891 0.0041249
v -0.0131596 -0.0226500 0.0041249
v -0.0116979 -0.0238714 0.0041249
v -0.0101641 -0.0249455 0.0041249
v -0.0085677 -0.0258658 0.0041249
v -0.0069184 -0.0266267 0.0041249
v -0.0052265 -0.0272234 0.0041249
v -0.0035023 -0.0276523 0.0041249
v -0.0017566 -0.0279107 0.0041249
v -0.0000000 -0.0279970 0.0041249
v 0.0017566 -0.0279107 0.0041249
v 0.0035023 -0.0276523 0.0041249
v 0.0052265 -0.0272234 0.0041249
v 0.0069184 -0.0266267 0.0041249
v 0.0085677 -0.0258658 0.0041249
v 0.0101641 -0.0249455 0.0041249
v 0.0116979 -0.0238714 0.0041249
v 0.0131596 -0.0226500 0.0041249
v 0.0145401 -0.0212891 0.0041249
v 0.0158310 -0.0197969 0.0041249
v 0.0170243 -0.0181826 0.0041249
v 0.0181126 -0.0164562 0.0041249
v 0.0190892 -0.0146284 0.0041249
v 0.0199482 -0.0127104 0.0041249
v 0.0206842 -0.0107140 0.0041249
v 0.0212926 -0.0086515 0.0041249
v 0.0217698 -0.0065358 0.0041249
v 0.0221127 -0.0043797 0.0041249
v 0.0223194 -0.0021966 0.0041249
v 0.0222827 0.0000000 0.0057389
v 0.0222140 0.0021862 0.0057389
v 0.0220083 0.0043590 0.0057389
v 0.0216670 0.0065049 0.0057389
v 0.0211921 0.0086107 0.0057389
v 0.0205865 0.0106634 0.0057389
v 0.0198540 0.0126503 0.0057389
v 0.0189991 0.0145593 0.0057389
v 0.0180271 0.0163785 0.0057389
v 0.0169439 0.0180967 0.0057389
v 0.0157562 0.0197034 0.0057389
v 0.0144714 0.0211885 0.0057389
v 0.0130974 0.0225431 0.0057389
v 0.0116427 0.0237586 0.0057389
v 0.0101161 0.0248277 0.0057389
v 0.0085272 0.0257437 0.0057389
v 0.0068857 0.0265010 0.0057389
v 0.0052018 0.0270949 0.0057389
v 0.0034858 0.0275217 0.0057389
v 0.0017483 0.0277789 0.0057389
v 0.0000000 0.0278648 0.0057389
v -0.0017483 0.0277789 0.0057389
v -0.0034858 0.0275217 0.0057389
v -0.0052018 0.0270949 0.0057389
v -0.0068857 0.0265010 0.0057389
v -0.0085272 0.0257437 0.0057389
v -0.0101161 0.0248277 0.0057389
v -0.0116427 0.0237586 0.0057389
v -0.0130974 0.0225431 0.0057389
v -0.0144714 0.0211885 0.0057389
v -0.0157562 0.0197034 0.0057389
v -0.0169439 0.0180967 0.0057389
v -0.0180271 0.0163785 0.0057389
v -0.0189991 0.0145593 0.0057389
v -0.0198540 0.0126503 0.0057389
v -0.0205865 0.0106634 0.0057389
v -0.0211921 0.0086107 0.0057389
v -0.0216670 0.0065049 0.0057389
v -0.0220083 0.0043590 0.0057389
v -0.0222140 0.0021862 0.0057389
v -0.0222827 0.0000000 0.0057389
v -0.0222140 -0.0021862 0.0057389
v -0.0220083 -0.0043590 0.0057389
v -0.0216670 -0.0065049 0.0057389
v -0.0211921 -0.0086107 0.0057389
v -0.0205865 -0.0106634 0.0057389
v -0.0198540 -0.0126503 0.0057389
v -0.0189991 -0.0145593 0.0057389
v -0.0180271 -0.0163785 0.0057389
v -0.0169439 -0.0180967 0.0057389
v -0.0157562 -0.0197034 0.0057389
v -0.0144714 -0.0211885 0.0057389
v -0.0130974 -0.0225431 0.0057389
v -0.0116427 -0.0237586 0.0057389
v -0.0101161 -0.0248277 0.0057389
v -0.0085272 -0.0257437 0.0057389
v -0.0068857 -0.0265010 0.0057389
v -0.0052018 -0.0270949 0.0057389
v -0.0034858 -0.0275217 0.0057389
v -0.0017483 -0.0277789 0.0057389
v -0.0000000 -0.0278648 0.0057389
v 0.0017483 -0.0277789 0.0057389
v 0.0034858 -0.0275217 0.0057389
v 0.0052018 -0.0270949 0.0057389
v 0.0068857 -0.0265010 0.0057389
v 0.0085272 -0.0257437 0.0057389
v 0.0101161 -0.0248277 0.0057389
v 0.0116427 -0.0237586 0.0057389
v 0.0130974 -0.0225431 0.0057389
v 0.0144714 -0.0211885 0.0057389
v 0.0157562 -0.0197034 0.0057389
v 0.0169439 -0.0180967 0.0057389
v 0.0180271 -0.0163785 0.0057389
v 0.0189991 -0.0145593 0.0057389
v 0.0198540 -0.0126503 0.0057389
v 0.0205865 -0.0106634 0.0057389
v 0.0211921 -0.0086107 0.0057389
v 0.0216670 -0.0065049 0.0057389
v 0.0220083 -0.0043590 0.0057389
v 0.0222140 -0.0021862 0.0057389
v 0.0221068 0.0000000 0.0073428
v 0.0220387 0.0021690 0.0073428
v 0.0218347 0.0043246 0.0073428
v 0.0214960 0.0064536 0.0073428
v 0.0210249 0.0085427 0.0073428
v 0.0204241 0.0105792 0.0073428
v 0.0196973 0.0125505 0.0073428
v 0.0188492 0.0144444 0.0073428
v 0.0178848 0.0162493 0.0073428
v 0.0168102 0.0179539 0.0073428
v 0.0156319 0.0195479 0.0073428
v 0.0143572 0.0210214 0.0073428
v 0.0129941 0.0223652 0.0073428
v 0.0115508 0.0235712 0.0073428
v 0.0100363 0.0246318 0.0073428
v 0.0084599 0.0255406 0.0073428
v 0.0068314 0.0262919 0.0073428
v 0.0051607 0.0268811 0.0073428
v 0.0034583 0.0273046 0.0073428
v 0.0017345 0.0275597 0.0073428
v 0.0000000 0.0276449 0.0073428
v -0.0017345 0.0275597 0.0073428
v -0.0034583 0.0273046 0.0073428
v -0.0051607 0.0268811 0.0073428
v -0.0068314 0.0262919 0.0073428
v -0.0084599 0.0255406 0.0073428
v -0.0100363 0.0246318 0.0073428
v -0.0115508 0.0235712 0.0073428
v -0.0129941 0.0223652 0.0073428
v -0.0143572 0.0210214 0.0073428
v -0.0156319 0.0195479 0.0073428
v -0.0168102 0.0179539 0.0073428
v -0.0178848 0.0162493 0.0073428
v -0.0188492 0.0144444 0.0073428
v -0.0196973 0.0125505 0.0073428
v -0.0204241 0.0105792 0.0073428
v -0.0210249 0.0085427 0.0073428
v -0.0214960 0.0064536 0.0073428
v -0.0218347 0.0043246 0.0073428
v -0.0220387 0.0021690 0.0073428
v -0.0221068 0.0000000 0.0073428
v -0.0220387 -0.0021690 0.0073428
v -0.0218347 -0.0043246 0.0073428
v -0.0214960 -0.0064536 0.0073428
v -0.0210249 -0.0085427 0.0073428
v -0.0204241 -0.0105792 0.0073428
v -0.0196973 -0.0125505 0.0073428
v -0.0188492 -0.0144444 0.0073428
v -0.0178848 -0.0162493 0.0073428
v -0.0168102 -0.0179539 0.0073428
v -0.0156319 -0.0195479 0.0073428
v -0.0143572 -0.0210214 0.0073428
v -0.0129941 -0.0223652 0.0073428
v -0.0115508 -0.0235712 0.0073428
v -0.0100363 -0.0246318 0.0073428
v -0.0084599 -0.0255406 0.0073428
v -0.0068314 -0.0262919 0.0073428
v -0.0051607 -0.0268811 0.0073428
v -0.0034583 -0.0273046 0.0073428
v -0.0017345 -0.0275597 0.0073428
v -0.0000000 -0.0276449 0.0073428
v 0.0017345 -0.0275597 0.0073428
v 0.0034583 -0.0273046 0.0073428
v 0.0051607 -0.0268811 0.0073428
v 0.0068314 -0.0262919 0.0073428
v 0.0084599 -0.0255406 0.0073428
v 0.0100363 -0.0246318 0.0073428
v 0.0115508 -0.0235712 0.0073428
v 0.0129941 -0.0223652 0.0073428
v 0.0143572 -0.0210214 0.0073428
v 0.0156319 -0.0195479 0.0073428
v 0.0168102 -0.0179539 0.0073428
v 0.0178848 -0.0162493 0.0073428
v 0.0188492 -0.0144444 0.0073428
v 0.0196973 -0.0125505 0.0073428
v 0.0204241 -0.0105792 0.0073428
v 0.0210249 -0.0085427 0.0073428
v 0.0214960 -0.0064536 0.0073428
v 0.0218347 -0.0043246 0.0073428
v 0.0220387 -0.0021690 0.0073428
v 0.0218615 0.0000000 0.0089314
v 0.0217941 0.0021449 0.0089314
v 0.0215923 0.0042766 0.0089314
v 0.0212574 0.0063819 0.0089314
v 0.0207915 0.0084479 0.0089314
v 0.0201974 0.0104618 0.0089314
v 0.0194787 0.0124112 0.0089314
v 0.0186400 0.0142841 0.0089314
v 0.0176863 0.0160689 0.0089314
v 0.0166236 0.0177546 0.0089314
v 0.0154584 0.0193309 0.0089314
v 0.0141979 0.0207880 0.0089314
v 0.0128498 0.0221169 0.0089314
v 0.0114226 0.0233095 0.0089314
v 0.0099249 0.0243584 0.0089314
v 0.0083660 0.0252571 0.0089314
v 0.0067556 0.0260000 0.0089314
v 0.0051035 0.0265827 0.0089314
v 0.0034199 0.0270015 0.0089314
v 0.0017152 0.0272538 0.0089314
v 0.0000000 0.0273381 0.0089314
v -0.0017152 0.0272538 0.0089314
v -0.0034199 0.0270015 0.0089314
v -0.0051035 0.0265827 0.0089314
v -0.0067556 0.0260000 0.0089314
v -0.0083660 0.0252571 0.0089314
v -0.0099249 0.0243584 0.0089314
v -0.0114226 0.0233095 0.0089314
v -0.0128498 0.0221169 0.0089314
v -0.0141979 0.0207880 0.0089314
v -0.0154584 0.0193309 0.0089314
v -0.0166236 0.0177546 0.0089314
v -0.0176863 0.0160689 0.0089314
v -0.0186400 0.0142841 0.0089314
v -0.0194787 0.0124112 0.0089314
v -0.0201974 0.0104618 0.0089314
v -0.0207915 0.0084479 0.0089314
v -0.0212574 0.0063819 0.0089314
v -0.0215923 0.0042766 0.0089314
v -0.0217941 0.0021449 0.0089314
v -0.0218615 0.0000000 0.0089314
v -0.0217941 -0.0021449 0.0089314
v -0.0215923 -0.0042766 0.0089314
v -0.0212574 -0.0063819 0.0089314
v -0.0207915 -0.0084479 0.0089314
v -0.0201974 -0.0104618 0.0089314
v -0.0194787 -0.0124112 0.0089314
v -0.0186400 -0.0142841 0.0089314
v -0.0176863 -0.0160689 0.0089314
v -0.0166236 -0.0177546 0.0089314
v -0.0154584 -0.0193309 0.0089314
v -0.0141979 -0.0207880 0.0089314
v -0.0128498 -0.0221169 0.0089314
v -0.0114226 -0.0233095 0.0089314
v -0.0099249 -0.0243584 0.0089314
v -0.0083660 -0.0252571 0.0089314
v -0.0067556 -0.0260000 0.0089314
v -0.0051035 -0.0265827 0.0089314
v -0.0034199 -0.0270015 0.0089314
v -0.0017152 -0.0272538 0.0089314
v -0.0000000 -0.0273381 0.0089314
v 0.0017152 -0.0272538 0.0089314
v 0.0034199 -0.0270015 0.0089314
v 0.0051035 -0.0265827 0.0089314
v 0.0067556 -0.0260000 0.0089314
v 0.0083660 -0.0252571 0.0089314
v 0.0099249 -0.0243584 0.0089314
v 0.0114226 -0.0233095 0.0089314
v 0.0128498 -0.0221169 0.0089314
v 0.0141979 -0.0207880 0.0089314
v 0.0154584 -0.0193309 0.0089314
v 0.0166236 -0.0177546 0.0089314
v 0.0176863 -0.0160689 0.0089314
v 0.0186400 -0.0142841 0.0089314
v 0.0194787 -0.0124112 0.0089314
v 0.0201974 -0.0104618 0.0089314
v 0.0207915 -0.0084479 0.0089314
v 0.0212574 -0.0063819 0.0089314
v 0.0215923 -0.0042766 0.0089314
v 0.0217941 -0.0021449 0.0089314
v 0.0215473 0.0000000 0.0104998
v 0.0214809 0.0021141 0.0104998
v 0.0212820 0.0042152 0.0104998
v 0.0209519 0.0062902 0.0104998
v 0.0204927 0.0083265 0.0104998
v 0.0199071 0.0103115 0.0104998
v 0.0191988 0.0122329 0.0104998
v 0.0183721 0.0140788 0.0104998
v 0.0174321 0.0158380 0.0104998
v 0.0163847 0.0174995 0.0104998
v 0.0152362 0.0190531 0.0104998
v 0.0139938 0.0204893 0.0104998
v 0.0126652 0.0217991 0.0104998
v 0.0112584 0.0229745 0.0104998
v 0.0097823 0.0240083 0.0104998
v 0.0082458 0.0248941 0.0104998
v 0.0066585 0.0256264 0.0104998
v 0.0050301 0.0262007 0.0104998
v 0.0033707 0.0266134 0.0104998
v 0.0016906 0.0268621 0.0104998
v 0.0000000 0.0269452 0.0104998
v -0.0016906 0.0268621 0.0104998
v -0.0033707 0.0266134 0.0104998
v -0.0050301 0.0262007 0.0104998
v -0.0066585 0.0256264 0.0104998
v -0.0082458 0.0248941 0.0104998
v -0.0097823 0.0240083 0.0104998
v -0.0112584 0.0229745 0.0104998
v -0.0126652 0.0217991 0.0104998
v -0.0139938 0.0204893 0.0104998
v -0.0152362 0.0190531 0.0104998
v -0.0163847 0.0174995 0.0104998
v -0.0174321 0.0158380 0.0104998
v -0.0183721 0.0140788 0.0104998
v -0.0191988 0.0122329 0.0104998
v -0.0199071 0.0103115 0.0104998
v -0.0204927 0.0083265 0.0104998
v -0.0209519 0.0062902 0.0104998
v -0.0212820 0.0042152 0.0104998
v -0.0214809 0.0021141 0.0104998
v -0.0215473 0.0000000 0.0104998
v -0.0214809 -0.0021141 0.0104998
v -0.0212820 -0.0042152 0.0104998
v -0.0209519 -0.0062902 0.0104998
v -0.0204927 -0.0083265 0.0104998
v -0.0199071 -0.0103115 0.0104998
v -0.0191988 -0.0122329 0.0104998
v -0.0183721 -0.0140788 0.0104998
v -0.0174321 -0.0158380 0.0104998
v -0.0163847 -0.0174995 0.0104998
v -0.0152362 -0.0190531 0.0104998
v -0.0139938 -0.0204893 0.0104998
v -0.0126652 -0.0217991 0.0104998
v -0.0112584 -0.0229745 0.0104998
v -0.0097823 -0.0240083 0.0104998
v -0.0082458 -0.0248941 0.0104998
v -0.0066585 -0.0256264 0.0104998
v -0.0050301 -0.0262007 0.0104998
v -0.0033707 -0.0266134 0.0104998
v -0.0016906 -0.0268621 0.0104998
v -0.0000000 -0.0269452 0.0104998
v 0.0016906 -0.0268621 0.0104998
v 0.0033707 -0.0266134 0.0104998
v 0.0050301 -0.0262007 0.0104998
v 0.0066585 -0.0256264 0.0104998
v 0.0082458 -0.0248941 0.0104998
v 0.0097823 -0.0240083 0.0104998
v 0.0112584 -0.0229745 0.0104998
v 0.0126652 -0.0217991 0.0104998
v 0.0139938 -0.0204893 0.0104998
v 0.0152362 -0.0190531 0.0104998
v 0.0163847 -0.0174995 0.0104998
v 0.0174321 -0.0158380 0.0104998
v 0.0183721 -0.0140788 0.0104998
v 0.0191988 -0.0122329 0.0104998
v 0.0199071 -0.0103115 0.0104998
v 0.0204927 -0.0083265 0.0104998
v 0.0209519 -0.0062902 0.0104998
v 0.0212820 -0.0042152 0.0104998
v 0.0214809 -0.0021141 0.0104998
v 0.0211653 0.0000000 0.0120431
v 0.0211001 0.0020766 0.0120431
v 0.0209047 0.0041404 0.0120431
v 0.0205805 0.0061787 0.0120431
v 0.0201294 0.0081789 0.0120431
v 0.0195542 0.0101287 0.0120431
v 0.0188584 0.0120160 0.0120431
v 0.0180464 0.0138292 0.0120431
v 0.0171231 0.0155572 0.0120431
v 0.0160942 0.0171893 0.0120431
v 0.0149661 0.0187154 0.0120431
v 0.0137458 0.0201261 0.0120431
v 0.0124407 0.0214127 0.0120431
v 0.0110589 0.0225673 0.0120431
v 0.0096089 0.0235827 0.0120431
v 0.0080996 0.0244528 0.0120431
v 0.0065404 0.0251721 0.0120431
v 0.0049409 0.0257362 0.0120431
v 0.0033110 0.0261417 0.0120431
v 0.0016606 0.0263859 0.0120431
v 0.0000000 0.0264675 0.0120431
v -0.0016606 0.0263859 0.0120431
v -0.0033110 0.0261417 0.0120431
v -0.0049409 0.0257362 0.0120431
v -0.0065404 0.0251721 0.0120431
v -0.0080996 0.0244528 0.0120431
v -0.0096089 0.0235827 0.0120431
v -0.0110589 0.0225673 0.0120431
v -0.0124407 0.0214127 0.0120431
v -0.0137458 0.0201261 0.0120431
v -0.0149661 0.0187154 0.0120431
v -0.0160942 0.0171893 0.0120431
v -0.0171231 0.0155572 0.0120431
v -0.0180464 0.0138292 0.0120431
v -0.0188584 0.0120160 0.0120431
v -0.0195542 0.0101287 0.0120431
v -0.0201294 0.0081789 0.0120431
v -0.0205805 0.0061787 0.0120431
v -0.0209047 0.0041404 0.0120431
v -0.0211001 0.0020766 0.0120431
v -0.0211653 0.0000000 0.0120431
v -0.0211001 -0.0020766 0.0120431
v -0.0209047 -0.0041404 0.0120431
v -0.0205805 -0.0061787 0.0120431
v -0.0201294 -0.0081789 0.0120431
v -0.0195542 -0.0101287 0.0120431
v -0.0188584 -0.0120160 0.0120431
v -0.0180464 -0.0138292 0.0120431
v -0.0171231 -0.0155572 0.0120431
v -0.0160942 -0.0171893 0.0120431
v -0.0149661 -0.0187154 0.0120431
v -0.0137458 -0.0201261 0.0120431
v -0.0124407 -0.0214127 0.0120431
v -0.0110589 -0.0225673 0.0120431
v -0.0096089 -0.0235827 0.0120431
v -0.0080996 -0.0244528 0.0120431
v -0.0065404 -0.0251721 0.0120431
v -0.0049409 -0.0257362 0.0120431
v -0.0033110 -0.0261417 0.0120431
v -0.0016606 -0.0263859 0.0120431
v -0.0000000 -0.0264675 0.0120431
v 0.0016606 -0.0263859 0.0120431
v 0.0033110 -0.0261417 0.0120431
v 0.0049409 -0.0257362 0.0120431
v 0.0065404 -0.0251721 0.0120431
v 0.0080996 -0.0244528 0.0120431
v 0.0096089 -0.0235827 0.0120431
v 0.0110589 -0.0225673 0.0120431
v 0.0124407 -0.0214127 0.0120431
v 0.0137458 -0.0201261 0.0120431
v 0.0149661 -0.0187154 0.0120431
v 0.0160942 -0.0171893 0.0120431
v 0.0171231 -0.0155572 0.0120431
v 0.0180464 -0.0138292 0.0120431
v 0.0188584 -0.0120160 0.0120431
v 0.0195542 -0.0101287 0.0120431
v 0.0201294 -0.0081789 0.0120431
v 0.0205805 -0.0061787 0.0120431
v 0.0209047 -0.0041404 0.0120431
v 0.0211001 -0.0020766 0.0120431
v 0.0207168 0.0000000 0.0135563
v 0.0206529 0.0020326 0.0135563
v 0.0204617 0.0040527 0.0135563
v 0.0201444 0.0060478 0.0135563
v 0.0197028 0.0080056 0.0135563
v 0.0191398 0.0099140 0.0135563
v 0.0184588 0.0117613 0.0135563
v 0.0176639 0.0135362 0.0135563
v 0.0167602 0.0152275 0.0135563
v 0.0157531 0.0168250 0.0135563
v 0.0146490 0.0183187 0.0135563
v 0.0134545 0.0196995 0.0135563
v 0.0121770 0.0209589 0.0135563
v 0.0108245 0.0220890 0.0135563
v 0.0094052 0.0230829 0.0135563
v 0.0079280 0.0239346 0.0135563
v 0.0064018 0.0246386 0.0135563
v 0.0048362 0.0251908 0.0135563
v 0.0032408 0.0255876 0.0135563
v 0.0016254 0.0258267 0.0135563
v 0.0000000 0.0259066 0.0135563
v -0.0016254 0.0258267 0.0135563
v -0.0032408 0.0255876 0.0135563
v -0.0048362 0.0251908 0.0135563
v -0.0064018 0.0246386 0.0135563
v -0.0079280 0.0239346 0.0135563
v -0.0094052 0.0230829 0.0135563
v -0.0108245 0.0220890 0.0135563
v -0.0121770 0.0209589 0.0135563
v -0.0134545 0.0196995 0.0135563
v -0.0146490 0.0183187 0.0135563
v -0.0157531 0.0168250 0.0135563
v -0.0167602 0.0152275 0.0135563
v -0.0176639 0.0135362 0.0135563
v -0.0184588 0.0117613 0.0135563
v -0.0191398 0.0099140 0.0135563
v -0.0197028 0.0080056 0.0135563
v -0.0201444 0.0060478 0.0135563
v -0.0204617 0.0040527 0.0135563
v -0.0206529 0.0020326 0.0135563
v -0.0207168 0.0000000 0.0135563
v -0.0206529 -0.0020326 0.0135563
v -0.0204617 -0.0040527 0.0135563
v -0.0201444 -0.0060478 0.0135563
v -0.0197028 -0.0080056 0.0135563
v -0.0191398 -0.0099140 0.0135563
v -0.0184588 -0.0117613 0.0135563
v -0.0176639 -0.0135362 0.0135563
v -0.0167602 -0.0152275 0.0135563
v -0.0157531 -0.0168250 0.0135563
v -0.0146490 -0.0183187 0.0135563
v -0.0134545 -0.0196995 0.0135563
v -0.0121770 -0.0209589 0.0135563
v -0.0108245 -0.0220890 0.0135563
v -0.0094052 -0.0230829 0.0135563
v -0.0079280 -0.0239346 0.0135563
v -0.0064018 -0.0246386 0.0135563
v -0.0048362 -0.0251908 0.0135563
v -0.0032408 -0.0255876 0.0135563
v -0.0016254 -0.0258267 0.0135563
v -0.0000000 -0.0259066 0.0135563
v 0.0016254 -0.0258267 0.0135563
v 0.0032408 -0.0255876 0.0135563
v 0.0048362 -0.0251908 0.0135563
v 0.0064018 -0.0246386 0.0135563
v 0.0079280 -0.0239346 0.0135563
v 0.0094052 -0.0230829 0.0135563
v 0.0108245 -0.0220890 0.0135563
v 0.0121770 -0.0209589 0.0135563
v 0.0134545 -0.0196995 0.0135563
v 0.0146490 -0.0183187 0.0135563
v 0.0157531 -0.0168250 0.0135563
v 0.0167602 -0.0152275 0.0135563
v 0.0176639 -0.0135362 0.0135563
v 0.0184588 -0.0117613 0.0135563
v 0.0191398 -0.0099140 0.0135563
v 0.0197028 -0.0080056 0.0135563
v 0.0201444 -0.0060478 0.0135563
v 0.0204617 -0.0040527 0.0135563
v 0.0206529 -0.0020326 0.0135563
v 0.0202030 0.0000000 0.0150348
v 0.0201407 0.0019822 0.0150348
v 0.0199543 0.0039522 0.0150348
v 0.0196448 0.0058978 0.0150348
v 0.0192142 0.0078071 0.0150348
v 0.0186652 0.0096682 0.0150348
v 0.0180010 0.0114697 0.0150348
v 0.0172259 0.0132005 0.0150348
v 0.0163446 0.0148499 0.0150348
v 0.0153625 0.0164078 0.0150348
v 0.0142857 0.0178645 0.0150348
v 0.0131208 0.0192110 0.0150348
v 0.0118750 0.0204391 0.0150348
v 0.0105561 0.0215412 0.0150348
v 0.0091720 0.0225105 0.0150348
v 0.0077314 0.0233410 0.0150348
v 0.0062431 0.0240276 0.0150348
v 0.0047163 0.0245661 0.0150348
v 0.0031604 0.0249531 0.0150348
v 0.0015851 0.0251863 0.0150348
v 0.0000000 0.0252642 0.0150348
v -0.0015851 0.0251863 0.0150348
v -0.0031604 0.0249531 0.0150348
v -0.0047163 0.0245661 0.0150348
v -0.0062431 0.0240276 0.0150348
v -0.0077314 0.0233410 0.0150348
v -0.0091720 0.0225105 0.0150348
v -0.0105561 0.0215412 0.0150348
v -0.0118750 0.0204391 0.0150348
v -0.0131208 0.0192110 0.0150348
v -0.0142857 0.0178645 0.0150348
v -0.0153625 0.0164078 0.0150348
v -0.0163446 0.0148499 0.0150348
v -0.0172259 0.0132005 0.0150348
v -0.0180010 0.0114697 0.0150348
v -0.0186652 0.0096682 0.0150348
v -0.0192142 0.0078071 0.0150348
v -0.0196448 0.0058978 0.0150348
v -0.0199543 0.0039522 0.0150348
v -0.0201407 0.0019822 0.0150348
v -0.0202030 0.0000000 0.0150348
v -0.0201407 -0.0019822 0.0150348
v -0.0199543 -0.0039522 0.0150348
v -0.0196448 -0.0058978 0.0150348
v -0.0192142 -0.0078071 0.0150348
v -0.0186652 -0.0096682 0.0150348
v -0.0180010 -0.0114697 0.0150348
v -0.0172259 -0.0132005 0.0150348
v -0.0163446 -0.0148499 0.0150348
v -0.0153625 -0.0164078 0.0150348
v -0.0142857 -0.0178645 0.0150348
v -0.0131208 -0.0192110 0.0150348
v -0.0118750 -0.0204391 0.0150348
v -0.0105561 -0.0215412 0.0150348
v -0.0091720 -0.0225105 0.0150348
v -0.0077314 -0.0233410 0.0150348
v -0.0062431 -0.0240276 0.0150348
v -0.0047163 -0.0245661 0.0150348
v -0.0031604 -0.0249531 0.0150348
v -0.0015851 -0.0251863 0.0150348
v -0.0000000 -0.0252642 0.0150348
v 0.0015851 -0.0251863 0.0150348
v 0.0031604 -0.0249531 0.0150348
v 0.0047163 -0.0245661 0.0150348
v 0.0062431 -0.0240276 0.0150348
v 0.0077314 -0.0233410 0.0150348
v 0.0091720 -0.0225105 0.0150348
v 0.0105561 -0.0215412 0.0150348
v 0.0118750 -0.0204391 0.0150348
v 0.0131208 -0.0192110 0.0150348
v 0.0142857 -0.0178645 0.0150348
v 0.0153625 -0.0164078 0.0150348
v 0.0163446 -0.0148499 0.0150348
v 0.0172259 -0.0132005 0.0150348
v 0.0180010 -0.0114697 0.0150348
v 0.0186652 -0.0096682 0.0150348
v 0.0192142 -0.0078071 0.0150348
v 0.0196448 -0.0058978 0.0150348
v 0.0199543 -0.0039522 0.0150348
v 0.0201407 -0.0019822 0.0150348
v 0.0196257 0.0000000 0.0164738
v 0.0195652 0.0019256 0.0164738
v 0.0193841 0.0038393 0.0164738
v 0.0190835 0.0057293 0.0164738
v 0.0186652 0.0075840 0.0164738
v 0.0181318 0.0093919 0.0164738
v 0.0174866 0.0111419 0.0164738
v 0.0167337 0.0128233 0.0164738
v 0.0158775 0.0144256 0.0164738
v 0.0149235 0.0159389 0.0164738
v 0.0138775 0.0173540 0.0164738
v 0.0127459 0.0186621 0.0164738
v 0.0115357 0.0198551 0.0164738
v 0.0102544 0.0209257 0.0164738
v 0.0089099 0.0218673 0.0164738
v 0.0075104 0.0226741 0.0164738
v 0.0060647 0.0233410 0.0164738
v 0.0045815 0.0238641 0.0164738
v 0.0030701 0.0242401 0.0164738
v 0.0015398 0.0244666 0.0164738
v 0.0000000 0.0245422 0.0164738
v -0.0015398 0.0244666 0.0164738
v -0.0030701 0.0242401 0.0164738
v -0.0045815 0.0238641 0.0164738
v -0.0060647 0.0233410 0.0164738
v -0.0075104 0.0226741 0.0164738
v -0.0089099 0.0218673 0.0164738
v -0.0102544 0.0209257 0.0164738
v -0.0115357 0.0198551 0.0164738
v -0.0127459 0.0186621 0.0164738
v -0.0138775 0.0173540 0.0164738
v -0.0149235 0.0159389 0.0164738
v -0.0158775 0.0144256 0.0164738
v -0.0167337 0.0128233 0.0164738
v -0.0174866 0.0111419 0.0164738
v -0.0181318 0.0093919 0.0164738
v -0.0186652 0.0075840 0.0164738
v -0.0190835 0.0057293 0.0164738
v -0.0193841 0.0038393 0.0164738
v -0.0195652 0.0019256 0.0164738
v -0.0196257 0.0000000 0.0164738
v -0.0195652 -0.0019256 0.0164738
v -0.0193841 -0.0038393 0.0164738
v -0.0190835 -0.0057293 0.0164738
v -0.0186652 -0.0075840 0.0164738
v -0.0181318 -0.0093919 0.0164738
v -0.0174866 -0.0111419 0.0164738
v -0.0167337 -0.0128233 0.0164738
v -0.0158775 -0.0144256 0.0164738
v -0.0149235 -0.0159389 0.0164738
v -0.0138775 -0.0173540 0.0164738
v -0.0127459 -0.0186621 0.0164738
v -0.0115357 -0.0198551 0.0164738
v -0.0102544 -0.0209257 0.0164738
v -0.0089099 -0.0218673 0.0164738
v -0.0075104 -0.0226741 0.0164738
v -0.0060647 -0.0233410 0.0164738
v -0.0045815 -0.0238641 0.0164738
v -0.0030701 -0.0242401 0.0164738
v -0.0015398 -0.0244666 0.0164738
v -0.0000000 -0.0245422 0.0164738
v 0.0015398 -0.0244666 0.0164738
v 0.0030701 -0.0242401 0.0164738
v 0.0045815 -0.0238641 0.0164738
v 0.0060647 -0.0233410 0.0164738
v 0.0075104 -0.0226741 0.0164738
v 0.0089099 -0.0218673 0.0164738
v 0.0102544 -0.0209257 0.0164738
v 0.0115357 -0.0198551 0.0164738
v 0.0127459 -0.0186621 0.0164738
v 0.0138775 -0.0173540 0.0164738
v 0.0149235 -0.0159389 0.0164738
v 0.0158775 -0.0144256 0.0164738
v 0.0167337 -0.0128233 0.0164738
v 0.0174866 -0.0111419 0.0164738
v 0.0181318 -0.0093919 0.0164738
v 0.0186652 -0.0075840 0.0164738
v 0.0190835 -0.0057293 0.0164738
v 0.0193841 -0.0038393 0.0164738
v 0.0195652 -0.0019256 0.0164738
v 0.0189867 0.0000000 0.0178689
v 0.0189281 0.0018629 0.0178689
v 0.0187529 0.0037142 0.0178689
v 0.0184621 0.0055427 0.0178689
v 0.0180574 0.0073370 0.0178689
v 0.0175414 0.0090861 0.0178689
v 0.0169172 0.0107791 0.0178689
v 0.0161888 0.0124057 0.0178689
v 0.0153605 0.0139558 0.0178689
v 0.0144376 0.0154199 0.0178689
v 0.0134256 0.0167889 0.0178689
v 0.0123308 0.0180544 0.0178689
v 0.0111601 0.0192086 0.0178689
v 0.0099205 0.0202443 0.0178689
v 0.0086198 0.0211552 0.0178689
v 0.0072659 0.0219357 0.0178689
v 0.0058672 0.0225810 0.0178689
v 0.0044323 0.0230871 0.0178689
v 0.0029702 0.0234508 0.0178689
v 0.0014897 0.0236699 0.0178689
v 0.0000000 0.0237431 0.0178689
v -0.0014897 0.0236699 0.0178689
v -0.0029702 0.0234508 0.0178689
v -0.0044323 0.0230871 0.0178689
v -0.0058672 0.0225810 0.0178689
v -0.0072659 0.0219357 0.0178689
v -0.0086198 0.0211552 0.0178689
v -0.0099205 0.0202443 0.0178689
v -0.0111601 0.0192086 0.0178689
v -0.0123308 0.0180544 0.0178689
v -0.0134256 0.0167889 0.0178689
v -0.0144376 0.0154199 0.0178689
v -0.0153605 0.0139558 0.0178689
v -0.0161888 0.0124057 0.0178689
v -0.0169172 0.0107791 0.0178689
v -0.0175414 0.0090861 0.0178689
v -0.0180574 0.0073370 0.0178689
v -0.0184621 0.0055427 0.0178689
v -0.0187529 0.0037142 0.0178689
v -0.0189281 0.0018629 0.0178689
v -0.0189867 0.0000000 0.0178689
v -0.0189281 -0.0018629 0.0178689
v -0.0187529 -0.0037142 0.0178689
v -0.0184621 -0.0055427 0.0178689
v -0.0180574 -0.0073370 0.0178689
v -0.0175414 -0.0090861 0.0178689
v -0.0169172 -0.0107791 0.0178689
v -0.0161888 -0.0124057 0.0178689
v -0.0153605 -0.0139558 0.0178689
v -0.0144376 -0.0154199 0.0178689
v -0.0134256 -0.0167889 0.0178689
v -0.0123308 -0.0180544 0.0178689
v -0.0111601 -0.0192086 0.0178689
v -0.0099205 -0.0202443 0.0178689
v -0.0086198 -0.0211552 0.0178689
v -0.0072659 -0.0219357 0.0178689
v -0.0058672 -0.0225810 0.0178689
v -0.0044323 -0.0230871 0.0178689
v -0.0029702 -0.0234508 0.0178689
v -0.0014897 -0.0236699 0.0178689
v -0.0000000 -0.0237431 0.0178689
v 0.0014897 -0.0236699 0.0178689
v 0.0029702 -0.0234508 0.0178689
v 0.0044323 -0.0230871 0.0178689
v 0.0058672 -0.0225810 0.0178689
v 0.0072659 -0.0219357 0.0178689
v 0.0086198 -0.0211552 0.0178689
v 0.0099205 -0.0202443 0.0178689
v 0.0111601 -0.0192086 0.0178689
v 0.0123308 -0.0180544 0.0178689
v 0.0134256 -0.0167889 0.0178689
v 0.0144376 -0.0154199 0.0178689
v 0.0153605 -0.0139558 0.0178689
v 0.0161888 -0.0124057 0.0178689
v 0.0169172 -0.0107791 0.0178689
v 0.0175414 -0.0090861 0.0178689
v 0.0180574 -0.0073370 0.0178689
v 0.0184621 -0.0055427 0.0178689
v 0.0187529 -0.0037142 0.0178689
v 0.0189281 -0.0018629 0.0178689
v 0.0182879 0.0000000 0.0192157
v 0.0182315 0.0017943 0.0192157
v 0.0180627 0.0035775 0.0192157
v 0.0177826 0.0053387 0.0192157
v 0.0173928 0.0070670 0.0192157
v 0.0168958 0.0087517 0.0192157
v 0.0162946 0.0103824 0.0192157
v 0.0155930 0.0119491 0.0192157
v 0.0147952 0.0134422 0.0192157
v 0.0139062 0.0148524 0.0192157
v 0.0129315 0.0161710 0.0192157
v 0.0118770 0.0173899 0.0192157
v 0.0107493 0.0185016 0.0192157
v 0.0095554 0.0194992 0.0192157
v 0.0083025 0.0203766 0.0192157
v 0.0069985 0.0211284 0.0192157
v 0.0056513 0.0217499 0.0192157
v 0.0042692 0.0222373 0.0192157
v 0.0028609 0.0225877 0.0192157
v 0.0014348 0.0227987 0.0192157
v 0.0000000 0.0228692 0.0192157
v -0.0014348 0.0227987 0.0192157
v -0.0028609 0.0225877 0.0192157
v -0.0042692 0.0222373 0.0192157
v -0.0056513 0.0217499 0.0192157
v -0.0069985 0.0211284 0.0192157
v -0.0083025 0.0203766 0.0192157
v -0.0095554 0.0194992 0.0192157
v -0.0107493 0.0185016 0.0192157
v -0.0118770 0.0173899 0.0192157
v -0.0129315 0.0161710 0.0192157
v -0.0139062 0.0148524 0.0192157
v -0.0147952 0.0134422 0.0192157
v -0.0155930 0.0119491 0.0192157
v -0.0162946 0.0103824 0.0192157
v -0.0168958 0.0087517 0.0192157
v -0.0173928 0.0070670 0.0192157
v -0.0177826 0.0053387 0.0192157
v -0.0180627 0.0035775 0.0192157
v -0.0182315 0.0017943 0.0192157
v -0.0182879 0.0000000 0.0192157
v -0.0182315 -0.0017943 0.0192157
v -0.0180627 -0.0035775 0.0192157
v -0.0177826 -0.0053387 0.0192157
v -0.0173928 -0.0070670 0.0192157
v -0.0168958 -0.0087517 0.0192157
v -0.0162946 -0.0103824 0.0192157
v -0.0155930 -0.0119491 0.0192157
v -0.0147952 -0.0134422 0.0192157
v -0.0139062 -0.0148524 0.0192157
v -0.0129315 -0.0161710 0.0192157
v -0.0118770 -0.0173899 0.0192157
v -0.0107493 -0.0185016 0.0192157
v -0.0095554 -0.0194992 0.0192157
v -0.0083025 -0.0203766 0.0192157
v -0.0069985 -0.0211284 0.0192157
v -0.0056513 -0.0217499 0.0192157
v -0.0042692 -0.0222373 0.0192157
v -0.0028609 -0.0225877 0.0192157
v -0.0014348 -0.0227987 0.0192157
v -0.0000000 -0.0228692 0.0192157
v 0.0014348 -0.0227987 0.0192157
v 0.0028609 -0.0225877 0.0192157
v 0.0042692 -0.0222373 0.0192157
v 0.0056513 -0.0217499 0.0192157
v 0.0069985 -0.0211284 0.0192157
v 0.0083025 -0.0203766 0.0192157
v 0.0095554 -0.0194992 0.0192157
v 0.0107493 -0.0185016 0.0192157
v 0.0118770 -0.0173899 0.0192157
v 0.0129315 -0.0161710 0.0192157
v 0.0139062 -0.0148524 0.0192157
v 0.0147952 -0.0134422 0.0192157
v 0.0155930 -0.0119491 0.0192157
v 0.0162946 -0.0103824 0.0192157
v 0.0168958 -0.0087517 0.0192157
v 0.0173928 -0.0070670 0.0192157
v 0.0177826 -0.0053387 0.0192157
v 0.0180627 -0.0035775 0.0192157
v 0.0182315 -0.0017943 0.0192157
v 0.0175315 0.0000000 0.0205099
v 0.0174775 0.0017201 0.0205099
v 0.0173157 0.0034296 0.0205099
v 0.0170471 0.0051179 0.0205099
v 0.0166735 0.0067747 0.0205099
v 0.0161970 0.0083897 0.0205099
v 0.0156207 0.0099530 0.0205099
v 0.0149481 0.0114550 0.0205099
v 0.0141833 0.0128863 0.0205099
v 0.0133311 0.0142381 0.0205099
v 0.0123967 0.0155022 0.0205099
v 0.0113858 0.0166707 0.0205099
v 0.0103048 0.0177364 0.0205099
v 0.0091602 0.0186928 0.0205099
v 0.0079591 0.0195339 0.0205099
v 0.0067090 0.0202546 0.0205099
v 0.0054175 0.0208504 0.0205099
v 0.0040927 0.0213177 0.0205099
v 0.0027425 0.0216535 0.0205099
v 0.0013755 0.0218558 0.0205099
v 0.0000000 0.0219234 0.0205099
v -0.0013755 0.0218558 0.0205099
v -0.0027425 0.0216535 0.0205099
v -0.0040927 0.0213177 0.0205099
v -0.0054175 0.0208504 0.0205099
v -0.0067090 0.0202546 0.0205099
v -0.0079591 0.0195339 0.0205099
v -0.0091602 0.0186928 0.0205099
v -0.0103048 0.0177364 0.0205099
v -0.0113858 0.0166707 0.0205099
v -0.0123967 0.0155022 0.0205099
v -0.0133311 0.0142381 0.0205099
v -0.0141833 0.0128863 0.0205099
v -0.0149481 0.0114550 0.0205099
v -0.0156207 0.0099530 0.0205099
v -0.0161970 0.0083897 0.0205099
v -0.0166735 0.0067747 0.0205099
v -0.0170471 0.0051179 0.0205099
v -0.0173157 0.0034296 0.0205099
v -0.0174775 0.0017201 0.0205099
v -0.0175315 0.0000000 0.0205099
v -0.0174775 -0.0017201 0.0205099
v -0.0173157 -0.0034296 0.0205099
v -0.0170471 -0.0051179 0.0205099
v -0.0166735 -0.0067747 0.0205099
v -0.0161970 -0.0083897 0.0205099
v -0.0156207 -0.0099530 0.0205099
v -0.0149481 -0.0114550 0.0205099
v -0.0141833 -0.0128863 0.0205099
v -0.0133311 -0.0142381 0.0205099
v -0.0123967 -0.0155022 0.0205099
v -0.0113858 -0.0166707 0.0205099
v -0.0103048 -0.0177364 0.0205099
v -0.0091602 -0.0186928 0.0205099
v -0.0079591 -0.0195339 0.0205099
v -0.0067090 -0.0202546 0.0205099
v -0.0054175 -0.0208504 0.0205099
v -0.0040927 -0.0213177 0.0205099
v -0.0027425 -0.0216535 0.0205099
v -0.0013755 -0.0218558 0.0205099
v -0.0000000 -0.0219234 0.0205099
v 0.0013755 -0.0218558 0.0205099
v 0.0027425 -0.0216535 0.0205099
v 0.0040927 -0.0213177 0.0205099
v 0.0054175 -0.0208504 0.0205099
v 0.0067090 -0.0202546 0.0205099
v 0.0079591 -0.0195339 0.0205099
v 0.0091602 -0.0186928 0.0205099
v 0.0103048 -0.0177364 0.0205099
v 0.0113858 -0.0166707 0.0205099
v 0.0123967 -0.0155022 0.0205099
v 0.0133311 -0.0142381 0.0205099
v 0.0141833 -0.0128863 0.0205099
v 0.0149481 -0.0114550 0.0205099
v 0.0156207 -0.0099530 0.0205099
v 0.0161970 -0.0083897 0.0205099
v 0.0166735 -0.0067747 0.0205099
v 0.0170471 -0.0051179 0.0205099
v 0.0173157 -0.0034296 0.0205099
v 0.0174775 -0.0017201 0.0205099
v 0.0167200 0.0000000 0.0217475
v 0.0166685 0.0016405 0.0217475
v 0.0165142 0.0032708 0.0217475
v 0.0162581 0.0048810 0.0217475
v 0.0159017 0.0064611 0.0217475
v 0.0154473 0.0080014 0.0217475
v 0.0148977 0.0094923 0.0217475
v 0.0142562 0.0109247 0.0217475
v 0.0135268 0.0122898 0.0217475
v 0.0127140 0.0135791 0.0217475
v 0.0118228 0.0147846 0.0217475
v 0.0108588 0.0158990 0.0217475
v 0.0098278 0.0169154 0.0217475
v 0.0087362 0.0178275 0.0217475
v 0.0075907 0.0186297 0.0217475
v 0.0063985 0.0193171 0.0217475
v 0.0051668 0.0198853 0.0217475
v 0.0039032 0.0203309 0.0217475
v 0.0026156 0.0206512 0.0217475
v 0.0013118 0.0208442 0.0217475
v 0.0000000 0.0209086 0.0217475
v -0.0013118 0.0208442 0.0217475
v -0.0026156 0.0206512 0.0217475
v -0.0039032 0.0203309 0.0217475
v -0.0051668 0.0198853 0.0217475
v -0.0063985 0.0193171 0.0217475
v -0.0075907 0.0186297 0.0217475
v -0.0087362 0.0178275 0.0217475
v -0.0098278 0.0169154 0.0217475
v -0.0108588 0.0158990 0.0217475
v -0.0118228 0.0147846 0.0217475
v -0.0127140 0.0135791 0.0217475
v -0.0135268 0.0122898 0.0217475
v -0.0142562 0.0109247 0.0217475
v -0.0148977 0.0094923 0.0217475
v -0.0154473 0.0080014 0.0217475
v -0.0159017 0.0064611 0.0217475
v -0.0162581 0.0048810 0.0217475
v -0.0165142 0.0032708 0.0217475
v -0.0166685 0.0016405 0.0217475
v -0.0167200 0.0000000 0.0217475
v -0.0166685 -0.0016405 0.0217475
v -0.0165142 -0.0032708 0.0217475
v -0.0162581 -0.0048810 0.0217475
v -0.0159017 -0.0064611 0.0217475
v -0.0154473 -0.0080014 0.0217475
v -0.0148977 -0.0094923 0.0217475
v -0.0142562 -0.0109247 0.0217475
v -0.0135268 -0.0122898 0.0217475
v -0.0127140 -0.0135791 0.0217475
v -0.0118228 -0.0147846 0.0217475
v -0.0108588 -0.0158990 0.0217475
v -0.0098278 -0.0169154 0.0217475
v -0.0087362 -0.0178275 0.0217475
v -0.0075907 -0.0186297 0.0217475
v -0.0063985 -0.0193171 0.0217475
v -0.0051668 -0.0198853 0.0217475
v -0.0039032 -0.0203309 0.0217475
v -0.0026156 -0.0206512 0.0217475
v -0.0013118 -0.0208442 0.0217475
v -0.0000000 -0.0209086 0.0217475
v 0.0013118 -0.0208442 0.0217475
v 0.0026156 -0.0206512 0.0217475
v 0.0039032 -0.0203309 0.0217475
v 0.0051668 -0.0198853 0.0217475
v 0.0063985 -0.0193171 0.0217475
v 0.0075907 -0.0186297 0.0217475
v 0.0087362 -0.0178275 0.0217475
v 0.0098278 -0.0169154 0.0217475
v 0.0108588 -0.0158990 0.0217475
v 0.0118228 -0.0147846 0.0217475
v 0.0127140 -0.0135791 0.0217475
v 0.0135268 -0.0122898 0.0217475
v 0.0142562 -0.0109247 0.0217475
v 0.0148977 -0.0094923 0.0217475
v 0.0154473 -0.0080014 0.0217475
v 0.0159017 -0.0064611 0.0217475
v 0.0162581 -0.0048810 0.0217475
v 0.0165142 -0.0032708 0.0217475
v 0.0166685 -0.0016405 0.0217475
v 0.0158559 0.0000000 0.0229245
v 0.0158070 0.0015557 0.0229245
v 0.0156607 0.0031018 0.0229245
v 0.0154178 0.0046288 0.0229245
v 0.0150799 0.0061272 0.0229245
v 0.0146490 0.0075879 0.0229245
v 0.0141277 0.0090017 0.0229245
v 0.0135194 0.0103601 0.0229245
v 0.0128277 0.0116546 0.0229245
v 0.0120569 0.0128773 0.0229245
v 0.0112118 0.0140206 0.0229245
v 0.0102976 0.0150774 0.0229245
v 0.0093199 0.0160412 0.0229245
v 0.0082847 0.0169062 0.0229245
v 0.0071984 0.0176669 0.0229245
v 0.0060678 0.0183187 0.0229245
v 0.0048997 0.0188576 0.0229245
v 0.0037015 0.0192802 0.0229245
v 0.0024804 0.0195839 0.0229245
v 0.0012440 0.0197669 0.0229245
v 0.0000000 0.0198281 0.0229245
v -0.0012440 0.0197669 0.0229245
v -0.0024804 0.0195839 0.0229245
v -0.0037015 0.0192802 0.0229245
v -0.0048997 0.0188576 0.0229245
v -0.0060678 0.0183187 0.0229245
v -0.0071984 0.0176669 0.0229245
v -0.0082847 0.0169062 0.0229245
v -0.0093199 0.0160412 0.0229245
v -0.0102976 0.0150774 0.0229245
v -0.0112118 0.0140206 0.0229245
v -0.0120569 0.0128773 0.0229245
v -0.0128277 0.0116546 0.0229245
v -0.0135194 0.0103601 0.0229245
v -0.0141277 0.0090017 0.0229245
v -0.0146490 0.0075879 0.0229245
v -0.0150799 0.0061272 0.0229245
v -0.0154178 0.0046288 0.0229245
v -0.0156607 0.0031018 0.0229245
v -0.0158070 0.0015557 0.0229245
v -0.0158559 0.0000000 0.0229245
v -0.0158070 -0.0015557 0.0229245
v -0.0156607 -0.0031018 0.0229245
v -0.0154178 -0.0046288 0.0229245
v -0.0150799 -0.0061272 0.0229245
v -0.0146490 -0.0075879 0.0229245
v -0.0141277 -0.0090017 0.0229245
v -0.0135194 -0.0103601 0.0229245
v -0.0128277 -0.0116546 0.0229245
v -0.0120569 -0.0128773 0.0229245
v -0.0112118 -0.0140206 0.0229245
v -0.0102976 -0.0150774 0.0229245
v -0.0093199 -0.0160412 0.0229245
v -0.0082847 -0.0169062 0.0229245
v -0.0071984 -0.0176669 0.0229245
v -0.0060678 -0.0183187 0.0229245
v -0.0048997 -0.0188576 0.0229245
v -0.0037015 -0.0192802 0.0229245
v -0.0024804 -0.0195839 0.0229245
v -0.0012440 -0.0197669 0.0229245
v -0.0000000 -0.0198281 0.0229245
v 0.0012440 -0.0197669 0.0229245
v 0.0024804 -0.0195839 0.0229245
v 0.0037015 -0.0192802 0.0229245
v 0.0048997 -0.0188576 0.0229245
v 0.0060678 -0.0183187 0.0229245
v 0.0071984 -0.0176669 0.0229245
v 0.0082847 -0.0169062 0.0229245
v 0.0093199 -0.0160412 0.0229245
v 0.0102976 -0.0150774 0.0229245
v 0.0112118 -0.0140206 0.0229245
v 0.0120569 -0.0128773 0.0229245
v 0.0128277 -0.0116546 0.0229245
v 0.0135194 -0.0103601 0.0229245
v 0.0141277 -0.0090017 0.0229245
v 0.0146490 -0.0075879 0.0229245
v 0.0150799 -0.0061272 0.0229245
v 0.0154178 -0.0046288 0.0229245
v 0.0156607 -0.0031018 0.0229245
v 0.0158070 -0.0015557 0.0229245
v 0.0149419 0.0000000 0.0240372
v 0.0148959 0.0014660 0.0240372
v 0.0147580 0.0029230 0.0240372
v 0.0145291 0.0043619 0.0240372
v 0.0142106 0.0057740 0.0240372
v 0.0138045 0.0071505 0.0240372
v 0.0133134 0.0084829 0.0240372
v 0.0127401 0.0097629 0.0240372
v 0.0120883 0.0109828 0.0240372
v 0.0113619 0.0121350 0.0240372
v 0.0105655 0.0132124 0.0240372
v 0.0097040 0.0142083 0.0240372
v 0.0087826 0.0151166 0.0240372
v 0.0078071 0.0159317 0.0240372
v 0.0067835 0.0166485 0.0240372
v 0.0057180 0.0172628 0.0240372
v 0.0046173 0.0177706 0.0240372
v 0.0034881 0.0181688 0.0240372
v 0.0023374 0.0184550 0.0240372
v 0.0011723 0.0186275 0.0240372
v 0.0000000 0.0186851 0.0240372
v -0.0011723 0.0186275 0.0240372
v -0.0023374 0.0184550 0.0240372
v -0.0034881 0.0181688 0.0240372
v -0.0046173 0.0177706 0.0240372
v -0.0057180 0.0172628 0.0240372
v -0.0067835 0.0166485 0.0240372
v -0.0078071 0.0159317 0.0240372
v -0.0087826 0.0151166 0.0240372
v -0.0097040 0.0142083 0.0240372
v -0.0105655 0.0132124 0.0240372
v -0.0113619 0.0121350 0.0240372
v -0.0120883 0.0109828 0.0240372
v -0.0127401 0.0097629 0.0240372
v -0.0133134 0.0084829 0.0240372
v -0.0138045 0.0071505 0.0240372
v -0.0142106 0.0057740 0.0240372
v -0.0145291 0.0043619 0.0240372
v -0.0147580 0.0029230 0.0240372
v -0.0148959 0.0014660 0.0240372
v -0.0149419 0.0000000 0.0240372
v -0.0148959 -0.0014660 0.0240372
v -0.0147580 -0.0029230 0.0240372
v -0.0145291 -0.0043619 0.0240372
v -0.0142106 -0.0057740 0.0240372
v -0.0138045 -0.0071505 0.0240372
v -0.0133134 -0.0084829 0.0240372
v -0.0127401 -0.0097629 0.0240372
v -0.0120883 -0.0109828 0.0240372
v -0.0113619 -0.0121350 0.0240372
v -0.0105655 -0.0132124 0.0240372
v -0.0097040 -0.0142083 0.0240372
v -0.0087826 -0.0151166 0.0240372
v -0.0078071 -0.0159317 0.0240372
v -0.0067835 -0.0166485 0.0240372
v -0.0057180 -0.0172628 0.0240372
v -0.0046173 -0.0177706 0.0240372
v -0.0034881 -0.0181688 0.0240372
v -0.0023374 -0.0184550 0.0240372
v -0.0011723 -0.0186275 0.0240372
v -0.0000000 -0.0186851 0.0240372
v 0.0011723 -0.0186275 0.0240372
v 0.0023374 -0.0184550 0.0240372
v 0.0034881 -0.0181688 0.0240372
v 0.0046173 -0.0177706 0.0240372
v 0.0057180 -0.0172628 0.0240372
v 0.0067835 -0.0166485 0.0240372
v 0.0078071 -0.0159317 0.0240372
v 0.0087826 -0.0151166 0.0240372
v 0.0097040 -0.0142083 0.0240372
v 0.0105655 -0.0132124 0.0240372
v 0.0113619 -0.0121350 0.0240372
v 0.0120883 -0.0109828 0.0240372
v 0.0127401 -0.0097629 0.0240372
v 0.0133134 -0.0084829 0.0240372
v 0.0138045 -0.0071505 0.0240372
v 0.0142106 -0.0057740 0.0240372
v 0.0145291 -0.0043619 0.0240372
v 0.0147580 -0.0029230 0.0240372
v 0.0148959 -0.0014660 0.0240372
v 0.0139809 0.0000000 0.0250822
v 0.0139378 0.0013717 0.0250822
v 0.0138088 0.0027350 0.0250822
v 0.0135946 0.0040814 0.0250822
v 0.0132966 0.0054026 0.0250822
v 0.0129167 0.0066906 0.0250822
v 0.0124571 0.0079373 0.0250822
v 0.0119207 0.0091350 0.0250822
v 0.0113108 0.0102764 0.0250822
v 0.0106312 0.0113545 0.0250822
v 0.0098860 0.0123626 0.0250822
v 0.0090799 0.0132944 0.0250822
v 0.0082178 0.0141443 0.0250822
v 0.0073050 0.0149070 0.0250822
v 0.0063472 0.0155778 0.0250822
v 0.0053503 0.0161525 0.0250822
v 0.0043203 0.0166276 0.0250822
v 0.0032638 0.0170003 0.0250822
v 0.0021871 0.0172681 0.0250822
v 0.0010969 0.0174294 0.0250822
v 0.0000000 0.0174833 0.0250822
v -0.0010969 0.0174294 0.0250822
v -0.0021871 0.0172681 0.0250822
v -0.0032638 0.0170003 0.0250822
v -0.0043203 0.0166276 0.0250822
v -0.0053503 0.0161525 0.0250822
v -0.0063472 0.0155778 0.0250822
v -0.0073050 0.0149070 0.0250822
v -0.0082178 0.0141443 0.0250822
v -0.0090799 0.0132944 0.0250822
v -0.0098860 0.0123626 0.0250822
v -0.0106312 0.0113545 0.0250822
v -0.0113108 0.0102764 0.0250822
v -0.0119207 0.0091350 0.0250822
v -0.0124571 0.0079373 0.0250822
v -0.0129167 0.0066906 0.0250822
v -0.0132966 0.0054026 0.0250822
v -0.0135946 0.0040814 0.0250822
v -0.0138088 0.0027350 0.0250822
v -0.0139378 0.0013717 0.0250822
v -0.0139809 0.0000000 0.0250822
v -0.0139378 -0.0013717 0.0250822
v -0.0138088 -0.0027350 0.0250822
v -0.0135946 -0.0040814 0.0250822
v -0.0132966 -0.0054026 0.0250822
v -0.0129167 -0.0066906 0.0250822
v -0.0124571 -0.0079373 0.0250822
v -0.0119207 -0.0091350 0.0250822
v -0.0113108 -0.0102764 0.0250822
v -0.0106312 -0.0113545 0.0250822
v -0.0098860 -0.0123626 0.0250822
v -0.0090799 -0.0132944 0.0250822
v -0.0082178 -0.0141443 0.0250822
v -0.0073050 -0.0149070 0.0250822
v -0.0063472 -0.0155778 0.0250822
v -0.0053503 -0.0161525 0.0250822
v -0.0043203 -0.0166276 0.0250822
v -0.0032638 -0.0170003 0.0250822
v -0.0021871 -0.0172681 0.0250822
v -0.0010969 -0.0174294 0.0250822
v -0.0000000 -0.0174833 0.0250822
v 0.0010969 -0.0174294 0.0250822
v 0.0021871 -0.0172681 0.0250822
v 0.0032638 -0.0170003 0.0250822
v 0.0043203 -0.0166276 0.0250822
v 0.0053503 -0.0161525 0.0250822
v 0.0063472 -0.0155778 0.0250822
v 0.0073050 -0.0149070 0.0250822
v 0.0082178 -0.0141443 0.0250822
v 0.0090799 -0.0132944 0.0250822
v 0.0098860 -0.0123626 0.0250822
v 0.0106312 -0.0113545 0.0250822
v 0.0113108 -0.0102764 0.0250822
v 0.0119207 -0.0091350 0.0250822
v 0.0124571 -0.0079373 0.0250822
v 0.0129167 -0.0066906 0.0250822
v 0.0132966 -0.0054026 0.0250822
v 0.0135946 -0.0040814 0.0250822
v 0.0138088 -0.0027350 0.0250822
v 0.0139378 -0.0013717 0.0250822
v 0.0129759 0.0000000 0.0260562
v 0.0129359 0.0012731 0.0260562
v 0.0128162 0.0025384 0.0260562
v 0.0126174 0.0037880 0.0260562
v 0.0123408 0.0050143 0.0260562
v 0.0119882 0.0062096 0.0260562
v 0.0115616 0.0073667 0.0260562
v 0.0110638 0.0084784 0.0260562
v 0.0104977 0.0095377 0.0260562
v 0.0098670 0.0105383 0.0260562
v 0.0091754 0.0114739 0.0260562
v 0.0084272 0.0123388 0.0260562
v 0.0076271 0.0131276 0.0260562
v 0.0067799 0.0138354 0.0260562
v 0.0058909 0.0144580 0.0260562
v 0.0049657 0.0149914 0.0260562
v 0.0040098 0.0154324 0.0260562
v 0.0030292 0.0157782 0.0260562
v 0.0020299 0.0160268 0.0260562
v 0.0010181 0.0161766 0.0260562
v 0.0000000 0.0162266 0.0260562
v -0.0010181 0.0161766 0.0260562
v -0.0020299 0.0160268 0.0260562
v -0.0030292 0.0157782 0.0260562
v -0.0040098 0.0154324 0.0260562
v -0.0049657 0.0149914 0.0260562
v -0.0058909 0.0144580 0.0260562
v -0.0067799 0.0138354 0.0260562
v -0.0076271 0.0131276 0.0260562
v -0.0084272 0.0123388 0.0260562
v -0.0091754 0.0114739 0.0260562
v -0.0098670 0.0105383 0.0260562
v -0.0104977 0.0095377 0.0260562
v -0.0110638 0.0084784 0.0260562
v -0.0115616 0.0073667 0.0260562
v -0.0119882 0.0062096 0.0260562
v -0.0123408 0.0050143 0.0260562
v -0.0126174 0.0037880 0.0260562
v -0.0128162 0.0025384 0.0260562
v -0.0129359 0.0012731 0.0260562
v -0.0129759 0.0000000 0.0260562
v -0.0129359 -0.0012731 0.0260562
v -0.0128162 -0.0025384 0.0260562
v -0.0126174 -0.0037880 0.0260562
v -0.0123408 -0.0050143 0.0260562
v -0.0119882 -0.0062096 0.0260562
v -0.0115616 -0.0073667 0.0260562
v -0.0110638 -0.0084784 0.0260562
v -0.0104977 -0.0095377 0.0260562
v -0.0098670 -0.0105383 0.0260562
v -0.0091754 -0.0114739 0.0260562
v -0.0084272 -0.0123388 0.0260562
v -0.0076271 -0.0131276 0.0260562
v -0.0067799 -0.0138354 0.0260562
v -0.0058909 -0.0144580 0.0260562
v -0.0049657 -0.0149914 0.0260562
v -0.0040098 -0.0154324 0.0260562
v -0.0030292 -0.0157782 0.0260562
v -0.0020299 -0.0160268 0.0260562
v -0.0010181 -0.0161766 0.0260562
v -0.0000000 -0.0162266 0.0260562
v 0.0010181 -0.0161766 0.0260562
v 0.0020299 -0.0160268 0.0260562
v 0.0030292 -0.0157782 0.0260562
v 0.0040098 -0.0154324 0.0260562
v 0.0049657 -0.0149914 0.0260562
v 0.0058909 -0.0144580 0.0260562
v 0.0067799 -0.0138354 0.0260562
v 0.0076271 -0.0131276 0.0260562
v 0.0084272 -0.0123388 0.0260562
v 0.0091754 -0.0114739 0.0260562
v 0.0098670 -0.0105383 0.0260562
v 0.0104977 -0.0095377 0.0260562
v 0.0110638 -0.0084784 0.0260562
v 0.0115616 -0.0073667 0.0260562
v 0.0119882 -0.0062096 0.0260562
v 0.0123408 -0.0050143 0.0260562
v 0.0126174 -0.0037880 0.0260562
v 0.0128162 -0.0025384 0.0260562
v 0.0129359 -0.0012731 0.0260562
v 0.0119301 0.0000000 0.0269561
v 0.0118933 0.0011705 0.0269561
v 0.0117832 0.0023338 0.0269561
v 0.0116005 0.0034827 0.0269561
v 0.0113462 0.0046102 0.0269561
v 0.0110220 0.0057092 0.0269561
v 0.0106298 0.0067730 0.0269561
v 0.0101721 0.0077950 0.0269561
v 0.0096517 0.0087690 0.0269561
v 0.0090717 0.0096890 0.0269561
v 0.0084359 0.0105492 0.0269561
v 0.0077480 0.0113443 0.0269561
v 0.0070123 0.0120695 0.0269561
v 0.0062335 0.0127203 0.0269561
v 0.0054162 0.0132927 0.0269561
v 0.0045655 0.0137831 0.0269561
v 0.0036866 0.0141886 0.0269561
v 0.0027850 0.0145066 0.0269561
v 0.0018663 0.0147351 0.0269561
v 0.0009360 0.0148728 0.0269561
v 0.0000000 0.0149188 0.0269561
v -0.0009360 0.0148728 0.0269561
v -0.0018663 0.0147351 0.0269561
v -0.0027850 0.0145066 0.0269561
v -0.0036866 0.0141886 0.0269561
v -0.0045655 0.0137831 0.0269561
v -0.0054162 0.0132927 0.0269561
v -0.0062335 0.0127203 0.0269561
v -0.0070123 0.0120695 0.0269561
v -0.0077480 0.0113443 0.0269561
v -0.0084359 0.0105492 0.0269561
v -0.0090717 0.0096890 0.0269561
v -0.0096517 0.0087690 0.0269561
v -0.0101721 0.0077950 0.0269561
v -0.0106298 0.0067730 0.0269561
v -0.0110220 0.0057092 0.0269561
v -0.0113462 0.0046102 0.0269561
v -0.0116005 0.0034827 0.0269561
v -0.0117832 0.0023338 0.0269561
v -0.0118933 0.0011705 0.0269561
v -0.0119301 0.0000000 0.0269561
v -0.0118933 -0.0011705 0.0269561
v -0.0117832 -0.0023338 0.0269561
v -0.0116005 -0.0034827 0.0269561
v -0.0113462 -0.0046102 0.0269561
v -0.0110220 -0.0057092 0.0269561
v -0.0106298 -0.0067730 0.0269561
v -0.0101721 -0.0077950 0.0269561
v -0.0096517 -0.0087690 0.0269561
v -0.0090717 -0.0096890 0.0269561
v -0.0084359 -0.0105492 0.0269561
v -0.0077480 -0.0113443 0.0269561
v -0.0070123 -0.0120695 0.0269561
v -0.0062335 -0.0127203 0.0269561
v -0.0054162 -0.0132927 0.0269561
v -0.0045655 -0.0137831 0.0269561
v -0.0036866 -0.0141886 0.0269561
v -0.0027850 -0.0145066 0.0269561
v -0.0018663 -0.0147351 0.0269561
v -0.0009360 -0.0148728 0.0269561
v -0.0000000 -0.0149188 0.0269561
v 0.0009360 -0.0148728 0.0269561
v 0.0018663 -0.0147351 0.0269561
v 0.0027850 -0.0145066 0.0269561
v 0.0036866 -0.0141886 0.0269561
v 0.0045655 -0.0137831 0.0269561
v 0.0054162 -0.0132927 0.0269561
v 0.0062335 -0.0127203 0.0269561
v 0.0070123 -0.0120695 0.0269561
v 0.0077480 -0.0113443 0.0269561
v 0.0084359 -0.0105492 0.0269561
v 0.0090717 -0.0096890 0.0269561
v 0.0096517 -0.0087690 0.0269561
v 0.0101721 -0.0077950 0.0269561
v 0.0106298 -0.0067730 0.0269561
v 0.0110220 -0.0057092 0.0269561
v 0.0113462 -0.0046102 0.0269561
v 0.0116005 -0.0034827 0.0269561
v 0.0117832 -0.0023338 0.0269561
v 0.0118933 -0.0011705 0.0269561
v 0.0108467 0.0000000 0.0277791
v 0.0108133 0.0010642 0.0277791
v 0.0107132 0.0021219 0.0277791
v 0.0105471 0.0031665 0.0277791
v 0.0103159 0.0041915 0.0277791
v 0.0100211 0.0051907 0.0277791
v 0.0096645 0.0061579 0.0277791
v 0.0092484 0.0070872 0.0277791
v 0.0087752 0.0079727 0.0277791
v 0.0082479 0.0088091 0.0277791
v 0.0076698 0.0095912 0.0277791
v 0.0070444 0.0103142 0.0277791
v 0.0063756 0.0109735 0.0277791
v 0.0056674 0.0115652 0.0277791
v 0.0049243 0.0120856 0.0277791
v 0.0041509 0.0125315 0.0277791
v 0.0033518 0.0129001 0.0277791
v 0.0025321 0.0131892 0.0277791
v 0.0016968 0.0133970 0.0277791
v 0.0008510 0.0135222 0.0277791
v 0.0000000 0.0135640 0.0277791
v -0.0008510 0.0135222 0.0277791
v -0.0016968 0.0133970 0.0277791
v -0.0025321 0.0131892 0.0277791
v -0.0033518 0.0129001 0.0277791
v -0.0041509 0.0125315 0.0277791
v -0.0049243 0.0120856 0.0277791
v -0.0056674 0.0115652 0.0277791
v -0.0063756 0.0109735 0.0277791
v -0.0070444 0.0103142 0.0277791
v -0.0076698 0.0095912 0.0277791
v -0.0082479 0.0088091 0.0277791
v -0.0087752 0.0079727 0.0277791
v -0.0092484 0.0070872 0.0277791
v -0.0096645 0.0061579 0.0277791
v -0.0100211 0.0051907 0.0277791
v -0.0103159 0.0041915 0.0277791
v -0.0105471 0.0031665 0.0277791
v -0.0107132 0.0021219 0.0277791
v -0.0108133 0.0010642 0.0277791
v -0.0108467 0.0000000 0.0277791
v -0.0108133 -0.0010642 0.0277791
v -0.0107132 -0.0021219 0.0277791
v -0.0105471 -0.0031665 0.0277791
v -0.0103159 -0.0041915 0.0277791
v -0.0100211 -0.0051907 0.0277791
v -0.0096645 -0.0061579 0.0277791
v -0.0092484 -0.0070872 0.0277791
v -0.0087752 -0.0079727 0.0277791
v -0.0082479 -0.0088091 0.0277791
v -0.0076698 -0.0095912 0.0277791
v -0.0070444 -0.0103142 0.0277791
v -0.0063756 -0.0109735 0.0277791
v -0.0056674 -0.0115652 0.0277791
v -0.0049243 -0.0120856 0.0277791
v -0.0041509 -0.0125315 0.0277791
v -0.0033518 -0.0129001 0.0277791
v -0.0025321 -0.0131892 0.0277791
v -0.0016968 -0.0133970 0.0277791
v -0.0008510 -0.0135222 0.0277791
v -0.0000000 -0.0135640 0.0277791
v 0.0008510 -0.0135222 0.0277791
v 0.0016968 -0.0133970 0.0277791
v 0.0025321 -0.0131892 0.0277791
v 0.0033518 -0.0129001 0.0277791
v 0.0041509 -0.0125315 0.0277791
v 0.0049243 -0.0120856 0.0277791
v 0.0056674 -0.0115652 0.0277791
v 0.0063756 -0.0109735 0.0277791
v 0.0070444 -0.0103142 0.0277791
v 0.0076698 -0.0095912 0.0277791
v 0.0082479 -0.0088091 0.0277791
v 0.0087752 -0.0079727 0.0277791
v 0.0092484 -0.0070872 0.0277791
v 0.0096645 -0.0061579 0.0277791
v 0.0100211 -0.0051907 0.0277791
v 0.0103159 -0.0041915 0.0277791
v 0.0105471 -0.0031665 0.0277791
v 0.0107132 -0.0021219 0.0277791
v 0.0108133 -0.0010642 0.0277791
v 0.0097293 0.0000000 0.0285225
v 0.0096993 0.0009546 0.0285225
v 0.0096095 0.0019033 0.0285225
v 0.0094604 0.0028402 0.0285225
v 0.0092531 0.0037597 0.0285225
v 0.0089887 0.0046559 0.0285225
v 0.0086688 0.0055235 0.0285225
v 0.0082956 0.0063570 0.0285225
v 0.0078711 0.0071513 0.0285225
v 0.0073982 0.0079016 0.0285225
v 0.0068796 0.0086031 0.0285225
v 0.0063187 0.0092515 0.0285225
v 0.0057187 0.0098430 0.0285225
v 0.0050835 0.0103737 0.0285225
v 0.0044170 0.0108405 0.0285225
v 0.0037232 0.0112405 0.0285225
v 0.0030065 0.0115711 0.0285225
v 0.0022713 0.0118304 0.0285225
v 0.0015220 0.0120168 0.0285225
v 0.0007633 0.0121291 0.0285225
v 0.0000000 0.0121666 0.0285225
v -0.0007633 0.0121291 0.0285225
v -0.0015220 0.0120168 0.0285225
v -0.0022713 0.0118304 0.0285225
v -0.0030065 0.0115711 0.0285225
v -0.0037232 0.0112405 0.0285225
v -0.0044170 0.0108405 0.0285225
v -0.0050835 0.0103737 0.0285225
v -0.0057187 0.0098430 0.0285225
v -0.0063187 0.0092515 0.0285225
v -0.0068796 0.0086031 0.0285225
v -0.0073982 0.0079016 0.0285225
v -0.0078711 0.0071513 0.0285225
v -0.0082956 0.0063570 0.0285225
v -0.0086688 0.0055235 0.0285225
v -0.0089887 0.0046559 0.0285225
v -0.0092531 0.0037597 0.0285225
v -0.0094604 0.0028402 0.0285225
v -0.0096095 0.0019033 0.0285225
v -0.0096993 0.0009546 0.0285225
v -0.0097293 0.0000000 0.0285225
v -0.0096993 -0.0009546 0.0285225
v -0.0096095 -0.0019033 0.0285225
v -0.0094604 -0.0028402 0.0285225
v -0.0092531 -0.0037597 0.0285225
v -0.0089887 -0.0046559 0.0285225
v -0.0086688 -0.0055235 0.0285225
v -0.0082956 -0.0063570 0.0285225
v -0.0078711 -0.0071513 0.0285225
v -0.0073982 -0.0079016 0.0285225
v -0.0068796 -0.0086031 0.0285225
v -0.0063187 -0.0092515 0.0285225
v -0.0057187 -0.0098430 0.0285225
v -0.0050835 -0.0103737 0.0285225
v -0.0044170 -0.0108405 0.0285225
v -0.0037232 -0.0112405 0.0285225
v -0.0030065 -0.0115711 0.0285225
v -0.0022713 -0.0118304 0.0285225
v -0.0015220 -0.0120168 0.0285225
v -0.0007633 -0.0121291 0.0285225
v -0.0000000 -0.0121666 0.0285225
v 0.0007633 -0.0121291 0.0285225
v 0.0015220 -0.0120168 0.0285225
v 0.0022713 -0.0118304 0.0285225
v 0.0030065 -0.0115711 0.0285225
v 0.0037232 -0.0112405 0.0285225
v 0.0044170 -0.0108405 0.0285225
v 0.0050835 -0.0103737 0.0285225
v 0.0057187 -0.0098430 0.0285225
v 0.0063187 -0.0092515 0.0285225
v 0.0068796 -0.0086031 0.0285225
v 0.0073982 -0.0079016 0.0285225
v 0.0078711 -0.0071513 0.0285225
v 0.0082956 -0.0063570 0.0285225
v 0.0086688 -0.0055235 0.0285225
v 0.0089887 -0.0046559 0.0285225
v 0.0092531 -0.0037597 0.0285225
v 0.0094604 -0.0028402 0.0285225
v 0.0096095 -0.0019033 0.0285225
v 0.0096993 -0.0009546 0.0285225
v 0.0085812 0.0000000 0.0291841
v 0.0085547 0.0008419 0.0291841
v 0.0084755 0.0016787 0.0291841
v 0.0083441 0.0025051 0.0291841
v 0.0081612 0.0033160 0.0291841
v 0.0079280 0.0041065 0.0291841
v 0.0076459 0.0048717 0.0291841
v 0.0073166 0.0056069 0.0291841
v 0.0069423 0.0063074 0.0291841
v 0.0065252 0.0069691 0.0291841
v 0.0060678 0.0075879 0.0291841
v 0.0055730 0.0081598 0.0291841
v 0.0050439 0.0086815 0.0291841
v 0.0044836 0.0091496 0.0291841
v 0.0038958 0.0095613 0.0291841
v 0.0032839 0.0099140 0.0291841
v 0.0026517 0.0102057 0.0291841
v 0.0020032 0.0104344 0.0291841
v 0.0013424 0.0105987 0.0291841
v 0.0006733 0.0106978 0.0291841
v 0.0000000 0.0107309 0.0291841
v -0.0006733 0.0106978 0.0291841
v -0.0013424 0.0105987 0.0291841
v -0.0020032 0.0104344 0.0291841
v -0.0026517 0.0102057 0.0291841
v -0.0032839 0.0099140 0.0291841
v -0.0038958 0.0095613 0.0291841
v -0.0044836 0.0091496 0.0291841
v -0.0050439 0.0086815 0.0291841
v -0.0055730 0.0081598 0.0291841
v -0.0060678 0.0075879 0.0291841
v -0.0065252 0.0069691 0.0291841
v -0.0069423 0.0063074 0.0291841
v -0.0073166 0.0056069 0.0291841
v -0.0076459 0.0048717 0.0291841
v -0.0079280 0.0041065 0.0291841
v -0.0081612 0.0033160 0.0291841
v -0.0083441 0.0025051 0.0291841
v -0.0084755 0.0016787 0.0291841
v -0.0085547 0.0008419 0.0291841
v -0.0085812 0.0000000 0.0291841
v -0.0085547 -0.0008419 0.0291841
v -0.0084755 -0.0016787 0.0291841
v -0.0083441 -0.0025051 0.0291841
v -0.0081612 -0.0033160 0.0291841
v -0.0079280 -0.0041065 0.0291841
v -0.0076459 -0.0048717 0.0291841
v -0.0073166 -0.0056069 0.0291841
v -0.0069423 -0.0063074 0.0291841
v -0.0065252 -0.0069691 0.0291841
v -0.0060678 -0.0075879 0.0291841
v -0.0055730 -0.0081598 0.0291841
v -0.0050439 -0.0086815 0.0291841
v -0.0044836 -0.0091496 0.0291841
v -0.0038958 -0.0095613 0.0291841
v -0.0032839 -0.0099140 0.0291841
v -0.0026517 -0.0102057 0.0291841
v -0.0020032 -0.0104344 0.0291841
v -0.0013424 -0.0105987 0.0291841
v -0.0006733 -0.0106978 0.0291841
v -0.0000000 -0.0107309 0.0291841
v 0.0006733 -0.0106978 0.0291841
v 0.0013424 -0.0105987 0.0291841
v 0.0020032 -0.0104344 0.0291841
v 0.0026517 -0.0102057 0.0291841
v 0.0032839 -0.0099140 0.0291841
v 0.0038958 -0.0095613 0.0291841
v 0.0044836 -0.0091496 0.0291841
v 0.0050439 -0.0086815 0.0291841
v 0.0055730 -0.0081598 0.0291841
v 0.0060678 -0.0075879 0.0291841
v 0.0065252 -0.0069691 0.0291841
v 0.0069423 -0.0063074 0.0291841
v 0.0073166 -0.0056069 0.0291841
v 0.0076459 -0.0048717 0.0291841
v 0.0079280 -0.0041065 0.0291841
v 0.0081612 -0.0033160 0.0291841
v 0.0083441 -0.0025051 0.0291841
v 0.0084755 -0.0016787 0.0291841
v 0.0085547 -0.0008419 0.0291841
v 0.0074061 0.0000000 0.0297617
v 0.0073832 0.0007266 0.0297617
v 0.0073149 0.0014488 0.0297617
v 0.0072014 0.0021620 0.0297617
v 0.0070436 0.0028619 0.0297617
v 0.0068423 0.0035442 0.0297617
v 0.0065989 0.0042046 0.0297617
v 0.0063147 0.0048391 0.0297617
v 0.0059916 0.0054437 0.0297617
v 0.0056316 0.0060148 0.0297617
v 0.0052369 0.0065488 0.0297617
v 0.0048099 0.0070424 0.0297617
v 0.0043532 0.0074926 0.0297617
v 0.0038697 0.0078966 0.0297617
v 0.0033623 0.0082520 0.0297617
v 0.0028342 0.0085564 0.0297617
v 0.0022886 0.0088081 0.0297617
v 0.0017289 0.0090055 0.0297617
v 0.0011586 0.0091474 0.0297617
v 0.0005811 0.0092328 0.0297617
v 0.0000000 0.0092614 0.0297617
v -0.0005811 0.0092328 0.0297617
v -0.0011586 0.0091474 0.0297617
v -0.0017289 0.0090055 0.0297617
v -0.0022886 0.0088081 0.0297617
v -0.0028342 0.0085564 0.0297617
v -0.0033623 0.0082520 0.0297617
v -0.0038697 0.0078966 0.0297617
v -0.0043532 0.0074926 0.0297617
v -0.0048099 0.0070424 0.0297617
v -0.0052369 0.0065488 0.0297617
v -0.0056316 0.0060148 0.0297617
v -0.0059916 0.0054437 0.0297617
v -0.0063147 0.0048391 0.0297617
v -0.0065989 0.0042046 0.0297617
v -0.0068423 0.0035442 0.0297617
v -0.0070436 0.0028619 0.0297617
v -0.0072014 0.0021620 0.0297617
v -0.0073149 0.0014488 0.0297617
v -0.0073832 0.0007266 0.0297617
v -0.0074061 0.0000000 0.0297617
v -0.0073832 -0.0007266 0.0297617
v -0.0073149 -0.0014488 0.0297617
v -0.0072014 -0.0021620 0.0297617
v -0.0070436 -0.0028619 0.0297617
v -0.0068423 -0.0035442 0.0297617
v -0.0065989 -0.0042046 0.0297617
v -0.0063147 -0.0048391 0.0297617
v -0.0059916 -0.0054437 0.0297617
v -0.0056316 -0.0060148 0.0297617
v -0.0052369 -0.0065488 0.0297617
v -0.0048099 -0.0070424 0.0297617
v -0.0043532 -0.0074926 0.0297617
v -0.0038697 -0.0078966 0.0297617
v -0.0033623 -0.0082520 0.0297617
v -0.0028342 -0.0085564 0.0297617
v -0.0022886 -0.0088081 0.0297617
v -0.0017289 -0.0090055 0.0297617
v -0.0011586 -0.0091474 0.0297617
v -0.0005811 -0.0092328 0.0297617
v -0.0000000 -0.0092614 0.0297617
v 0.0005811 -0.0092328 0.0297617
v 0.0011586 -0.0091474 0.0297617
v 0.0017289 -0.0090055 0.0297617
v 0.0022886 -0.0088081 0.0297617
v 0.0028342 -0.0085564 0.0297617
v 0.0033623 -0.0082520 0.0297617
v 0.0038697 -0.0078966 0.0297617
v 0.0043532 -0.0074926 0.0297617
v 0.0048099 -0.0070424 0.0297617
v 0.0052369 -0.0065488 0.0297617
v 0.0056316 -0.0060148 0.0297617
v 0.0059916 -0.0054437 0.0297617
v 0.0063147 -0.0048391 0.0297617
v 0.0065989 -0.0042046 0.0297617
v 0.0068423 -0.0035442 0.0297617
v 0.0070436 -0.0028619 0.0297617
v 0.0072014 -0.0021620 0.0297617
v 0.0073149 -0.0014488 0.0297617
v 0.0073832 -0.0007266 0.0297617
v 0.0062077 0.0000000 0.0302536
v 0.0061885 0.0006091 0.0302536
v 0.0061312 0.0012144 0.0302536
v 0.0060361 0.0018122 0.0302536
v 0.0059038 0.0023988 0.0302536
v 0.0057351 0.0029707 0.0302536
v 0.0055311 0.0035242 0.0302536
v 0.0052929 0.0040560 0.0302536
v 0.0050221 0.0045628 0.0302536
v 0.0047203 0.0050415 0.0302536
v 0.0043895 0.0054891 0.0302536
v 0.0040316 0.0059029 0.0302536
v 0.0036488 0.0062802 0.0302536
v 0.0032435 0.0066189 0.0302536
v 0.0028182 0.0069167 0.0302536
v 0.0023756 0.0071719 0.0302536
v 0.0019183 0.0073828 0.0302536
v 0.0014492 0.0075483 0.0302536
v 0.0009711 0.0076672 0.0302536
v 0.0004870 0.0077388 0.0302536
v 0.0000000 0.0077628 0.0302536
v -0.0004870 0.0077388 0.0302536
v -0.0009711 0.0076672 0.0302536
v -0.0014492 0.0075483 0.0302536
v -0.0019183 0.0073828 0.0302536
v -0.0023756 0.0071719 0.0302536
v -0.0028182 0.0069167 0.0302536
v -0.0032435 0.0066189 0.0302536
v -0.0036488 0.0062802 0.0302536
v -0.0040316 0.0059029 0.0302536
v -0.0043895 0.0054891 0.0302536
v -0.0047203 0.0050415 0.0302536
v -0.0050221 0.0045628 0.0302536
v -0.0052929 0.0040560 0.0302536
v -0.0055311 0.0035242 0.0302536
v -0.0057351 0.0029707 0.0302536
v -0.0059038 0.0023988 0.0302536
v -0.0060361 0.0018122 0.0302536
v -0.0061312 0.0012144 0.0302536
v -0.0061885 0.0006091 0.0302536
v -0.0062077 0.0000000 0.0302536
v -0.0061885 -0.0006091 0.0302536
v -0.0061312 -0.0012144 0.0302536
v -0.0060361 -0.0018122 0.0302536
v -0.0059038 -0.0023988 0.0302536
v -0.0057351 -0.0029707 0.0302536
v -0.0055311 -0.0035242 0.0302536
v -0.0052929 -0.0040560 0.0302536
v -0.0050221 -0.0045628 0.0302536
v -0.0047203 -0.0050415 0.0302536
v -0.0043895 -0.0054891 0.0302536
v -0.0040316 -0.0059029 0.0302536
v -0.0036488 -0.0062802 0.0302536
v -0.0032435 -0.0066189 0.0302536
v -0.0028182 -0.0069167 0.0302536
v -0.0023756 -0.0071719 0.0302536
v -0.0019183 -0.0073828 0.0302536
v -0.0014492 -0.0075483 0.0302536
v -0.0009711 -0.0076672 0.0302536
v -0.0004870 -0.0077388 0.0302536
v -0.0000000 -0.0077628 0.0302536
v 0.0004870 -0.0077388 0.0302536
v 0.0009711 -0.0076672 0.0302536
v 0.0014492 -0.0075483 0.0302536
v 0.0019183 -0.0073828 0.0302536
v 0.0023756 -0.0071719 0.0302536
v 0.0028182 -0.0069167 0.0302536
v 0.0032435 -0.0066189 0.0302536
v 0.0036488 -0.0062802 0.0302536
v 0.0040316 -0.0059029 0.0302536
v 0.0043895 -0.0054891 0.0302536
v 0.0047203 -0.0050415 0.0302536
v 0.0050221 -0.0045628 0.0302536
v 0.0052929 -0.0040560 0.0302536
v 0.0055311 -0.0035242 0.0302536
v 0.0057351 -0.0029707 0.0302536
v 0.0059038 -0.0023988 0.0302536
v 0.0060361 -0.0018122 0.0302536
v 0.0061312 -0.0012144 0.0302536
v 0.0061885 -0.0006091 0.0302536
v 0.0049897 0.0000000 0.0306582
v 0.0049744 0.0004896 0.0306582
v 0.0049283 0.0009761 0.0306582
v 0.0048519 0.0014566 0.0306582
v 0.0047455 0.0019282 0.0306582
v 0.0046099 0.0023878 0.0306582
v 0.0044459 0.0028328 0.0306582
v 0.0042544 0.0032603 0.0306582
v 0.0040368 0.0036676 0.0306582
v 0.0037942 0.0040524 0.0306582
v 0.0035283 0.0044122 0.0306582
v 0.0032406 0.0047447 0.0306582
v 0.0029329 0.0050480 0.0306582
v 0.0026071 0.0053202 0.0306582
v 0.0022653 0.0055596 0.0306582
v 0.0019095 0.0057648 0.0306582
v 0.0015419 0.0059343 0.0306582
v 0.0011648 0.0060673 0.0306582
v 0.0007806 0.0061629 0.0306582
v 0.0003915 0.0062205 0.0306582
v 0.0000000 0.0062397 0.0306582
v -0.0003915 0.0062205 0.0306582
v -0.0007806 0.0061629 0.0306582
v -0.0011648 0.0060673 0.0306582
v -0.0015419 0.0059343 0.0306582
v -0.0019095 0.0057648 0.0306582
v -0.0022653 0.0055596 0.0306582
v -0.0026071 0.0053202 0.0306582
v -0.0029329 0.0050480 0.0306582
v -0.0032406 0.0047447 0.0306582
v -0.0035283 0.0044122 0.0306582
v -0.0037942 0.0040524 0.0306582
v -0.0040368 0.0036676 0.0306582
v -0.0042544 0.0032603 0.0306582
v -0.0044459 0.0028328 0.0306582
v -0.0046099 0.0023878 0.0306582
v -0.0047455 0.0019282 0.0306582
v -0.0048519 0.0014566 0.0306582
v -0.0049283 0.0009761 0.0306582
v -0.0049744 0.0004896 0.0306582
v -0.0049897 0.0000000 0.0306582
v -0.0049744 -0.0004896 0.0306582
v -0.0049283 -0.0009761 0.0306582
v -0.0048519 -0.0014566 0.0306582
v -0.0047455 -0.0019282 0.0306582
v -0.0046099 -0.0023878 0.0306582
v -0.0044459 -0.0028328 0.0306582
v -0.0042544 -0.0032603 0.0306582
v -0.0040368 -0.0036676 0.0306582
v -0.0037942 -0.0040524 0.0306582
v -0.0035283 -0.0044122 0.0306582
v -0.0032406 -0.0047447 0.0306582
v -0.0029329 -0.0050480 0.0306582
v -0.0026071 -0.0053202 0.0306582
v -0.0022653 -0.0055596 0.0306582
v -0.0019095 -0.0057648 0.0306582
v -0.0015419 -0.0059343 0.0306582
v -0.0011648 -0.0060673 0.0306582
v -0.0007806 -0.0061629 0.0306582
v -0.0003915 -0.0062205 0.0306582
v -0.0000000 -0.0062397 0.0306582
v 0.0003915 -0.0062205 0.0306582
v 0.0007806 -0.0061629 0.0306582
v 0.0011648 -0.0060673 0.0306582
v 0.0015419 -0.0059343 0.0306582
v 0.0019095 -0.0057648 0.0306582
v 0.0022653 -0.0055596 0.0306582
v 0.0026071 -0.0053202 0.0306582
v 0.0029329 -0.0050480 0.0306582
v 0.0032406 -0.0047447 0.0306582
v 0.0035283 -0.0044122 0.0306582
v 0.0037942 -0.0040524 0.0306582
v 0.0040368 -0.0036676 0.0306582
v 0.0042544 -0.0032603 0.0306582
v 0.0044459 -0.0028328 0.0306582
v 0.0046099 -0.0023878 0.0306582
v 0.0047455 -0.0019282 0.0306582
v 0.0048519 -0.0014566 0.0306582
v 0.0049283 -0.0009761 0.0306582
v 0.0049744 -0.0004896 0.0306582
v 0.0037561 0.0000000 0.0309742
v 0.0037445 0.0003685 0.0309742
v 0.0037099 0.0007348 0.0309742
v 0.0036523 0.0010965 0.0309742
v 0.0035723 0.0014515 0.0309742
v 0.0034702 0.0017975 0.0309742
v 0.0033467 0.0021324 0.0309742
v 0.0032026 0.0024542 0.0309742
v 0.0030388 0.0027609 0.0309742
v 0.0028562 0.0030505 0.0309742
v 0.0026560 0.0033213 0.0309742
v 0.0024394 0.0035717 0.0309742
v 0.0022078 0.0038000 0.0309742
v 0.0019626 0.0040049 0.0309742
v 0.0017052 0.0041851 0.0309742
v 0.0014374 0.0043395 0.0309742
v 0.0011607 0.0044672 0.0309742
v 0.0008768 0.0045673 0.0309742
v 0.0005876 0.0046392 0.0309742
v 0.0002947 0.0046826 0.0309742
v 0.0000000 0.0046971 0.0309742
v -0.0002947 0.0046826 0.0309742
v -0.0005876 0.0046392 0.0309742
v -0.0008768 0.0045673 0.0309742
v -0.0011607 0.0044672 0.0309742
v -0.0014374 0.0043395 0.0309742
v -0.0017052 0.0041851 0.0309742
v -0.0019626 0.0040049 0.0309742
v -0.0022078 0.0038000 0.0309742
v -0.0024394 0.0035717 0.0309742
v -0.0026560 0.0033213 0.0309742
v -0.0028562 0.0030505 0.0309742
v -0.0030388 0.0027609 0.0309742
v -0.0032026 0.0024542 0.0309742
v -0.0033467 0.0021324 0.0309742
v -0.0034702 0.0017975 0.0309742
v -0.0035723 0.0014515 0.0309742
v -0.0036523 0.0010965 0.0309742
v -0.0037099 0.0007348 0.0309742
v -0.0037445 0.0003685 0.0309742
v -0.0037561 0.0000000 0.0309742
v -0.0037445 -0.0003685 0.0309742
v -0.0037099 -0.0007348 0.0309742
v -0.0036523 -0.0010965 0.0309742
v -0.0035723 -0.0014515 0.0309742
v -0.0034702 -0.0017975 0.0309742
v -0.0033467 -0.0021324 0.0309742
v -0.0032026 -0.0024542 0.0309742
v -0.0030388 -0.0027609 0.0309742
v -0.0028562 -0.0030505 0.0309742
v -0.0026560 -0.0033213 0.0309742
v -0.0024394 -0.0035717 0.0309742
v -0.0022078 -0.0038000 0.0309742
v -0.0019626 -0.0040049 0.0309742
v -0.0017052 -0.0041851 0.0309742
v -0.0014374 -0.0043395 0.0309742
v -0.0011607 -0.0044672 0.0309742
v -0.0008768 -0.0045673 0.0309742
v -0.0005876 -0.0046392 0.0309742
v -0.0002947 -0.0046826 0.0309742
v -0.0000000 -0.0046971 0.0309742
v 0.0002947 -0.0046826 0.0309742
v 0.0005876 -0.0046392 0.0309742
v 0.0008768 -0.0045673 0.0309742
v 0.0011607 -0.0044672 0.0309742
v 0.0014374 -0.0043395 0.0309742
v 0.0017052 -0.0041851 0.0309742
v 0.0019626 -0.0040049 0.0309742
v 0.0022078 -0.0038000 0.0309742
v 0.0024394 -0.0035717 0.0309742
v 0.0026560 -0.0033213 0.0309742
v 0.0028562 -0.0030505 0.0309742
v 0.0030388 -0.0027609 0.0309742
v 0.0032026 -0.0024542 0.0309742
v 0.0033467 -0.0021324 0.0309742
v 0.0034702 -0.0017975 0.0309742
v 0.0035723 -0.0014515 0.0309742
v 0.0036523 -0.0010965 0.0309742
v 0.0037099 -0.0007348 0.0309742
v 0.0037445 -0.0003685 0.0309742
v 0.0025107 0.0000000 0.0312006
v 0.0025029 0.0002463 0.0312006
v 0.0024797 0.0004911 0.0312006
v 0.0024413 0.0007329 0.0312006
v 0.0023878 0.0009702 0.0312006
v 0.0023195 0.0012015 0.0312006
v 0.0022370 0.0014254 0.0312006
v 0.0021407 0.0016404 0.0312006
v 0.0020312 0.0018454 0.0312006
v 0.0019091 0.0020390 0.0312006
v 0.0017753 0.0022200 0.0312006
v 0.0016305 0.0023874 0.0312006
v 0.0014757 0.0025400 0.0312006
v 0.0013118 0.0026770 0.0312006
v 0.0011398 0.0027974 0.0312006
v 0.0009608 0.0029006 0.0312006
v 0.0007758 0.0029859 0.0312006
v 0.0005861 0.0030529 0.0312006
v 0.0003928 0.0031010 0.0312006
v 0.0001970 0.0031299 0.0312006
v 0.0000000 0.0031396 0.0312006
v -0.0001970 0.0031299 0.0312006
v -0.0003928 0.0031010 0.0312006
v -0.0005861 0.0030529 0.0312006
v -0.0007758 0.0029859 0.0312006
v -0.0009608 0.0029006 0.0312006
v -0.0011398 0.0027974 0.0312006
v -0.0013118 0.0026770 0.0312006
v -0.0014757 0.0025400 0.0312006
v -0.0016305 0.0023874 0.0312006
v -0.0017753 0.0022200 0.0312006
v -0.0019091 0.0020390 0.0312006
v -0.0020312 0.0018454 0.0312006
v -0.0021407 0.0016404 0.0312006
v -0.0022370 0.0014254 0.0312006
v -0.0023195 0.0012015 0.0312006
v -0.0023878 0.0009702 0.0312006
v -0.0024413 0.0007329 0.0312006
v -0.0024797 0.0004911 0.0312006
v -0.0025029 0.0002463 0.0312006
v -0.0025107 0.0000000 0.0312006
v -0.0025029 -0.0002463 0.0312006
v -0.0024797 -0.0004911 0.0312006
v -0.0024413 -0.0007329 0.0312006
v -0.0023878 -0.0009702 0.0312006
v -0.0023195 -0.0012015 0.0312006
v -0.0022370 -0.0014254 0.0312006
v -0.0021407 -0.0016404 0.0312006
v -0.0020312 -0.0018454 0.0312006
v -0.0019091 -0.0020390 0.0312006
v -0.0017753 -0.0022200 0.0312006
v -0.0016305 -0.0023874 0.0312006
v -0.0014757 -0.0025400 0.0312006
v -0.0013118 -0.0026770 0.0312006
v -0.0011398 -0.0027974 0.0312006
v -0.0009608 -0.0029006 0.0312006
v -0.0007758 -0.0029859 0.0312006
v -0.0005861 -0.0030529 0.0312006
v -0.0003928 -0.0031010 0.0312006
v -0.0001970 -0.0031299 0.0312006
v -0.0000000 -0.0031396 0.0312006
v 0.0001970 -0.0031299 0.0312006
v 0.0003928 -0.0031010 0.0312006
v 0.0005861 -0.0030529 0.0312006
v 0.0007758 -0.0029859 0.0312006
v 0.0009608 -0.0029006 0.0312006
v 0.0011398 -0.0027974 0.0312006
v 0.0013118 -0.0026770 0.0312006
v 0.0014757 -0.0025400 0.0312006
v 0.0016305 -0.0023874 0.0312006
v 0.0017753 -0.0022200 0.0312006
v 0.0019091 -0.0020390 0.0312006
v 0.0020312 -0.0018454 0.0312006
v 0.0021407 -0.0016404 0.0312006
v 0.0022370 -0.0014254 0.0312006
v 0.0023195 -0.0012015 0.0312006
v 0.0023878 -0.0009702 0.0312006
v 0.0024413 -0.0007329 0.0312006
v 0.0024797 -0.0004911 0.0312006
v 0.0025029 -0.0002463 0.0312006
v 0.0012573 0.0000000 0.0313367
v 0.0012534 0.0001234 0.0313367
v 0.0012418 0.0002460 0.0313367
v 0.0012226 0.0003670 0.0313367
v 0.0011958 0.0004859 0.0313367
v 0.0011616 0.0006017 0.0313367
v 0.0011203 0.0007138 0.0313367
v 0.0010720 0.0008215 0.0313367
v 0.0010172 0.0009242 0.0313367
v 0.0009561 0.0010211 0.0313367
v 0.0008890 0.0011118 0.0313367
v 0.0008166 0.0011956 0.0313367
v 0.0007390 0.0012720 0.0313367
v 0.0006569 0.0013406 0.0313367
v 0.0005708 0.0014009 0.0313367
v 0.0004811 0.0014526 0.0313367
v 0.0003885 0.0014953 0.0313367
v 0.0002935 0.0015288 0.0313367
v 0.0001967 0.0015529 0.0313367
v 0.0000986 0.0015674 0.0313367
v 0.0000000 0.0015723 0.0313367
v -0.0000986 0.0015674 0.0313367
v -0.0001967 0.0015529 0.0313367
v -0.0002935 0.0015288 0.0313367
v -0.0003885 0.0014953 0.0313367
v -0.0004811 0.0014526 0.0313367
v -0.0005708 0.0014009 0.0313367
v -0.0006569 0.0013406 0.0313367
v -0.0007390 0.0012720 0.0313367
v -0.0008166 0.0011956 0.0313367
v -0.0008890 0.0011118 0.0313367
v -0.0009561 0.0010211 0.0313367
v -0.0010172 0.0009242 0.0313367
v -0.0010720 0.0008215 0.0313367
v -0.0011203 0.0007138 0.0313367
v -0.0011616 0.0006017 0.0313367
v -0.0011958 0.0004859 0.0313367
v -0.0012226 0.0003670 0.0313367
v -0.0012418 0.0002460 0.0313367
v -0.0012534 0.0001234 0.0313367
v -0.0012573 0.0000000 0.0313367
v -0.0012534 -0.0001234 0.0313367
v -0.0012418 -0.0002460 0.0313367
v -0.0012226 -0.0003670 0.0313367
v -0.0011958 -0.0004859 0.0313367
v -0.0011616 -0.0006017 0.0313367
v -0.0011203 -0.0007138 0.0313367
v -0.0010720 -0.0008215 0.0313367
v -0.0010172 -0.0009242 0.0313367
v -0.0009561 -0.0010211 0.0313367
v -0.0008890 -0.0011118 0.0313367
v -0.0008166 -0.0011956 0.0313367
v -0.0007390 -0.0012720 0.0313367
v -0.0006569 -0.0013406 0.0313367
v -0.0005708 -0.0014009 0.0313367
v -0.0004811 -0.0014526 0.0313367
v -0.0003885 -0.0014953 0.0313367
v -0.0002935 -0.0015288 0.0313367
v -0.0001967 -0.0015529 0.0313367
v -0.0000986 -0.0015674 0.0313367
v -0.0000000 -0.0015723 0.0313367
v 0.0000986 -0.0015674 0.0313367
v 0.0001967 -0.0015529 0.0313367
v 0.0002935 -0.0015288 0.0313367
v 0.0003885 -0.0014953 0.0313367
v 0.0004811 -0.0014526 0.0313367
v 0.0005708 -0.0014009 0.0313367
v 0.0006569 -0.0013406 0.0313367
v 0.0007390 -0.0012720 0.0313367
v 0.0008166 -0.0011956 0.0313367
v 0.0008890 -0.0011118 0.0313367
v 0.0009561 -0.0010211 0.0313367
v 0.0010172 -0.0009242 0.0313367
v 0.0010720 -0.0008215 0.0313367
v 0.0011203 -0.0007138 0.0313367
v 0.0011616 -0.0006017 0.0313367
v 0.0011958 -0.0004859 0.0313367
v 0.0012226 -0.0003670 0.0313367
v 0.0012418 -0.0002460 0.0313367
v 0.0012534 -0.0001234 0.0313367
v 0.0000000 0.0000000 0.0313822
v 0.0221374 0.0000000 0.0025058
v 0.0220692 0.0021720 0.0025058
v 0.0218649 0.0043306 0.0025058
v 0.0215257 0.0064625 0.0025058
v 0.0210539 0.0085546 0.0025058
v 0.0204523 0.0105939 0.0025058
v 0.0197246 0.0125679 0.0025058
v 0.0188752 0.0144644 0.0025058
v 0.0179095 0.0162717 0.0025058
v 0.0168334 0.0179788 0.0025058
v 0.0156535 0.0195749 0.0025058
v 0.0143771 0.0210504 0.0025058
v 0.0130120 0.0223961 0.0025058
v 0.0115668 0.0236037 0.0025058
v 0.0100502 0.0246658 0.0025058
v 0.0084716 0.0255759 0.0025058
v 0.0068408 0.0263282 0.0025058
v 0.0051679 0.0269182 0.0025058
v 0.0034631 0.0273423 0.0025058
v 0.0017369 0.0275978 0.0025058
v 0.0000000 0.0276831 0.0025058
v -0.0017369 0.0275978 0.0025058
v -0.0034631 0.0273423 0.0025058
v -0.0051679 0.0269182 0.0025058
v -0.0068408 0.0263282 0.0025058
v -0.0084716 0.0255759 0.0025058
v -0.0100502 0.0246658 0.0025058
v -0.0115668 0.0236037 0.0025058
v -0.0130120 0.0223961 0.0025058
v -0.0143771 0.0210504 0.0025058
v -0.0156535 0.0195749 0.0025058
v -0.0168334 0.0179788 0.0025058
v -0.0179095 0.0162717 0.0025058
v -0.0188752 0.0144644 0.0025058
v -0.0197246 0.0125679 0.0025058
v -0.0204523 0.0105939 0.0025058
v -0.0210539 0.0085546 0.0025058
v -0.0215257 0.0064625 0.0025058
v -0.0218649 0.0043306 0.0025058
v -0.0220692 0.0021720 0.0025058
v -0.0221374 0.0000000 0.0025058
v -0.0220692 -0.0021720 0.0025058
v -0.0218649 -0.0043306 0.0025058
v -0.0215257 -0.0064625 0.0025058
v -0.0210539 -0.0085546 0.0025058
v -0.0204523 -0.0105939 0.0025058
v -0.0197246 -0.0125679 0.0025058
v -0.0188752 -0.0144644 0.0025058
v -0.0179095 -0.0162717 0.0025058
v -0.0168334 -0.0179788 0.0025058
v -0.0156535 -0.0195749 0.0025058
v -0.0143771 -0.0210504 0.0025058
v -0.0130120 -0.0223961 0.0025058
v -0.0115668 -0.0236037 0.0025058
v -0.0100502 -0.0246658 0.0025058
v -0.0084716 -0.0255759 0.0025058
v -0.0068408 -0.0263282 0.0025058
v -0.0051679 -0.0269182 0.0025058
v -0.0034631 -0.0273423 0.0025058
v -0.0017369 -0.0275978 0.0025058
v -0.0000000 -0.0276831 0.0025058
v 0.0017369 -0.0275978 0.0025058
v 0.0034631 -0.0273423 0.0025058
v 0.0051679 -0.0269182 0.0025058
v 0.0068408 -0.0263282 0.0025058
v 0.0084716 -0.0255759 0.0025058
v 0.0100502 -0.0246658 0.0025058
v 0.0115668 -0.0236037 0.0025058
v 0.0130120 -0.0223961 0.0025058
v 0.0143771 -0.0210504 0.0025058
v 0.0156535 -0.0195749 0.0025058
v 0.0168334 -0.0179788 0.0025058
v 0.0179095 -0.0162717 0.0025058
v 0.0188752 -0.0144644 0.0025058
v 0.0197246 -0.0125679 0.0025058
v 0.0204523 -0.0105939 0.0025058
v 0.0210539 -0.0085546 0.0025058
v 0.0215257 -0.0064625 0.0025058
v 0.0218649 -0.0043306 0.0025058
v 0.0220692 -0.0021720 0.0025058
v 0.0221026 0.0000000 0.0041048
v 0.0220344 0.0021686 0.0041048
v 0.0218305 0.0043238 0.0041048
v 0.0214919 0.0064523 0.0041048
v 0.0210208 0.0085411 0.0041048
v 0.0204201 0.0105772 0.0041048
v 0.0196935 0.0125481 0.0041048
v 0.0188455 0.0144416 0.0041048
v 0.0178814 0.0162461 0.0041048
v 0.0168069 0.0179505 0.0041048
v 0.0156289 0.0195441 0.0041048
v 0.0143545 0.0210173 0.0041048
v 0.0129916 0.0223609 0.0041048
v 0.0115486 0.0235666 0.0041048
v 0.0100344 0.0246270 0.0041048
v 0.0084583 0.0255356 0.0041048
v 0.0068301 0.0262868 0.0041048
v 0.0051597 0.0268759 0.0041048
v 0.0034576 0.0272993 0.0041048
v 0.0017341 0.0275544 0.0041048
v 0.0000000 0.0276396 0.0041048
v -0.0017341 0.0275544 0.0041048
v -0.0034576 0.0272993 0.0041048
v -0.0051597 0.0268759 0.0041048
v -0.0068301 0.0262868 0.0041048
v -0.0084583 0.0255356 0.0041048
v -0.0100344 0.0246270 0.0041048
v -0.0115486 0.0235666 0.0041048
v -0.0129916 0.0223609 0.0041048
v -0.0143545 0.0210173 0.0041048
v -0.0156289 0.0195441 0.0041048
v -0.0168069 0.0179505 0.0041048
v -0.0178814 0.0162461 0.0041048
v -0.0188455 0.0144416 0.0041048
v -0.0196935 0.0125481 0.0041048
v -0.0204201 0.0105772 0.0041048
v -0.0210208 0.0085411 0.0041048
v -0.0214919 0.0064523 0.0041048
v -0.0218305 0.0043238 0.0041048
v -0.0220344 0.0021686 0.0041048
v -0.0221026 0.0000000 0.0041048
v -0.0220344 -0.0021686 0.0041048
v -0.0218305 -0.0043238 0.0041048
v -0.0214919 -0.0064523 0.0041048
v -0.0210208 -0.0085411 0.0041048
v -0.0204201 -0.0105772 0.0041048
v -0.0196935 -0.0125481 0.0041048
v -0.0188455 -0.0144416 0.0041048
v -0.0178814 -0.0162461 0.0041048
v -0.0168069 -0.0179505 0.0041048
v -0.0156289 -0.0195441 0.0041048
v -0.0143545 -0.0210173 0.0041048
v -0.0129916 -0.0223609 0.0041048
v -0.0115486 -0.0235666 0.0041048
v -0.0100344 -0.0246270 0.0041048
v -0.0084583 -0.0255356 0.0041048
v -0.0068301 -0.0262868 0.0041048
v -0.0051597 -0.0268759 0.0041048
v -0.0034576 -0.0272993 0.0041048
v -0.0017341 -0.0275544 0.0041048
v -0.0000000 -0.0276396 0.0041048
v 0.0017341 -0.0275544 0.0041048
v 0.0034576 -0.0272993 0.0041048
v 0.0051597 -0.0268759 0.0041048
v 0.0068301 -0.0262868 0.0041048
v 0.0084583 -0.0255356 0.0041048
v 0.0100344 -0.0246270 0.0041048
v 0.0115486 -0.0235666 0.0041048
v 0.0129916 -0.0223609 0.0041048
v 0.0143545 -0.0210173 0.0041048
v 0.0156289 -0.0195441 0.0041048
v 0.0168069 -0.0179505 0.0041048
v 0.0178814 -0.0162461 0.0041048
v 0.0188455 -0.0144416 0.0041048
v 0.0196935 -0.0125481 0.0041048
v 0.0204201 -0.0105772 0.0041048
v 0.0210208 -0.0085411 0.0041048
v 0.0214919 -0.0064523 0.0041048
v 0.0218305 -0.0043238 0.0041048
v 0.0220344 -0.0021686 0.0041048
v 0.0219982 0.0000000 0.0056988
v 0.0219304 0.0021583 0.0056988
v 0.0217274 0.0043034 0.0056988
v 0.0213904 0.0064219 0.0056988
v 0.0209215 0.0085008 0.0056988
v 0.0203237 0.0105273 0.0056988
v 0.0196005 0.0124889 0.0056988
v 0.0187566 0.0143734 0.0056988
v 0.0177969 0.0161694 0.0056988
v 0.0167276 0.0178657 0.0056988
v 0.0155551 0.0194518 0.0056988
v 0.0142867 0.0209181 0.0056988
v 0.0129302 0.0222553 0.0056988
v 0.0114940 0.0234553 0.0056988
v 0.0099870 0.0245108 0.0056988
v 0.0084183 0.0254151 0.0056988
v 0.0067978 0.0261627 0.0056988
v 0.0051354 0.0267490 0.0056988
v 0.0034413 0.0271704 0.0056988
v 0.0017260 0.0274243 0.0056988
v 0.0000000 0.0275091 0.0056988
v -0.0017260 0.0274243 0.0056988
v -0.0034413 0.0271704 0.0056988
v -0.0051354 0.0267490 0.0056988
v -0.0067978 0.0261627 0.0056988
v -0.0084183 0.0254151 0.0056988
v -0.0099870 0.0245108 0.0056988
v -0.0114940 0.0234553 0.0056988
v -0.0129302 0.0222553 0.0056988
v -0.0142867 0.0209181 0.0056988
v -0.0155551 0.0194518 0.0056988
v -0.0167276 0.0178657 0.0056988
v -0.0177969 0.0161694 0.0056988
v -0.0187566 0.0143734 0.0056988
v -0.0196005 0.0124889 0.0056988
v -0.0203237 0.0105273 0.0056988
v -0.0209215 0.0085008 0.0056988
v -0.0213904 0.0064219 0.0056988
v -0.0217274 0.0043034 0.0056988
v -0.0219304 0.0021583 0.0056988
v -0.0219982 0.0000000 0.0056988
v -0.0219304 -0.0021583 0.0056988
v -0.0217274 -0.0043034 0.0056988
v -0.0213904 -0.0064219 0.0056988
v -0.0209215 -0.0085008 0.0056988
v -0.0203237 -0.0105273 0.0056988
v -0.0196005 -0.0124889 0.0056988
v -0.0187566 -0.0143734 0.0056988
v -0.0177969 -0.0161694 0.0056988
v -0.0167276 -0.0178657 0.0056988
v -0.0155551 -0.0194518 0.0056988
v -0.0142867 -0.0209181 0.0056988
v -0.0129302 -0.0222553 0.0056988
v -0.0114940 -0.0234553 0.0056988
v -0.0099870 -0.0245108 0.0056988
v -0.0084183 -0.0254151 0.0056988
v -0.0067978 -0.0261627 0.0056988
v -0.0051354 -0.0267490 0.0056988
v -0.0034413 -0.0271704 0.0056988
v -0.0017260 -0.0274243 0.0056988
v -0.0000000 -0.0275091 0.0056988
v 0.0017260 -0.0274243 0.0056988
v 0.0034413 -0.0271704 0.0056988
v 0.0051354 -0.0267490 0.0056988
v 0.0067978 -0.0261627 0.0056988
v 0.0084183 -0.0254151 0.0056988
v 0.0099870 -0.0245108 0.0056988
v 0.0114940 -0.0234553 0.0056988
v 0.0129302 -0.0222553 0.0056988
v 0.0142867 -0.0209181 0.0056988
v 0.0155551 -0.0194518 0.0056988
v 0.0167276 -0.0178657 0.0056988
v 0.0177969 -0.0161694 0.0056988
v 0.0187566 -0.0143734 0.0056988
v 0.0196005 -0.0124889 0.0056988
v 0.0203237 -0.0105273 0.0056988
v 0.0209215 -0.0085008 0.0056988
v 0.0213904 -0.0064219 0.0056988
v 0.0217274 -0.0043034 0.0056988
v 0.0219304 -0.0021583 0.0056988
v 0.0218246 0.0000000 0.0072828
v 0.0217573 0.0021413 0.0072828
v 0.0215559 0.0042694 0.0072828
v 0.0212216 0.0063712 0.0072828
v 0.0207565 0.0084337 0.0072828
v 0.0201633 0.0104442 0.0072828
v 0.0194459 0.0123903 0.0072828
v 0.0186086 0.0142600 0.0072828
v 0.0176565 0.0160418 0.0072828
v 0.0165956 0.0177247 0.0072828
v 0.0154323 0.0192984 0.0072828
v 0.0141740 0.0207530 0.0072828
v 0.0128282 0.0220797 0.0072828
v 0.0114033 0.0232703 0.0072828
v 0.0099082 0.0243173 0.0072828
v 0.0083519 0.0252145 0.0072828
v 0.0067442 0.0259562 0.0072828
v 0.0050949 0.0265379 0.0072828
v 0.0034141 0.0269560 0.0072828
v 0.0017123 0.0272079 0.0072828
v 0.0000000 0.0272920 0.0072828
v -0.0017123 0.0272079 0.0072828
v -0.0034141 0.0269560 0.0072828
v -0.0050949 0.0265379 0.0072828
v -0.0067442 0.0259562 0.0072828
v -0.0083519 0.0252145 0.0072828
v -0.0099082 0.0243173 0.0072828
v -0.0114033 0.0232703 0.0072828
v -0.0128282 0.0220797 0.0072828
v -0.0141740 0.0207530 0.0072828
v -0.0154323 0.0192984 0.0072828
v -0.0165956 0.0177247 0.0072828
v -0.0176565 0.0160418 0.0072828
v -0.0186086 0.0142600 0.0072828
v -0.0194459 0.0123903 0.0072828
v -0.0201633 0.0104442 0.0072828
v -0.0207565 0.0084337 0.0072828
v -0.0212216 0.0063712 0.0072828
v -0.0215559 0.0042694 0.0072828
v -0.0217573 0.0021413 0.0072828
v -0.0218246 0.0000000 0.0072828
v -0.0217573 -0.0021413 0.0072828
v -0.0215559 -0.0042694 0.0072828
v -0.0212216 -0.0063712 0.0072828
v -0.0207565 -0.0084337 0.0072828
v -0.0201633 -0.0104442 0.0072828
v -0.0194459 -0.0123903 0.0072828
v -0.0186086 -0.0142600 0.0072828
v -0.0176565 -0.0160418 0.0072828
v -0.0165956 -0.0177247 0.0072828
v -0.0154323 -0.0192984 0.0072828
v -0.0141740 -0.0207530 0.0072828
v -0.0128282 -0.0220797 0.0072828
v -0.0114033 -0.0232703 0.0072828
v -0.0099082 -0.0243173 0.0072828
v -0.0083519 -0.0252145 0.0072828
v -0.0067442 -0.0259562 0.0072828
v -0.0050949 -0.0265379 0.0072828
v -0.0034141 -0.0269560 0.0072828
v -0.0017123 -0.0272079 0.0072828
v -0.0000000 -0.0272920 0.0072828
v 0.0017123 -0.0272079 0.0072828
v 0.0034141 -0.0269560 0.0072828
v 0.0050949 -0.0265379 0.0072828
v 0.0067442 -0.0259562 0.0072828
v 0.0083519 -0.0252145 0.0072828
v 0.0099082 -0.0243173 0.0072828
v 0.0114033 -0.0232703 0.0072828
v 0.0128282 -0.0220797 0.0072828
v 0.0141740 -0.0207530 0.0072828
v 0.0154323 -0.0192984 0.0072828
v 0.0165956 -0.0177247 0.0072828
v 0.0176565 -0.0160418 0.0072828
v 0.0186086 -0.0142600 0.0072828
v 0.0194459 -0.0123903 0.0072828
v 0.0201633 -0.0104442 0.0072828
v 0.0207565 -0.0084337 0.0072828
v 0.0212216 -0.0063712 0.0072828
v 0.0215559 -0.0042694 0.0072828
v 0.0217573 -0.0021413 0.0072828
v 0.0215824 0.0000000 0.0088517
v 0.0215158 0.0021175 0.0088517
v 0.0213167 0.0042220 0.0088517
v 0.0209861 0.0063005 0.0088517
v 0.0205261 0.0083401 0.0088517
v 0.0199395 0.0103283 0.0088517
v 0.0192300 0.0122528 0.0088517
v 0.0184020 0.0141017 0.0088517
v 0.0174605 0.0158638 0.0088517
v 0.0164114 0.0175280 0.0088517
v 0.0152610 0.0190841 0.0088517
v 0.0140166 0.0205226 0.0088517
v 0.0126858 0.0218346 0.0088517
v 0.0112768 0.0230120 0.0088517
v 0.0097982 0.0240474 0.0088517
v 0.0082592 0.0249346 0.0088517
v 0.0066693 0.0256681 0.0088517
v 0.0050383 0.0262433 0.0088517
v 0.0033762 0.0266568 0.0088517
v 0.0016933 0.0269059 0.0088517
v 0.0000000 0.0269891 0.0088517
v -0.0016933 0.0269059 0.0088517
v -0.0033762 0.0266568 0.0088517
v -0.0050383 0.0262433 0.0088517
v -0.0066693 0.0256681 0.0088517
v -0.0082592 0.0249346 0.0088517
v -0.0097982 0.0240474 0.0088517
v -0.0112768 0.0230120 0.0088517
v -0.0126858 0.0218346 0.0088517
v -0.0140166 0.0205226 0.0088517
v -0.0152610 0.0190841 0.0088517
v -0.0164114 0.0175280 0.0088517
v -0.0174605 0.0158638 0.0088517
v -0.0184020 0.0141017 0.0088517
v -0.0192300 0.0122528 0.0088517
v -0.0199395 0.0103283 0.0088517
v -0.0205261 0.0083401 0.0088517
v -0.0209861 0.0063005 0.0088517
v -0.0213167 0.0042220 0.0088517
v -0.0215158 0.0021175 0.0088517
v -0.0215824 0.0000000 0.0088517
v -0.0215158 -0.0021175 0.0088517
v -0.0213167 -0.0042220 0.0088517
v -0.0209861 -0.0063005 0.0088517
v -0.0205261 -0.0083401 0.0088517
v -0.0199395 -0.0103283 0.0088517
v -0.0192300 -0.0122528 0.0088517
v -0.0184020 -0.0141017 0.0088517
v -0.0174605 -0.0158638 0.0088517
v -0.0164114 -0.0175280 0.0088517
v -0.0152610 -0.0190841 0.0088517
v -0.0140166 -0.0205226 0.0088517
v -0.0126858 -0.0218346 0.0088517
v -0.0112768 -0.0230120 0.0088517
v -0.0097982 -0.0240474 0.0088517
v -0.0082592 -0.0249346 0.0088517
v -0.0066693 -0.0256681 0.0088517
v -0.0050383 -0.0262433 0.0088517
v -0.0033762 -0.0266568 0.0088517
v -0.0016933 -0.0269059 0.0088517
v -0.0000000 -0.0269891 0.0088517
v 0.0016933 -0.0269059 0.0088517
v 0.0033762 -0.0266568 0.0088517
v 0.0050383 -0.0262433 0.0088517
v 0.0066693 -0.0256681 0.0088517
v 0.0082592 -0.0249346 0.0088517
v 0.0097982 -0.0240474 0.0088517
v 0.0112768 -0.0230120 0.0088517
v 0.0126858 -0.0218346 0.0088517
v 0.0140166 -0.0205226 0.0088517
v 0.0152610 -0.0190841 0.0088517
v 0.0164114 -0.0175280 0.0088517
v 0.0174605 -0.0158638 0.0088517
v 0.0184020 -0.0141017 0.0088517
v 0.0192300 -0.0122528 0.0088517
v 0.0199395 -0.0103283 0.0088517
v 0.0205261 -0.0083401 0.0088517
v 0.0209861 -0.0063005 0.0088517
v 0.0213167 -0.0042220 0.0088517
v 0.0215158 -0.0021175 0.0088517
v 0.0212722 0.0000000 0.0104007
v 0.0212066 0.0020871 0.0104007
v 0.0210103 0.0041613 0.0104007
v 0.0206845 0.0062099 0.0104007
v 0.0202311 0.0082202 0.0104007
v 0.0196530 0.0101798 0.0104007
v 0.0189537 0.0120767 0.0104007
v 0.0181375 0.0138991 0.0104007
v 0.0172096 0.0156358 0.0104007
v 0.0161755 0.0172761 0.0104007
v 0.0150417 0.0188099 0.0104007
v 0.0138152 0.0202277 0.0104007
v 0.0125035 0.0215208 0.0104007
v 0.0111147 0.0226813 0.0104007
v 0.0096574 0.0237018 0.0104007
v 0.0081405 0.0245763 0.0104007
v 0.0065735 0.0252992 0.0104007
v 0.0049659 0.0258662 0.0104007
v 0.0033277 0.0262737 0.0104007
v 0.0016690 0.0265192 0.0104007
v 0.0000000 0.0266012 0.0104007
v -0.0016690 0.0265192 0.0104007
v -0.0033277 0.0262737 0.0104007
v -0.0049659 0.0258662 0.0104007
v -0.0065735 0.0252992 0.0104007
v -0.0081405 0.0245763 0.0104007
v -0.0096574 0.0237018 0.0104007
v -0.0111147 0.0226813 0.0104007
v -0.0125035 0.0215208 0.0104007
v -0.0138152 0.0202277 0.0104007
v -0.0150417 0.0188099 0.0104007
v -0.0161755 0.0172761 0.0104007
v -0.0172096 0.0156358 0.0104007
v -0.0181375 0.0138991 0.0104007
v -0.0189537 0.0120767 0.0104007
v -0.0196530 0.0101798 0.0104007
v -0.0202311 0.0082202 0.0104007
v -0.0206845 0.0062099 0.0104007
v -0.0210103 0.0041613 0.0104007
v -0.0212066 0.0020871 0.0104007
v -0.0212722 0.0000000 0.0104007
v -0.0212066 -0.0020871 0.0104007
v -0.0210103 -0.0041613 0.0104007
v -0.0206845 -0.0062099 0.0104007
v -0.0202311 -0.0082202 0.0104007
v -0.0196530 -0.0101798 0.0104007
v -0.0189537 -0.0120767 0.0104007
v -0.0181375 -0.0138991 0.0104007
v -0.0172096 -0.0156358 0.0104007
v -0.0161755 -0.0172761 0.0104007
v -0.0150417 -0.0188099 0.0104007
v -0.0138152 -0.0202277 0.0104007
v -0.0125035 -0.0215208 0.0104007
v -0.0111147 -0.0226813 0.0104007
v -0.0096574 -0.0237018 0.0104007
v -0.0081405 -0.0245763 0.0104007
v -0.0065735 -0.0252992 0.0104007
v -0.0049659 -0.0258662 0.0104007
v -0.0033277 -0.0262737 0.0104007
v -0.0016690 -0.0265192 0.0104007
v -0.0000000 -0.0266012 0.0104007
v 0.0016690 -0.0265192 0.0104007
v 0.0033277 -0.0262737 0.0104007
v 0.0049659 -0.0258662 0.0104007
v 0.0065735 -0.0252992 0.0104007
v 0.0081405 -0.0245763 0.0104007
v 0.0096574 -0.0237018 0.0104007
v 0.0111147 -0.0226813 0.0104007
v 0.0125035 -0.0215208 0.0104007
v 0.0138152 -0.0202277 0.0104007
v 0.0150417 -0.0188099 0.0104007
v 0.0161755 -0.0172761 0.0104007
v 0.0172096 -0.0156358 0.0104007
v 0.0181375 -0.0138991 0.0104007
v 0.0189537 -0.0120767 0.0104007
v 0.0196530 -0.0101798 0.0104007
v 0.0202311 -0.0082202 0.0104007
v 0.0206845 -0.0062099 0.0104007
v 0.0210103 -0.0041613 0.0104007
v 0.0212066 -0.0020871 0.0104007
v 0.0208951 0.0000000 0.0119248
v 0.0208307 0.0020501 0.0119248
v 0.0206379 0.0040876 0.0119248
v 0.0203178 0.0060998 0.0119248
v 0.0198724 0.0080745 0.0119248
v 0.0193046 0.0099994 0.0119248
v 0.0186177 0.0118626 0.0119248
v 0.0178160 0.0136527 0.0119248
v 0.0169045 0.0153586 0.0119248
v 0.0158888 0.0169698 0.0119248
v 0.0147751 0.0184764 0.0119248
v 0.0135703 0.0198691 0.0119248
v 0.0122818 0.0211393 0.0119248
v 0.0109177 0.0222792 0.0119248
v 0.0094862 0.0232817 0.0119248
v 0.0079962 0.0241406 0.0119248
v 0.0064569 0.0248508 0.0119248
v 0.0048779 0.0254077 0.0119248
v 0.0032687 0.0258079 0.0119248
v 0.0016394 0.0260491 0.0119248
v 0.0000000 0.0261296 0.0119248
v -0.0016394 0.0260491 0.0119248
v -0.0032687 0.0258079 0.0119248
v -0.0048779 0.0254077 0.0119248
v -0.0064569 0.0248508 0.0119248
v -0.0079962 0.0241406 0.0119248
v -0.0094862 0.0232817 0.0119248
v -0.0109177 0.0222792 0.0119248
v -0.0122818 0.0211393 0.0119248
v -0.0135703 0.0198691 0.0119248
v -0.0147751 0.0184764 0.0119248
v -0.0158888 0.0169698 0.0119248
v -0.0169045 0.0153586 0.0119248
v -0.0178160 0.0136527 0.0119248
v -0.0186177 0.0118626 0.0119248
v -0.0193046 0.0099994 0.0119248
v -0.0198724 0.0080745 0.0119248
v -0.0203178 0.0060998 0.0119248
v -0.0206379 0.0040876 0.0119248
v -0.0208307 0.0020501 0.0119248
v -0.0208951 0.0000000 0.0119248
v -0.0208307 -0.0020501 0.0119248
v -0.0206379 -0.0040876 0.0119248
v -0.0203178 -0.0060998 0.0119248
v -0.0198724 -0.0080745 0.0119248
v -0.0193046 -0.0099994 0.0119248
v -0.0186177 -0.0118626 0.0119248
v -0.0178160 -0.0136527 0.0119248
v -0.0169045 -0.0153586 0.0119248
v -0.0158888 -0.0169698 0.0119248
v -0.0147751 -0.0184764 0.0119248
v -0.0135703 -0.0198691 0.0119248
v -0.0122818 -0.0211393 0.0119248
v -0.0109177 -0.0222792 0.0119248
v -0.0094862 -0.0232817 0.0119248
v -0.0079962 -0.0241406 0.0119248
v -0.0064569 -0.0248508 0.0119248
v -0.0048779 -0.0254077 0.0119248
v -0.0032687 -0.0258079 0.0119248
v -0.0016394 -0.0260491 0.0119248
v -0.0000000 -0.0261296 0.0119248
v 0.0016394 -0.0260491 0.0119248
v 0.0032687 -0.0258079 0.0119248
v 0.0048779 -0.0254077 0.0119248
v 0.0064569 -0.0248508 0.0119248
v 0.0079962 -0.0241406 0.0119248
v 0.0094862 -0.0232817 0.0119248
v 0.0109177 -0.0222792 0.0119248
v 0.0122818 -0.0211393 0.0119248
v 0.0135703 -0.0198691 0.0119248
v 0.0147751 -0.0184764 0.0119248
v 0.0158888 -0.0169698 0.0119248
v 0.0169045 -0.0153586 0.0119248
v 0.0178160 -0.0136527 0.0119248
v 0.0186177 -0.0118626 0.0119248
v 0.0193046 -0.0099994 0.0119248
v 0.0198724 -0.0080745 0.0119248
v 0.0203178 -0.0060998 0.0119248
v 0.0206379 -0.0040876 0.0119248
v 0.0208307 -0.0020501 0.0119248
v 0.0204523 0.0000000 0.0134193
v 0.0203892 0.0020067 0.0134193
v 0.0202005 0.0040009 0.0134193
v 0.0198872 0.0059706 0.0134193
v 0.0194513 0.0079034 0.0134193
v 0.0188955 0.0097875 0.0134193
v 0.0182231 0.0116112 0.0134193
v 0.0174384 0.0133634 0.0134193
v 0.0165463 0.0150331 0.0134193
v 0.0155520 0.0166102 0.0134193
v 0.0144620 0.0180849 0.0134193
v 0.0132827 0.0194480 0.0134193
v 0.0120216 0.0206913 0.0134193
v 0.0106863 0.0218070 0.0134193
v 0.0092851 0.0227883 0.0134193
v 0.0078268 0.0236290 0.0134193
v 0.0063201 0.0243241 0.0134193
v 0.0047745 0.0248692 0.0134193
v 0.0031994 0.0252610 0.0134193
v 0.0016047 0.0254970 0.0134193
v 0.0000000 0.0255759 0.0134193
v -0.0016047 0.0254970 0.0134193
v -0.0031994 0.0252610 0.0134193
v -0.0047745 0.0248692 0.0134193
v -0.0063201 0.0243241 0.0134193
v -0.0078268 0.0236290 0.0134193
v -0.0092851 0.0227883 0.0134193
v -0.0106863 0.0218070 0.0134193
v -0.0120216 0.0206913 0.0134193
v -0.0132827 0.0194480 0.0134193
v -0.0144620 0.0180849 0.0134193
v -0.0155520 0.0166102 0.0134193
v -0.0165463 0.0150331 0.0134193
v -0.0174384 0.0133634 0.0134193
v -0.0182231 0.0116112 0.0134193
v -0.0188955 0.0097875 0.0134193
v -0.0194513 0.0079034 0.0134193
v -0.0198872 0.0059706 0.0134193
v -0.0202005 0.0040009 0.0134193
v -0.0203892 0.0020067 0.0134193
v -0.0204523 0.0000000 0.0134193
v -0.0203892 -0.0020067 0.0134193
v -0.0202005 -0.0040009 0.0134193
v -0.0198872 -0.0059706 0.0134193
v -0.0194513 -0.0079034 0.0134193
v -0.0188955 -0.0097875 0.0134193
v -0.0182231 -0.0116112 0.0134193
v -0.0174384 -0.0133634 0.0134193
v -0.0165463 -0.0150331 0.0134193
v -0.0155520 -0.0166102 0.0134193
v -0.0144620 -0.0180849 0.0134193
v -0.0132827 -0.0194480 0.0134193
v -0.0120216 -0.0206913 0.0134193
v -0.0106863 -0.0218070 0.0134193
v -0.0092851 -0.0227883 0.0134193
v -0.0078268 -0.0236290 0.0134193
v -0.0063201 -0.0243241 0.0134193
v -0.0047745 -0.0248692 0.0134193
v -0.0031994 -0.0252610 0.0134193
v -0.0016047 -0.0254970 0.0134193
v -0.0000000 -0.0255759 0.0134193
v 0.0016047 -0.0254970 0.0134193
v 0.0031994 -0.0252610 0.0134193
v 0.0047745 -0.0248692 0.0134193
v 0.0063201 -0.0243241 0.0134193
v 0.0078268 -0.0236290 0.0134193
v 0.0092851 -0.0227883 0.0134193
v 0.0106863 -0.0218070 0.0134193
v 0.0120216 -0.0206913 0.0134193
v 0.0132827 -0.0194480 0.0134193
v 0.0144620 -0.0180849 0.0134193
v 0.0155520 -0.0166102 0.0134193
v 0.0165463 -0.0150331 0.0134193
v 0.0174384 -0.0133634 0.0134193
v 0.0182231 -0.0116112 0.0134193
v 0.0188955 -0.0097875 0.0134193
v 0.0194513 -0.0079034 0.0134193
v 0.0198872 -0.0059706 0.0134193
v 0.0202005 -0.0040009 0.0134193
v 0.0203892 -0.0020067 0.0134193
v 0.0199451 0.0000000 0.0148795
v 0.0198836 0.0019569 0.0148795
v 0.0196996 0.0039017 0.0148795
v 0.0193940 0.0058225 0.0148795
v 0.0189689 0.0077074 0.0148795
v 0.0184269 0.0095448 0.0148795
v 0.0177712 0.0113233 0.0148795
v 0.0170060 0.0130320 0.0148795
v 0.0161359 0.0146603 0.0148795
v 0.0151664 0.0161983 0.0148795
v 0.0141033 0.0176364 0.0148795
v 0.0129533 0.0189658 0.0148795
v 0.0117234 0.0201782 0.0148795
v 0.0104213 0.0212662 0.0148795
v 0.0090549 0.0222232 0.0148795
v 0.0076327 0.0230431 0.0148795
v 0.0061634 0.0237209 0.0148795
v 0.0046561 0.0242525 0.0148795
v 0.0031201 0.0246346 0.0148795
v 0.0015649 0.0248648 0.0148795
v 0.0000000 0.0249416 0.0148795
v -0.0015649 0.0248648 0.0148795
v -0.0031201 0.0246346 0.0148795
v -0.0046561 0.0242525 0.0148795
v -0.0061634 0.0237209 0.0148795
v -0.0076327 0.0230431 0.0148795
v -0.0090549 0.0222232 0.0148795
v -0.0104213 0.0212662 0.0148795
v -0.0117234 0.0201782 0.0148795
v -0.0129533 0.0189658 0.0148795
v -0.0141033 0.0176364 0.0148795
v -0.0151664 0.0161983 0.0148795
v -0.0161359 0.0146603 0.0148795
v -0.0170060 0.0130320 0.0148795
v -0.0177712 0.0113233 0.0148795
v -0.0184269 0.0095448 0.0148795
v -0.0189689 0.0077074 0.0148795
v -0.0193940 0.0058225 0.0148795
v -0.0196996 0.0039017 0.0148795
v -0.0198836 0.0019569 0.0148795
v -0.0199451 0.0000000 0.0148795
v -0.0198836 -0.0019569 0.0148795
v -0.0196996 -0.0039017 0.0148795
v -0.0193940 -0.0058225 0.0148795
v -0.0189689 -0.0077074 0.0148795
v -0.0184269 -0.0095448 0.0148795
v -0.0177712 -0.0113233 0.0148795
v -0.0170060 -0.0130320 0.0148795
v -0.0161359 -0.0146603 0.0148795
v -0.0151664 -0.0161983 0.0148795
v -0.0141033 -0.0176364 0.0148795
v -0.0129533 -0.0189658 0.0148795
v -0.0117234 -0.0201782 0.0148795
v -0.0104213 -0.0212662 0.0148795
v -0.0090549 -0.0222232 0.0148795
v -0.0076327 -0.0230431 0.0148795
v -0.0061634 -0.0237209 0.0148795
v -0.0046561 -0.0242525 0.0148795
v -0.0031201 -0.0246346 0.0148795
v -0.0015649 -0.0248648 0.0148795
v -0.0000000 -0.0249416 0.0148795
v 0.0015649 -0.0248648 0.0148795
v 0.0031201 -0.0246346 0.0148795
v 0.0046561 -0.0242525 0.0148795
v 0.0061634 -0.0237209 0.0148795
v 0.0076327 -0.0230431 0.0148795
v 0.0090549 -0.0222232 0.0148795
v 0.0104213 -0.0212662 0.0148795
v 0.0117234 -0.0201782 0.0148795
v 0.0129533 -0.0189658 0.0148795
v 0.0141033 -0.0176364 0.0148795
v 0.0151664 -0.0161983 0.0148795
v 0.0161359 -0.0146603 0.0148795
v 0.0170060 -0.0130320 0.0148795
v 0.0177712 -0.0113233 0.0148795
v 0.0184269 -0.0095448 0.0148795
v 0.0189689 -0.0077074 0.0148795
v 0.0193940 -0.0058225 0.0148795
v 0.0196996 -0.0039017 0.0148795
v 0.0198836 -0.0019569 0.0148795
v 0.0193752 0.0000000 0.0163007
v 0.0193154 0.0019010 0.0163007
v 0.0191366 0.0037902 0.0163007
v 0.0188398 0.0056561 0.0163007
v 0.0184269 0.0074871 0.0163007
v 0.0179003 0.0092720 0.0163007
v 0.0172634 0.0109997 0.0163007
v 0.0165201 0.0126596 0.0163007
v 0.0156748 0.0142414 0.0163007
v 0.0147330 0.0157354 0.0163007
v 0.0137003 0.0171324 0.0163007
v 0.0125832 0.0184238 0.0163007
v 0.0113884 0.0196016 0.0163007
v 0.0101235 0.0206586 0.0163007
v 0.0087961 0.0215881 0.0163007
v 0.0074146 0.0223846 0.0163007
v 0.0059873 0.0230431 0.0163007
v 0.0045230 0.0235595 0.0163007
v 0.0030309 0.0239306 0.0163007
v 0.0015202 0.0241542 0.0163007
v 0.0000000 0.0242289 0.0163007
v -0.0015202 0.0241542 0.0163007
v -0.0030309 0.0239306 0.0163007
v -0.0045230 0.0235595 0.0163007
v -0.0059873 0.0230431 0.0163007
v -0.0074146 0.0223846 0.0163007
v -0.0087961 0.0215881 0.0163007
v -0.0101235 0.0206586 0.0163007
v -0.0113884 0.0196016 0.0163007
v -0.0125832 0.0184238 0.0163007
v -0.0137003 0.0171324 0.0163007
v -0.0147330 0.0157354 0.0163007
v -0.0156748 0.0142414 0.0163007
v -0.0165201 0.0126596 0.0163007
v -0.0172634 0.0109997 0.0163007
v -0.0179003 0.0092720 0.0163007
v -0.0184269 0.0074871 0.0163007
v -0.0188398 0.0056561 0.0163007
v -0.0191366 0.0037902 0.0163007
v -0.0193154 0.0019010 0.0163007
v -0.0193752 0.0000000 0.0163007
v -0.0193154 -0.0019010 0.0163007
v -0.0191366 -0.0037902 0.0163007
v -0.0188398 -0.0056561 0.0163007
v -0.0184269 -0.0074871 0.0163007
v -0.0179003 -0.0092720 0.0163007
v -0.0172634 -0.0109997 0.0163007
v -0.0165201 -0.0126596 0.0163007
v -0.0156748 -0.0142414 0.0163007
v -0.0147330 -0.0157354 0.0163007
v -0.0137003 -0.0171324 0.0163007
v -0.0125832 -0.0184238 0.0163007
v -0.0113884 -0.0196016 0.0163007
v -0.0101235 -0.0206586 0.0163007
v -0.0087961 -0.0215881 0.0163007
v -0.0074146 -0.0223846 0.0163007
v -0.0059873 -0.0230431 0.0163007
v -0.0045230 -0.0235595 0.0163007
v -0.0030309 -0.0239306 0.0163007
v -0.0015202 -0.0241542 0.0163007
v -0.0000000 -0.0242289 0.0163007
v 0.0015202 -0.0241542 0.0163007
v 0.0030309 -0.0239306 0.0163007
v 0.0045230 -0.0235595 0.0163007
v 0.0059873 -0.0230431 0.0163007
v 0.0074146 -0.0223846 0.0163007
v 0.0087961 -0.0215881 0.0163007
v 0.0101235 -0.0206586 0.0163007
v 0.0113884 -0.0196016 0.0163007
v 0.0125832 -0.0184238 0.0163007
v 0.0137003 -0.0171324 0.0163007
v 0.0147330 -0.0157354 0.0163007
v 0.0156748 -0.0142414 0.0163007
v 0.0165201 -0.0126596 0.0163007
v 0.0172634 -0.0109997 0.0163007
v 0.0179003 -0.0092720 0.0163007
v 0.0184269 -0.0074871 0.0163007
v 0.0188398 -0.0056561 0.0163007
v 0.0191366 -0.0037902 0.0163007
v 0.0193154 -0.0019010 0.0163007
v 0.0187443 0.0000000 0.0176785
v 0.0186865 0.0018391 0.0176785
v 0.0185135 0.0036668 0.0176785
v 0.0182264 0.0054720 0.0176785
v 0.0178269 0.0072434 0.0176785
v 0.0173175 0.0089701 0.0176785
v 0.0167013 0.0106415 0.0176785
v 0.0159821 0.0122474 0.0176785
v 0.0151644 0.0137777 0.0176785
v 0.0142533 0.0152230 0.0176785
v 0.0132542 0.0165746 0.0176785
v 0.0121734 0.0178239 0.0176785
v 0.0110176 0.0189633 0.0176785
v 0.0097939 0.0199859 0.0176785
v 0.0085097 0.0208852 0.0176785
v 0.0071731 0.0216557 0.0176785
v 0.0057923 0.0222927 0.0176785
v 0.0043758 0.0227923 0.0176785
v 0.0029323 0.0231514 0.0176785
v 0.0014707 0.0233677 0.0176785
v 0.0000000 0.0234400 0.0176785
v -0.0014707 0.0233677 0.0176785
v -0.0029323 0.0231514 0.0176785
v -0.0043758 0.0227923 0.0176785
v -0.0057923 0.0222927 0.0176785
v -0.0071731 0.0216557 0.0176785
v -0.0085097 0.0208852 0.0176785
v -0.0097939 0.0199859 0.0176785
v -0.0110176 0.0189633 0.0176785
v -0.0121734 0.0178239 0.0176785
v -0.0132542 0.0165746 0.0176785
v -0.0142533 0.0152230 0.0176785
v -0.0151644 0.0137777 0.0176785
v -0.0159821 0.0122474 0.0176785
v -0.0167013 0.0106415 0.0176785
v -0.0173175 0.0089701 0.0176785
v -0.0178269 0.0072434 0.0176785
v -0.0182264 0.0054720 0.0176785
v -0.0185135 0.0036668 0.0176785
v -0.0186865 0.0018391 0.0176785
v -0.0187443 0.0000000 0.0176785
v -0.0186865 -0.0018391 0.0176785
v -0.0185135 -0.0036668 0.0176785
v -0.0182264 -0.0054720 0.0176785
v -0.0178269 -0.0072434 0.0176785
v -0.0173175 -0.0089701 0.0176785
v -0.0167013 -0.0106415 0.0176785
v -0.0159821 -0.0122474 0.0176785
v -0.0151644 -0.0137777 0.0176785
v -0.0142533 -0.0152230 0.0176785
v -0.0132542 -0.0165746 0.0176785
v -0.0121734 -0.0178239 0.0176785
v -0.0110176 -0.0189633 0.0176785
v -0.0097939 -0.0199859 0.0176785
v -0.0085097 -0.0208852 0.0176785
v -0.0071731 -0.0216557 0.0176785
v -0.0057923 -0.0222927 0.0176785
v -0.0043758 -0.0227923 0.0176785
v -0.0029323 -0.0231514 0.0176785
v -0.0014707 -0.0233677 0.0176785
v -0.0000000 -0.0234400 0.0176785
v 0.0014707 -0.0233677 0.0176785
v 0.0029323 -0.0231514 0.0176785
v 0.0043758 -0.0227923 0.0176785
v 0.0057923 -0.0222927 0.0176785
v 0.0071731 -0.0216557 0.0176785
v 0.0085097 -0.0208852 0.0176785
v 0.0097939 -0.0199859 0.0176785
v 0.0110176 -0.0189633 0.0176785
v 0.0121734 -0.0178239 0.0176785
v 0.0132542 -0.0165746 0.0176785
v 0.0142533 -0.0152230 0.0176785
v 0.0151644 -0.0137777 0.0176785
v 0.0159821 -0.0122474 0.0176785
v 0.0167013 -0.0106415 0.0176785
v 0.0173175 -0.0089701 0.0176785
v 0.0178269 -0.0072434 0.0176785
v 0.0182264 -0.0054720 0.0176785
v 0.0185135 -0.0036668 0.0176785
v 0.0186865 -0.0018391 0.0176785
v 0.0180544 0.0000000 0.0190086
v 0.0179987 0.0017714 0.0190086
v 0.0178321 0.0035319 0.0190086
v 0.0175556 0.0052706 0.0190086
v 0.0171708 0.0069768 0.0190086
v 0.0166801 0.0086400 0.0190086
v 0.0160866 0.0102499 0.0190086
v 0.0153939 0.0117966 0.0190086
v 0.0146063 0.0132706 0.0190086
v 0.0137287 0.0146628 0.0190086
v 0.0127664 0.0159645 0.0190086
v 0.0117254 0.0171679 0.0190086
v 0.0106121 0.0182654 0.0190086
v 0.0094334 0.0192503 0.0190086
v 0.0081965 0.0201165 0.0190086
v 0.0069091 0.0208587 0.0190086
v 0.0055791 0.0214723 0.0190086
v 0.0042147 0.0219535 0.0190086
v 0.0028243 0.0222993 0.0190086
v 0.0014165 0.0225077 0.0190086
v 0.0000000 0.0225773 0.0190086
v -0.0014165 0.0225077 0.0190086
v -0.0028243 0.0222993 0.0190086
v -0.0042147 0.0219535 0.0190086
v -0.0055791 0.0214723 0.0190086
v -0.0069091 0.0208587 0.0190086
v -0.0081965 0.0201165 0.0190086
v -0.0094334 0.0192503 0.0190086
v -0.0106121 0.0182654 0.0190086
v -0.0117254 0.0171679 0.0190086
v -0.0127664 0.0159645 0.0190086
v -0.0137287 0.0146628 0.0190086
v -0.0146063 0.0132706 0.0190086
v -0.0153939 0.0117966 0.0190086
v -0.0160866 0.0102499 0.0190086
v -0.0166801 0.0086400 0.0190086
v -0.0171708 0.0069768 0.0190086
v -0.0175556 0.0052706 0.0190086
v -0.0178321 0.0035319 0.0190086
v -0.0179987 0.0017714 0.0190086
v -0.0180544 0.0000000 0.0190086
v -0.0179987 -0.0017714 0.0190086
v -0.0178321 -0.0035319 0.0190086
v -0.0175556 -0.0052706 0.0190086
v -0.0171708 -0.0069768 0.0190086
v -0.0166801 -0.0086400 0.0190086
v -0.0160866 -0.0102499 0.0190086
v -0.0153939 -0.0117966 0.0190086
v -0.0146063 -0.0132706 0.0190086
v -0.0137287 -0.0146628 0.0190086
v -0.0127664 -0.0159645 0.0190086
v -0.0117254 -0.0171679 0.0190086
v -0.0106121 -0.0182654 0.0190086
v -0.0094334 -0.0192503 0.0190086
v -0.0081965 -0.0201165 0.0190086
v -0.0069091 -0.0208587 0.0190086
v -0.0055791 -0.0214723 0.0190086
v -0.0042147 -0.0219535 0.0190086
v -0.0028243 -0.0222993 0.0190086
v -0.0014165 -0.0225077 0.0190086
v -0.0000000 -0.0225773 0.0190086
v 0.0014165 -0.0225077 0.0190086
v 0.0028243 -0.0222993 0.0190086
v 0.0042147 -0.0219535 0.0190086
v 0.0055791 -0.0214723 0.0190086
v 0.0069091 -0.0208587 0.0190086
v 0.0081965 -0.0201165 0.0190086
v 0.0094334 -0.0192503 0.0190086
v 0.0106121 -0.0182654 0.0190086
v 0.0117254 -0.0171679 0.0190086
v 0.0127664 -0.0159645 0.0190086
v 0.0137287 -0.0146628 0.0190086
v 0.0146063 -0.0132706 0.0190086
v 0.0153939 -0.0117966 0.0190086
v 0.0160866 -0.0102499 0.0190086
v 0.0166801 -0.0086400 0.0190086
v 0.0171708 -0.0069768 0.0190086
v 0.0175556 -0.0052706 0.0190086
v 0.0178321 -0.0035319 0.0190086
v 0.0179987 -0.0017714 0.0190086
v 0.0173077 0.0000000 0.0202867
v 0.0172544 0.0016981 0.0202867
v 0.0170946 0.0033858 0.0202867
v 0.0168295 0.0050526 0.0202867
v 0.0164606 0.0066882 0.0202867
v 0.0159902 0.0082826 0.0202867
v 0.0154213 0.0098260 0.0202867
v 0.0147573 0.0113087 0.0202867
v 0.0140022 0.0127218 0.0202867
v 0.0131609 0.0140564 0.0202867
v 0.0122384 0.0153043 0.0202867
v 0.0112405 0.0164579 0.0202867
v 0.0101732 0.0175100 0.0202867
v 0.0090433 0.0184542 0.0202867
v 0.0078575 0.0192845 0.0202867
v 0.0066234 0.0199960 0.0202867
v 0.0053484 0.0205842 0.0202867
v 0.0040404 0.0210455 0.0202867
v 0.0027075 0.0213771 0.0202867
v 0.0013579 0.0215768 0.0202867
v 0.0000000 0.0216435 0.0202867
v -0.0013579 0.0215768 0.0202867
v -0.0027075 0.0213771 0.0202867
v -0.0040404 0.0210455 0.0202867
v -0.0053484 0.0205842 0.0202867
v -0.0066234 0.0199960 0.0202867
v -0.0078575 0.0192845 0.0202867
v -0.0090433 0.0184542 0.0202867
v -0.0101732 0.0175100 0.0202867
v -0.0112405 0.0164579 0.0202867
v -0.0122384 0.0153043 0.0202867
v -0.0131609 0.0140564 0.0202867
v -0.0140022 0.0127218 0.0202867
v -0.0147573 0.0113087 0.0202867
v -0.0154213 0.0098260 0.0202867
v -0.0159902 0.0082826 0.0202867
v -0.0164606 0.0066882 0.0202867
v -0.0168295 0.0050526 0.0202867
v -0.0170946 0.0033858 0.0202867
v -0.0172544 0.0016981 0.0202867
v -0.0173077 0.0000000 0.0202867
v -0.0172544 -0.0016981 0.0202867
v -0.0170946 -0.0033858 0.0202867
v -0.0168295 -0.0050526 0.0202867
v -0.0164606 -0.0066882 0.0202867
v -0.0159902 -0.0082826 0.0202867
v -0.0154213 -0.0098260 0.0202867
v -0.0147573 -0.0113087 0.0202867
v -0.0140022 -0.0127218 0.0202867
v -0.0131609 -0.0140564 0.0202867
v -0.0122384 -0.0153043 0.0202867
v -0.0112405 -0.0164579 0.0202867
v -0.0101732 -0.0175100 0.0202867
v -0.0090433 -0.0184542 0.0202867
v -0.0078575 -0.0192845 0.0202867
v -0.0066234 -0.0199960 0.0202867
v -0.0053484 -0.0205842 0.0202867
v -0.0040404 -0.0210455 0.0202867
v -0.0027075 -0.0213771 0.0202867
v -0.0013579 -0.0215768 0.0202867
v -0.0000000 -0.0216435 0.0202867
v 0.0013579 -0.0215768 0.0202867
v 0.0027075 -0.0213771 0.0202867
v 0.0040404 -0.0210455 0.0202867
v 0.0053484 -0.0205842 0.0202867
v 0.0066234 -0.0199960 0.0202867
v 0.0078575 -0.0192845 0.0202867
v 0.0090433 -0.0184542 0.0202867
v 0.0101732 -0.0175100 0.0202867
v 0.0112405 -0.0164579 0.0202867
v 0.0122384 -0.0153043 0.0202867
v 0.0131609 -0.0140564 0.0202867
v 0.0140022 -0.0127218 0.0202867
v 0.0147573 -0.0113087 0.0202867
v 0.0154213 -0.0098260 0.0202867
v 0.0159902 -0.0082826 0.0202867
v 0.0164606 -0.0066882 0.0202867
v 0.0168295 -0.0050526 0.0202867
v 0.0170946 -0.0033858 0.0202867
v 0.0172544 -0.0016981 0.0202867
v 0.0165066 0.0000000 0.0215089
v 0.0164557 0.0016195 0.0215089
v 0.0163034 0.0032291 0.0215089
v 0.0160505 0.0048187 0.0215089
v 0.0156987 0.0063786 0.0215089
v 0.0152501 0.0078992 0.0215089
v 0.0147075 0.0093711 0.0215089
v 0.0140742 0.0107853 0.0215089
v 0.0133541 0.0121329 0.0215089
v 0.0125517 0.0134057 0.0215089
v 0.0116719 0.0145959 0.0215089
v 0.0107202 0.0156961 0.0215089
v 0.0097023 0.0166995 0.0215089
v 0.0086247 0.0175999 0.0215089
v 0.0074938 0.0183919 0.0215089
v 0.0063168 0.0190705 0.0215089
v 0.0051008 0.0196314 0.0215089
v 0.0038534 0.0200714 0.0215089
v 0.0025822 0.0203876 0.0215089
v 0.0012951 0.0205781 0.0215089
v 0.0000000 0.0206417 0.0215089
v -0.0012951 0.0205781 0.0215089
v -0.0025822 0.0203876 0.0215089
v -0.0038534 0.0200714 0.0215089
v -0.0051008 0.0196314 0.0215089
v -0.0063168 0.0190705 0.0215089
v -0.0074938 0.0183919 0.0215089
v -0.0086247 0.0175999 0.0215089
v -0.0097023 0.0166995 0.0215089
v -0.0107202 0.0156961 0.0215089
v -0.0116719 0.0145959 0.0215089
v -0.0125517 0.0134057 0.0215089
v -0.0133541 0.0121329 0.0215089
v -0.0140742 0.0107853 0.0215089
v -0.0147075 0.0093711 0.0215089
v -0.0152501 0.0078992 0.0215089
v -0.0156987 0.0063786 0.0215089
v -0.0160505 0.0048187 0.0215089
v -0.0163034 0.0032291 0.0215089
v -0.0164557 0.0016195 0.0215089
v -0.0165066 0.0000000 0.0215089
v -0.0164557 -0.0016195 0.0215089
v -0.0163034 -0.0032291 0.0215089
v -0.0160505 -0.0048187 0.0215089
v -0.0156987 -0.0063786 0.0215089
v -0.0152501 -0.0078992 0.0215089
v -0.0147075 -0.0093711 0.0215089
v -0.0140742 -0.0107853 0.0215089
v -0.0133541 -0.0121329 0.0215089
v -0.0125517 -0.0134057 0.0215089
v -0.0116719 -0.0145959 0.0215089
v -0.0107202 -0.0156961 0.0215089
v -0.0097023 -0.0166995 0.0215089
v -0.0086247 -0.0175999 0.0215089
v -0.0074938 -0.0183919 0.0215089
v -0.0063168 -0.0190705 0.0215089
v -0.0051008 -0.0196314 0.0215089
v -0.0038534 -0.0200714 0.0215089
v -0.0025822 -0.0203876 0.0215089
v -0.0012951 -0.0205781 0.0215089
v -0.0000000 -0.0206417 0.0215089
v 0.0012951 -0.0205781 0.0215089
v 0.0025822 -0.0203876 0.0215089
v 0.0038534 -0.0200714 0.0215089
v 0.0051008 -0.0196314 0.0215089
v 0.0063168 -0.0190705 0.0215089
v 0.0074938 -0.0183919 0.0215089
v 0.0086247 -0.0175999 0.0215089
v 0.0097023 -0.0166995 0.0215089
v 0.0107202 -0.0156961 0.0215089
v 0.0116719 -0.0145959 0.0215089
v 0.0125517 -0.0134057 0.0215089
v 0.0133541 -0.0121329 0.0215089
v 0.0140742 -0.0107853 0.0215089
v 0.0147075 -0.0093711 0.0215089
v 0.0152501 -0.0078992 0.0215089
v 0.0156987 -0.0063786 0.0215089
v 0.0160505 -0.0048187 0.0215089
v 0.0163034 -0.0032291 0.0215089
v 0.0164557 -0.0016195 0.0215089
v 0.0156535 0.0000000 0.0226713
v 0.0156053 0.0015358 0.0226713
v 0.0154608 0.0030622 0.0226713
v 0.0152210 0.0045697 0.0226713
v 0.0148874 0.0060490 0.0226713
v 0.0144620 0.0074910 0.0226713
v 0.0139474 0.0088868 0.0226713
v 0.0133468 0.0102279 0.0226713
v 0.0126640 0.0115059 0.0226713
v 0.0119030 0.0127129 0.0226713
v 0.0110687 0.0138416 0.0226713
v 0.0101661 0.0148849 0.0226713
v 0.0092009 0.0158365 0.0226713
v 0.0081789 0.0166904 0.0226713
v 0.0071065 0.0174414 0.0226713
v 0.0059903 0.0180849 0.0226713
v 0.0048372 0.0186169 0.0226713
v 0.0036542 0.0190341 0.0226713
v 0.0024487 0.0193339 0.0226713
v 0.0012282 0.0195146 0.0226713
v 0.0000000 0.0195749 0.0226713
v -0.0012282 0.0195146 0.0226713
v -0.0024487 0.0193339 0.0226713
v -0.0036542 0.0190341 0.0226713
v -0.0048372 0.0186169 0.0226713
v -0.0059903 0.0180849 0.0226713
v -0.0071065 0.0174414 0.0226713
v -0.0081789 0.0166904 0.0226713
v -0.0092009 0.0158365 0.0226713
v -0.0101661 0.0148849 0.0226713
v -0.0110687 0.0138416 0.0226713
v -0.0119030 0.0127129 0.0226713
v -0.0126640 0.0115059 0.0226713
v -0.0133468 0.0102279 0.0226713
v -0.0139474 0.0088868 0.0226713
v -0.0144620 0.0074910 0.0226713
v -0.0148874 0.0060490 0.0226713
v -0.0152210 0.0045697 0.0226713
v -0.0154608 0.0030622 0.0226713
v -0.0156053 0.0015358 0.0226713
v -0.0156535 0.0000000 0.0226713
v -0.0156053 -0.0015358 0.0226713
v -0.0154608 -0.0030622 0.0226713
v -0.0152210 -0.0045697 0.0226713
v -0.0148874 -0.0060490 0.0226713
v -0.0144620 -0.0074910 0.0226713
v -0.0139474 -0.0088868 0.0226713
v -0.0133468 -0.0102279 0.0226713
v -0.0126640 -0.0115059 0.0226713
v -0.0119030 -0.0127129 0.0226713
v -0.0110687 -0.0138416 0.0226713
v -0.0101661 -0.0148849 0.0226713
v -0.0092009 -0.0158365 0.0226713
v -0.0081789 -0.0166904 0.0226713
v -0.0071065 -0.0174414 0.0226713
v -0.0059903 -0.0180849 0.0226713
v -0.0048372 -0.0186169 0.0226713
v -0.0036542 -0.0190341 0.0226713
v -0.0024487 -0.0193339 0.0226713
v -0.0012282 -0.0195146 0.0226713
v -0.0000000 -0.0195749 0.0226713
v 0.0012282 -0.0195146 0.0226713
v 0.0024487 -0.0193339 0.0226713
v 0.0036542 -0.0190341 0.0226713
v 0.0048372 -0.0186169 0.0226713
v 0.0059903 -0.0180849 0.0226713
v 0.0071065 -0.0174414 0.0226713
v 0.0081789 -0.0166904 0.0226713
v 0.0092009 -0.0158365 0.0226713
v 0.0101661 -0.0148849 0.0226713
v 0.0110687 -0.0138416 0.0226713
v 0.0119030 -0.0127129 0.0226713
v 0.0126640 -0.0115059 0.0226713
v 0.0133468 -0.0102279 0.0226713
v 0.0139474 -0.0088868 0.0226713
v 0.0144620 -0.0074910 0.0226713
v 0.0148874 -0.0060490 0.0226713
v 0.0152210 -0.0045697 0.0226713
v 0.0154608 -0.0030622 0.0226713
v 0.0156053 -0.0015358 0.0226713
v 0.0147512 0.0000000 0.0237703
v 0.0147057 0.0014473 0.0237703
v 0.0145696 0.0028857 0.0237703
v 0.0143436 0.0043063 0.0237703
v 0.0140292 0.0057003 0.0237703
v 0.0136283 0.0070592 0.0237703
v 0.0131434 0.0083746 0.0237703
v 0.0125775 0.0096383 0.0237703
v 0.0119340 0.0108426 0.0237703
v 0.0112169 0.0119801 0.0237703
v 0.0104307 0.0130437 0.0237703
v 0.0095801 0.0140269 0.0237703
v 0.0086705 0.0149236 0.0237703
v 0.0077075 0.0157283 0.0237703
v 0.0066969 0.0164360 0.0237703
v 0.0056450 0.0170424 0.0237703
v 0.0045584 0.0175437 0.0237703
v 0.0034436 0.0179369 0.0237703
v 0.0023076 0.0182195 0.0237703
v 0.0011574 0.0183897 0.0237703
v 0.0000000 0.0184466 0.0237703
v -0.0011574 0.0183897 0.0237703
v -0.0023076 0.0182195 0.0237703
v -0.0034436 0.0179369 0.0237703
v -0.0045584 0.0175437 0.0237703
v -0.0056450 0.0170424 0.0237703
v -0.0066969 0.0164360 0.0237703
v -0.0077075 0.0157283 0.0237703
v -0.0086705 0.0149236 0.0237703
v -0.0095801 0.0140269 0.0237703
v -0.0104307 0.0130437 0.0237703
v -0.0112169 0.0119801 0.0237703
v -0.0119340 0.0108426 0.0237703
v -0.0125775 0.0096383 0.0237703
v -0.0131434 0.0083746 0.0237703
v -0.0136283 0.0070592 0.0237703
v -0.0140292 0.0057003 0.0237703
v -0.0143436 0.0043063 0.0237703
v -0.0145696 0.0028857 0.0237703
v -0.0147057 0.0014473 0.0237703
v -0.0147512 0.0000000 0.0237703
v -0.0147057 -0.0014473 0.0237703
v -0.0145696 -0.0028857 0.0237703
v -0.0143436 -0.0043063 0.0237703
v -0.0140292 -0.0057003 0.0237703
v -0.0136283 -0.0070592 0.0237703
v -0.0131434 -0.0083746 0.0237703
v -0.0125775 -0.0096383 0.0237703
v -0.0119340 -0.0108426 0.0237703
v -0.0112169 -0.0119801 0.0237703
v -0.0104307 -0.0130437 0.0237703
v -0.0095801 -0.0140269 0.0237703
v -0.0086705 -0.0149236 0.0237703
v -0.0077075 -0.0157283 0.0237703
v -0.0066969 -0.0164360 0.0237703
v -0.0056450 -0.0170424 0.0237703
v -0.0045584 -0.0175437 0.0237703
v -0.0034436 -0.0179369 0.0237703
v -0.0023076 -0.0182195 0.0237703
v -0.0011574 -0.0183897 0.0237703
v -0.0000000 -0.0184466 0.0237703
v 0.0011574 -0.0183897 0.0237703
v 0.0023076 -0.0182195 0.0237703
v 0.0034436 -0.0179369 0.0237703
v 0.0045584 -0.0175437 0.0237703
v 0.0056450 -0.0170424 0.0237703
v 0.0066969 -0.0164360 0.0237703
v 0.0077075 -0.0157283 0.0237703
v 0.0086705 -0.0149236 0.0237703
v 0.0095801 -0.0140269 0.0237703
v 0.0104307 -0.0130437 0.0237703
v 0.0112169 -0.0119801 0.0237703
v 0.0119340 -0.0108426 0.0237703
v 0.0125775 -0.0096383 0.0237703
v 0.0131434 -0.0083746 0.0237703
v 0.0136283 -0.0070592 0.0237703
v 0.0140292 -0.0057003 0.0237703
v 0.0143436 -0.0043063 0.0237703
v 0.0145696 -0.0028857 0.0237703
v 0.0147057 -0.0014473 0.0237703
v 0.0138024 0.0000000 0.0248024
v 0.0137599 0.0013542 0.0248024
v 0.0136325 0.0027001 0.0248024
v 0.0134211 0.0040293 0.0248024
v 0.0131269 0.0053337 0.0248024
v 0.0127518 0.0066052 0.0248024
v 0.0122981 0.0078359 0.0248024
v 0.0117685 0.0090184 0.0248024
v 0.0111664 0.0101453 0.0248024
v 0.0104955 0.0112096 0.0248024
v 0.0097598 0.0122048 0.0248024
v 0.0089640 0.0131247 0.0248024
v 0.0081129 0.0139638 0.0248024
v 0.0072118 0.0147167 0.0248024
v 0.0062662 0.0153789 0.0248024
v 0.0052820 0.0159463 0.0248024
v 0.0042652 0.0164154 0.0248024
v 0.0032221 0.0167833 0.0248024
v 0.0021592 0.0170476 0.0248024
v 0.0010829 0.0172069 0.0248024
v 0.0000000 0.0172601 0.0248024
v -0.0010829 0.0172069 0.0248024
v -0.0021592 0.0170476 0.0248024
v -0.0032221 0.0167833 0.0248024
v -0.0042652 0.0164154 0.0248024
v -0.0052820 0.0159463 0.0248024
v -0.0062662 0.0153789 0.0248024
v -0.0072118 0.0147167 0.0248024
v -0.0081129 0.0139638 0.0248024
v -0.0089640 0.0131247 0.0248024
v -0.0097598 0.0122048 0.0248024
v -0.0104955 0.0112096 0.0248024
v -0.0111664 0.0101453 0.0248024
v -0.0117685 0.0090184 0.0248024
v -0.0122981 0.0078359 0.0248024
v -0.0127518 0.0066052 0.0248024
v -0.0131269 0.0053337 0.0248024
v -0.0134211 0.0040293 0.0248024
v -0.0136325 0.0027001 0.0248024
v -0.0137599 0.0013542 0.0248024
v -0.0138024 0.0000000 0.0248024
v -0.0137599 -0.0013542 0.0248024
v -0.0136325 -0.0027001 0.0248024
v -0.0134211 -0.0040293 0.0248024
v -0.0131269 -0.0053337 0.0248024
v -0.0127518 -0.0066052 0.0248024
v -0.0122981 -0.0078359 0.0248024
v -0.0117685 -0.0090184 0.0248024
v -0.0111664 -0.0101453 0.0248024
v -0.0104955 -0.0112096 0.0248024
v -0.0097598 -0.0122048 0.0248024
v -0.0089640 -0.0131247 0.0248024
v -0.0081129 -0.0139638 0.0248024
v -0.0072118 -0.0147167 0.0248024
v -0.0062662 -0.0153789 0.0248024
v -0.0052820 -0.0159463 0.0248024
v -0.0042652 -0.0164154 0.0248024
v -0.0032221 -0.0167833 0.0248024
v -0.0021592 -0.0170476 0.0248024
v -0.0010829 -0.0172069 0.0248024
v -0.0000000 -0.0172601 0.0248024
v 0.0010829 -0.0172069 0.0248024
v 0.0021592 -0.0170476 0.0248024
v 0.0032221 -0.0167833 0.0248024
v 0.0042652 -0.0164154 0.0248024
v 0.0052820 -0.0159463 0.0248024
v 0.0062662 -0.0153789 0.0248024
v 0.0072118 -0.0147167 0.0248024
v 0.0081129 -0.0139638 0.0248024
v 0.0089640 -0.0131247 0.0248024
v 0.0097598 -0.0122048 0.0248024
v 0.0104955 -0.0112096 0.0248024
v 0.0111664 -0.0101453 0.0248024
v 0.0117685 -0.0090184 0.0248024
v 0.0122981 -0.0078359 0.0248024
v 0.0127518 -0.0066052 0.0248024
v 0.0131269 -0.0053337 0.0248024
v 0.0134211 -0.0040293 0.0248024
v 0.0136325 -0.0027001 0.0248024
v 0.0137599 -0.0013542 0.0248024
v 0.0128103 0.0000000 0.0257643
v 0.0127708 0.0012569 0.0257643
v 0.0126526 0.0025060 0.0257643
v 0.0124563 0.0037397 0.0257643
v 0.0121833 0.0049503 0.0257643
v 0.0118352 0.0061304 0.0257643
v 0.0114140 0.0072727 0.0257643
v 0.0109226 0.0083701 0.0257643
v 0.0103637 0.0094160 0.0257643
v 0.0097410 0.0104038 0.0257643
v 0.0090582 0.0113274 0.0257643
v 0.0083196 0.0121813 0.0257643
v 0.0075297 0.0129600 0.0257643
v 0.0066934 0.0136588 0.0257643
v 0.0058157 0.0142734 0.0257643
v 0.0049023 0.0148000 0.0257643
v 0.0039586 0.0152354 0.0257643
v 0.0029905 0.0155768 0.0257643
v 0.0020040 0.0158222 0.0257643
v 0.0010051 0.0159701 0.0257643
v 0.0000000 0.0160194 0.0257643
v -0.0010051 0.0159701 0.0257643
v -0.0020040 0.0158222 0.0257643
v -0.0029905 0.0155768 0.0257643
v -0.0039586 0.0152354 0.0257643
v -0.0049023 0.0148000 0.0257643
v -0.0058157 0.0142734 0.0257643
v -0.0066934 0.0136588 0.0257643
v -0.0075297 0.0129600 0.0257643
v -0.0083196 0.0121813 0.0257643
v -0.0090582 0.0113274 0.0257643
v -0.0097410 0.0104038 0.0257643
v -0.0103637 0.0094160 0.0257643
v -0.0109226 0.0083701 0.0257643
v -0.0114140 0.0072727 0.0257643
v -0.0118352 0.0061304 0.0257643
v -0.0121833 0.0049503 0.0257643
v -0.0124563 0.0037397 0.0257643
v -0.0126526 0.0025060 0.0257643
v -0.0127708 0.0012569 0.0257643
v -0.0128103 0.0000000 0.0257643
v -0.0127708 -0.0012569 0.0257643
v -0.0126526 -0.0025060 0.0257643
v -0.0124563 -0.0037397 0.0257643
v -0.0121833 -0.0049503 0.0257643
v -0.0118352 -0.0061304 0.0257643
v -0.0114140 -0.0072727 0.0257643
v -0.0109226 -0.0083701 0.0257643
v -0.0103637 -0.0094160 0.0257643
v -0.0097410 -0.0104038 0.0257643
v -0.0090582 -0.0113274 0.0257643
v -0.0083196 -0.0121813 0.0257643
v -0.0075297 -0.0129600 0.0257643
v -0.0066934 -0.0136588 0.0257643
v -0.0058157 -0.0142734 0.0257643
v -0.0049023 -0.0148000 0.0257643
v -0.0039586 -0.0152354 0.0257643
v -0.0029905 -0.0155768 0.0257643
v -0.0020040 -0.0158222 0.0257643
v -0.0010051 -0.0159701 0.0257643
v -0.0000000 -0.0160194 0.0257643
v 0.0010051 -0.0159701 0.0257643
v 0.0020040 -0.0158222 0.0257643
v 0.0029905 -0.0155768 0.0257643
v 0.0039586 -0.0152354 0.0257643
v 0.0049023 -0.0148000 0.0257643
v 0.0058157 -0.0142734 0.0257643
v 0.0066934 -0.0136588 0.0257643
v 0.0075297 -0.0129600 0.0257643
v 0.0083196 -0.0121813 0.0257643
v 0.0090582 -0.0113274 0.0257643
v 0.0097410 -0.0104038 0.0257643
v 0.0103637 -0.0094160 0.0257643
v 0.0109226 -0.0083701 0.0257643
v 0.0114140 -0.0072727 0.0257643
v 0.0118352 -0.0061304 0.0257643
v 0.0121833 -0.0049503 0.0257643
v 0.0124563 -0.0037397 0.0257643
v 0.0126526 -0.0025060 0.0257643
v 0.0127708 -0.0012569 0.0257643
v 0.0117778 0.0000000 0.0266530
v 0.0117415 0.0011556 0.0266530
v 0.0116328 0.0023040 0.0266530
v 0.0114524 0.0034383 0.0266530
v 0.0112014 0.0045513 0.0266530
v 0.0108813 0.0056363 0.0266530
v 0.0104941 0.0066865 0.0266530
v 0.0100422 0.0076955 0.0266530
v 0.0095284 0.0086571 0.0266530
v 0.0089559 0.0095653 0.0266530
v 0.0083282 0.0104145 0.0266530
v 0.0076491 0.0111995 0.0266530
v 0.0069228 0.0119155 0.0266530
v 0.0061539 0.0125580 0.0266530
v 0.0053470 0.0131230 0.0266530
v 0.0045072 0.0136072 0.0266530
v 0.0036395 0.0140075 0.0266530
v 0.0027495 0.0143214 0.0266530
v 0.0018425 0.0145470 0.0266530
v 0.0009241 0.0146829 0.0266530
v 0.0000000 0.0147283 0.0266530
v -0.0009241 0.0146829 0.0266530
v -0.0018425 0.0145470 0.0266530
v -0.0027495 0.0143214 0.0266530
v -0.0036395 0.0140075 0.0266530
v -0.0045072 0.0136072 0.0266530
v -0.0053470 0.0131230 0.0266530
v -0.0061539 0.0125580 0.0266530
v -0.0069228 0.0119155 0.0266530
v -0.0076491 0.0111995 0.0266530
v -0.0083282 0.0104145 0.0266530
v -0.0089559 0.0095653 0.0266530
v -0.0095284 0.0086571 0.0266530
v -0.0100422 0.0076955 0.0266530
v -0.0104941 0.0066865 0.0266530
v -0.0108813 0.0056363 0.0266530
v -0.0112014 0.0045513 0.0266530
v -0.0114524 0.0034383 0.0266530
v -0.0116328 0.0023040 0.0266530
v -0.0117415 0.0011556 0.0266530
v -0.0117778 0.0000000 0.0266530
v -0.0117415 -0.0011556 0.0266530
v -0.0116328 -0.0023040 0.0266530
v -0.0114524 -0.0034383 0.0266530
v -0.0112014 -0.0045513 0.0266530
v -0.0108813 -0.0056363 0.0266530
v -0.0104941 -0.0066865 0.0266530
v -0.0100422 -0.0076955 0.0266530
v -0.0095284 -0.0086571 0.0266530
v -0.0089559 -0.0095653 0.0266530
v -0.0083282 -0.0104145 0.0266530
v -0.0076491 -0.0111995 0.0266530
v -0.0069228 -0.0119155 0.0266530
v -0.0061539 -0.0125580 0.0266530
v -0.0053470 -0.0131230 0.0266530
v -0.0045072 -0.0136072 0.0266530
v -0.0036395 -0.0140075 0.0266530
v -0.0027495 -0.0143214 0.0266530
v -0.0018425 -0.0145470 0.0266530
v -0.0009241 -0.0146829 0.0266530
v -0.0000000 -0.0147283 0.0266530
v 0.0009241 -0.0146829 0.0266530
v 0.0018425 -0.0145470 0.0266530
v 0.0027495 -0.0143214 0.0266530
v 0.0036395 -0.0140075 0.0266530
v 0.0045072 -0.0136072 0.0266530
v 0.0053470 -0.0131230 0.0266530
v 0.0061539 -0.0125580 0.0266530
v 0.0069228 -0.0119155 0.0266530
v 0.0076491 -0.0111995 0.0266530
v 0.0083282 -0.0104145 0.0266530
v 0.0089559 -0.0095653 0.0266530
v 0.0095284 -0.0086571 0.0266530
v 0.0100422 -0.0076955 0.0266530
v 0.0104941 -0.0066865 0.0266530
v 0.0108813 -0.0056363 0.0266530
v 0.0112014 -0.0045513 0.0266530
v 0.0114524 -0.0034383 0.0266530
v 0.0116328 -0.0023040 0.0266530
v 0.0117415 -0.0011556 0.0266530
v 0.0107083 0.0000000 0.0274658
v 0.0106753 0.0010506 0.0274658
v 0.0105764 0.0020948 0.0274658
v 0.0104124 0.0031260 0.0274658
v 0.0101842 0.0041380 0.0274658
v 0.0098932 0.0051245 0.0274658
v 0.0095411 0.0060793 0.0274658
v 0.0091303 0.0069967 0.0274658
v 0.0086632 0.0078709 0.0274658
v 0.0081426 0.0086967 0.0274658
v 0.0075719 0.0094688 0.0274658
v 0.0069545 0.0101825 0.0274658
v 0.0062942 0.0108334 0.0274658
v 0.0055951 0.0114176 0.0274658
v 0.0048615 0.0119313 0.0274658
v 0.0040979 0.0123715 0.0274658
v 0.0033090 0.0127355 0.0274658
v 0.0024998 0.0130209 0.0274658
v 0.0016751 0.0132260 0.0274658
v 0.0008402 0.0133496 0.0274658
v 0.0000000 0.0133909 0.0274658
v -0.0008402 0.0133496 0.0274658
v -0.0016751 0.0132260 0.0274658
v -0.0024998 0.0130209 0.0274658
v -0.0033090 0.0127355 0.0274658
v -0.0040979 0.0123715 0.0274658
v -0.0048615 0.0119313 0.0274658
v -0.0055951 0.0114176 0.0274658
v -0.0062942 0.0108334 0.0274658
v -0.0069545 0.0101825 0.0274658
v -0.0075719 0.0094688 0.0274658
v -0.0081426 0.0086967 0.0274658
v -0.0086632 0.0078709 0.0274658
v -0.0091303 0.0069967 0.0274658
v -0.0095411 0.0060793 0.0274658
v -0.0098932 0.0051245 0.0274658
v -0.0101842 0.0041380 0.0274658
v -0.0104124 0.0031260 0.0274658
v -0.0105764 0.0020948 0.0274658
v -0.0106753 0.0010506 0.0274658
v -0.0107083 0.0000000 0.0274658
v -0.0106753 -0.0010506 0.0274658
v -0.0105764 -0.0020948 0.0274658
v -0.0104124 -0.0031260 0.0274658
v -0.0101842 -0.0041380 0.0274658
v -0.0098932 -0.0051245 0.0274658
v -0.0095411 -0.0060793 0.0274658
v -0.0091303 -0.0069967 0.0274658
v -0.0086632 -0.0078709 0.0274658
v -0.0081426 -0.0086967 0.0274658
v -0.0075719 -0.0094688 0.0274658
v -0.0069545 -0.0101825 0.0274658
v -0.0062942 -0.0108334 0.0274658
v -0.0055951 -0.0114176 0.0274658
v -0.0048615 -0.0119313 0.0274658
v -0.0040979 -0.0123715 0.0274658
v -0.0033090 -0.0127355 0.0274658
v -0.0024998 -0.0130209 0.0274658
v -0.0016751 -0.0132260 0.0274658
v -0.0008402 -0.0133496 0.0274658
v -0.0000000 -0.0133909 0.0274658
v 0.0008402 -0.0133496 0.0274658
v 0.0016751 -0.0132260 0.0274658
v 0.0024998 -0.0130209 0.0274658
v 0.0033090 -0.0127355 0.0274658
v 0.0040979 -0.0123715 0.0274658
v 0.0048615 -0.0119313 0.0274658
v 0.0055951 -0.0114176 0.0274658
v 0.0062942 -0.0108334 0.0274658
v 0.0069545 -0.0101825 0.0274658
v 0.0075719 -0.0094688 0.0274658
v 0.0081426 -0.0086967 0.0274658
v 0.0086632 -0.0078709 0.0274658
v 0.0091303 -0.0069967 0.0274658
v 0.0095411 -0.0060793 0.0274658
v 0.0098932 -0.0051245 0.0274658
v 0.0101842 -0.0041380 0.0274658
v 0.0104124 -0.0031260 0.0274658
v 0.0105764 -0.0020948 0.0274658
v 0.0106753 -0.0010506 0.0274658
v 0.0096051 0.0000000 0.0282000
v 0.0095755 0.0009424 0.0282000
v 0.0094868 0.0018790 0.0282000
v 0.0093397 0.0028040 0.0282000
v 0.0091350 0.0037117 0.0282000
v 0.0088739 0.0045965 0.0282000
v 0.0085582 0.0054530 0.0282000
v 0.0081897 0.0062759 0.0282000
v 0.0077707 0.0070600 0.0282000
v 0.0073037 0.0078007 0.0282000
v 0.0067918 0.0084932 0.0282000
v 0.0062380 0.0091334 0.0282000
v 0.0056457 0.0097173 0.0282000
v 0.0050186 0.0102413 0.0282000
v 0.0043606 0.0107021 0.0282000
v 0.0036757 0.0110970 0.0282000
v 0.0029681 0.0114234 0.0282000
v 0.0022423 0.0116794 0.0282000
v 0.0015026 0.0118634 0.0282000
v 0.0007536 0.0119742 0.0282000
v 0.0000000 0.0120113 0.0282000
v -0.0007536 0.0119742 0.0282000
v -0.0015026 0.0118634 0.0282000
v -0.0022423 0.0116794 0.0282000
v -0.0029681 0.0114234 0.0282000
v -0.0036757 0.0110970 0.0282000
v -0.0043606 0.0107021 0.0282000
v -0.0050186 0.0102413 0.0282000
v -0.0056457 0.0097173 0.0282000
v -0.0062380 0.0091334 0.0282000
v -0.0067918 0.0084932 0.0282000
v -0.0073037 0.0078007 0.0282000
v -0.0077707 0.0070600 0.0282000
v -0.0081897 0.0062759 0.0282000
v -0.0085582 0.0054530 0.0282000
v -0.0088739 0.0045965 0.0282000
v -0.0091350 0.0037117 0.0282000
v -0.0093397 0.0028040 0.0282000
v -0.0094868 0.0018790 0.0282000
v -0.0095755 0.0009424 0.0282000
v -0.0096051 0.0000000 0.0282000
v -0.0095755 -0.0009424 0.0282000
v -0.0094868 -0.0018790 0.0282000
v -0.0093397 -0.0028040 0.0282000
v -0.0091350 -0.0037117 0.0282000
v -0.0088739 -0.0045965 0.0282000
v -0.0085582 -0.0054530 0.0282000
v -0.0081897 -0.0062759 0.0282000
v -0.0077707 -0.0070600 0.0282000
v -0.0073037 -0.0078007 0.0282000
v -0.0067918 -0.0084932 0.0282000
v -0.0062380 -0.0091334 0.0282000
v -0.0056457 -0.0097173 0.0282000
v -0.0050186 -0.0102413 0.0282000
v -0.0043606 -0.0107021 0.0282000
v -0.0036757 -0.0110970 0.0282000
v -0.0029681 -0.0114234 0.0282000
v -0.0022423 -0.0116794 0.0282000
v -0.0015026 -0.0118634 0.0282000
v -0.0007536 -0.0119742 0.0282000
v -0.0000000 -0.0120113 0.0282000
v 0.0007536 -0.0119742 0.0282000
v 0.0015026 -0.0118634 0.0282000
v 0.0022423 -0.0116794 0.0282000
v 0.0029681 -0.0114234 0.0282000
v 0.0036757 -0.0110970 0.0282000
v 0.0043606 -0.0107021 0.0282000
v 0.0050186 -0.0102413 0.0282000
v 0.0056457 -0.0097173 0.0282000
v 0.0062380 -0.0091334 0.0282000
v 0.0067918 -0.0084932 0.0282000
v 0.0073037 -0.0078007 0.0282000
v 0.0077707 -0.0070600 0.0282000
v 0.0081897 -0.0062759 0.0282000
v 0.0085582 -0.0054530 0.0282000
v 0.0088739 -0.0045965 0.0282000
v 0.0091350 -0.0037117 0.0282000
v 0.0093397 -0.0028040 0.0282000
v 0.0094868 -0.0018790 0.0282000
v 0.0095755 -0.0009424 0.0282000
v 0.0084716 0.0000000 0.0288534
v 0.0084455 0.0008312 0.0288534
v 0.0083673 0.0016572 0.0288534
v 0.0082375 0.0024731 0.0288534
v 0.0080570 0.0032737 0.0288534
v 0.0078268 0.0040541 0.0288534
v 0.0075483 0.0048095 0.0288534
v 0.0072232 0.0055353 0.0288534
v 0.0068537 0.0062269 0.0288534
v 0.0064419 0.0068802 0.0288534
v 0.0059903 0.0074910 0.0288534
v 0.0055019 0.0080556 0.0288534
v 0.0049795 0.0085706 0.0288534
v 0.0044264 0.0090328 0.0288534
v 0.0038460 0.0094392 0.0288534
v 0.0032419 0.0097875 0.0288534
v 0.0026179 0.0100754 0.0288534
v 0.0019777 0.0103012 0.0288534
v 0.0013253 0.0104634 0.0288534
v 0.0006647 0.0105612 0.0288534
v 0.0000000 0.0105939 0.0288534
v -0.0006647 0.0105612 0.0288534
v -0.0013253 0.0104634 0.0288534
v -0.0019777 0.0103012 0.0288534
v -0.0026179 0.0100754 0.0288534
v -0.0032419 0.0097875 0.0288534
v -0.0038460 0.0094392 0.0288534
v -0.0044264 0.0090328 0.0288534
v -0.0049795 0.0085706 0.0288534
v -0.0055019 0.0080556 0.0288534
v -0.0059903 0.0074910 0.0288534
v -0.0064419 0.0068802 0.0288534
v -0.0068537 0.0062269 0.0288534
v -0.0072232 0.0055353 0.0288534
v -0.0075483 0.0048095 0.0288534
v -0.0078268 0.0040541 0.0288534
v -0.0080570 0.0032737 0.0288534
v -0.0082375 0.0024731 0.0288534
v -0.0083673 0.0016572 0.0288534
v -0.0084455 0.0008312 0.0288534
v -0.0084716 0.0000000 0.0288534
v -0.0084455 -0.0008312 0.0288534
v -0.0083673 -0.0016572 0.0288534
v -0.0082375 -0.0024731 0.0288534
v -0.0080570 -0.0032737 0.0288534
v -0.0078268 -0.0040541 0.0288534
v -0.0075483 -0.0048095 0.0288534
v -0.0072232 -0.0055353 0.0288534
v -0.0068537 -0.0062269 0.0288534
v -0.0064419 -0.0068802 0.0288534
v -0.0059903 -0.0074910 0.0288534
v -0.0055019 -0.0080556 0.0288534
v -0.0049795 -0.0085706 0.0288534
v -0.0044264 -0.0090328 0.0288534
v -0.0038460 -0.0094392 0.0288534
v -0.0032419 -0.0097875 0.0288534
v -0.0026179 -0.0100754 0.0288534
v -0.0019777 -0.0103012 0.0288534
v -0.0013253 -0.0104634 0.0288534
v -0.0006647 -0.0105612 0.0288534
v -0.0000000 -0.0105939 0.0288534
v 0.0006647 -0.0105612 0.0288534
v 0.0013253 -0.0104634 0.0288534
v 0.0019777 -0.0103012 0.0288534
v 0.0026179 -0.0100754 0.0288534
v 0.0032419 -0.0097875 0.0288534
v 0.0038460 -0.0094392 0.0288534
v 0.0044264 -0.0090328 0.0288534
v 0.0049795 -0.0085706 0.0288534
v 0.0055019 -0.0080556 0.0288534
v 0.0059903 -0.0074910 0.0288534
v 0.0064419 -0.0068802 0.0288534
v 0.0068537 -0.0062269 0.0288534
v 0.0072232 -0.0055353 0.0288534
v 0.0075483 -0.0048095 0.0288534
v 0.0078268 -0.0040541 0.0288534
v 0.0080570 -0.0032737 0.0288534
v 0.0082375 -0.0024731 0.0288534
v 0.0083673 -0.0016572 0.0288534
v 0.0084455 -0.0008312 0.0288534
v 0.0073115 0.0000000 0.0294238
v 0.0072890 0.0007174 0.0294238
v 0.0072215 0.0014303 0.0294238
v 0.0071095 0.0021344 0.0294238
v 0.0069537 0.0028254 0.0294238
v 0.0067550 0.0034989 0.0294238
v 0.0065146 0.0041509 0.0294238
v 0.0062341 0.0047773 0.0294238
v 0.0059151 0.0053742 0.0294238
v 0.0055597 0.0059380 0.0294238
v 0.0051700 0.0064652 0.0294238
v 0.0047485 0.0069525 0.0294238
v 0.0042976 0.0073970 0.0294238
v 0.0038203 0.0077958 0.0294238
v 0.0033194 0.0081466 0.0294238
v 0.0027980 0.0084472 0.0294238
v 0.0022594 0.0086957 0.0294238
v 0.0017068 0.0088905 0.0294238
v 0.0011438 0.0090306 0.0294238
v 0.0005737 0.0091150 0.0294238
v 0.0000000 0.0091432 0.0294238
v -0.0005737 0.0091150 0.0294238
v -0.0011438 0.0090306 0.0294238
v -0.0017068 0.0088905 0.0294238
v -0.0022594 0.0086957 0.0294238
v -0.0027980 0.0084472 0.0294238
v -0.0033194 0.0081466 0.0294238
v -0.0038203 0.0077958 0.0294238
v -0.0042976 0.0073970 0.0294238
v -0.0047485 0.0069525 0.0294238
v -0.0051700 0.0064652 0.0294238
v -0.0055597 0.0059380 0.0294238
v -0.0059151 0.0053742 0.0294238
v -0.0062341 0.0047773 0.0294238
v -0.0065146 0.0041509 0.0294238
v -0.0067550 0.0034989 0.0294238
v -0.0069537 0.0028254 0.0294238
v -0.0071095 0.0021344 0.0294238
v -0.0072215 0.0014303 0.0294238
v -0.0072890 0.0007174 0.0294238
v -0.0073115 0.0000000 0.0294238
v -0.0072890 -0.0007174 0.0294238
v -0.0072215 -0.0014303 0.0294238
v -0.0071095 -0.0021344 0.0294238
v -0.0069537 -0.0028254 0.0294238
v -0.0067550 -0.0034989 0.0294238
v -0.0065146 -0.0041509 0.0294238
v -0.0062341 -0.0047773 0.0294238
v -0.0059151 -0.0053742 0.0294238
v -0.0055597 -0.0059380 0.0294238
v -0.0051700 -0.0064652 0.0294238
v -0.0047485 -0.0069525 0.0294238
v -0.0042976 -0.0073970 0.0294238
v -0.0038203 -0.0077958 0.0294238
v -0.0033194 -0.0081466 0.0294238
v -0.0027980 -0.0084472 0.0294238
v -0.0022594 -0.0086957 0.0294238
v -0.0017068 -0.0088905 0.0294238
v -0.0011438 -0.0090306 0.0294238
v -0.0005737 -0.0091150 0.0294238
v -0.0000000 -0.0091432 0.0294238
v 0.0005737 -0.0091150 0.0294238
v 0.0011438 -0.0090306 0.0294238
v 0.0017068 -0.0088905 0.0294238
v 0.0022594 -0.0086957 0.0294238
v 0.0027980 -0.0084472 0.0294238
v 0.0033194 -0.0081466 0.0294238
v 0.0038203 -0.0077958 0.0294238
v 0.0042976 -0.0073970 0.0294238
v 0.0047485 -0.0069525 0.0294238
v 0.0051700 -0.0064652 0.0294238
v 0.0055597 -0.0059380 0.0294238
v 0.0059151 -0.0053742 0.0294238
v 0.0062341 -0.0047773 0.0294238
v 0.0065146 -0.0041509 0.0294238
v 0.0067550 -0.0034989 0.0294238
v 0.0069537 -0.0028254 0.0294238
v 0.0071095 -0.0021344 0.0294238
v 0.0072215 -0.0014303 0.0294238
v 0.0072890 -0.0007174 0.0294238
v 0.0061284 0.0000000 0.0299096
v 0.0061095 0.0006013 0.0299096
v 0.0060530 0.0011989 0.0299096
v 0.0059591 0.0017890 0.0299096
v 0.0058285 0.0023682 0.0299096
v 0.0056619 0.0029328 0.0299096
v 0.0054605 0.0034792 0.0299096
v 0.0052253 0.0040043 0.0299096
v 0.0049580 0.0045046 0.0299096
v 0.0046601 0.0049772 0.0299096
v 0.0043334 0.0054190 0.0299096
v 0.0039801 0.0058275 0.0299096
v 0.0036022 0.0062000 0.0299096
v 0.0032021 0.0065344 0.0299096
v 0.0027822 0.0068284 0.0299096
v 0.0023452 0.0070803 0.0299096
v 0.0018938 0.0072886 0.0299096
v 0.0014307 0.0074519 0.0299096
v 0.0009587 0.0075693 0.0299096
v 0.0004808 0.0076400 0.0299096
v 0.0000000 0.0076637 0.0299096
v -0.0004808 0.0076400 0.0299096
v -0.0009587 0.0075693 0.0299096
v -0.0014307 0.0074519 0.0299096
v -0.0018938 0.0072886 0.0299096
v -0.0023452 0.0070803 0.0299096
v -0.0027822 0.0068284 0.0299096
v -0.0032021 0.0065344 0.0299096
v -0.0036022 0.0062000 0.0299096
v -0.0039801 0.0058275 0.0299096
v -0.0043334 0.0054190 0.0299096
v -0.0046601 0.0049772 0.0299096
v -0.0049580 0.0045046 0.0299096
v -0.0052253 0.0040043 0.0299096
v -0.0054605 0.0034792 0.0299096
v -0.0056619 0.0029328 0.0299096
v -0.0058285 0.0023682 0.0299096
v -0.0059591 0.0017890 0.0299096
v -0.0060530 0.0011989 0.0299096
v -0.0061095 0.0006013 0.0299096
v -0.0061284 0.0000000 0.0299096
v -0.0061095 -0.0006013 0.0299096
v -0.0060530 -0.0011989 0.0299096
v -0.0059591 -0.0017890 0.0299096
v -0.0058285 -0.0023682 0.0299096
v -0.0056619 -0.0029328 0.0299096
v -0.0054605 -0.0034792 0.0299096
v -0.0052253 -0.0040043 0.0299096
v -0.0049580 -0.0045046 0.0299096
v -0.0046601 -0.0049772 0.0299096
v -0.0043334 -0.0054190 0.0299096
v -0.0039801 -0.0058275 0.0299096
v -0.0036022 -0.0062000 0.0299096
v -0.0032021 -0.0065344 0.0299096
v -0.0027822 -0.0068284 0.0299096
v -0.0023452 -0.0070803 0.0299096
v -0.0018938 -0.0072886 0.0299096
v -0.0014307 -0.0074519 0.0299096
v -0.0009587 -0.0075693 0.0299096
v -0.0004808 -0.0076400 0.0299096
v -0.0000000 -0.0076637 0.0299096
v 0.0004808 -0.0076400 0.0299096
v 0.0009587 -0.0075693 0.0299096
v 0.0014307 -0.0074519 0.0299096
v 0.0018938 -0.0072886 0.0299096
v 0.0023452 -0.0070803 0.0299096
v 0.0027822 -0.0068284 0.0299096
v 0.0032021 -0.0065344 0.0299096
v 0.0036022 -0.0062000 0.0299096
v 0.0039801 -0.0058275 0.0299096
v 0.0043334 -0.0054190 0.0299096
v 0.0046601 -0.0049772 0.0299096
v 0.0049580 -0.0045046 0.0299096
v 0.0052253 -0.0040043 0.0299096
v 0.0054605 -0.0034792 0.0299096
v 0.0056619 -0.0029328 0.0299096
v 0.0058285 -0.0023682 0.0299096
v 0.0059591 -0.0017890 0.0299096
v 0.0060530 -0.0011989 0.0299096
v 0.0061095 -0.0006013 0.0299096
v 0.0049260 0.0000000 0.0303092
v 0.0049109 0.0004833 0.0303092
v 0.0048654 0.0009636 0.0303092
v 0.0047899 0.0014380 0.0303092
v 0.0046849 0.0019036 0.0303092
v 0.0045511 0.0023574 0.0303092
v 0.0043891 0.0027966 0.0303092
v 0.0042001 0.0032186 0.0303092
v 0.0039852 0.0036208 0.0303092
v 0.0037458 0.0040006 0.0303092
v 0.0034832 0.0043558 0.0303092
v 0.0031992 0.0046842 0.0303092
v 0.0028955 0.0049836 0.0303092
v 0.0025738 0.0052523 0.0303092
v 0.0022364 0.0054887 0.0303092
v 0.0018851 0.0056912 0.0303092
v 0.0015222 0.0058586 0.0303092
v 0.0011500 0.0059899 0.0303092
v 0.0007706 0.0060842 0.0303092
v 0.0003865 0.0061411 0.0303092
v 0.0000000 0.0061601 0.0303092
v -0.0003865 0.0061411 0.0303092
v -0.0007706 0.0060842 0.0303092
v -0.0011500 0.0059899 0.0303092
v -0.0015222 0.0058586 0.0303092
v -0.0018851 0.0056912 0.0303092
v -0.0022364 0.0054887 0.0303092
v -0.0025738 0.0052523 0.0303092
v -0.0028955 0.0049836 0.0303092
v -0.0031992 0.0046842 0.0303092
v -0.0034832 0.0043558 0.0303092
v -0.0037458 0.0040006 0.0303092
v -0.0039852 0.0036208 0.0303092
v -0.0042001 0.0032186 0.0303092
v -0.0043891 0.0027966 0.0303092
v -0.0045511 0.0023574 0.0303092
v -0.0046849 0.0019036 0.0303092
v -0.0047899 0.0014380 0.0303092
v -0.0048654 0.0009636 0.0303092
v -0.0049109 0.0004833 0.0303092
v -0.0049260 0.0000000 0.0303092
v -0.0049109 -0.0004833 0.0303092
v -0.0048654 -0.0009636 0.0303092
v -0.0047899 -0.0014380 0.0303092
v -0.0046849 -0.0019036 0.0303092
v -0.0045511 -0.0023574 0.0303092
v -0.0043891 -0.0027966 0.0303092
v -0.0042001 -0.0032186 0.0303092
v -0.0039852 -0.0036208 0.0303092
v -0.0037458 -0.0040006 0.0303092
v -0.0034832 -0.0043558 0.0303092
v -0.0031992 -0.0046842 0.0303092
v -0.0028955 -0.0049836 0.0303092
v -0.0025738 -0.0052523 0.0303092
v -0.0022364 -0.0054887 0.0303092
v -0.0018851 -0.0056912 0.0303092
v -0.0015222 -0.0058586 0.0303092
v -0.0011500 -0.0059899 0.0303092
v -0.0007706 -0.0060842 0.0303092
v -0.0003865 -0.0061411 0.0303092
v -0.0000000 -0.0061601 0.0303092
v 0.0003865 -0.0061411 0.0303092
v 0.0007706 -0.0060842 0.0303092
v 0.0011500 -0.0059899 0.0303092
v 0.0015222 -0.0058586 0.0303092
v 0.0018851 -0.0056912 0.0303092
v 0.0022364 -0.0054887 0.0303092
v 0.0025738 -0.0052523 0.0303092
v 0.0028955 -0.0049836 0.0303092
v 0.0031992 -0.0046842 0.0303092
v 0.0034832 -0.0043558 0.0303092
v 0.0037458 -0.0040006 0.0303092
v 0.0039852 -0.0036208 0.0303092
v 0.0042001 -0.0032186 0.0303092
v 0.0043891 -0.0027966 0.0303092
v 0.0045511 -0.0023574 0.0303092
v 0.0046849 -0.0019036 0.0303092
v 0.0047899 -0.0014380 0.0303092
v 0.0048654 -0.0009636 0.0303092
v 0.0049109 -0.0004833 0.0303092
v 0.0037082 0.0000000 0.0306213
v 0.0036967 0.0003638 0.0306213
v 0.0036625 0.0007254 0.0306213
v 0.0036057 0.0010825 0.0306213
v 0.0035267 0.0014329 0.0306213
v 0.0034259 0.0017745 0.0306213
v 0.0033040 0.0021052 0.0306213
v 0.0031617 0.0024229 0.0306213
v 0.0030000 0.0027256 0.0306213
v 0.0028197 0.0030116 0.0306213
v 0.0026221 0.0032789 0.0306213
v 0.0024083 0.0035261 0.0306213
v 0.0021796 0.0037515 0.0306213
v 0.0019375 0.0039538 0.0306213
v 0.0016835 0.0041317 0.0306213
v 0.0014190 0.0042841 0.0306213
v 0.0011459 0.0044101 0.0306213
v 0.0008657 0.0045090 0.0306213
v 0.0005801 0.0045800 0.0306213
v 0.0002909 0.0046228 0.0306213
v 0.0000000 0.0046371 0.0306213
v -0.0002909 0.0046228 0.0306213
v -0.0005801 0.0045800 0.0306213
v -0.0008657 0.0045090 0.0306213
v -0.0011459 0.0044101 0.0306213
v -0.0014190 0.0042841 0.0306213
v -0.0016835 0.0041317 0.0306213
v -0.0019375 0.0039538 0.0306213
v -0.0021796 0.0037515 0.0306213
v -0.0024083 0.0035261 0.0306213
v -0.0026221 0.0032789 0.0306213
v -0.0028197 0.0030116 0.0306213
v -0.0030000 0.0027256 0.0306213
v -0.0031617 0.0024229 0.0306213
v -0.0033040 0.0021052 0.0306213
v -0.0034259 0.0017745 0.0306213
v -0.0035267 0.0014329 0.0306213
v -0.0036057 0.0010825 0.0306213
v -0.0036625 0.0007254 0.0306213
v -0.0036967 0.0003638 0.0306213
v -0.0037082 0.0000000 0.0306213
v -0.0036967 -0.0003638 0.0306213
v -0.0036625 -0.0007254 0.0306213
v -0.0036057 -0.0010825 0.0306213
v -0.0035267 -0.0014329 0.0306213
v -0.0034259 -0.0017745 0.0306213
v -0.0033040 -0.0021052 0.0306213
v -0.0031617 -0.0024229 0.0306213
v -0.0030000 -0.0027256 0.0306213
v -0.0028197 -0.0030116 0.0306213
v -0.0026221 -0.0032789 0.0306213
v -0.0024083 -0.0035261 0.0306213
v -0.0021796 -0.0037515 0.0306213
v -0.0019375 -0.0039538 0.0306213
v -0.0016835 -0.0041317 0.0306213
v -0.0014190 -0.0042841 0.0306213
v -0.0011459 -0.0044101 0.0306213
v -0.0008657 -0.0045090 0.0306213
v -0.0005801 -0.0045800 0.0306213
v -0.0002909 -0.0046228 0.0306213
v -0.0000000 -0.0046371 0.0306213
v 0.0002909 -0.0046228 0.0306213
v 0.0005801 -0.0045800 0.0306213
v 0.0008657 -0.0045090 0.0306213
v 0.0011459 -0.0044101 0.0306213
v 0.0014190 -0.0042841 0.0306213
v 0.0016835 -0.0041317 0.0306213
v 0.0019375 -0.0039538 0.0306213
v 0.0021796 -0.0037515 0.0306213
v 0.0024083 -0.0035261 0.0306213
v 0.0026221 -0.0032789 0.0306213
v 0.0028197 -0.0030116 0.0306213
v 0.0030000 -0.0027256 0.0306213
v 0.0031617 -0.0024229 0.0306213
v 0.0033040 -0.0021052 0.0306213
v 0.0034259 -0.0017745 0.0306213
v 0.0035267 -0.0014329 0.0306213
v 0.0036057 -0.0010825 0.0306213
v 0.0036625 -0.0007254 0.0306213
v 0.0036967 -0.0003638 0.0306213
v 0.0024786 0.0000000 0.0308449
v 0.0024710 0.0002432 0.0308449
v 0.0024481 0.0004849 0.0308449
v 0.0024101 0.0007236 0.0308449
v 0.0023573 0.0009578 0.0308449
v 0.0022899 0.0011861 0.0308449
v 0.0022085 0.0014072 0.0308449
v 0.0021134 0.0016195 0.0308449
v 0.0020052 0.0018219 0.0308449
v 0.0018847 0.0020130 0.0308449
v 0.0017526 0.0021917 0.0308449
v 0.0016097 0.0023569 0.0308449
v 0.0014569 0.0025076 0.0308449
v 0.0012951 0.0026428 0.0308449
v 0.0011253 0.0027617 0.0308449
v 0.0009485 0.0028636 0.0308449
v 0.0007659 0.0029478 0.0308449
v 0.0005786 0.0030139 0.0308449
v 0.0003877 0.0030614 0.0308449
v 0.0001945 0.0030900 0.0308449
v 0.0000000 0.0030995 0.0308449
v -0.0001945 0.0030900 0.0308449
v -0.0003877 0.0030614 0.0308449
v -0.0005786 0.0030139 0.0308449
v -0.0007659 0.0029478 0.0308449
v -0.0009485 0.0028636 0.0308449
v -0.0011253 0.0027617 0.0308449
v -0.0012951 0.0026428 0.0308449
v -0.0014569 0.0025076 0.0308449
v -0.0016097 0.0023569 0.0308449
v -0.0017526 0.0021917 0.0308449
v -0.0018847 0.0020130 0.0308449
v -0.0020052 0.0018219 0.0308449
v -0.0021134 0.0016195 0.0308449
v -0.0022085 0.0014072 0.0308449
v -0.0022899 0.0011861 0.0308449
v -0.0023573 0.0009578 0.0308449
v -0.0024101 0.0007236 0.0308449
v -0.0024481 0.0004849 0.0308449
v -0.0024710 0.0002432 0.0308449
v -0.0024786 0.0000000 0.0308449
v -0.0024710 -0.0002432 0.0308449
v -0.0024481 -0.0004849 0.0308449
v -0.0024101 -0.0007236 0.0308449
v -0.0023573 -0.0009578 0.0308449
v -0.0022899 -0.0011861 0.0308449
v -0.0022085 -0.0014072 0.0308449
v -0.0021134 -0.0016195 0.0308449
v -0.0020052 -0.0018219 0.0308449
v -0.0018847 -0.0020130 0.0308449
v -0.0017526 -0.0021917 0.0308449
v -0.0016097 -0.0023569 0.0308449
v -0.0014569 -0.0025076 0.0308449
v -0.0012951 -0.0026428 0.0308449
v -0.0011253 -0.0027617 0.0308449
v -0.0009485 -0.0028636 0.0308449
v -0.0007659 -0.0029478 0.0308449
v -0.0005786 -0.0030139 0.0308449
v -0.0003877 -0.0030614 0.0308449
v -0.0001945 -0.0030900 0.0308449
v -0.0000000 -0.0030995 0.0308449
v 0.0001945 -0.0030900 0.0308449
v 0.0003877 -0.0030614 0.0308449
v 0.0005786 -0.0030139 0.0308449
v 0.0007659 -0.0029478 0.0308449
v 0.0009485 -0.0028636 0.0308449
v 0.0011253 -0.0027617 0.0308449
v 0.0012951 -0.0026428 0.0308449
v 0.0014569 -0.0025076 0.0308449
v 0.0016097 -0.0023569 0.0308449
v 0.0017526 -0.0021917 0.0308449
v 0.0018847 -0.0020130 0.0308449
v 0.0020052 -0.0018219 0.0308449
v 0.0021134 -0.0016195 0.0308449
v 0.0022085 -0.0014072 0.0308449
v 0.0022899 -0.0011861 0.0308449
v 0.0023573 -0.0009578 0.0308449
v 0.0024101 -0.0007236 0.0308449
v 0.0024481 -0.0004849 0.0308449
v 0.0024710 -0.0002432 0.0308449
v 0.0012413 0.0000000 0.0309793
v 0.0012374 0.0001218 0.0309793
v 0.0012260 0.0002428 0.0309793
v 0.0012070 0.0003624 0.0309793
v 0.0011805 0.0004797 0.0309793
v 0.0011468 0.0005940 0.0309793
v 0.0011060 0.0007047 0.0309793
v 0.0010583 0.0008110 0.0309793
v 0.0010042 0.0009124 0.0309793
v 0.0009439 0.0010081 0.0309793
v 0.0008777 0.0010976 0.0309793
v 0.0008061 0.0011803 0.0309793
v 0.0007296 0.0012558 0.0309793
v 0.0006486 0.0013235 0.0309793
v 0.0005635 0.0013830 0.0309793
v 0.0004750 0.0014341 0.0309793
v 0.0003836 0.0014762 0.0309793
v 0.0002898 0.0015093 0.0309793
v 0.0001942 0.0015331 0.0309793
v 0.0000974 0.0015474 0.0309793
v 0.0000000 0.0015522 0.0309793
v -0.0000974 0.0015474 0.0309793
v -0.0001942 0.0015331 0.0309793
v -0.0002898 0.0015093 0.0309793
v -0.0003836 0.0014762 0.0309793
v -0.0004750 0.0014341 0.0309793
v -0.0005635 0.0013830 0.0309793
v -0.0006486 0.0013235 0.0309793
v -0.0007296 0.0012558 0.0309793
v -0.0008061 0.0011803 0.0309793
v -0.0008777 0.0010976 0.0309793
v -0.0009439 0.0010081 0.0309793
v -0.0010042 0.0009124 0.0309793
v -0.0010583 0.0008110 0.0309793
v -0.0011060 0.0007047 0.0309793
v -0.0011468 0.0005940 0.0309793
v -0.0011805 0.0004797 0.0309793
v -0.0012070 0.0003624 0.0309793
v -0.0012260 0.0002428 0.0309793
v -0.0012374 0.0001218 0.0309793
v -0.0012413 0.0000000 0.0309793
v -0.0012374 -0.0001218 0.0309793
v -0.0012260 -0.0002428 0.0309793
v -0.0012070 -0.0003624 0.0309793
v -0.0011805 -0.0004797 0.0309793
v -0.0011468 -0.0005940 0.0309793
v -0.0011060 -0.0007047 0.0309793
v -0.0010583 -0.0008110 0.0309793
v -0.0010042 -0.0009124 0.0309793
v -0.0009439 -0.0010081 0.0309793
v -0.0008777 -0.0010976 0.0309793
v -0.0008061 -0.0011803 0.0309793
v -0.0007296 -0.0012558 0.0309793
v -0.0006486 -0.0013235 0.0309793
v -0.0005635 -0.0013830 0.0309793
v -0.0004750 -0.0014341 0.0309793
v -0.0003836 -0.0014762 0.0309793
v -0.0002898 -0.0015093 0.0309793
v -0.0001942 -0.0015331 0.0309793
v -0.0000974 -0.0015474 0.0309793
v -0.0000000 -0.0015522 0.0309793
v 0.0000974 -0.0015474 0.0309793
v 0.0001942 -0.0015331 0.0309793
v 0.0002898 -0.0015093 0.0309793
v 0.0003836 -0.0014762 0.0309793
v 0.0004750 -0.0014341 0.0309793
v 0.0005635 -0.0013830 0.0309793
v 0.0006486 -0.0013235 0.0309793
v 0.0007296 -0.0012558 0.0309793
v 0.0008061 -0.0011803 0.0309793
v 0.0008777 -0.0010976 0.0309793
v 0.0009439 -0.0010081 0.0309793
v 0.0010042 -0.0009124 0.0309793
v 0.0010583 -0.0008110 0.0309793
v 0.0011060 -0.0007047 0.0309793
v 0.0011468 -0.0005940 0.0309793
v 0.0011805 -0.0004797 0.0309793
v 0.0012070 -0.0003624 0.0309793
v 0.0012260 -0.0002428 0.0309793
v 0.0012374 -0.0001218 0.0309793
v 0.0000000 0.0000000 0.0310242
f 1 2 82
f 1 82 81
f 2 3 83
f 2 83 82
f 3 4 84
f 3 84 83
f 4 5 85
f 4 85 84
f 5 6 86
f 5 86 85
f 6 7 87
f 6 87 86
f 7 8 88
f 7 88 87
f 8 9 89
f 8 89 88
f 9 10 90
f 9 90 89
f 10 11 91
f 10 91 90
f 11 12 92
f 11 92 91
f 12 13 93
f 12 93 92
f 13 14 94
f 13 94 93
f 14 15 95
f 14 95 94
f 15 16 96
f 15 96 95
f 16 17 97
f 16 97 96
f 17 18 98
f 17 98 97
f 18 19 99
f 18 99 98
f 19 20 100
f 19 100 99
f 20 21 101
f 20 101 100
f 21 22 102
f 21 102 101
f 22 23 103
f 22 103 102
f 23 24 104
f 23 104 103
f 24 25 105
f 24 105 104
f 25 26 106
f 25 106 105
f 26 27 107
f 26 107 106
f 27 28 108
f 27 108 107
f 28 29 109
f 28 109 108
f 29 30 110
f 29 110 109
f 30 31 111
f 30 111 110
f 31 32 112
f 31 112 111
f 32 33 113
f 32 113 112
f 33 34 114
f 33 114 113
f 34 35 115
f 34 115 114
f 35 36 116
f 35 116 115
f 36 37 117
f 36 117 116
f 37 38 118
f 37 118 117
f 38 39 119
f 38 119 118
f 39 40 120
f 39 120 119
f 40 41 121
f 40 121 120
f 41 42 122
f 41 122 121
f 42 43 123
f 42 123 122
f 43 44 124
f 43 124 123
f 44 45 125
f 44 125 124
f 45 46 126
f 45 126 125
f 46 47 127
f 46 127 126
f 47 48 128
f 47 128 127
f 48 49 129
f 48 129 128
f 49 50 130
f 49 130 129
f 50 51 131
f 50 131 130
f 51 52 132
f 51 132 131
f 52 53 133
f 52 133 132
f 53 54 134
f 53 134 133
f 54 55 135
f 54 135 134
f 55 56 136
f 55 136 135
f 56 57 137
f 56 137 136
f 57 58 138
f 57 138 137
f 58 59 139
f 58 139 138
f 59 60 140
f 59 140 139
f 60 61 141
f 60 141 140
f 61 62 142
f 61 142 141
f 62 63 143
f 62 143 142
f 63 64 144
f 63 144 143
f 64 65 145
f 64 145 144
f 65 66 146
f 65 146 145
f 66 67 147
f 66 147 146
f 67 68 148
f 67 148 147
f 68 69 149
f 68 149 148
f 69 70 150
f 69 150 149
f 70 71 151
f 70 151 150
f 71 72 152
f 71 152 151
f 72 73 153
f 72 153 152
f 73 74 154
f 73 154 153
f 74 75 155
f 74 155 154
f 75 76 156
f 75 156 155
f 76 77 157
f 76 157 156
f 77 78 158
f 77 158 157
f 78 79 159
f 78 159 158
f 79 80 160
f 79 160 159
f 80 1 81
f 80 81 160
f 81 82 162
f 81 162 161
f 82 83 163
f 82 163 162
f 83 84 164
f 83 164 163
f 84 85 165
f 84 165 164
f 85 86 166
f 85 166 165
f 86 87 167
f 86 167 166
f 87 88 168
f 87 168 167
f 88 89 169
f 88 169 168
f 89 90 170
f 89 170 169
f 90 91 171
f 90 171 170
f 91 92 172
f 91 172 171
f 92 93 173
f 92 173 172
f 93 94 174
f 93 174 173
f 94 95 175
f 94 175 174
f 95 96 176
f 95 176 175
f 96 97 177
f 96 177 176
f 97 98 178
f 97 178 177
f 98 99 179
f 98 179 178
f 99 100 180
f 99 180 179
f 100 101 181
f 100 181 180
f 101 102 182
f 101 182 181
f 102 103 183
f 102 183 182
f 103 104 184
f 103 184 183
f 104 105 185
f 104 185 184
f 105 106 186
f 105 186 185
f 106 107 187
f 106 187 186
f 107 108 188
f 107 188 187
f 108 109 189
f 108 189 188
f 109 110 190
f 109 190 189
f 110 111 191
f 110 191 190
f 111 112 192
f 111 192 191
f 112 113 193
f 112 193 192
f 113 114 194
f 113 194 193
f 114 115 195
f 114 195 194
f 115 116 196
f 115 196 195
f 116 117 197
f 116 197 196
f 117 118 198
f 117 198 197
f 118 119 199
f 118 199 198
f 119 120 200
f 119 200 199
f 120 121 201
f 120 201 200
f 121 122 202
f 121 202 201
f 122 123 203
f 122 203 202
f 123 124 204
f 123 204 203
f 124 125 205
f 124 205 204
f 125 126 206
f 125 206 205
f 126 127 207
f 126 207 206
f 127 128 208
f 127 208 207
f 128 129 209
f 128 209 208
f 129 130 210
f 129 210 209
f 130 131 211
f 130 211 210
f 131 132 212
f 131 212 211
f 132 133 213
f 132 213 212
f 133 134 214
f 133 214 213
f 134 135 215
f 134 215 214
f 135 136 216
f 135 216 215
f 136 137 217
f 136 217 216
f 137 138 218
f 137 218 217
f 138 139 219
f 138 219 218
f 139 140 220
f 139 220 219
f 140 141 221
f 140 221 220
f 141 142 222
f 141 222 221
f 142 143 223
f 142 223 222
f 143 144 224
f 143 224 223
f 144 145 225
f 144 225 224
f 145 146 226
f 145 226 225
f 146 147 227
f 146 227 226
f 147 148 228
f 147 228 227
f 148 149 229
f 148 229 228
f 149 150 230
f 149 230 229
f 150 151 231
f 150 231 230
f 151 152 232
f 151 232 231
f 152 153 233
f 152 233 232
f 153 154 234
f 153 234 233
f 154 155 235
f 154 235 234
f 155 156 236
f 155 236 235
f 156 157 237
f 156 237 236
f 157 158 238
f 157 238 237
f 158 159 239
f 158 239 238
f 159 160 240
f 159 240 239
f 160 81 161
f 160 161 240
f 161 162 242
f 161 242 241
f 162 163 243
f 162 243 242
f 163 164 244
f 163 244 243
f 164 165 245
f 164 245 244
f 165 166 246
f 165 246 245
f 166 167 247
f 166 247 246
f 167 168 248
f 167 248 247
f 168 169 249
f 168 249 248
f 169 170 250
f 169 250 249
f 170 171 251
f 170 251 250
f 171 172 252
f 171 252 251
f 172 173 253
f 172 253 252
f 173 174 254
f 173 254 253
f 174 175 255
f 174 255 254
f 175 176 256
f 175 256 255
f 176 177 257
f 176 257 256
f 177 178 258
f 177 258 257
f 178 179 259
f 178 259 258
f 179 180 260
f 179 260 259
f 180 181 261
f 180 261 260
f 181 182 262
f 181 262 261
f 182 183 263
f 182 263 262
f 183 184 264
f 183 264 263
f 184 185 265
f 184 265 264
f 185 186 266
f 185 266 265
f 186 187 267
f 186 267 266
f 187 188 268
f 187 268 267
f 188 189 269
f 188 269 268
f 189 190 270
f 189 270 269
f 190 191 271
f 190 271 270
f 191 192 272
f 191 272 271
f 192 193 273
f 192 273 272
f 193 194 274
f 193 274 273
f 194 195 275
f 194 275 274
f 195 196 276
f 195 276 275
f 196 197 277
f 196 277 276
f 197 198 278
f 197 278 277
f 198 199 279
f 198 279 278
f 199 200 280
f 199 280 279
f 200 201 281
f 200 281 280
f 201 202 282
f 201 282 281
f 202 203 283
f 202 283 282
f 203 204 284
f 203 284 283
f 204 205 285
f 204 285 284
f 205 206 286
f 205 286 285
f 206 207 287
f 206 287 286
f 207 208 288
f 207 288 287
f 208 209 289
f 208 289 288
f 209 210 290
f 209 290 289
f 210 211 291
f 210 291 290
f 211 212 292
f 211 292 291
f 212 213 293
f 212 293 292
f 213 214 294
f 213 294 293
f 214 215 295
f 214 295 294
f 215 216 296
f 215 296 295
f 216 217 297
f 216 297 296
f 217 218 298
f 217 298 297
f 218 219 299
f 218 299 298
f 219 220 300
f 219 300 299
f 220 221 301
f 220 301 300
f 221 222 302
f 221 302 301
f 222 223 303
f 222 303 302
f 223 224 304
f 223 304 303
f 224 225 305
f 224 305 304
f 225 226 306
f 225 306 305
f 226 227 307
f 226 307 306
f 227 228 308
f 227 308 307
f 228 229 309
f 228 309 308
f 229 230 310
f 229 310 309
f 230 231 311
f 230 311 310
f 231 232 312
f 231 312 311
f 232 233 313
f 232 313 312
f 233 234 314
f 233 314 313
f 234 235 315
f 234 315 314
f 235 236 316
f 235 316 315
f 236 237 317
f 236 317 316
f 237 238 318
f 237 318 317
f 238 239 319
f 238 319 318
f 239 240 320
f 239 320 319
f 240 161 241
f 240 241 320
f 241 242 322
f 241 322 321
f 242 243 323
f 242 323 322
f 243 244 324
f 243 324 323
f 244 245 325
f 244 325 324
f 245 246 326
f 245 326 325
f 246 247 327
f 246 327 326
f 247 248 328
f 247 328 327
f 248 249 329
f 248 329 328
f 249 250 330
f 249 330 329
f 250 251 331
f 250 331 330
f 251 252 332
f 251 332 331
f 252 253 333
f 252 333 332
f 253 254 334
f 253 334 333
f 254 255 335
f 254 335 334
f 255 256 336
f 255 336 335
f 256 257 337
f 256 337 336
f 257 258 338
f 257 338 337
f 258 259 339
f 258 339 338
f 259 260 340
f 259 340 339
f 260 261 341
f 260 341 340
f 261 262 342
f 261 342 341
f 262 263 343
f 262 343 342
f 263 264 344
f 263 344 343
f 264 265 345
f 264 345 344
f 265 266 346
f 265 346 345
f 266 267 347
f 266 347 346
f 267 268 348
f 267 348 347
f 268 269 349
f 268 349 348
f 269 270 350
f 269 350 349
f 270 271 351
f 270 351 350
f 271 272 352
f 271 352 351
f 272 273 353
f 272 353 352
f 273 274 354
f 273 354 353
f 274 275 355
f 274 355 354
f 275 276 356
f 275 356 355
f 276 277 357
f 276 357 356
f 277 278 358
f 277 358 357
f 278 279 359
f 278 359 358
f 279 280 360
f 279 360 359
f 280 281 361
f 280 361 360
f 281 282 362
f 281 362 361
f 282 283 363
f 282 363 362
f 283 284 364
f 283 364 363
f 284 285 365
f 284 365 364
f 285 286 366
f 285 366 365
f 286 287 367
f 286 367 366
f 287 288 368
f 287 368 367
f 288 289 369
f 288 369 368
f 289 290 370
f 289 370 369
f 290 291 371
f 290 371 370
f 291 292 372
f 291 372 371
f 292 293 373
f 292 373 372
f 293 294 374
f 293 374 373
f 294 295 375
f 294 375 374
f 295 296 376
f 295 376 375
f 296 297 377
f 296 377 376
f 297 298 378
f 297 378 377
f 298 299 379
f 298 379 378
f 299 300 380
f 299 380 379
f 300 301 381
f 300 381 380
f 301 302 382
f 301 382 381
f 302 303 383
f 302 383 382
f 303 304 384
f 303 384 383
f 304 305 385
f 304 385 384
f 305 306 386
f 305 386 385
f 306 307 387
f 306 387 386
f 307 308 388
f 307 388 387
f 308 309 389
f 308 389 388
f 309 310 390
f 309 390 389
f 310 311 391
f 310 391 390
f 311 312 392
f 311 392 391
f 312 313 393
f 312 393 392
f 313 314 394
f 313 394 393
f 314 315 395
f 314 395 394
f 315 316 396
f 315 396 395
f 316 317 397
f 316 397 396
f 317 318 398
f 317 398 397
f 318 319 399
f 318 399 398
f 319 320 400
f 319 400 399
f 320 241 321
f 320 321 400
f 321 322 402
f 321 402 401
f 322 323 403
f 322 403 402
f 323 324 404
f 323 404 403
f 324 325 405
f 324 405 404
f 325 326 406
f 325 406 405
f 326 327 407
f 326 407 406
f 327 328 408
f 327 408 407
f 328 329 409
f 328 409 408
f 329 330 410
f 329 410 409
f 330 331 411
f 330 411 410
f 331 332 412
f 331 412 411
f 332 333 413
f 332 413 412
f 333 334 414
f 333 414 413
f 334 335 415
f 334 415 414
f 335 336 416
f 335 416 415
f 336 337 417
f 336 417 416
f 337 338 418
f 337 418 417
f 338 339 419
f 338 419 418
f 339 340 420
f 339 420 419
f 340 341 421
f 340 421 420
f 341 342 422
f 341 422 421
f 342 343 423
f 342 423 422
f 343 344 424
f 343 424 423
f 344 345 425
f 344 425 424
f 345 346 426
f 345 426 425
f 346 347 427
f 346 427 426
f 347 348 428
f 347 428 427
f 348 349 429
f 348 429 428
f 349 350 430
f 349 430 429
f 350 351 431
f 350 431 430
f 351 352 432
f 351 432 431
f 352 353 433
f 352 433 432
f 353 354 434
f 353 434 433
f 354 355 435
f 354 435 434
f 355 356 436
f 355 436 435
f 356 357 437
f 356 437 436
f 357 358 438
f 357 438 437
f 358 359 439
f 358 439 438
f 359 360 440
f 359 440 439
f 360 361 441
f 360 441 440
f 361 362 442
f 361 442 441
f 362 363 443
f 362 443 442
f 363 364 444
f 363 444 443
f 364 365 445
f 364 445 444
f 365 366 446
f 365 446 445
f 366 367 447
f 366 447 446
f 367 368 448
f 367 448 447
f 368 369 449
f 368 449 448
f 369 370 450
f 369 450 449
f 370 371 451
f 370 451 450
f 371 372 452
f 371 452 451
f 372 373 453
f 372 453 452
f 373 374 454
f 373 454 453
f 374 375 455
f 374 455 454
f 375 376 456
f 375 456 455
f 376 377 457
f 376 457 456
f 377 378 458
f 377 458 457
f 378 379 459
f 378 459 458
f 379 380 460
f 379 460 459
f 380 381 461
f 380 461 460
f 381 382 462
f 381 462 461
f 382 383 463
f 382 463 462
f 383 384 464
f 383 464 463
f 384 385 465
f 384 465 464
f 385 386 466
f 385 466 465
f 386 387 467
f 386 467 466
f 387 388 468
f 387 468 467
f 388 389 469
f 388 469 468
f 389 390 470
f 389 470 469
f 390 391 471
f 390 471 470
f 391 392 472
f 391 472 471
f 392 393 473
f 392 473 472
f 393 394 474
f 393 474 473
f 394 395 475
f 394 475 474
f 395 396 476
f 395 476 475
f 396 397 477
f 396 477 476
f 397 398 478
f 397 478 477
f 398 399 479
f 398 479 478
f 399 400 480
f 399 480 479
f 400 321 401
f 400 401 480
f 401 402 482
f 401 482 481
f 402 403 483
f 402 483 482
f 403 404 484
f 403 484 483
f 404 405 485
f 404 485 484
f 405 406 486
f 405 486 485
f 406 407 487
f 406 487 486
f 407 408 488
f 407 488 487
f 408 409 489
f 408 489 488
f 409 410 490
f 409 490 489
f 410 411 491
f 410 491 490
f 411 412 492
f 411 492 491
f 412 413 493
f 412 493 492
f 413 414 494
f 413 494 493
f 414 415 495
f 414 495 494
f 415 416 496
f 415 496 495
f 416 417 497
f 416 497 496
f 417 418 498
f 417 498 497
f 418 419 499
f 418 499 498
f 419 420 500
f 419 500 499
f 420 421 501
f 420 501 500
f 421 422 502
f 421 502 501
f 422 423 503
f 422 503 502
f 423 424 504
f 423 504 503
f 424 425 505
f 424 505 504
f 425 426 506
f 425 506 505
f 426 427 507
f 426 507 506
f 427 428 508
f 427 508 507
f 428 429 509
f 428 509 508
f 429 430 510
f 429 510 509
f 430 431 511
f 430 511 510
f 431 432 512
f 431 512 511
f 432 433 513
f 432 513 512
f 433 434 514
f 433 514 513
f 434 435 515
f 434 515 514
f 435 436 516
f 435 516 515
f 436 437 517
f 436 517 516
f 437 438 518
f 437 518 517
f 438 439 519
f 438 519 518
f 439 440 520
f 439 520 519
f 440 441 521
f 440 521 520
f 441 442 522
f 441 522 521
f 442 443 523
f 442 523 522
f 443 444 524
f 443 524 523
f 444 445 525
f 444 525 524
f 445 446 526
f 445 526 525
f 446 447 527
f 446 527 526
f 447 448 528
f 447 528 527
f 448 449 529
f 448 529 528
f 449 450 530
f 449 530 529
f 450 451 531
f 450 531 530
f 451 452 532
f 451 532 531
f 452 453 533
f 452 533 532
f 453 454 534
f 453 534 533
f 454 455 535
f 454 535 534
f 455 456 536
f 455 536 535
f 456 457 537
f 456 537 536
f 457 458 538
f 457 538 537
f 458 459 539
f 458 539 538
f 459 460 540
f 459 540 539
f 460 461 541
f 460 541 540
f 461 462 542
f 461 542 541
f 462 463 543
f 462 543 542
f 463 464 544
f 463 544 543
f 464 465 545
f 464 545 544
f 465 466 546
f 465 546 545
f 466 467 547
f 466 547 546
f 467 468 548
f 467 548 547
f 468 469 549
f 468 549 548
f 469 470 550
f 469 550 549
f 470 471 551
f 470 551 550
f 471 472 552
f 471 552 551
f 472 473 553
f 472 553 552
f 473 474 554
f 473 554 553
f 474 475 555
f 474 555 554
f 475 476 556
f 475 556 555
f 476 477 557
f 476 557 556
f 477 478 558
f 477 558 557
f 478 479 559
f 478 559 558
f 479 480 560
f 479 560 559
f 480 401 481
f 480 481 560
f 481 482 562
f 481 562 561
f 482 483 563
f 482 563 562
f 483 484 564
f 483 564 563
f 484 485 565
f 484 565 564
f 485 486 566
f 485 566 565
f 486 487 567
f 486 567 566
f 487 488 568
f 487 568 567
f 488 489 569
f 488 569 568
f 489 490 570
f 489 570 569
f 490 491 571
f 490 571 570
f 491 492 572
f 491 572 571
f 492 493 573
f 492 573 572
f 493 494 574
f 493 574 573
f 494 495 575
f 494 575 574
f 495 496 576
f 495 576 575
f 496 497 577
f 496 577 576
f 497 498 578
f 497 578 577
f 498 499 579
f 498 579 578
f 499 500 580
f 499 580 579
f 500 501 581
f 500 581 580
f 501 502 582
f 501 582 581
f 502 503 583
f 502 583 582
f 503 504 584
f 503 584 583
f 504 505 585
f 504 585 584
f 505 506 586
f 505 586 585
f 506 507 587
f 506 587 586
f 507 508 588
f 507 588 587
f 508 509 589
f 508 589 588
f 509 510 590
f 509 590 589
f 510 511 591
f 510 591 590
f 511 512 592
f 511 592 591
f 512 513 593
f 512 593 592
f 513 514 594
f 513 594 593
f 514 515 595
f 514 595 594
f 515 516 596
f 515 596 595
f 516 517 597
f 516 597 596
f 517 518 598
f 517 598 597
f 518 519 599
f 518 599 598
f 519 520 600
f 519 600 599
f 520 521 601
f 520 601 600
f 521 522 602
f 521 602 601
f 522 523 603
f 522 603 602
f 523 524 604
f 523 604 603
f 524 525 605
f 524 605 604
f 525 526 606
f 525 606 605
f 526 527 607
f 526 607 606
f 527 528 608
f 527 608 607
f 528 529 609
f 528 609 608
f 529 530 610
f 529 610 609
f 530 531 611
f 530 611 610
f 531 532 612
f 531 612 611
f 532 533 613
f 532 613 612
f 533 534 614
f 533 614 613
f 534 535 615
f 534 615 614
f 535 536 616
f 535 616 615
f 536 537 617
f 536 617 616
f 537 538 618
f 537 618 617
f 538 539 619
f 538 619 618
f 539 540 620
f 539 620 619
f 540 541 621
f 540 621 620
f 541 542 622
f 541 622 621
f 542 543 623
f 542 623 622
f 543 544 624
f 543 624 623
f 544 545 625
f 544 625 624
f 545 546 626
f 545 626 625
f 546 547 627
f 546 627 626
f 547 548 628
f 547 628 627
f 548 549 629
f 548 629 628
f 549 550 630
f 549 630 629
f 550 551 631
f 550 631 630
f 551 552 632
f 551 632 631
f 552 553 633
f 552 633 632
f 553 554 634
f 553 634 633
f 554 555 635
f 554 635 634
f 555 556 636
f 555 636 635
f 556 557 637
f 556 637 636
f 557 558 638
f 557 638 637
f 558 559 639
f 558 639 638
f 559 560 640
f 559 640 639
f 560 481 561
f 560 561 640
f 561 562 642
f 561 642 641
f 562 563 643
f 562 643 642
f 563 564 644
f 563 644 643
f 564 565 645
f 564 645 644
f 565 566 646
f 565 646 645
f 566 567 647
f 566 647 646
f 567 568 648
f 567 648 647
f 568 569 649
f 568 649 648
f 569 570 650
f 569 650 649
f 570 571 651
f 570 651 650
f 571 572 652
f 571 652 651
f 572 573 653
f 572 653 652
f 573 574 654
f 573 654 653
f 574 575 655
f 574 655 654
f 575 576 656
f 575 656 655
f 576 577 657
f 576 657 656
f 577 578 658
f 577 658 657
f 578 579 659
f 578 659 658
f 579 580 660
f 579 660 659
f 580 581 661
f 580 661 660
f 581 582 662
f 581 662 661
f 582 583 663
f 582 663 662
f 583 584 664
f 583 664 663
f 584 585 665
f 584 665 664
f 585 586 666
f 585 666 665
f 586 587 667
f 586 667 666
f 587 588 668
f 587 668 667
f 588 589 669
f 588 669 668
f 589 590 670
f 589 670 669
f 590 591 671
f 590 671 670
f 591 592 672
f 591 672 671
f 592 593 673
f 592 673 672
f 593 594 674
f 593 674 673
f 594 595 675
f 594 675 674
f 595 596 676
f 595 676 675
f 596 597 677
f 596 677 676
f 597 598 678
f 597 678 677
f 598 599 679
f 598 679 678
f 599 600 680
f 599 680 679
f 600 601 681
f 600 681 680
f 601 602 682
f 601 682 681
f 602 603 683
f 602 683 682
f 603 604 684
f 603 684 683
f 604 605 685
f 604 685 684
f 605 606 686
f 605 686 685
f 606 607 687
f 606 687 686
f 607 608 688
f 607 688 687
f 608 609 689
f 608 689 688
f 609 610 690
f 609 690 689
f 610 611 691
f 610 691 690
f 611 612 692
f 611 692 691
f 612 613 693
f 612 693 692
f 613 614 694
f 613 694 693
f 614 615 695
f 614 695 694
f 615 616 696
f 615 696 695
f 616 617 697
f 616 697 696
f 617 618 698
f 617 698 697
f 618 619 699
f 618 699 698
f 619 620 700
f 619 700 699
f 620 621 701
f 620 701 700
f 621 622 702
f 621 702 701
f 622 623 703
f 622 703 702
f 623 624 704
f 623 704 703
f 624 625 705
f 624 705 704
f 625 626 706
f 625 706 705
f 626 627 707
f 626 707 706
f 627 628 708
f 627 708 707
f 628 629 709
f 628 709 708
f 629 630 710
f 629 710 709
f 630 631 711
f 630 711 710
f 631 632 712
f 631 712 711
f 632 633 713
f 632 713 712
f 633 634 714
f 633 714 713
f 634 635 715
f 634 715 714
f 635 636 716
f 635 716 715
f 636 637 717
f 636 717 716
f 637 638 718
f 637 718 717
f 638 639 719
f 638 719 718
f 639 640 720
f 639 720 719
f 640 561 641
f 640 641 720
f 641 642 722
f 641 722 721
f 642 643 723
f 642 723 722
f 643 644 724
f 643 724 723
f 644 645 725
f 644 725 724
f 645 646 726
f 645 726 725
f 646 647 727
f 646 727 726
f 647 648 728
f 647 728 727
f 648 649 729
f 648 729 728
f 649 650 730
f 649 730 729
f 650 651 731
f 650 731 730
f 651 652 732
f 651 732 731
f 652 653 733
f 652 733 732
f 653 654 734
f 653 734 733
f 654 655 735
f 654 735 734
f 655 656 736
f 655 736 735
f 656 657 737
f 656 737 736
f 657 658 738
f 657 738 737
f 658 659 739
f 658 739 738
f 659 660 740
f 659 740 739
f 660 661 741
f 660 741 740
f 661 662 742
f 661 742 741
f 662 663 743
f 662 743 742
f 663 664 744
f 663 744 743
f 664 665 745
f 664 745 744
f 665 666 746
f 665 746 745
f 666 667 747
f 666 747 746
f 667 668 748
f 667 748 747
f 668 669 749
f 668 749 748
f 669 670 750
f 669 750 749
f 670 671 751
f 670 751 750
f 671 672 752
f 671 752 751
f 672 673 753
f 672 753 752
f 673 674 754
f 673 754 753
f 674 675 755
f 674 755 754
f 675 676 756
f 675 756 755
f 676 677 757
f 676 757 756
f 677 678 758
f 677 758 757
f 678 679 759
f 678 759 758
f 679 680 760
f 679 760 759
f 680 681 761
f 680 761 760
f 681 682 762
f 681 762 761
f 682 683 763
f 682 763 762
f 683 684 764
f 683 764 763
f 684 685 765
f 684 765 764
f 685 686 766
f 685 766 765
f 686 687 767
f 686 767 766
f 687 688 768
f 687 768 767
f 688 689 769
f 688 769 768
f 689 690 770
f 689 770 769
f 690 691 771
f 690 771 770
f 691 692 772
f 691 772 771
f 692 693 773
f 692 773 772
f 693 694 774
f 693 774 773
f 694 695 775
f 694 775 774
f 695 696 776
f 695 776 775
f 696 697 777
f 696 777 776
f 697 698 778
f 697 778 777
f 698 699 779
f 698 779 778
f 699 700 780
f 699 780 779
f 700 701 781
f 700 781 780
f 701 702 782
f 701 782 781
f 702 703 783
f 702 783 782
f 703 704 784
f 703 784 783
f 704 705 785
f 704 785 784
f 705 706 786
f 705 786 785
f 706 707 787
f 706 787 786
f 707 708 788
f 707 788 787
f 708 709 789
f 708 789 788
f 709 710 790
f 709 790 789
f 710 711 791
f 710 791 790
f 711 712 792
f 711 792 791
f 712 713 793
f 712 793 792
f 713 714 794
f 713 794 793
f 714 715 795
f 714 795 794
f 715 716 796
f 715 796 795
f 716 717 797
f 716 797 796
f 717 718 798
f 717 798 797
f 718 719 799
f 718 799 798
f 719 720 800
f 719 800 799
f 720 641 721
f 720 721 800
f 721 722 802
f 721 802 801
f 722 723 803
f 722 803 802
f 723 724 804
f 723 804 803
f 724 725 805
f 724 805 804
f 725 726 806
f 725 806 805
f 726 727 807
f 726 807 806
f 727 728 808
f 727 808 807
f 728 729 809
f 728 809 808
f 729 730 810
f 729 810 809
f 730 731 811
f 730 811 810
f 731 732 812
f 731 812 811
f 732 733 813
f 732 813 812
f 733 734 814
f 733 814 813
f 734 735 815
f 734 815 814
f 735 736 816
f 735 816 815
f 736 737 817
f 736 817 816
f 737 738 818
f 737 818 817
f 738 739 819
f 738 819 818
f 739 740 820
f 739 820 819
f 740 741 821
f 740 821 820
f 741 742 822
f 741 822 821
f 742 743 823
f 742 823 822
f 743 744 824
f 743 824 823
f 744 745 825
f 744 825 824
f 745 746 826
f 745 826 825
f 746 747 827
f 746 827 826
f 747 748 828
f 747 828 827
f 748 749 829
f 748 829 828
f 749 750 830
f 749 830 829
f 750 751 831
f 750 831 830
f 751 752 832
f 751 832 831
f 752 753 833
f 752 833 832
f 753 754 834
f 753 834 833
f 754 755 835
f 754 835 834
f 755 756 836
f 755 836 835
f 756 757 837
f 756 837 836
f 757 758 838
f 757 838 837
f 758 759 839
f 758 839 838
f 759 760 840
f 759 840 839
f 760 761 841
f 760 841 840
f 761 762 842
f 761 842 841
f 762 763 843
f 762 843 842
f 763 764 844
f 763 844 843
f 764 765 845
f 764 845 844
f 765 766 846
f 765 846 845
f 766 767 847
f 766 847 846
f 767 768 848
f 767 848 847
f 768 769 849
f 768 849 848
f 769 770 850
f 769 850 849
f 770 771 851
f 770 851 850
f 771 772 852
f 771 852 851
f 772 773 853
f 772 853 852
f 773 774 854
f 773 854 853
f 774 775 855
f 774 855 854
f 775 776 856
f 775 856 855
f 776 777 857
f 776 857 856
f 777 778 858
f 777 858 857
f 778 779 859
f 778 859 858
f 779 780 860
f 779 860 859
f 780 781 861
f 780 861 860
f 781 782 862
f 781 862 861
f 782 783 863
f 782 863 862
f 783 784 864
f 783 864 863
f 784 785 865
f 784 865 864
f 785 786 866
f 785 866 865
f 786 787 867
f 786 867 866
f 787 788 868
f 787 868 867
f 788 789 869
f 788 869 868
f 789 790 870
f 789 870 869
f 790 791 871
f 790 871 870
f 791 792 872
f 791 872 871
f 792 793 873
f 792 873 872
f 793 794 874
f 793 874 873
f 794 795 875
f 794 875 874
f 795 796 876
f 795 876 875
f 796 797 877
f 796 877 876
f 797 798 878
f 797 878 877
f 798 799 879
f 798 879 878
f 799 800 880
f 799 880 879
f 800 721 801
f 800 801 880
f 801 802 882
f 801 882 881
f 802 803 883
f 802 883 882
f 803 804 884
f 803 884 883
f 804 805 885
f 804 885 884
f 805 806 886
f 805 886 885
f 806 807 887
f 806 887 886
f 807 808 888
f 807 888 887
f 808 809 889
f 808 889 888
f 809 810 890
f 809 890 889
f 810 811 891
f 810 891 890
f 811 812 892
f 811 892 891
f 812 813 893
f 812 893 892
f 813 814 894
f 813 894 893
f 814 815 895
f 814 895 894
f 815 816 896
f 815 896 895
f 816 817 897
f 816 897 896
f 817 818 898
f 817 898 897
f 818 819 899
f 818 899 898
f 819 820 900
f 819 900 899
f 820 821 901
f 820 901 900
f 821 822 902
f 821 902 901
f 822 823 903
f 822 903 902
f 823 824 904
f 823 904 903
f 824 825 905
f 824 905 904
f 825 826 906
f 825 906 905
f 826 827 907
f 826 907 906
f 827 828 908
f 827 908 907
f 828 829 909
f 828 909 908
f 829 830 910
f 829 910 909
f 830 831 911
f 830 911 910
f 831 832 912
f 831 912 911
f 832 833 913
f 832 913 912
f 833 834 914
f 833 914 913
f 834 835 915
f 834 915 914
f 835 836 916
f 835 916 915
f 836 837 917
f 836 917 916
f 837 838 918
f 837 918 917
f 838 839 919
f 838 919 918
f 839 840 920
f 839 920 919
f 840 841 921
f 840 921 920
f 841 842 922
f 841 922 921
f 842 843 923
f 842 923 922
f 843 844 924
f 843 924 923
f 844 845 925
f 844 925 924
f 845 846 926
f 845 926 925
f 846 847 927
f 846 927 926
f 847 848 928
f 847 928 927
f 848 849 929
f 848 929 928
f 849 850 930
f 849 930 929
f 850 851 931
f 850 931 930
f 851 852 932
f 851 932 931
f 852 853 933
f 852 933 932
f 853 854 934
f 853 934 933
f 854 855 935
f 854 935 934
f 855 856 936
f 855 936 935
f 856 857 937
f 856 937 936
f 857 858 938
f 857 938 937
f 858 859 939
f 858 939 938
f 859 860 940
f 859 940 939
f 860 861 941
f 860 941 940
f 861 862 942
f 861 942 941
f 862 863 943
f 862 943 942
f 863 864 944
f 863 944 943
f 864 865 945
f 864 945 944
f 865 866 946
f 865 946 945
f 866 867 947
f 866 947 946
f 867 868 948
f 867 948 947
f 868 869 949
f 868 949 948
f 869 870 950
f 869 950 949
f 870 871 951
f 870 951 950
f 871 872 952
f 871 952 951
f 872 873 953
f 872 953 952
f 873 874 954
f 873 954 953
f 874 875 955
f 874 955 954
f 875 876 956
f 875 956 955
f 876 877 957
f 876 957 956
f 877 878 958
f 877 958 957
f 878 879 959
f 878 959 958
f 879 880 960
f 879 960 959
f 880 801 881
f 880 881 960
f 881 882 962
f 881 962 961
f 882 883 963
f 882 963 962
f 883 884 964
f 883 964 963
f 884 885 965
f 884 965 964
f 885 886 966
f 885 966 965
f 886 887 967
f 886 967 966
f 887 888 968
f 887 968 967
f 888 889 969
f 888 969 968
f 889 890 970
f 889 970 969
f 890 891 971
f 890 971 970
f 891 892 972
f 891 972 971
f 892 893 973
f 892 973 972
f 893 894 974
f 893 974 973
f 894 895 975
f 894 975 974
f 895 896 976
f 895 976 975
f 896 897 977
f 896 977 976
f 897 898 978
f 897 978 977
f 898 899 979
f 898 979 978
f 899 900 980
f 899 980 979
f 900 901 981
f 900 981 980
f 901 902 982
f 901 982 981
f 902 903 983
f 902 983 982
f 903 904 984
f 903 984 983
f 904 905 985
f 904 985 984
f 905 906 986
f 905 986 985
f 906 907 987
f 906 987 986
f 907 908 988
f 907 988 987
f 908 909 989
f 908 989 988
f 909 910 990
f 909 990 989
f 910 911 991
f 910 991 990
f 911 912 992
f 911 992 991
f 912 913 993
f 912 993 992
f 913 914 994
f 913 994 993
f 914 915 995
f 914 995 994
f 915 916 996
f 915 996 995
f 916 917 997
f 916 997 996
f 917 918 998
f 917 998 997
f 918 919 999
f 918 999 998
f 919 920 1000
f 919 1000 999
f 920 921 1001
f 920 1001 1000
f 921 922 1002
f 921 1002 1001
f 922 923 1003
f 922 1003 1002
f 923 924 1004
f 923 1004 1003
f 924 925 1005
f 924 1005 1004
f 925 926 1006
f 925 1006 1005
f 926 927 1007
f 926 1007 1006
f 927 928 1008
f 927 1008 1007
f 928 929 1009
f 928 1009 1008
f 929 930 1010
f 929 1010 1009
f 930 931 1011
f 930 1011 1010
f 931 932 1012
f 931 1012 1011
f 932 933 1013
f 932 1013 1012
f 933 934 1014
f 933 1014 1013
f 934 935 1015
f 934 1015 1014
f 935 936 1016
f 935 1016 1015
f 936 937 1017
f 936 1017 1016
f 937 938 1018
f 937 1018 1017
f 938 939 1019
f 938 1019 1018
f 939 940 1020
f 939 1020 1019
f 940 941 1021
f 940 1021 1020
f 941 942 1022
f 941 1022 1021
f 942 943 1023
f 942 1023 1022
f 943 944 1024
f 943 1024 1023
f 944 945 1025
f 944 1025 1024
f 945 946 1026
f 945 1026 1025
f 946 947 1027
f 946 1027 1026
f 947 948 1028
f 947 1028 1027
f 948 949 1029
f 948 1029 1028
f 949 950 1030
f 949 1030 1029
f 950 951 1031
f 950 1031 1030
f 951 952 1032
f 951 1032 1031
f 952 953 1033
f 952 1033 1032
f 953 954 1034
f 953 1034 1033
f 954 955 1035
f 954 1035 1034
f 955 956 1036
f 955 1036 1035
f 956 957 1037
f 956 1037 1036
f 957 958 1038
f 957 1038 1037
f 958 959 1039
f 958 1039 1038
f 959 960 1040
f 959 1040 1039
f 960 881 961
f 960 961 1040
f 961 962 1042
f 961 1042 1041
f 962 963 1043
f 962 1043 1042
f 963 964 1044
f 963 1044 1043
f 964 965 1045
f 964 1045 1044
f 965 966 1046
f 965 1046 1045
f 966 967 1047
f 966 1047 1046
f 967 968 1048
f 967 1048 1047
f 968 969 1049
f 968 1049 1048
f 969 970 1050
f 969 1050 1049
f 970 971 1051
f 970 1051 1050
f 971 972 1052
f 971 1052 1051
f 972 973 1053
f 972 1053 1052
f 973 974 1054
f 973 1054 1053
f 974 975 1055
f 974 1055 1054
f 975 976 1056
f 975 1056 1055
f 976 977 1057
f 976 1057 1056
f 977 978 1058
f 977 1058 1057
f 978 979 1059
f 978 1059 1058
f 979 980 1060
f 979 1060 1059
f 980 981 1061
f 980 1061 1060
f 981 982 1062
f 981 1062 1061
f 982 983 1063
f 982 1063 1062
f 983 984 1064
f 983 1064 1063
f 984 985 1065
f 984 1065 1064
f 985 986 1066
f 985 1066 1065
f 986 987 1067
f 986 1067 1066
f 987 988 1068
f 987 1068 1067
f 988 989 1069
f 988 1069 1068
f 989 990 1070
f 989 1070 1069
f 990 991 1071
f 990 1071 1070
f 991 992 1072
f 991 1072 1071
f 992 993 1073
f 992 1073 1072
f 993 994 1074
f 993 1074 1073
f 994 995 1075
f 994 1075 1074
f 995 996 1076
f 995 1076 1075
f 996 997 1077
f 996 1077 1076
f 997 998 1078
f 997 1078 1077
f 998 999 1079
f 998 1079 1078
f 999 1000 1080
f 999 1080 1079
f 1000 1001 1081
f 1000 1081 1080
f 1001 1002 1082
f 1001 1082 1081
f 1002 1003 1083
f 1002 1083 1082
f 1003 1004 1084
f 1003 1084 1083
f 1004 1005 1085
f 1004 1085 1084
f 1005 1006 1086
f 1005 1086 1085
f 1006 1007 1087
f 1006 1087 1086
f 1007 1008 1088
f 1007 1088 1087
f 1008 1009 1089
f 1008 1089 1088
f 1009 1010 1090
f 1009 1090 1089
f 1010 1011 1091
f 1010 1091 1090
f 1011 1012 1092
f 1011 1092 1091
f 1012 1013 1093
f 1012 1093 1092
f 1013 1014 1094
f 1013 1094 1093
f 1014 1015 1095
f 1014 1095 1094
f 1015 1016 1096
f 1015 1096 1095
f 1016 1017 1097
f 1016 1097 1096
f 1017 1018 1098
f 1017 1098 1097
f 1018 1019 1099
f 1018 1099 1098
f 1019 1020 1100
f 1019 1100 1099
f 1020 1021 1101
f 1020 1101 1100
f 1021 1022 1102
f 1021 1102 1101
f 1022 1023 1103
f 1022 1103 1102
f 1023 1024 1104
f 1023 1104 1103
f 1024 1025 1105
f 1024 1105 1104
f 1025 1026 1106
f 1025 1106 1105
f 1026 1027 1107
f 1026 1107 1106
f 1027 1028 1108
f 1027 1108 1107
f 1028 1029 1109
f 1028 1109 1108
f 1029 1030 1110
f 1029 1110 1109
f 1030 1031 1111
f 1030 1111 1110
f 1031 1032 1112
f 1031 1112 1111
f 1032 1033 1113
f 1032 1113 1112
f 1033 1034 1114
f 1033 1114 1113
f 1034 1035 1115
f 1034 1115 1114
f 1035 1036 1116
f 1035 1116 1115
f 1036 1037 1117
f 1036 1117 1116
f 1037 1038 1118
f 1037 1118 1117
f 1038 1039 1119
f 1038 1119 1118
f 1039 1040 1120
f 1039 1120 1119
f 1040 961 1041
f 1040 1041 1120
f 1041 1042 1122
f 1041 1122 1121
f 1042 1043 1123
f 1042 1123 1122
f 1043 1044 1124
f 1043 1124 1123
f 1044 1045 1125
f 1044 1125 1124
f 1045 1046 1126
f 1045 1126 1125
f 1046 1047 1127
f 1046 1127 1126
f 1047 1048 1128
f 1047 1128 1127
f 1048 1049 1129
f 1048 1129 1128
f 1049 1050 1130
f 1049 1130 1129
f 1050 1051 1131
f 1050 1131 1130
f 1051 1052 1132
f 1051 1132 1131
f 1052 1053 1133
f 1052 1133 1132
f 1053 1054 1134
f 1053 1134 1133
f 1054 1055 1135
f 1054 1135 1134
f 1055 1056 1136
f 1055 1136 1135
f 1056 1057 1137
f 1056 1137 1136
f 1057 1058 1138
f 1057 1138 1137
f 1058 1059 1139
f 1058 1139 1138
f 1059 1060 1140
f 1059 1140 1139
f 1060 1061 1141
f 1060 1141 1140
f 1061 1062 1142
f 1061 1142 1141
f 1062 1063 1143
f 1062 1143 1142
f 1063 1064 1144
f 1063 1144 1143
f 1064 1065 1145
f 1064 1145 1144
f 1065 1066 1146
f 1065 1146 1145
f 1066 1067 1147
f 1066 1147 1146
f 1067 1068 1148
f 1067 1148 1147
f 1068 1069 1149
f 1068 1149 1148
f 1069 1070 1150
f 1069 1150 1149
f 1070 1071 1151
f 1070 1151 1150
f 1071 1072 1152
f 1071 1152 1151
f 1072 1073 1153
f 1072 1153 1152
f 1073 1074 1154
f 1073 1154 1153
f 1074 1075 1155
f 1074 1155 1154
f 1075 1076 1156
f 1075 1156 1155
f 1076 1077 1157
f 1076 1157 1156
f 1077 1078 1158
f 1077 1158 1157
f 1078 1079 1159
f 1078 1159 1158
f 1079 1080 1160
f 1079 1160 1159
f 1080 1081 1161
f 1080 1161 1160
f 1081 1082 1162
f 1081 1162 1161
f 1082 1083 1163
f 1082 1163 1162
f 1083 1084 1164
f 1083 1164 1163
f 1084 1085 1165
f 1084 1165 1164
f 1085 1086 1166
f 1085 1166 1165
f 1086 1087 1167
f 1086 1167 1166
f 1087 1088 1168
f 1087 1168 1167
f 1088 1089 1169
f 1088 1169 1168
f 1089 1090 1170
f 1089 1170 1169
f 1090 1091 1171
f 1090 1171 1170
f 1091 1092 1172
f 1091 1172 1171
f 1092 1093 1173
f 1092 1173 1172
f 1093 1094 1174
f 1093 1174 1173
f 1094 1095 1175
f 1094 1175 1174
f 1095 1096 1176
f 1095 1176 1175
f 1096 1097 1177
f 1096 1177 1176
f 1097 1098 1178
f 1097 1178 1177
f 1098 1099 1179
f 1098 1179 1178
f 1099 1100 1180
f 1099 1180 1179
f 1100 1101 1181
f 1100 1181 1180
f 1101 1102 1182
f 1101 1182 1181
f 1102 1103 1183
f 1102 1183 1182
f 1103 1104 1184
f 1103 1184 1183
f 1104 1105 1185
f 1104 1185 1184
f 1105 1106 1186
f 1105 1186 1185
f 1106 1107 1187
f 1106 1187 1186
f 1107 1108 1188
f 1107 1188 1187
f 1108 1109 1189
f 1108 1189 1188
f 1109 1110 1190
f 1109 1190 1189
f 1110 1111 1191
f 1110 1191 1190
f 1111 1112 1192
f 1111 1192 1191
f 1112 1113 1193
f 1112 1193 1192
f 1113 1114 1194
f 1113 1194 1193
f 1114 1115 1195
f 1114 1195 1194
f 1115 1116 1196
f 1115 1196 1195
f 1116 1117 1197
f 1116 1197 1196
f 1117 1118 1198
f 1117 1198 1197
f 1118 1119 1199
f 1118 1199 1198
f 1119 1120 1200
f 1119 1200 1199
f 1120 1041 1121
f 1120 1121 1200
f 1121 1122 1202
f 1121 1202 1201
f 1122 1123 1203
f 1122 1203 1202
f 1123 1124 1204
f 1123 1204 1203
f 1124 1125 1205
f 1124 1205 1204
f 1125 1126 1206
f 1125 1206 1205
f 1126 1127 1207
f 1126 1207 1206
f 1127 1128 1208
f 1127 1208 1207
f 1128 1129 1209
f 1128 1209 1208
f 1129 1130 1210
f 1129 1210 1209
f 1130 1131 1211
f 1130 1211 1210
f 1131 1132 1212
f 1131 1212 1211
f 1132 1133 1213
f 1132 1213 1212
f 1133 1134 1214
f 1133 1214 1213
f 1134 1135 1215
f 1134 1215 1214
f 1135 1136 1216
f 1135 1216 1215
f 1136 1137 1217
f 1136 1217 1216
f 1137 1138 1218
f 1137 1218 1217
f 1138 1139 1219
f 1138 1219 1218
f 1139 1140 1220
f 1139 1220 1219
f 1140 1141 1221
f 1140 1221 1220
f 1141 1142 1222
f 1141 1222 1221
f 1142 1143 1223
f 1142 1223 1222
f 1143 1144 1224
f 1143 1224 1223
f 1144 1145 1225
f 1144 1225 1224
f 1145 1146 1226
f 1145 1226 1225
f 1146 1147 1227
f 1146 1227 1226
f 1147 1148 1228
f 1147 1228 1227
f 1148 1149 1229
f 1148 1229 1228
f 1149 1150 1230
f 1149 1230 1229
f 1150 1151 1231
f 1150 1231 1230
f 1151 1152 1232
f 1151 1232 1231
f 1152 1153 1233
f 1152 1233 1232
f 1153 1154 1234
f 1153 1234 1233
f 1154 1155 1235
f 1154 1235 1234
f 1155 1156 1236
f 1155 1236 1235
f 1156 1157 1237
f 1156 1237 1236
f 1157 1158 1238
f 1157 1238 1237
f 1158 1159 1239
f 1158 1239 1238
f 1159 1160 1240
f 1159 1240 1239
f 1160 1161 1241
f 1160 1241 1240
f 1161 1162 1242
f 1161 1242 1241
f 1162 1163 1243
f 1162 1243 1242
f 1163 1164 1244
f 1163 1244 1243
f 1164 1165 1245
f 1164 1245 1244
f 1165 1166 1246
f 1165 1246 1245
f 1166 1167 1247
f 1166 1247 1246
f 1167 1168 1248
f 1167 1248 1247
f 1168 1169 1249
f 1168 1249 1248
f 1169 1170 1250
f 1169 1250 1249
f 1170 1171 1251
f 1170 1251 1250
f 1171 1172 1252
f 1171 1252 1251
f 1172 1173 1253
f 1172 1253 1252
f 1173 1174 1254
f 1173 1254 1253
f 1174 1175 1255
f 1174 1255 1254
f 1175 1176 1256
f 1175 1256 1255
f 1176 1177 1257
f 1176 1257 1256
f 1177 1178 1258
f 1177 1258 1257
f 1178 1179 1259
f 1178 1259 1258
f 1179 1180 1260
f 1179 1260 1259
f 1180 1181 1261
f 1180 1261 1260
f 1181 1182 1262
f 1181 1262 1261
f 1182 1183 1263
f 1182 1263 1262
f 1183 1184 1264
f 1183 1264 1263
f 1184 1185 1265
f 1184 1265 1264
f 1185 1186 1266
f 1185 1266 1265
f 1186 1187 1267
f 1186 1267 1266
f 1187 1188 1268
f 1187 1268 1267
f 1188 1189 1269
f 1188 1269 1268
f 1189 1190 1270
f 1189 1270 1269
f 1190 1191 1271
f 1190 1271 1270
f 1191 1192 1272
f 1191 1272 1271
f 1192 1193 1273
f 1192 1273 1272
f 1193 1194 1274
f 1193 1274 1273
f 1194 1195 1275
f 1194 1275 1274
f 1195 1196 1276
f 1195 1276 1275
f 1196 1197 1277
f 1196 1277 1276
f 1197 1198 1278
f 1197 1278 1277
f 1198 1199 1279
f 1198 1279 1278
f 1199 1200 1280
f 1199 1280 1279
f 1200 1121 1201
f 1200 1201 1280
f 1201 1202 1282
f 1201 1282 1281
f 1202 1203 1283
f 1202 1283 1282
f 1203 1204 1284
f 1203 1284 1283
f 1204 1205 1285
f 1204 1285 1284
f 1205 1206 1286
f 1205 1286 1285
f 1206 1207 1287
f 1206 1287 1286
f 1207 1208 1288
f 1207 1288 1287
f 1208 1209 1289
f 1208 1289 1288
f 1209 1210 1290
f 1209 1290 1289
f 1210 1211 1291
f 1210 1291 1290
f 1211 1212 1292
f 1211 1292 1291
f 1212 1213 1293
f 1212 1293 1292
f 1213 1214 1294
f 1213 1294 1293
f 1214 1215 1295
f 1214 1295 1294
f 1215 1216 1296
f 1215 1296 1295
f 1216 1217 1297
f 1216 1297 1296
f 1217 1218 1298
f 1217 1298 1297
f 1218 1219 1299
f 1218 1299 1298
f 1219 1220 1300
f 1219 1300 1299
f 1220 1221 1301
f 1220 1301 1300
f 1221 1222 1302
f 1221 1302 1301
f 1222 1223 1303
f 1222 1303 1302
f 1223 1224 1304
f 1223 1304 1303
f 1224 1225 1305
f 1224 1305 1304
f 1225 1226 1306
f 1225 1306 1305
f 1226 1227 1307
f 1226 1307 1306
f 1227 1228 1308
f 1227 1308 1307
f 1228 1229 1309
f 1228 1309 1308
f 1229 1230 1310
f 1229 1310 1309
f 1230 1231 1311
f 1230 1311 1310
f 1231 1232 1312
f 1231 1312 1311
f 1232 1233 1313
f 1232 1313 1312
f 1233 1234 1314
f 1233 1314 1313
f 1234 1235 1315
f 1234 1315 1314
f 1235 1236 1316
f 1235 1316 1315
f 1236 1237 1317
f 1236 1317 1316
f 1237 1238 1318
f 1237 1318 1317
f 1238 1239 1319
f 1238 1319 1318
f 1239 1240 1320
f 1239 1320 1319
f 1240 1241 1321
f 1240 1321 1320
f 1241 1242 1322
f 1241 1322 1321
f 1242 1243 1323
f 1242 1323 1322
f 1243 1244 1324
f 1243 1324 1323
f 1244 1245 1325
f 1244 1325 1324
f 1245 1246 1326
f 1245 1326 1325
f 1246 1247 1327
f 1246 1327 1326
f 1247 1248 1328
f 1247 1328 1327
f 1248 1249 1329
f 1248 1329 1328
f 1249 1250 1330
f 1249 1330 1329
f 1250 1251 1331
f 1250 1331 1330
f 1251 1252 1332
f 1251 1332 1331
f 1252 1253 1333
f 1252 1333 1332
f 1253 1254 1334
f 1253 1334 1333
f 1254 1255 1335
f 1254 1335 1334
f 1255 1256 1336
f 1255 1336 1335
f 1256 1257 1337
f 1256 1337 1336
f 1257 1258 1338
f 1257 1338 1337
f 1258 1259 1339
f 1258 1339 1338
f 1259 1260 1340
f 1259 1340 1339
f 1260 1261 1341
f 1260 1341 1340
f 1261 1262 1342
f 1261 1342 1341
f 1262 1263 1343
f 1262 1343 1342
f 1263 1264 1344
f 1263 1344 1343
f 1264 1265 1345
f 1264 1345 1344
f 1265 1266 1346
f 1265 1346 1345
f 1266 1267 1347
f 1266 1347 1346
f 1267 1268 1348
f 1267 1348 1347
f 1268 1269 1349
f 1268 1349 1348
f 1269 1270 1350
f 1269 1350 1349
f 1270 1271 1351
f 1270 1351 1350
f 1271 1272 1352
f 1271 1352 1351
f 1272 1273 1353
f 1272 1353 1352
f 1273 1274 1354
f 1273 1354 1353
f 1274 1275 1355
f 1274 1355 1354
f 1275 1276 1356
f 1275 1356 1355
f 1276 1277 1357
f 1276 1357 1356
f 1277 1278 1358
f 1277 1358 1357
f 1278 1279 1359
f 1278 1359 1358
f 1279 1280 1360
f 1279 1360 1359
f 1280 1201 1281
f 1280 1281 1360
f 1281 1282 1362
f 1281 1362 1361
f 1282 1283 1363
f 1282 1363 1362
f 1283 1284 1364
f 1283 1364 1363
f 1284 1285 1365
f 1284 1365 1364
f 1285 1286 1366
f 1285 1366 1365
f 1286 1287 1367
f 1286 1367 1366
f 1287 1288 1368
f 1287 1368 1367
f 1288 1289 1369
f 1288 1369 1368
f 1289 1290 1370
f 1289 1370 1369
f 1290 1291 1371
f 1290 1371 1370
f 1291 1292 1372
f 1291 1372 1371
f 1292 1293 1373
f 1292 1373 1372
f 1293 1294 1374
f 1293 1374 1373
f 1294 1295 1375
f 1294 1375 1374
f 1295 1296 1376
f 1295 1376 1375
f 1296 1297 1377
f 1296 1377 1376
f 1297 1298 1378
f 1297 1378 1377
f 1298 1299 1379
f 1298 1379 1378
f 1299 1300 1380
f 1299 1380 1379
f 1300 1301 1381
f 1300 1381 1380
f 1301 1302 1382
f 1301 1382 1381
f 1302 1303 1383
f 1302 1383 1382
f 1303 1304 1384
f 1303 1384 1383
f 1304 1305 1385
f 1304 1385 1384
f 1305 1306 1386
f 1305 1386 1385
f 1306 1307 1387
f 1306 1387 1386
f 1307 1308 1388
f 1307 1388 1387
f 1308 1309 1389
f 1308 1389 1388
f 1309 1310 1390
f 1309 1390 1389
f 1310 1311 1391
f 1310 1391 1390
f 1311 1312 1392
f 1311 1392 1391
f 1312 1313 1393
f 1312 1393 1392
f 1313 1314 1394
f 1313 1394 1393
f 1314 1315 1395
f 1314 1395 1394
f 1315 1316 1396
f 1315 1396 1395
f 1316 1317 1397
f 1316 1397 1396
f 1317 1318 1398
f 1317 1398 1397
f 1318 1319 1399
f 1318 1399 1398
f 1319 1320 1400
f 1319 1400 1399
f 1320 1321 1401
f 1320 1401 1400
f 1321 1322 1402
f 1321 1402 1401
f 1322 1323 1403
f 1322 1403 1402
f 1323 1324 1404
f 1323 1404 1403
f 1324 1325 1405
f 1324 1405 1404
f 1325 1326 1406
f 1325 1406 1405
f 1326 1327 1407
f 1326 1407 1406
f 1327 1328 1408
f 1327 1408 1407
f 1328 1329 1409
f 1328 1409 1408
f 1329 1330 1410
f 1329 1410 1409
f 1330 1331 1411
f 1330 1411 1410
f 1331 1332 1412
f 1331 1412 1411
f 1332 1333 1413
f 1332 1413 1412
f 1333 1334 1414
f 1333 1414 1413
f 1334 1335 1415
f 1334 1415 1414
f 1335 1336 1416
f 1335 1416 1415
f 1336 1337 1417
f 1336 1417 1416
f 1337 1338 1418
f 1337 1418 1417
f 1338 1339 1419
f 1338 1419 1418
f 1339 1340 1420
f 1339 1420 1419
f 1340 1341 1421
f 1340 1421 1420
f 1341 1342 1422
f 1341 1422 1421
f 1342 1343 1423
f 1342 1423 1422
f 1343 1344 1424
f 1343 1424 1423
f 1344 1345 1425
f 1344 1425 1424
f 1345 1346 1426
f 1345 1426 1425
f 1346 1347 1427
f 1346 1427 1426
f 1347 1348 1428
f 1347 1428 1427
f 1348 1349 1429
f 1348 1429 1428
f 1349 1350 1430
f 1349 1430 1429
f 1350 1351 1431
f 1350 1431 1430
f 1351 1352 1432
f 1351 1432 1431
f 1352 1353 1433
f 1352 1433 1432
f 1353 1354 1434
f 1353 1434 1433
f 1354 1355 1435
f 1354 1435 1434
f 1355 1356 1436
f 1355 1436 1435
f 1356 1357 1437
f 1356 1437 1436
f 1357 1358 1438
f 1357 1438 1437
f 1358 1359 1439
f 1358 1439 1438
f 1359 1360 1440
f 1359 1440 1439
f 1360 1281 1361
f 1360 1361 1440
f 1361 1362 1442
f 1361 1442 1441
f 1362 1363 1443
f 1362 1443 1442
f 1363 1364 1444
f 1363 1444 1443
f 1364 1365 1445
f 1364 1445 1444
f 1365 1366 1446
f 1365 1446 1445
f 1366 1367 1447
f 1366 1447 1446
f 1367 1368 1448
f 1367 1448 1447
f 1368 1369 1449
f 1368 1449 1448
f 1369 1370 1450
f 1369 1450 1449
f 1370 1371 1451
f 1370 1451 1450
f 1371 1372 1452
f 1371 1452 1451
f 1372 1373 1453
f 1372 1453 1452
f 1373 1374 1454
f 1373 1454 1453
f 1374 1375 1455
f 1374 1455 1454
f 1375 1376 1456
f 1375 1456 1455
f 1376 1377 1457
f 1376 1457 1456
f 1377 1378 1458
f 1377 1458 1457
f 1378 1379 1459
f 1378 1459 1458
f 1379 1380 1460
f 1379 1460 1459
f 1380 1381 1461
f 1380 1461 1460
f 1381 1382 1462
f 1381 1462 1461
f 1382 1383 1463
f 1382 1463 1462
f 1383 1384 1464
f 1383 1464 1463
f 1384 1385 1465
f 1384 1465 1464
f 1385 1386 1466
f 1385 1466 1465
f 1386 1387 1467
f 1386 1467 1466
f 1387 1388 1468
f 1387 1468 1467
f 1388 1389 1469
f 1388 1469 1468
f 1389 1390 1470
f 1389 1470 1469
f 1390 1391 1471
f 1390 1471 1470
f 1391 1392 1472
f 1391 1472 1471
f 1392 1393 1473
f 1392 1473 1472
f 1393 1394 1474
f 1393 1474 1473
f 1394 1395 1475
f 1394 1475 1474
f 1395 1396 1476
f 1395 1476 1475
f 1396 1397 1477
f 1396 1477 1476
f 1397 1398 1478
f 1397 1478 1477
f 1398 1399 1479
f 1398 1479 1478
f 1399 1400 1480
f 1399 1480 1479
f 1400 1401 1481
f 1400 1481 1480
f 1401 1402 1482
f 1401 1482 1481
f 1402 1403 1483
f 1402 1483 1482
f 1403 1404 1484
f 1403 1484 1483
f 1404 1405 1485
f 1404 1485 1484
f 1405 1406 1486
f 1405 1486 1485
f 1406 1407 1487
f 1406 1487 1486
f 1407 1408 1488
f 1407 1488 1487
f 1408 1409 1489
f 1408 1489 1488
f 1409 1410 1490
f 1409 1490 1489
f 1410 1411 1491
f 1410 1491 1490
f 1411 1412 1492
f 1411 1492 1491
f 1412 1413 1493
f 1412 1493 1492
f 1413 1414 1494
f 1413 1494 1493
f 1414 1415 1495
f 1414 1495 1494
f 1415 1416 1496
f 1415 1496 1495
f 1416 1417 1497
f 1416 1497 1496
f 1417 1418 1498
f 1417 1498 1497
f 1418 1419 1499
f 1418 1499 1498
f 1419 1420 1500
f 1419 1500 1499
f 1420 1421 1501
f 1420 1501 1500
f 1421 1422 1502
f 1421 1502 1501
f 1422 1423 1503
f 1422 1503 1502
f 1423 1424 1504
f 1423 1504 1503
f 1424 1425 1505
f 1424 1505 1504
f 1425 1426 1506
f 1425 1506 1505
f 1426 1427 1507
f 1426 1507 1506
f 1427 1428 1508
f 1427 1508 1507
f 1428 1429 1509
f 1428 1509 1508
f 1429 1430 1510
f 1429 1510 1509
f 1430 1431 1511
f 1430 1511 1510
f 1431 1432 1512
f 1431 1512 1511
f 1432 1433 1513
f 1432 1513 1512
f 1433 1434 1514
f 1433 1514 1513
f 1434 1435 1515
f 1434 1515 1514
f 1435 1436 1516
f 1435 1516 1515
f 1436 1437 1517
f 1436 1517 1516
f 1437 1438 1518
f 1437 1518 1517
f 1438 1439 1519
f 1438 1519 1518
f 1439 1440 1520
f 1439 1520 1519
f 1440 1361 1441
f 1440 1441 1520
f 1441 1442 1522
f 1441 1522 1521
f 1442 1443 1523
f 1442 1523 1522
f 1443 1444 1524
f 1443 1524 1523
f 1444 1445 1525
f 1444 1525 1524
f 1445 1446 1526
f 1445 1526 1525
f 1446 1447 1527
f 1446 1527 1526
f 1447 1448 1528
f 1447 1528 1527
f 1448 1449 1529
f 1448 1529 1528
f 1449 1450 1530
f 1449 1530 1529
f 1450 1451 1531
f 1450 1531 1530
f 1451 1452 1532
f 1451 1532 1531
f 1452 1453 1533
f 1452 1533 1532
f 1453 1454 1534
f 1453 1534 1533
f 1454 1455 1535
f 1454 1535 1534
f 1455 1456 1536
f 1455 1536 1535
f 1456 1457 1537
f 1456 1537 1536
f 1457 1458 1538
f 1457 1538 1537
f 1458 1459 1539
f 1458 1539 1538
f 1459 1460 1540
f 1459 1540 1539
f 1460 1461 1541
f 1460 1541 1540
f 1461 1462 1542
f 1461 1542 1541
f 1462 1463 1543
f 1462 1543 1542
f 1463 1464 1544
f 1463 1544 1543
f 1464 1465 1545
f 1464 1545 1544
f 1465 1466 1546
f 1465 1546 1545
f 1466 1467 1547
f 1466 1547 1546
f 1467 1468 1548
f 1467 1548 1547
f 1468 1469 1549
f 1468 1549 1548
f 1469 1470 1550
f 1469 1550 1549
f 1470 1471 1551
f 1470 1551 1550
f 1471 1472 1552
f 1471 1552 1551
f 1472 1473 1553
f 1472 1553 1552
f 1473 1474 1554
f 1473 1554 1553
f 1474 1475 1555
f 1474 1555 1554
f 1475 1476 1556
f 1475 1556 1555
f 1476 1477 1557
f 1476 1557 1556
f 1477 1478 1558
f 1477 1558 1557
f 1478 1479 1559
f 1478 1559 1558
f 1479 1480 1560
f 1479 1560 1559
f 1480 1481 1561
f 1480 1561 1560
f 1481 1482 1562
f 1481 1562 1561
f 1482 1483 1563
f 1482 1563 1562
f 1483 1484 1564
f 1483 1564 1563
f 1484 1485 1565
f 1484 1565 1564
f 1485 1486 1566
f 1485 1566 1565
f 1486 1487 1567
f 1486 1567 1566
f 1487 1488 1568
f 1487 1568 1567
f 1488 1489 1569
f 1488 1569 1568
f 1489 1490 1570
f 1489 1570 1569
f 1490 1491 1571
f 1490 1571 1570
f 1491 1492 1572
f 1491 1572 1571
f 1492 1493 1573
f 1492 1573 1572
f 1493 1494 1574
f 1493 1574 1573
f 1494 1495 1575
f 1494 1575 1574
f 1495 1496 1576
f 1495 1576 1575
f 1496 1497 1577
f 1496 1577 1576
f 1497 1498 1578
f 1497 1578 1577
f 1498 1499 1579
f 1498 1579 1578
f 1499 1500 1580
f 1499 1580 1579
f 1500 1501 1581
f 1500 1581 1580
f 1501 1502 1582
f 1501 1582 1581
f 1502 1503 1583
f 1502 1583 1582
f 1503 1504 1584
f 1503 1584 1583
f 1504 1505 1585
f 1504 1585 1584
f 1505 1506 1586
f 1505 1586 1585
f 1506 1507 1587
f 1506 1587 1586
f 1507 1508 1588
f 1507 1588 1587
f 1508 1509 1589
f 1508 1589 1588
f 1509 1510 1590
f 1509 1590 1589
f 1510 1511 1591
f 1510 1591 1590
f 1511 1512 1592
f 1511 1592 1591
f 1512 1513 1593
f 1512 1593 1592
f 1513 1514 1594
f 1513 1594 1593
f 1514 1515 1595
f 1514 1595 1594
f 1515 1516 1596
f 1515 1596 1595
f 1516 1517 1597
f 1516 1597 1596
f 1517 1518 1598
f 1517 1598 1597
f 1518 1519 1599
f 1518 1599 1598
f 1519 1520 1600
f 1519 1600 1599
f 1520 1441 1521
f 1520 1521 1600
f 1521 1522 1602
f 1521 1602 1601
f 1522 1523 1603
f 1522 1603 1602
f 1523 1524 1604
f 1523 1604 1603
f 1524 1525 1605
f 1524 1605 1604
f 1525 1526 1606
f 1525 1606 1605
f 1526 1527 1607
f 1526 1607 1606
f 1527 1528 1608
f 1527 1608 1607
f 1528 1529 1609
f 1528 1609 1608
f 1529 1530 1610
f 1529 1610 1609
f 1530 1531 1611
f 1530 1611 1610
f 1531 1532 1612
f 1531 1612 1611
f 1532 1533 1613
f 1532 1613 1612
f 1533 1534 1614
f 1533 1614 1613
f 1534 1535 1615
f 1534 1615 1614
f 1535 1536 1616
f 1535 1616 1615
f 1536 1537 1617
f 1536 1617 1616
f 1537 1538 1618
f 1537 1618 1617
f 1538 1539 1619
f 1538 1619 1618
f 1539 1540 1620
f 1539 1620 1619
f 1540 1541 1621
f 1540 1621 1620
f 1541 1542 1622
f 1541 1622 1621
f 1542 1543 1623
f 1542 1623 1622
f 1543 1544 1624
f 1543 1624 1623
f 1544 1545 1625
f 1544 1625 1624
f 1545 1546 1626
f 1545 1626 1625
f 1546 1547 1627
f 1546 1627 1626
f 1547 1548 1628
f 1547 1628 1627
f 1548 1549 1629
f 1548 1629 1628
f 1549 1550 1630
f 1549 1630 1629
f 1550 1551 1631
f 1550 1631 1630
f 1551 1552 1632
f 1551 1632 1631
f 1552 1553 1633
f 1552 1633 1632
f 1553 1554 1634
f 1553 1634 1633
f 1554 1555 1635
f 1554 1635 1634
f 1555 1556 1636
f 1555 1636 1635
f 1556 1557 1637
f 1556 1637 1636
f 1557 1558 1638
f 1557 1638 1637
f 1558 1559 1639
f 1558 1639 1638
f 1559 1560 1640
f 1559 1640 1639
f 1560 1561 1641
f 1560 1641 1640
f 1561 1562 1642
f 1561 1642 1641
f 1562 1563 1643
f 1562 1643 1642
f 1563 1564 1644
f 1563 1644 1643
f 1564 1565 1645
f 1564 1645 1644
f 1565 1566 1646
f 1565 1646 1645
f 1566 1567 1647
f 1566 1647 1646
f 1567 1568 1648
f 1567 1648 1647
f 1568 1569 1649
f 1568 1649 1648
f 1569 1570 1650
f 1569 1650 1649
f 1570 1571 1651
f 1570 1651 1650
f 1571 1572 1652
f 1571 1652 1651
f 1572 1573 1653
f 1572 1653 1652
f 1573 1574 1654
f 1573 1654 1653
f 1574 1575 1655
f 1574 1655 1654
f 1575 1576 1656
f 1575 1656 1655
f 1576 1577 1657
f 1576 1657 1656
f 1577 1578 1658
f 1577 1658 1657
f 1578 1579 1659
f 1578 1659 1658
f 1579 1580 1660
f 1579 1660 1659
f 1580 1581 1661
f 1580 1661 1660
f 1581 1582 1662
f 1581 1662 1661
f 1582 1583 1663
f 1582 1663 1662
f 1583 1584 1664
f 1583 1664 1663
f 1584 1585 1665
f 1584 1665 1664
f 1585 1586 1666
f 1585 1666 1665
f 1586 1587 1667
f 1586 1667 1666
f 1587 1588 1668
f 1587 1668 1667
f 1588 1589 1669
f 1588 1669 1668
f 1589 1590 1670
f 1589 1670 1669
f 1590 1591 1671
f 1590 1671 1670
f 1591 1592 1672
f 1591 1672 1671
f 1592 1593 1673
f 1592 1673 1672
f 1593 1594 1674
f 1593 1674 1673
f 1594 1595 1675
f 1594 1675 1674
f 1595 1596 1676
f 1595 1676 1675
f 1596 1597 1677
f 1596 1677 1676
f 1597 1598 1678
f 1597 1678 1677
f 1598 1599 1679
f 1598 1679 1678
f 1599 1600 1680
f 1599 1680 1679
f 1600 1521 1601
f 1600 1601 1680
f 1601 1602 1682
f 1601 1682 1681
f 1602 1603 1683
f 1602 1683 1682
f 1603 1604 1684
f 1603 1684 1683
f 1604 1605 1685
f 1604 1685 1684
f 1605 1606 1686
f 1605 1686 1685
f 1606 1607 1687
f 1606 1687 1686
f 1607 1608 1688
f 1607 1688 1687
f 1608 1609 1689
f 1608 1689 1688
f 1609 1610 1690
f 1609 1690 1689
f 1610 1611 1691
f 1610 1691 1690
f 1611 1612 1692
f 1611 1692 1691
f 1612 1613 1693
f 1612 1693 1692
f 1613 1614 1694
f 1613 1694 1693
f 1614 1615 1695
f 1614 1695 1694
f 1615 1616 1696
f 1615 1696 1695
f 1616 1617 1697
f 1616 1697 1696
f 1617 1618 1698
f 1617 1698 1697
f 1618 1619 1699
f 1618 1699 1698
f 1619 1620 1700
f 1619 1700 1699
f 1620 1621 1701
f 1620 1701 1700
f 1621 1622 1702
f 1621 1702 1701
f 1622 1623 1703
f 1622 1703 1702
f 1623 1624 1704
f 1623 1704 1703
f 1624 1625 1705
f 1624 1705 1704
f 1625 1626 1706
f 1625 1706 1705
f 1626 1627 1707
f 1626 1707 1706
f 1627 1628 1708
f 1627 1708 1707
f 1628 1629 1709
f 1628 1709 1708
f 1629 1630 1710
f 1629 1710 1709
f 1630 1631 1711
f 1630 1711 1710
f 1631 1632 1712
f 1631 1712 1711
f 1632 1633 1713
f 1632 1713 1712
f 1633 1634 1714
f 1633 1714 1713
f 1634 1635 1715
f 1634 1715 1714
f 1635 1636 1716
f 1635 1716 1715
f 1636 1637 1717
f 1636 1717 1716
f 1637 1638 1718
f 1637 1718 1717
f 1638 1639 1719
f 1638 1719 1718
f 1639 1640 1720
f 1639 1720 1719
f 1640 1641 1721
f 1640 1721 1720
f 1641 1642 1722
f 1641 1722 1721
f 1642 1643 1723
f 1642 1723 1722
f 1643 1644 1724
f 1643 1724 1723
f 1644 1645 1725
f 1644 1725 1724
f 1645 1646 1726
f 1645 1726 1725
f 1646 1647 1727
f 1646 1727 1726
f 1647 1648 1728
f 1647 1728 1727
f 1648 1649 1729
f 1648 1729 1728
f 1649 1650 1730
f 1649 1730 1729
f 1650 1651 1731
f 1650 1731 1730
f 1651 1652 1732
f 1651 1732 1731
f 1652 1653 1733
f 1652 1733 1732
f 1653 1654 1734
f 1653 1734 1733
f 1654 1655 1735
f 1654 1735 1734
f 1655 1656 1736
f 1655 1736 1735
f 1656 1657 1737
f 1656 1737 1736
f 1657 1658 1738
f 1657 1738 1737
f 1658 1659 1739
f 1658 1739 1738
f 1659 1660 1740
f 1659 1740 1739
f 1660 1661 1741
f 1660 1741 1740
f 1661 1662 1742
f 1661 1742 1741
f 1662 1663 1743
f 1662 1743 1742
f 1663 1664 1744
f 1663 1744 1743
f 1664 1665 1745
f 1664 1745 1744
f 1665 1666 1746
f 1665 1746 1745
f 1666 1667 1747
f 1666 1747 1746
f 1667 1668 1748
f 1667 1748 1747
f 1668 1669 1749
f 1668 1749 1748
f 1669 1670 1750
f 1669 1750 1749
f 1670 1671 1751
f 1670 1751 1750
f 1671 1672 1752
f 1671 1752 1751
f 1672 1673 1753
f 1672 1753 1752
f 1673 1674 1754
f 1673 1754 1753
f 1674 1675 1755
f 1674 1755 1754
f 1675 1676 1756
f 1675 1756 1755
f 1676 1677 1757
f 1676 1757 1756
f 1677 1678 1758
f 1677 1758 1757
f 1678 1679 1759
f 1678 1759 1758
f 1679 1680 1760
f 1679 1760 1759
f 1680 1601 1681
f 1680 1681 1760
f 1681 1682 1762
f 1681 1762 1761
f 1682 1683 1763
f 1682 1763 1762
f 1683 1684 1764
f 1683 1764 1763
f 1684 1685 1765
f 1684 1765 1764
f 1685 1686 1766
f 1685 1766 1765
f 1686 1687 1767
f 1686 1767 1766
f 1687 1688 1768
f 1687 1768 1767
f 1688 1689 1769
f 1688 1769 1768
f 1689 1690 1770
f 1689 1770 1769
f 1690 1691 1771
f 1690 1771 1770
f 1691 1692 1772
f 1691 1772 1771
f 1692 1693 1773
f 1692 1773 1772
f 1693 1694 1774
f 1693 1774 1773
f 1694 1695 1775
f 1694 1775 1774
f 1695 1696 1776
f 1695 1776 1775
f 1696 1697 1777
f 1696 1777 1776
f 1697 1698 1778
f 1697 1778 1777
f 1698 1699 1779
f 1698 1779 1778
f 1699 1700 1780
f 1699 1780 1779
f 1700 1701 1781
f 1700 1781 1780
f 1701 1702 1782
f 1701 1782 1781
f 1702 1703 1783
f 1702 1783 1782
f 1703 1704 1784
f 1703 1784 1783
f 1704 1705 1785
f 1704 1785 1784
f 1705 1706 1786
f 1705 1786 1785
f 1706 1707 1787
f 1706 1787 1786
f 1707 1708 1788
f 1707 1788 1787
f 1708 1709 1789
f 1708 1789 1788
f 1709 1710 1790
f 1709 1790 1789
f 1710 1711 1791
f 1710 1791 1790
f 1711 1712 1792
f 1711 1792 1791
f 1712 1713 1793
f 1712 1793 1792
f 1713 1714 1794
f 1713 1794 1793
f 1714 1715 1795
f 1714 1795 1794
f 1715 1716 1796
f 1715 1796 1795
f 1716 1717 1797
f 1716 1797 1796
f 1717 1718 1798
f 1717 1798 1797
f 1718 1719 1799
f 1718 1799 1798
f 1719 1720 1800
f 1719 1800 1799
f 1720 1721 1801
f 1720 1801 1800
f 1721 1722 1802
f 1721 1802 1801
f 1722 1723 1803
f 1722 1803 1802
f 1723 1724 1804
f 1723 1804 1803
f 1724 1725 1805
f 1724 1805 1804
f 1725 1726 1806
f 1725 1806 1805
f 1726 1727 1807
f 1726 1807 1806
f 1727 1728 1808
f 1727 1808 1807
f 1728 1729 1809
f 1728 1809 1808
f 1729 1730 1810
f 1729 1810 1809
f 1730 1731 1811
f 1730 1811 1810
f 1731 1732 1812
f 1731 1812 1811
f 1732 1733 1813
f 1732 1813 1812
f 1733 1734 1814
f 1733 1814 1813
f 1734 1735 1815
f 1734 1815 1814
f 1735 1736 1816
f 1735 1816 1815
f 1736 1737 1817
f 1736 1817 1816
f 1737 1738 1818
f 1737 1818 1817
f 1738 1739 1819
f 1738 1819 1818
f 1739 1740 1820
f 1739 1820 1819
f 1740 1741 1821
f 1740 1821 1820
f 1741 1742 1822
f 1741 1822 1821
f 1742 1743 1823
f 1742 1823 1822
f 1743 1744 1824
f 1743 1824 1823
f 1744 1745 1825
f 1744 1825 1824
f 1745 1746 1826
f 1745 1826 1825
f 1746 1747 1827
f 1746 1827 1826
f 1747 1748 1828
f 1747 1828 1827
f 1748 1749 1829
f 1748 1829 1828
f 1749 1750 1830
f 1749 1830 1829
f 1750 1751 1831
f 1750 1831 1830
f 1751 1752 1832
f 1751 1832 1831
f 1752 1753 1833
f 1752 1833 1832
f 1753 1754 1834
f 1753 1834 1833
f 1754 1755 1835
f 1754 1835 1834
f 1755 1756 1836
f 1755 1836 1835
f 1756 1757 1837
f 1756 1837 1836
f 1757 1758 1838
f 1757 1838 1837
f 1758 1759 1839
f 1758 1839 1838
f 1759 1760 1840
f 1759 1840 1839
f 1760 1681 1761
f 1760 1761 1840
f 1761 1762 1842
f 1761 1842 1841
f 1762 1763 1843
f 1762 1843 1842
f 1763 1764 1844
f 1763 1844 1843
f 1764 1765 1845
f 1764 1845 1844
f 1765 1766 1846
f 1765 1846 1845
f 1766 1767 1847
f 1766 1847 1846
f 1767 1768 1848
f 1767 1848 1847
f 1768 1769 1849
f 1768 1849 1848
f 1769 1770 1850
f 1769 1850 1849
f 1770 1771 1851
f 1770 1851 1850
f 1771 1772 1852
f 1771 1852 1851
f 1772 1773 1853
f 1772 1853 1852
f 1773 1774 1854
f 1773 1854 1853
f 1774 1775 1855
f 1774 1855 1854
f 1775 1776 1856
f 1775 1856 1855
f 1776 1777 1857
f 1776 1857 1856
f 1777 1778 1858
f 1777 1858 1857
f 1778 1779 1859
f 1778 1859 1858
f 1779 1780 1860
f 1779 1860 1859
f 1780 1781 1861
f 1780 1861 1860
f 1781 1782 1862
f 1781 1862 1861
f 1782 1783 1863
f 1782 1863 1862
f 1783 1784 1864
f 1783 1864 1863
f 1784 1785 1865
f 1784 1865 1864
f 1785 1786 1866
f 1785 1866 1865
f 1786 1787 1867
f 1786 1867 1866
f 1787 1788 1868
f 1787 1868 1867
f 1788 1789 1869
f 1788 1869 1868
f 1789 1790 1870
f 1789 1870 1869
f 1790 1791 1871
f 1790 1871 1870
f 1791 1792 1872
f 1791 1872 1871
f 1792 1793 1873
f 1792 1873 1872
f 1793 1794 1874
f 1793 1874 1873
f 1794 1795 1875
f 1794 1875 1874
f 1795 1796 1876
f 1795 1876 1875
f 1796 1797 1877
f 1796 1877 1876
f 1797 1798 1878
f 1797 1878 1877
f 1798 1799 1879
f 1798 1879 1878
f 1799 1800 1880
f 1799 1880 1879
f 1800 1801 1881
f 1800 1881 1880
f 1801 1802 1882
f 1801 1882 1881
f 1802 1803 1883
f 1802 1883 1882
f 1803 1804 1884
f 1803 1884 1883
f 1804 1805 1885
f 1804 1885 1884
f 1805 1806 1886
f 1805 1886 1885
f 1806 1807 1887
f 1806 1887 1886
f 1807 1808 1888
f 1807 1888 1887
f 1808 1809 1889
f 1808 1889 1888
f 1809 1810 1890
f 1809 1890 1889
f 1810 1811 1891
f 1810 1891 1890
f 1811 1812 1892
f 1811 1892 1891
f 1812 1813 1893
f 1812 1893 1892
f 1813 1814 1894
f 1813 1894 1893
f 1814 1815 1895
f 1814 1895 1894
f 1815 1816 1896
f 1815 1896 1895
f 1816 1817 1897
f 1816 1897 1896
f 1817 1818 1898
f 1817 1898 1897
f 1818 1819 1899
f 1818 1899 1898
f 1819 1820 1900
f 1819 1900 1899
f 1820 1821 1901
f 1820 1901 1900
f 1821 1822 1902
f 1821 1902 1901
f 1822 1823 1903
f 1822 1903 1902
f 1823 1824 1904
f 1823 1904 1903
f 1824 1825 1905
f 1824 1905 1904
f 1825 1826 1906
f 1825 1906 1905
f 1826 1827 1907
f 1826 1907 1906
f 1827 1828 1908
f 1827 1908 1907
f 1828 1829 1909
f 1828 1909 1908
f 1829 1830 1910
f 1829 1910 1909
f 1830 1831 1911
f 1830 1911 1910
f 1831 1832 1912
f 1831 1912 1911
f 1832 1833 1913
f 1832 1913 1912
f 1833 1834 1914
f 1833 1914 1913
f 1834 1835 1915
f 1834 1915 1914
f 1835 1836 1916
f 1835 1916 1915
f 1836 1837 1917
f 1836 1917 1916
f 1837 1838 1918
f 1837 1918 1917
f 1838 1839 1919
f 1838 1919 1918
f 1839 1840 1920
f 1839 1920 1919
f 1840 1761 1841
f 1840 1841 1920
f 1841 1842 1922
f 1841 1922 1921
f 1842 1843 1923
f 1842 1923 1922
f 1843 1844 1924
f 1843 1924 1923
f 1844 1845 1925
f 1844 1925 1924
f 1845 1846 1926
f 1845 1926 1925
f 1846 1847 1927
f 1846 1927 1926
f 1847 1848 1928
f 1847 1928 1927
f 1848 1849 1929
f 1848 1929 1928
f 1849 1850 1930
f 1849 1930 1929
f 1850 1851 1931
f 1850 1931 1930
f 1851 1852 1932
f 1851 1932 1931
f 1852 1853 1933
f 1852 1933 1932
f 1853 1854 1934
f 1853 1934 1933
f 1854 1855 1935
f 1854 1935 1934
f 1855 1856 1936
f 1855 1936 1935
f 1856 1857 1937
f 1856 1937 1936
f 1857 1858 1938
f 1857 1938 1937
f 1858 1859 1939
f 1858 1939 1938
f 1859 1860 1940
f 1859 1940 1939
f 1860 1861 1941
f 1860 1941 1940
f 1861 1862 1942
f 1861 1942 1941
f 1862 1863 1943
f 1862 1943 1942
f 1863 1864 1944
f 1863 1944 1943
f 1864 1865 1945
f 1864 1945 1944
f 1865 1866 1946
f 1865 1946 1945
f 1866 1867 1947
f 1866 1947 1946
f 1867 1868 1948
f 1867 1948 1947
f 1868 1869 1949
f 1868 1949 1948
f 1869 1870 1950
f 1869 1950 1949
f 1870 1871 1951
f 1870 1951 1950
f 1871 1872 1952
f 1871 1952 1951
f 1872 1873 1953
f 1872 1953 1952
f 1873 1874 1954
f 1873 1954 1953
f 1874 1875 1955
f 1874 1955 1954
f 1875 1876 1956
f 1875 1956 1955
f 1876 1877 1957
f 1876 1957 1956
f 1877 1878 1958
f 1877 1958 1957
f 1878 1879 1959
f 1878 1959 1958
f 1879 1880 1960
f 1879 1960 1959
f 1880 1881 1961
f 1880 1961 1960
f 1881 1882 1962
f 1881 1962 1961
f 1882 1883 1963
f 1882 1963 1962
f 1883 1884 1964
f 1883 1964 1963
f 1884 1885 1965
f 1884 1965 1964
f 1885 1886 1966
f 1885 1966 1965
f 1886 1887 1967
f 1886 1967 1966
f 1887 1888 1968
f 1887 1968 1967
f 1888 1889 1969
f 1888 1969 1968
f 1889 1890 1970
f 1889 1970 1969
f 1890 1891 1971
f 1890 1971 1970
f 1891 1892 1972
f 1891 1972 1971
f 1892 1893 1973
f 1892 1973 1972
f 1893 1894 1974
f 1893 1974 1973
f 1894 1895 1975
f 1894 1975 1974
f 1895 1896 1976
f 1895 1976 1975
f 1896 1897 1977
f 1896 1977 1976
f 1897 1898 1978
f 1897 1978 1977
f 1898 1899 1979
f 1898 1979 1978
f 1899 1900 1980
f 1899 1980 1979
f 1900 1901 1981
f 1900 1981 1980
f 1901 1902 1982
f 1901 1982 1981
f 1902 1903 1983
f 1902 1983 1982
f 1903 1904 1984
f 1903 1984 1983
f 1904 1905 1985
f 1904 1985 1984
f 1905 1906 1986
f 1905 1986 1985
f 1906 1907 1987
f 1906 1987 1986
f 1907 1908 1988
f 1907 1988 1987
f 1908 1909 1989
f 1908 1989 1988
f 1909 1910 1990
f 1909 1990 1989
f 1910 1911 1991
f 1910 1991 1990
f 1911 1912 1992
f 1911 1992 1991
f 1912 1913 1993
f 1912 1993 1992
f 1913 1914 1994
f 1913 1994 1993
f 1914 1915 1995
f 1914 1995 1994
f 1915 1916 1996
f 1915 1996 1995
f 1916 1917 1997
f 1916 1997 1996
f 1917 1918 1998
f 1917 1998 1997
f 1918 1919 1999
f 1918 1999 1998
f 1919 1920 2000
f 1919 2000 1999
f 1920 1841 1921
f 1920 1921 2000
f 1921 1922 2002
f 1921 2002 2001
f 1922 1923 2003
f 1922 2003 2002
f 1923 1924 2004
f 1923 2004 2003
f 1924 1925 2005
f 1924 2005 2004
f 1925 1926 2006
f 1925 2006 2005
f 1926 1927 2007
f 1926 2007 2006
f 1927 1928 2008
f 1927 2008 2007
f 1928 1929 2009
f 1928 2009 2008
f 1929 1930 2010
f 1929 2010 2009
f 1930 1931 2011
f 1930 2011 2010
f 1931 1932 2012
f 1931 2012 2011
f 1932 1933 2013
f 1932 2013 2012
f 1933 1934 2014
f 1933 2014 2013
f 1934 1935 2015
f 1934 2015 2014
f 1935 1936 2016
f 1935 2016 2015
f 1936 1937 2017
f 1936 2017 2016
f 1937 1938 2018
f 1937 2018 2017
f 1938 1939 2019
f 1938 2019 2018
f 1939 1940 2020
f 1939 2020 2019
f 1940 1941 2021
f 1940 2021 2020
f 1941 1942 2022
f 1941 2022 2021
f 1942 1943 2023
f 1942 2023 2022
f 1943 1944 2024
f 1943 2024 2023
f 1944 1945 2025
f 1944 2025 2024
f 1945 1946 2026
f 1945 2026 2025
f 1946 1947 2027
f 1946 2027 2026
f 1947 1948 2028
f 1947 2028 2027
f 1948 1949 2029
f 1948 2029 2028
f 1949 1950 2030
f 1949 2030 2029
f 1950 1951 2031
f 1950 2031 2030
f 1951 1952 2032
f 1951 2032 2031
f 1952 1953 2033
f 1952 2033 2032
f 1953 1954 2034
f 1953 2034 2033
f 1954 1955 2035
f 1954 2035 2034
f 1955 1956 2036
f 1955 2036 2035
f 1956 1957 2037
f 1956 2037 2036
f 1957 1958 2038
f 1957 2038 2037
f 1958 1959 2039
f 1958 2039 2038
f 1959 1960 2040
f 1959 2040 2039
f 1960 1961 2041
f 1960 2041 2040
f 1961 1962 2042
f 1961 2042 2041
f 1962 1963 2043
f 1962 2043 2042
f 1963 1964 2044
f 1963 2044 2043
f 1964 1965 2045
f 1964 2045 2044
f 1965 1966 2046
f 1965 2046 2045
f 1966 1967 2047
f 1966 2047 2046
f 1967 1968 2048
f 1967 2048 2047
f 1968 1969 2049
f 1968 2049 2048
f 1969 1970 2050
f 1969 2050 2049
f 1970 1971 2051
f 1970 2051 2050
f 1971 1972 2052
f 1971 2052 2051
f 1972 1973 2053
f 1972 2053 2052
f 1973 1974 2054
f 1973 2054 2053
f 1974 1975 2055
f 1974 2055 2054
f 1975 1976 2056
f 1975 2056 2055
f 1976 1977 2057
f 1976 2057 2056
f 1977 1978 2058
f 1977 2058 2057
f 1978 1979 2059
f 1978 2059 2058
f 1979 1980 2060
f 1979 2060 2059
f 1980 1981 2061
f 1980 2061 2060
f 1981 1982 2062
f 1981 2062 2061
f 1982 1983 2063
f 1982 2063 2062
f 1983 1984 2064
f 1983 2064 2063
f 1984 1985 2065
f 1984 2065 2064
f 1985 1986 2066
f 1985 2066 2065
f 1986 1987 2067
f 1986 2067 2066
f 1987 1988 2068
f 1987 2068 2067
f 1988 1989 2069
f 1988 2069 2068
f 1989 1990 2070
f 1989 2070 2069
f 1990 1991 2071
f 1990 2071 2070
f 1991 1992 2072
f 1991 2072 2071
f 1992 1993 2073
f 1992 2073 2072
f 1993 1994 2074
f 1993 2074 2073
f 1994 1995 2075
f 1994 2075 2074
f 1995 1996 2076
f 1995 2076 2075
f 1996 1997 2077
f 1996 2077 2076
f 1997 1998 2078
f 1997 2078 2077
f 1998 1999 2079
f 1998 2079 2078
f 1999 2000 2080
f 1999 2080 2079
f 2000 1921 2001
f 2000 2001 2080
f 2001 2002 2082
f 2001 2082 2081
f 2002 2003 2083
f 2002 2083 2082
f 2003 2004 2084
f 2003 2084 2083
f 2004 2005 2085
f 2004 2085 2084
f 2005 2006 2086
f 2005 2086 2085
f 2006 2007 2087
f 2006 2087 2086
f 2007 2008 2088
f 2007 2088 2087
f 2008 2009 2089
f 2008 2089 2088
f 2009 2010 2090
f 2009 2090 2089
f 2010 2011 2091
f 2010 2091 2090
f 2011 2012 2092
f 2011 2092 2091
f 2012 2013 2093
f 2012 2093 2092
f 2013 2014 2094
f 2013 2094 2093
f 2014 2015 2095
f 2014 2095 2094
f 2015 2016 2096
f 2015 2096 2095
f 2016 2017 2097
f 2016 2097 2096
f 2017 2018 2098
f 2017 2098 2097
f 2018 2019 2099
f 2018 2099 2098
f 2019 2020 2100
f 2019 2100 2099
f 2020 2021 2101
f 2020 2101 2100
f 2021 2022 2102
f 2021 2102 2101
f 2022 2023 2103
f 2022 2103 2102
f 2023 2024 2104
f 2023 2104 2103
f 2024 2025 2105
f 2024 2105 2104
f 2025 2026 2106
f 2025 2106 2105
f 2026 2027 2107
f 2026 2107 2106
f 2027 2028 2108
f 2027 2108 2107
f 2028 2029 2109
f 2028 2109 2108
f 2029 2030 2110
f 2029 2110 2109
f 2030 2031 2111
f 2030 2111 2110
f 2031 2032 2112
f 2031 2112 2111
f 2032 2033 2113
f 2032 2113 2112
f 2033 2034 2114
f 2033 2114 2113
f 2034 2035 2115
f 2034 2115 2114
f 2035 2036 2116
f 2035 2116 2115
f 2036 2037 2117
f 2036 2117 2116
f 2037 2038 2118
f 2037 2118 2117
f 2038 2039 2119
f 2038 2119 2118
f 2039 2040 2120
f 2039 2120 2119
f 2040 2041 2121
f 2040 2121 2120
f 2041 2042 2122
f 2041 2122 2121
f 2042 2043 2123
f 2042 2123 2122
f 2043 2044 2124
f 2043 2124 2123
f 2044 2045 2125
f 2044 2125 2124
f 2045 2046 2126
f 2045 2126 2125
f 2046 2047 2127
f 2046 2127 2126
f 2047 2048 2128
f 2047 2128 2127
f 2048 2049 2129
f 2048 2129 2128
f 2049 2050 2130
f 2049 2130 2129
f 2050 2051 2131
f 2050 2131 2130
f 2051 2052 2132
f 2051 2132 2131
f 2052 2053 2133
f 2052 2133 2132
f 2053 2054 2134
f 2053 2134 2133
f 2054 2055 2135
f 2054 2135 2134
f 2055 2056 2136
f 2055 2136 2135
f 2056 2057 2137
f 2056 2137 2136
f 2057 2058 2138
f 2057 2138 2137
f 2058 2059 2139
f 2058 2139 2138
f 2059 2060 2140
f 2059 2140 2139
f 2060 2061 2141
f 2060 2141 2140
f 2061 2062 2142
f 2061 2142 2141
f 2062 2063 2143
f 2062 2143 2142
f 2063 2064 2144
f 2063 2144 2143
f 2064 2065 2145
f 2064 2145 2144
f 2065 2066 2146
f 2065 2146 2145
f 2066 2067 2147
f 2066 2147 2146
f 2067 2068 2148
f 2067 2148 2147
f 2068 2069 2149
f 2068 2149 2148
f 2069 2070 2150
f 2069 2150 2149
f 2070 2071 2151
f 2070 2151 2150
f 2071 2072 2152
f 2071 2152 2151
f 2072 2073 2153
f 2072 2153 2152
f 2073 2074 2154
f 2073 2154 2153
f 2074 2075 2155
f 2074 2155 2154
f 2075 2076 2156
f 2075 2156 2155
f 2076 2077 2157
f 2076 2157 2156
f 2077 2078 2158
f 2077 2158 2157
f 2078 2079 2159
f 2078 2159 2158
f 2079 2080 2160
f 2079 2160 2159
f 2080 2001 2081
f 2080 2081 2160
f 2081 2082 2162
f 2081 2162 2161
f 2082 2083 2163
f 2082 2163 2162
f 2083 2084 2164
f 2083 2164 2163
f 2084 2085 2165
f 2084 2165 2164
f 2085 2086 2166
f 2085 2166 2165
f 2086 2087 2167
f 2086 2167 2166
f 2087 2088 2168
f 2087 2168 2167
f 2088 2089 2169
f 2088 2169 2168
f 2089 2090 2170
f 2089 2170 2169
f 2090 2091 2171
f 2090 2171 2170
f 2091 2092 2172
f 2091 2172 2171
f 2092 2093 2173
f 2092 2173 2172
f 2093 2094 2174
f 2093 2174 2173
f 2094 2095 2175
f 2094 2175 2174
f 2095 2096 2176
f 2095 2176 2175
f 2096 2097 2177
f 2096 2177 2176
f 2097 2098 2178
f 2097 2178 2177
f 2098 2099 2179
f 2098 2179 2178
f 2099 2100 2180
f 2099 2180 2179
f 2100 2101 2181
f 2100 2181 2180
f 2101 2102 2182
f 2101 2182 2181
f 2102 2103 2183
f 2102 2183 2182
f 2103 2104 2184
f 2103 2184 2183
f 2104 2105 2185
f 2104 2185 2184
f 2105 2106 2186
f 2105 2186 2185
f 2106 2107 2187
f 2106 2187 2186
f 2107 2108 2188
f 2107 2188 2187
f 2108 2109 2189
f 2108 2189 2188
f 2109 2110 2190
f 2109 2190 2189
f 2110 2111 2191
f 2110 2191 2190
f 2111 2112 2192
f 2111 2192 2191
f 2112 2113 2193
f 2112 2193 2192
f 2113 2114 2194
f 2113 2194 2193
f 2114 2115 2195
f 2114 2195 2194
f 2115 2116 2196
f 2115 2196 2195
f 2116 2117 2197
f 2116 2197 2196
f 2117 2118 2198
f 2117 2198 2197
f 2118 2119 2199
f 2118 2199 2198
f 2119 2120 2200
f 2119 2200 2199
f 2120 2121 2201
f 2120 2201 2200
f 2121 2122 2202
f 2121 2202 2201
f 2122 2123 2203
f 2122 2203 2202
f 2123 2124 2204
f 2123 2204 2203
f 2124 2125 2205
f 2124 2205 2204
f 2125 2126 2206
f 2125 2206 2205
f 2126 2127 2207
f 2126 2207 2206
f 2127 2128 2208
f 2127 2208 2207
f 2128 2129 2209
f 2128 2209 2208
f 2129 2130 2210
f 2129 2210 2209
f 2130 2131 2211
f 2130 2211 2210
f 2131 2132 2212
f 2131 2212 2211
f 2132 2133 2213
f 2132 2213 2212
f 2133 2134 2214
f 2133 2214 2213
f 2134 2135 2215
f 2134 2215 2214
f 2135 2136 2216
f 2135 2216 2215
f 2136 2137 2217
f 2136 2217 2216
f 2137 2138 2218
f 2137 2218 2217
f 2138 2139 2219
f 2138 2219 2218
f 2139 2140 2220
f 2139 2220 2219
f 2140 2141 2221
f 2140 2221 2220
f 2141 2142 2222
f 2141 2222 2221
f 2142 2143 2223
f 2142 2223 2222
f 2143 2144 2224
f 2143 2224 2223
f 2144 2145 2225
f 2144 2225 2224
f 2145 2146 2226
f 2145 2226 2225
f 2146 2147 2227
f 2146 2227 2226
f 2147 2148 2228
f 2147 2228 2227
f 2148 2149 2229
f 2148 2229 2228
f 2149 2150 2230
f 2149 2230 2229
f 2150 2151 2231
f 2150 2231 2230
f 2151 2152 2232
f 2151 2232 2231
f 2152 2153 2233
f 2152 2233 2232
f 2153 2154 2234
f 2153 2234 2233
f 2154 2155 2235
f 2154 2235 2234
f 2155 2156 2236
f 2155 2236 2235
f 2156 2157 2237
f 2156 2237 2236
f 2157 2158 2238
f 2157 2238 2237
f 2158 2159 2239
f 2158 2239 2238
f 2159 2160 2240
f 2159 2240 2239
f 2160 2081 2161
f 2160 2161 2240
f 2161 2162 2241
f 2162 2163 2241
f 2163 2164 2241
f 2164 2165 2241
f 2165 2166 2241
f 2166 2167 2241
f 2167 2168 2241
f 2168 2169 2241
f 2169 2170 2241
f 2170 2171 2241
f 2171 2172 2241
f 2172 2173 2241
f 2173 2174 2241
f 2174 2175 2241
f 2175 2176 2241
f 2176 2177 2241
f 2177 2178 2241
f 2178 2179 2241
f 2179 2180 2241
f 2180 2181 2241
f 2181 2182 2241
f 2182 2183 2241
f 2183 2184 2241
f 2184 2185 2241
f 2185 2186 2241
f 2186 2187 2241
f 2187 2188 2241
f 2188 2189 2241
f 2189 2190 2241
f 2190 2191 2241
f 2191 2192 2241
f 2192 2193 2241
f 2193 2194 2241
f 2194 2195 2241
f 2195 2196 2241
f 2196 2197 2241
f 2197 2198 2241
f 2198 2199 2241
f 2199 2200 2241
f 2200 2201 2241
f 2201 2202 2241
f 2202 2203 2241
f 2203 2204 2241
f 2204 2205 2241
f 2205 2206 2241
f 2206 2207 2241
f 2207 2208 2241
f 2208 2209 2241
f 2209 2210 2241
f 2210 2211 2241
f 2211 2212 2241
f 2212 2213 2241
f 2213 2214 2241
f 2214 2215 2241
f 2215 2216 2241
f 2216 2217 2241
f 2217 2218 2241
f 2218 2219 2241
f 2219 2220 2241
f 2220 2221 2241
f 2221 2222 2241
f 2222 2223 2241
f 2223 2224 2241
f 2224 2225 2241
f 2225 2226 2241
f 2226 2227 2241
f 2227 2228 2241
f 2228 2229 2241
f 2229 2230 2241
f 2230 2231 2241
f 2231 2232 2241
f 2232 2233 2241
f 2233 2234 2241
f 2234 2235 2241
f 2235 2236 2241
f 2236 2237 2241
f 2237 2238 2241
f 2238 2239 2241
f 2239 2240 2241
f 2240 2161 2241
f 2322 2323 2243
f 2322 2243 2242
f 2323 2324 2244
f 2323 2244 2243
f 2324 2325 2245
f 2324 2245 2244
f 2325 2326 2246
f 2325 2246 2245
f 2326 2327 2247
f 2326 2247 2246
f 2327 2328 2248
f 2327 2248 2247
f 2328 2329 2249
f 2328 2249 2248
f 2329 2330 2250
f 2329 2250 2249
f 2330 2331 2251
f 2330 2251 2250
f 2331 2332 2252
f 2331 2252 2251
f 2332 2333 2253
f 2332 2253 2252
f 2333 2334 2254
f 2333 2254 2253
f 2334 2335 2255
f 2334 2255 2254
f 2335 2336 2256
f 2335 2256 2255
f 2336 2337 2257
f 2336 2257 2256
f 2337 2338 2258
f 2337 2258 2257
f 2338 2339 2259
f 2338 2259 2258
f 2339 2340 2260
f 2339 2260 2259
f 2340 2341 2261
f 2340 2261 2260
f 2341 2342 2262
f 2341 2262 2261
f 2342 2343 2263
f 2342 2263 2262
f 2343 2344 2264
f 2343 2264 2263
f 2344 2345 2265
f 2344 2265 2264
f 2345 2346 2266
f 2345 2266 2265
f 2346 2347 2267
f 2346 2267 2266
f 2347 2348 2268
f 2347 2268 2267
f 2348 2349 2269
f 2348 2269 2268
f 2349 2350 2270
f 2349 2270 2269
f 2350 2351 2271
f 2350 2271 2270
f 2351 2352 2272
f 2351 2272 2271
f 2352 2353 2273
f 2352 2273 2272
f 2353 2354 2274
f 2353 2274 2273
f 2354 2355 2275
f 2354 2275 2274
f 2355 2356 2276
f 2355 2276 2275
f 2356 2357 2277
f 2356 2277 2276
f 2357 2358 2278
f 2357 2278 2277
f 2358 2359 2279
f 2358 2279 2278
f 2359 2360 2280
f 2359 2280 2279
f 2360 2361 2281
f 2360 2281 2280
f 2361 2362 2282
f 2361 2282 2281
f 2362 2363 2283
f 2362 2283 2282
f 2363 2364 2284
f 2363 2284 2283
f 2364 2365 2285
f 2364 2285 2284
f 2365 2366 2286
f 2365 2286 2285
f 2366 2367 2287
f 2366 2287 2286
f 2367 2368 2288
f 2367 2288 2287
f 2368 2369 2289
f 2368 2289 2288
f 2369 2370 2290
f 2369 2290 2289
f 2370 2371 2291
f 2370 2291 2290
f 2371 2372 2292
f 2371 2292 2291
f 2372 2373 2293
f 2372 2293 2292
f 2373 2374 2294
f 2373 2294 2293
f 2374 2375 2295
f 2374 2295 2294
f 2375 2376 2296
f 2375 2296 2295
f 2376 2377 2297
f 2376 2297 2296
f 2377 2378 2298
f 2377 2298 2297
f 2378 2379 2299
f 2378 2299 2298
f 2379 2380 2300
f 2379 2300 2299
f 2380 2381 2301
f 2380 2301 2300
f 2381 2382 2302
f 2381 2302 2301
f 2382 2383 2303
f 2382 2303 2302
f 2383 2384 2304
f 2383 2304 2303
f 2384 2385 2305
f 2384 2305 2304
f 2385 2386 2306
f 2385 2306 2305
f 2386 2387 2307
f 2386 2307 2306
f 2387 2388 2308
f 2387 2308 2307
f 2388 2389 2309
f 2388 2309 2308
f 2389 2390 2310
f 2389 2310 2309
f 2390 2391 2311
f 2390 2311 2310
f 2391 2392 2312
f 2391 2312 2311
f 2392 2393 2313
f 2392 2313 2312
f 2393 2394 2314
f 2393 2314 2313
f 2394 2395 2315
f 2394 2315 2314
f 2395 2396 2316
f 2395 2316 2315
f 2396 2397 2317
f 2396 2317 2316
f 2397 2398 2318
f 2397 2318 2317
f 2398 2399 2319
f 2398 2319 2318
f 2399 2400 2320
f 2399 2320 2319
f 2400 2401 2321
f 2400 2321 2320
f 2401 2322 2242
f 2401 2242 2321
f 2402 2403 2323
f 2402 2323 2322
f 2403 2404 2324
f 2403 2324 2323
f 2404 2405 2325
f 2404 2325 2324
f 2405 2406 2326
f 2405 2326 2325
f 2406 2407 2327
f 2406 2327 2326
f 2407 2408 2328
f 2407 2328 2327
f 2408 2409 2329
f 2408 2329 2328
f 2409 2410 2330
f 2409 2330 2329
f 2410 2411 2331
f 2410 2331 2330
f 2411 2412 2332
f 2411 2332 2331
f 2412 2413 2333
f 2412 2333 2332
f 2413 2414 2334
f 2413 2334 2333
f 2414 2415 2335
f 2414 2335 2334
f 2415 2416 2336
f 2415 2336 2335
f 2416 2417 2337
f 2416 2337 2336
f 2417 2418 2338
f 2417 2338 2337
f 2418 2419 2339
f 2418 2339 2338
f 2419 2420 2340
f 2419 2340 2339
f 2420 2421 2341
f 2420 2341 2340
f 2421 2422 2342
f 2421 2342 2341
f 2422 2423 2343
f 2422 2343 2342
f 2423 2424 2344
f 2423 2344 2343
f 2424 2425 2345
f 2424 2345 2344
f 2425 2426 2346
f 2425 2346 2345
f 2426 2427 2347
f 2426 2347 2346
f 2427 2428 2348
f 2427 2348 2347
f 2428 2429 2349
f 2428 2349 2348
f 2429 2430 2350
f 2429 2350 2349
f 2430 2431 2351
f 2430 2351 2350
f 2431 2432 2352
f 2431 2352 2351
f 2432 2433 2353
f 2432 2353 2352
f 2433 2434 2354
f 2433 2354 2353
f 2434 2435 2355
f 2434 2355 2354
f 2435 2436 2356
f 2435 2356 2355
f 2436 2437 2357
f 2436 2357 2356
f 2437 2438 2358
f 2437 2358 2357
f 2438 2439 2359
f 2438 2359 2358
f 2439 2440 2360
f 2439 2360 2359
f 2440 2441 2361
f 2440 2361 2360
f 2441 2442 2362
f 2441 2362 2361
f 2442 2443 2363
f 2442 2363 2362
f 2443 2444 2364
f 2443 2364 2363
f 2444 2445 2365
f 2444 2365 2364
f 2445 2446 2366
f 2445 2366 2365
f 2446 2447 2367
f 2446 2367 2366
f 2447 2448 2368
f 2447 2368 2367
f 2448 2449 2369
f 2448 2369 2368
f 2449 2450 2370
f 2449 2370 2369
f 2450 2451 2371
f 2450 2371 2370
f 2451 2452 2372
f 2451 2372 2371
f 2452 2453 2373
f 2452 2373 2372
f 2453 2454 2374
f 2453 2374 2373
f 2454 2455 2375
f 2454 2375 2374
f 2455 2456 2376
f 2455 2376 2375
f 2456 2457 2377
f 2456 2377 2376
f 2457 2458 2378
f 2457 2378 2377
f 2458 2459 2379
f 2458 2379 2378
f 2459 2460 2380
f 2459 2380 2379
f 2460 2461 2381
f 2460 2381 2380
f 2461 2462 2382
f 2461 2382 2381
f 2462 2463 2383
f 2462 2383 2382
f 2463 2464 2384
f 2463 2384 2383
f 2464 2465 2385
f 2464 2385 2384
f 2465 2466 2386
f 2465 2386 2385
f 2466 2467 2387
f 2466 2387 2386
f 2467 2468 2388
f 2467 2388 2387
f 2468 2469 2389
f 2468 2389 2388
f 2469 2470 2390
f 2469 2390 2389
f 2470 2471 2391
f 2470 2391 2390
f 2471 2472 2392
f 2471 2392 2391
f 2472 2473 2393
f 2472 2393 2392
f 2473 2474 2394
f 2473 2394 2393
f 2474 2475 2395
f 2474 2395 2394
f 2475 2476 2396
f 2475 2396 2395
f 2476 2477 2397
f 2476 2397 2396
f 2477 2478 2398
f 2477 2398 2397
f 2478 2479 2399
f 2478 2399 2398
f 2479 2480 2400
f 2479 2400 2399
f 2480 2481 2401
f 2480 2401 2400
f 2481 2402 2322
f 2481 2322 2401
f 2482 2483 2403
f 2482 2403 2402
f 2483 2484 2404
f 2483 2404 2403
f 2484 2485 2405
f 2484 2405 2404
f 2485 2486 2406
f 2485 2406 2405
f 2486 2487 2407
f 2486 2407 2406
f 2487 2488 2408
f 2487 2408 2407
f 2488 2489 2409
f 2488 2409 2408
f 2489 2490 2410
f 2489 2410 2409
f 2490 2491 2411
f 2490 2411 2410
f 2491 2492 2412
f 2491 2412 2411
f 2492 2493 2413
f 2492 2413 2412
f 2493 2494 2414
f 2493 2414 2413
f 2494 2495 2415
f 2494 2415 2414
f 2495 2496 2416
f 2495 2416 2415
f 2496 2497 2417
f 2496 2417 2416
f 2497 2498 2418
f 2497 2418 2417
f 2498 2499 2419
f 2498 2419 2418
f 2499 2500 2420
f 2499 2420 2419
f 2500 2501 2421
f 2500 2421 2420
f 2501 2502 2422
f 2501 2422 2421
f 2502 2503 2423
f 2502 2423 2422
f 2503 2504 2424
f 2503 2424 2423
f 2504 2505 2425
f 2504 2425 2424
f 2505 2506 2426
f 2505 2426 2425
f 2506 2507 2427
f 2506 2427 2426
f 2507 2508 2428
f 2507 2428 2427
f 2508 2509 2429
f 2508 2429 2428
f 2509 2510 2430
f 2509 2430 2429
f 2510 2511 2431
f 2510 2431 2430
f 2511 2512 2432
f 2511 2432 2431
f 2512 2513 2433
f 2512 2433 2432
f 2513 2514 2434
f 2513 2434 2433
f 2514 2515 2435
f 2514 2435 2434
f 2515 2516 2436
f 2515 2436 2435
f 2516 2517 2437
f 2516 2437 2436
f 2517 2518 2438
f 2517 2438 2437
f 2518 2519 2439
f 2518 2439 2438
f 2519 2520 2440
f 2519 2440 2439
f 2520 2521 2441
f 2520 2441 2440
f 2521 2522 2442
f 2521 2442 2441
f 2522 2523 2443
f 2522 2443 2442
f 2523 2524 2444
f 2523 2444 2443
f 2524 2525 2445
f 2524 2445 2444
f 2525 2526 2446
f 2525 2446 2445
f 2526 2527 2447
f 2526 2447 2446
f 2527 2528 2448
f 2527 2448 2447
f 2528 2529 2449
f 2528 2449 2448
f 2529 2530 2450
f 2529 2450 2449
f 2530 2531 2451
f 2530 2451 2450
f 2531 2532 2452
f 2531 2452 2451
f 2532 2533 2453
f 2532 2453 2452
f 2533 2534 2454
f 2533 2454 2453
f 2534 2535 2455
f 2534 2455 2454
f 2535 2536 2456
f 2535 2456 2455
f 2536 2537 2457
f 2536 2457 2456
f 2537 2538 2458
f 2537 2458 2457
f 2538 2539 2459
f 2538 2459 2458
f 2539 2540 2460
f 2539 2460 2459
f 2540 2541 2461
f 2540 2461 2460
f 2541 2542 2462
f 2541 2462 2461
f 2542 2543 2463
f 2542 2463 2462
f 2543 2544 2464
f 2543 2464 2463
f 2544 2545 2465
f 2544 2465 2464
f 2545 2546 2466
f 2545 2466 2465
f 2546 2547 2467
f 2546 2467 2466
f 2547 2548 2468
f 2547 2468 2467
f 2548 2549 2469
f 2548 2469 2468
f 2549 2550 2470
f 2549 2470 2469
f 2550 2551 2471
f 2550 2471 2470
f 2551 2552 2472
f 2551 2472 2471
f 2552 2553 2473
f 2552 2473 2472
f 2553 2554 2474
f 2553 2474 2473
f 2554 2555 2475
f 2554 2475 2474
f 2555 2556 2476
f 2555 2476 2475
f 2556 2557 2477
f 2556 2477 2476
f 2557 2558 2478
f 2557 2478 2477
f 2558 2559 2479
f 2558 2479 2478
f 2559 2560 2480
f 2559 2480 2479
f 2560 2561 2481
f 2560 2481 2480
f 2561 2482 2402
f 2561 2402 2481
f 2562 2563 2483
f 2562 2483 2482
f 2563 2564 2484
f 2563 2484 2483
f 2564 2565 2485
f 2564 2485 2484
f 2565 2566 2486
f 2565 2486 2485
f 2566 2567 2487
f 2566 2487 2486
f 2567 2568 2488
f 2567 2488 2487
f 2568 2569 2489
f 2568 2489 2488
f 2569 2570 2490
f 2569 2490 2489
f 2570 2571 2491
f 2570 2491 2490
f 2571 2572 2492
f 2571 2492 2491
f 2572 2573 2493
f 2572 2493 2492
f 2573 2574 2494
f 2573 2494 2493
f 2574 2575 2495
f 2574 2495 2494
f 2575 2576 2496
f 2575 2496 2495
f 2576 2577 2497
f 2576 2497 2496
f 2577 2578 2498
f 2577 2498 2497
f 2578 2579 2499
f 2578 2499 2498
f 2579 2580 2500
f 2579 2500 2499
f 2580 2581 2501
f 2580 2501 2500
f 2581 2582 2502
f 2581 2502 2501
f 2582 2583 2503
f 2582 2503 2502
f 2583 2584 2504
f 2583 2504 2503
f 2584 2585 2505
f 2584 2505 2504
f 2585 2586 2506
f 2585 2506 2505
f 2586 2587 2507
f 2586 2507 2506
f 2587 2588 2508
f 2587 2508 2507
f 2588 2589 2509
f 2588 2509 2508
f 2589 2590 2510
f 2589 2510 2509
f 2590 2591 2511
f 2590 2511 2510
f 2591 2592 2512
f 2591 2512 2511
f 2592 2593 2513
f 2592 2513 2512
f 2593 2594 2514
f 2593 2514 2513
f 2594 2595 2515
f 2594 2515 2514
f 2595 2596 2516
f 2595 2516 2515
f 2596 2597 2517
f 2596 2517 2516
f 2597 2598 2518
f 2597 2518 2517
f 2598 2599 2519
f 2598 2519 2518
f 2599 2600 2520
f 2599 2520 2519
f 2600 2601 2521
f 2600 2521 2520
f 2601 2602 2522
f 2601 2522 2521
f 2602 2603 2523
f 2602 2523 2522
f 2603 2604 2524
f 2603 2524 2523
f 2604 2605 2525
f 2604 2525 2524
f 2605 2606 2526
f 2605 2526 2525
f 2606 2607 2527
f 2606 2527 2526
f 2607 2608 2528
f 2607 2528 2527
f 2608 2609 2529
f 2608 2529 2528
f 2609 2610 2530
f 2609 2530 2529
f 2610 2611 2531
f 2610 2531 2530
f 2611 2612 2532
f 2611 2532 2531
f 2612 2613 2533
f 2612 2533 2532
f 2613 2614 2534
f 2613 2534 2533
f 2614 2615 2535
f 2614 2535 2534
f 2615 2616 2536
f 2615 2536 2535
f 2616 2617 2537
f 2616 2537 2536
f 2617 2618 2538
f 2617 2538 2537
f 2618 2619 2539
f 2618 2539 2538
f 2619 2620 2540
f 2619 2540 2539
f 2620 2621 2541
f 2620 2541 2540
f 2621 2622 2542
f 2621 2542 2541
f 2622 2623 2543
f 2622 2543 2542
f 2623 2624 2544
f 2623 2544 2543
f 2624 2625 2545
f 2624 2545 2544
f 2625 2626 2546
f 2625 2546 2545
f 2626 2627 2547
f 2626 2547 2546
f 2627 2628 2548
f 2627 2548 2547
f 2628 2629 2549
f 2628 2549 2548
f 2629 2630 2550
f 2629 2550 2549
f 2630 2631 2551
f 2630 2551 2550
f 2631 2632 2552
f 2631 2552 2551
f 2632 2633 2553
f 2632 2553 2552
f 2633 2634 2554
f 2633 2554 2553
f 2634 2635 2555
f 2634 2555 2554
f 2635 2636 2556
f 2635 2556 2555
f 2636 2637 2557
f 2636 2557 2556
f 2637 2638 2558
f 2637 2558 2557
f 2638 2639 2559
f 2638 2559 2558
f 2639 2640 2560
f 2639 2560 2559
f 2640 2641 2561
f 2640 2561 2560
f 2641 2562 2482
f 2641 2482 2561
f 2642 2643 2563
f 2642 2563 2562
f 2643 2644 2564
f 2643 2564 2563
f 2644 2645 2565
f 2644 2565 2564
f 2645 2646 2566
f 2645 2566 2565
f 2646 2647 2567
f 2646 2567 2566
f 2647 2648 2568
f 2647 2568 2567
f 2648 2649 2569
f 2648 2569 2568
f 2649 2650 2570
f 2649 2570 2569
f 2650 2651 2571
f 2650 2571 2570
f 2651 2652 2572
f 2651 2572 2571
f 2652 2653 2573
f 2652 2573 2572
f 2653 2654 2574
f 2653 2574 2573
f 2654 2655 2575
f 2654 2575 2574
f 2655 2656 2576
f 2655 2576 2575
f 2656 2657 2577
f 2656 2577 2576
f 2657 2658 2578
f 2657 2578 2577
f 2658 2659 2579
f 2658 2579 2578
f 2659 2660 2580
f 2659 2580 2579
f 2660 2661 2581
f 2660 2581 2580
f 2661 2662 2582
f 2661 2582 2581
f 2662 2663 2583
f 2662 2583 2582
f 2663 2664 2584
f 2663 2584 2583
f 2664 2665 2585
f 2664 2585 2584
f 2665 2666 2586
f 2665 2586 2585
f 2666 2667 2587
f 2666 2587 2586
f 2667 2668 2588
f 2667 2588 2587
f 2668 2669 2589
f 2668 2589 2588
f 2669 2670 2590
f 2669 2590 2589
f 2670 2671 2591
f 2670 2591 2590
f 2671 2672 2592
f 2671 2592 2591
f 2672 2673 2593
f 2672 2593 2592
f 2673 2674 2594
f 2673 2594 2593
f 2674 2675 2595
f 2674 2595 2594
f 2675 2676 2596
f 2675 2596 2595
f 2676 2677 2597
f 2676 2597 2596
f 2677 2678 2598
f 2677 2598 2597
f 2678 2679 2599
f 2678 2599 2598
f 2679 2680 2600
f 2679 2600 2599
f 2680 2681 2601
f 2680 2601 2600
f 2681 2682 2602
f 2681 2602 2601
f 2682 2683 2603
f 2682 2603 2602
f 2683 2684 2604
f 2683 2604 2603
f 2684 2685 2605
f 2684 2605 2604
f 2685 2686 2606
f 2685 2606 2605
f 2686 2687 2607
f 2686 2607 2606
f 2687 2688 2608
f 2687 2608 2607
f 2688 2689 2609
f 2688 2609 2608
f 2689 2690 2610
f 2689 2610 2609
f 2690 2691 2611
f 2690 2611 2610
f 2691 2692 2612
f 2691 2612 2611
f 2692 2693 2613
f 2692 2613 2612
f 2693 2694 2614
f 2693 2614 2613
f 2694 2695 2615
f 2694 2615 2614
f 2695 2696 2616
f 2695 2616 2615
f 2696 2697 2617
f 2696 2617 2616
f 2697 2698 2618
f 2697 2618 2617
f 2698 2699 2619
f 2698 2619 2618
f 2699 2700 2620
f 2699 2620 2619
f 2700 2701 2621
f 2700 2621 2620
f 2701 2702 2622
f 2701 2622 2621
f 2702 2703 2623
f 2702 2623 2622
f 2703 2704 2624
f 2703 2624 2623
f 2704 2705 2625
f 2704 2625 2624
f 2705 2706 2626
f 2705 2626 2625
f 2706 2707 2627
f 2706 2627 2626
f 2707 2708 2628
f 2707 2628 2627
f 2708 2709 2629
f 2708 2629 2628
f 2709 2710 2630
f 2709 2630 2629
f 2710 2711 2631
f 2710 2631 2630
f 2711 2712 2632
f 2711 2632 2631
f 2712 2713 2633
f 2712 2633 2632
f 2713 2714 2634
f 2713 2634 2633
f 2714 2715 2635
f 2714 2635 2634
f 2715 2716 2636
f 2715 2636 2635
f 2716 2717 2637
f 2716 2637 2636
f 2717 2718 2638
f 2717 2638 2637
f 2718 2719 2639
f 2718 2639 2638
f 2719 2720 2640
f 2719 2640 2639
f 2720 2721 2641
f 2720 2641 2640
f 2721 2642 2562
f 2721 2562 2641
f 2722 2723 2643
f 2722 2643 2642
f 2723 2724 2644
f 2723 2644 2643
f 2724 2725 2645
f 2724 2645 2644
f 2725 2726 2646
f 2725 2646 2645
f 2726 2727 2647
f 2726 2647 2646
f 2727 2728 2648
f 2727 2648 2647
f 2728 2729 2649
f 2728 2649 2648
f 2729 2730 2650
f 2729 2650 2649
f 2730 2731 2651
f 2730 2651 2650
f 2731 2732 2652
f 2731 2652 2651
f 2732 2733 2653
f 2732 2653 2652
f 2733 2734 2654
f 2733 2654 2653
f 2734 2735 2655
f 2734 2655 2654
f 2735 2736 2656
f 2735 2656 2655
f 2736 2737 2657
f 2736 2657 2656
f 2737 2738 2658
f 2737 2658 2657
f 2738 2739 2659
f 2738 2659 2658
f 2739 2740 2660
f 2739 2660 2659
f 2740 2741 2661
f 2740 2661 2660
f 2741 2742 2662
f 2741 2662 2661
f 2742 2743 2663
f 2742 2663 2662
f 2743 2744 2664
f 2743 2664 2663
f 2744 2745 2665
f 2744 2665 2664
f 2745 2746 2666
f 2745 2666 2665
f 2746 2747 2667
f 2746 2667 2666
f 2747 2748 2668
f 2747 2668 2667
f 2748 2749 2669
f 2748 2669 2668
f 2749 2750 2670
f 2749 2670 2669
f 2750 2751 2671
f 2750 2671 2670
f 2751 2752 2672
f 2751 2672 2671
f 2752 2753 2673
f 2752 2673 2672
f 2753 2754 2674
f 2753 2674 2673
f 2754 2755 2675
f 2754 2675 2674
f 2755 2756 2676
f 2755 2676 2675
f 2756 2757 2677
f 2756 2677 2676
f 2757 2758 2678
f 2757 2678 2677
f 2758 2759 2679
f 2758 2679 2678
f 2759 2760 2680
f 2759 2680 2679
f 2760 2761 2681
f 2760 2681 2680
f 2761 2762 2682
f 2761 2682 2681
f 2762 2763 2683
f 2762 2683 2682
f 2763 2764 2684
f 2763 2684 2683
f 2764 2765 2685
f 2764 2685 2684
f 2765 2766 2686
f 2765 2686 2685
f 2766 2767 2687
f 2766 2687 2686
f 2767 2768 2688
f 2767 2688 2687
f 2768 2769 2689
f 2768 2689 2688
f 2769 2770 2690
f 2769 2690 2689
f 2770 2771 2691
f 2770 2691 2690
f 2771 2772 2692
f 2771 2692 2691
f 2772 2773 2693
f 2772 2693 2692
f 2773 2774 2694
f 2773 2694 2693
f 2774 2775 2695
f 2774 2695 2694
f 2775 2776 2696
f 2775 2696 2695
f 2776 2777 2697
f 2776 2697 2696
f 2777 2778 2698
f 2777 2698 2697
f 2778 2779 2699
f 2778 2699 2698
f 2779 2780 2700
f 2779 2700 2699
f 2780 2781 2701
f 2780 2701 2700
f 2781 2782 2702
f 2781 2702 2701
f 2782 2783 2703
f 2782 2703 2702
f 2783 2784 2704
f 2783 2704 2703
f 2784 2785 2705
f 2784 2705 2704
f 2785 2786 2706
f 2785 2706 2705
f 2786 2787 2707
f 2786 2707 2706
f 2787 2788 2708
f 2787 2708 2707
f 2788 2789 2709
f 2788 2709 2708
f 2789 2790 2710
f 2789 2710 2709
f 2790 2791 2711
f 2790 2711 2710
f 2791 2792 2712
f 2791 2712 2711
f 2792 2793 2713
f 2792 2713 2712
f 2793 2794 2714
f 2793 2714 2713
f 2794 2795 2715
f 2794 2715 2714
f 2795 2796 2716
f 2795 2716 2715
f 2796 2797 2717
f 2796 2717 2716
f 2797 2798 2718
f 2797 2718 2717
f 2798 2799 2719
f 2798 2719 2718
f 2799 2800 2720
f 2799 2720 2719
f 2800 2801 2721
f 2800 2721 2720
f 2801 2722 2642
f 2801 2642 2721
f 2802 2803 2723
f 2802 2723 2722
f 2803 2804 2724
f 2803 2724 2723
f 2804 2805 2725
f 2804 2725 2724
f 2805 2806 2726
f 2805 2726 2725
f 2806 2807 2727
f 2806 2727 2726
f 2807 2808 2728
f 2807 2728 2727
f 2808 2809 2729
f 2808 2729 2728
f 2809 2810 2730
f 2809 2730 2729
f 2810 2811 2731
f 2810 2731 2730
f 2811 2812 2732
f 2811 2732 2731
f 2812 2813 2733
f 2812 2733 2732
f 2813 2814 2734
f 2813 2734 2733
f 2814 2815 2735
f 2814 2735 2734
f 2815 2816 2736
f 2815 2736 2735
f 2816 2817 2737
f 2816 2737 2736
f 2817 2818 2738
f 2817 2738 2737
f 2818 2819 2739
f 2818 2739 2738
f 2819 2820 2740
f 2819 2740 2739
f 2820 2821 2741
f 2820 2741 2740
f 2821 2822 2742
f 2821 2742 2741
f 2822 2823 2743
f 2822 2743 2742
f 2823 2824 2744
f 2823 2744 2743
f 2824 2825 2745
f 2824 2745 2744
f 2825 2826 2746
f 2825 2746 2745
f 2826 2827 2747
f 2826 2747 2746
f 2827 2828 2748
f 2827 2748 2747
f 2828 2829 2749
f 2828 2749 2748
f 2829 2830 2750
f 2829 2750 2749
f 2830 2831 2751
f 2830 2751 2750
f 2831 2832 2752
f 2831 2752 2751
f 2832 2833 2753
f 2832 2753 2752
f 2833 2834 2754
f 2833 2754 2753
f 2834 2835 2755
f 2834 2755 2754
f 2835 2836 2756
f 2835 2756 2755
f 2836 2837 2757
f 2836 2757 2756
f 2837 2838 2758
f 2837 2758 2757
f 2838 2839 2759
f 2838 2759 2758
f 2839 2840 2760
f 2839 2760 2759
f 2840 2841 2761
f 2840 2761 2760
f 2841 2842 2762
f 2841 2762 2761
f 2842 2843 2763
f 2842 2763 2762
f 2843 2844 2764
f 2843 2764 2763
f 2844 2845 2765
f 2844 2765 2764
f 2845 2846 2766
f 2845 2766 2765
f 2846 2847 2767
f 2846 2767 2766
f 2847 2848 2768
f 2847 2768 2767
f 2848 2849 2769
f 2848 2769 2768
f 2849 2850 2770
f 2849 2770 2769
f 2850 2851 2771
f 2850 2771 2770
f 2851 2852 2772
f 2851 2772 2771
f 2852 2853 2773
f 2852 2773 2772
f 2853 2854 2774
f 2853 2774 2773
f 2854 2855 2775
f 2854 2775 2774
f 2855 2856 2776
f 2855 2776 2775
f 2856 2857 2777
f 2856 2777 2776
f 2857 2858 2778
f 2857 2778 2777
f 2858 2859 2779
f 2858 2779 2778
f 2859 2860 2780
f 2859 2780 2779
f 2860 2861 2781
f 2860 2781 2780
f 2861 2862 2782
f 2861 2782 2781
f 2862 2863 2783
f 2862 2783 2782
f 2863 2864 2784
f 2863 2784 2783
f 2864 2865 2785
f 2864 2785 2784
f 2865 2866 2786
f 2865 2786 2785
f 2866 2867 2787
f 2866 2787 2786
f 2867 2868 2788
f 2867 2788 2787
f 2868 2869 2789
f 2868 2789 2788
f 2869 2870 2790
f 2869 2790 2789
f 2870 2871 2791
f 2870 2791 2790
f 2871 2872 2792
f 2871 2792 2791
f 2872 2873 2793
f 2872 2793 2792
f 2873 2874 2794
f 2873 2794 2793
f 2874 2875 2795
f 2874 2795 2794
f 2875 2876 2796
f 2875 2796 2795
f 2876 2877 2797
f 2876 2797 2796
f 2877 2878 2798
f 2877 2798 2797
f 2878 2879 2799
f 2878 2799 2798
f 2879 2880 2800
f 2879 2800 2799
f 2880 2881 2801
f 2880 2801 2800
f 2881 2802 2722
f 2881 2722 2801
f 2882 2883 2803
f 2882 2803 2802
f 2883 2884 2804
f 2883 2804 2803
f 2884 2885 2805
f 2884 2805 2804
f 2885 2886 2806
f 2885 2806 2805
f 2886 2887 2807
f 2886 2807 2806
f 2887 2888 2808
f 2887 2808 2807
f 2888 2889 2809
f 2888 2809 2808
f 2889 2890 2810
f 2889 2810 2809
f 2890 2891 2811
f 2890 2811 2810
f 2891 2892 2812
f 2891 2812 2811
f 2892 2893 2813
f 2892 2813 2812
f 2893 2894 2814
f 2893 2814 2813
f 2894 2895 2815
f 2894 2815 2814
f 2895 2896 2816
f 2895 2816 2815
f 2896 2897 2817
f 2896 2817 2816
f 2897 2898 2818
f 2897 2818 2817
f 2898 2899 2819
f 2898 2819 2818
f 2899 2900 2820
f 2899 2820 2819
f 2900 2901 2821
f 2900 2821 2820
f 2901 2902 2822
f 2901 2822 2821
f 2902 2903 2823
f 2902 2823 2822
f 2903 2904 2824
f 2903 2824 2823
f 2904 2905 2825
f 2904 2825 2824
f 2905 2906 2826
f 2905 2826 2825
f 2906 2907 2827
f 2906 2827 2826
f 2907 2908 2828
f 2907 2828 2827
f 2908 2909 2829
f 2908 2829 2828
f 2909 2910 2830
f 2909 2830 2829
f 2910 2911 2831
f 2910 2831 2830
f 2911 2912 2832
f 2911 2832 2831
f 2912 2913 2833
f 2912 2833 2832
f 2913 2914 2834
f 2913 2834 2833
f 2914 2915 2835
f 2914 2835 2834
f 2915 2916 2836
f 2915 2836 2835
f 2916 2917 2837
f 2916 2837 2836
f 2917 2918 2838
f 2917 2838 2837
f 2918 2919 2839
f 2918 2839 2838
f 2919 2920 2840
f 2919 2840 2839
f 2920 2921 2841
f 2920 2841 2840
f 2921 2922 2842
f 2921 2842 2841
f 2922 2923 2843
f 2922 2843 2842
f 2923 2924 2844
f 2923 2844 2843
f 2924 2925 2845
f 2924 2845 2844
f 2925 2926 2846
f 2925 2846 2845
f 2926 2927 2847
f 2926 2847 2846
f 2927 2928 2848
f 2927 2848 2847
f 2928 2929 2849
f 2928 2849 2848
f 2929 2930 2850
f 2929 2850 2849
f 2930 2931 2851
f 2930 2851 2850
f 2931 2932 2852
f 2931 2852 2851
f 2932 2933 2853
f 2932 2853 2852
f 2933 2934 2854
f 2933 2854 2853
f 2934 2935 2855
f 2934 2855 2854
f 2935 2936 2856
f 2935 2856 2855
f 2936 2937 2857
f 2936 2857 2856
f 2937 2938 2858
f 2937 2858 2857
f 2938 2939 2859
f 2938 2859 2858
f 2939 2940 2860
f 2939 2860 2859
f 2940 2941 2861
f 2940 2861 2860
f 2941 2942 2862
f 2941 2862 2861
f 2942 2943 2863
f 2942 2863 2862
f 2943 2944 2864
f 2943 2864 2863
f 2944 2945 2865
f 2944 2865 2864
f 2945 2946 2866
f 2945 2866 2865
f 2946 2947 2867
f 2946 2867 2866
f 2947 2948 2868
f 2947 2868 2867
f 2948 2949 2869
f 2948 2869 2868
f 2949 2950 2870
f 2949 2870 2869
f 2950 2951 2871
f 2950 2871 2870
f 2951 2952 2872
f 2951 2872 2871
f 2952 2953 2873
f 2952 2873 2872
f 2953 2954 2874
f 2953 2874 2873
f 2954 2955 2875
f 2954 2875 2874
f 2955 2956 2876
f 2955 2876 2875
f 2956 2957 2877
f 2956 2877 2876
f 2957 2958 2878
f 2957 2878 2877
f 2958 2959 2879
f 2958 2879 2878
f 2959 2960 2880
f 2959 2880 2879
f 2960 2961 2881
f 2960 2881 2880
f 2961 2882 2802
f 2961 2802 2881
f 2962 2963 2883
f 2962 2883 2882
f 2963 2964 2884
f 2963 2884 2883
f 2964 2965 2885
f 2964 2885 2884
f 2965 2966 2886
f 2965 2886 2885
f 2966 2967 2887
f 2966 2887 2886
f 2967 2968 2888
f 2967 2888 2887
f 2968 2969 2889
f 2968 2889 2888
f 2969 2970 2890
f 2969 2890 2889
f 2970 2971 2891
f 2970 2891 2890
f 2971 2972 2892
f 2971 2892 2891
f 2972 2973 2893
f 2972 2893 2892
f 2973 2974 2894
f 2973 2894 2893
f 2974 2975 2895
f 2974 2895 2894
f 2975 2976 2896
f 2975 2896 2895
f 2976 2977 2897
f 2976 2897 2896
f 2977 2978 2898
f 2977 2898 2897
f 2978 2979 2899
f 2978 2899 2898
f 2979 2980 2900
f 2979 2900 2899
f 2980 2981 2901
f 2980 2901 2900
f 2981 2982 2902
f 2981 2902 2901
f 2982 2983 2903
f 2982 2903 2902
f 2983 2984 2904
f 2983 2904 2903
f 2984 2985 2905
f 2984 2905 2904
f 2985 2986 2906
f 2985 2906 2905
f 2986 2987 2907
f 2986 2907 2906
f 2987 2988 2908
f 2987 2908 2907
f 2988 2989 2909
f 2988 2909 2908
f 2989 2990 2910
f 2989 2910 2909
f 2990 2991 2911
f 2990 2911 2910
f 2991 2992 2912
f 2991 2912 2911
f 2992 2993 2913
f 2992 2913 2912
f 2993 2994 2914
f 2993 2914 2913
f 2994 2995 2915
f 2994 2915 2914
f 2995 2996 2916
f 2995 2916 2915
f 2996 2997 2917
f 2996 2917 2916
f 2997 2998 2918
f 2997 2918 2917
f 2998 2999 2919
f 2998 2919 2918
f 2999 3000 2920
f 2999 2920 2919
f 3000 3001 2921
f 3000 2921 2920
f 3001 3002 2922
f 3001 2922 2921
f 3002 3003 2923
f 3002 2923 2922
f 3003 3004 2924
f 3003 2924 2923
f 3004 3005 2925
f 3004 2925 2924
f 3005 3006 2926
f 3005 2926 2925
f 3006 3007 2927
f 3006 2927 2926
f 3007 3008 2928
f 3007 2928 2927
f 3008 3009 2929
f 3008 2929 2928
f 3009 3010 2930
f 3009 2930 2929
f 3010 3011 2931
f 3010 2931 2930
f 3011 3012 2932
f 3011 2932 2931
f 3012 3013 2933
f 3012 2933 2932
f 3013 3014 2934
f 3013 2934 2933
f 3014 3015 2935
f 3014 2935 2934
f 3015 3016 2936
f 3015 2936 2935
f 3016 3017 2937
f 3016 2937 2936
f 3017 3018 2938
f 3017 2938 2937
f 3018 3019 2939
f 3018 2939 2938
f 3019 3020 2940
f 3019 2940 2939
f 3020 3021 2941
f 3020 2941 2940
f 3021 3022 2942
f 3021 2942 2941
f 3022 3023 2943
f 3022 2943 2942
f 3023 3024 2944
f 3023 2944 2943
f 3024 3025 2945
f 3024 2945 2944
f 3025 3026 2946
f 3025 2946 2945
f 3026 3027 2947
f 3026 2947 2946
f 3027 3028 2948
f 3027 2948 2947
f 3028 3029 2949
f 3028 2949 2948
f 3029 3030 2950
f 3029 2950 2949
f 3030 3031 2951
f 3030 2951 2950
f 3031 3032 2952
f 3031 2952 2951
f 3032 3033 2953
f 3032 2953 2952
f 3033 3034 2954
f 3033 2954 2953
f 3034 3035 2955
f 3034 2955 2954
f 3035 3036 2956
f 3035 2956 2955
f 3036 3037 2957
f 3036 2957 2956
f 3037 3038 2958
f 3037 2958 2957
f 3038 3039 2959
f 3038 2959 2958
f 3039 3040 2960
f 3039 2960 2959
f 3040 3041 2961
f 3040 2961 2960
f 3041 2962 2882
f 3041 2882 2961
f 3042 3043 2963
f 3042 2963 2962
f 3043 3044 2964
f 3043 2964 2963
f 3044 3045 2965
f 3044 2965 2964
f 3045 3046 2966
f 3045 2966 2965
f 3046 3047 2967
f 3046 2967 2966
f 3047 3048 2968
f 3047 2968 2967
f 3048 3049 2969
f 3048 2969 2968
f 3049 3050 2970
f 3049 2970 2969
f 3050 3051 2971
f 3050 2971 2970
f 3051 3052 2972
f 3051 2972 2971
f 3052 3053 2973
f 3052 2973 2972
f 3053 3054 2974
f 3053 2974 2973
f 3054 3055 2975
f 3054 2975 2974
f 3055 3056 2976
f 3055 2976 2975
f 3056 3057 2977
f 3056 2977 2976
f 3057 3058 2978
f 3057 2978 2977
f 3058 3059 2979
f 3058 2979 2978
f 3059 3060 2980
f 3059 2980 2979
f 3060 3061 2981
f 3060 2981 2980
f 3061 3062 2982
f 3061 2982 2981
f 3062 3063 2983
f 3062 2983 2982
f 3063 3064 2984
f 3063 2984 2983
f 3064 3065 2985
f 3064 2985 2984
f 3065 3066 2986
f 3065 2986 2985
f 3066 3067 2987
f 3066 2987 2986
f 3067 3068 2988
f 3067 2988 2987
f 3068 3069 2989
f 3068 2989 2988
f 3069 3070 2990
f 3069 2990 2989
f 3070 3071 2991
f 3070 2991 2990
f 3071 3072 2992
f 3071 2992 2991
f 3072 3073 2993
f 3072 2993 2992
f 3073 3074 2994
f 3073 2994 2993
f 3074 3075 2995
f 3074 2995 2994
f 3075 3076 2996
f 3075 2996 2995
f 3076 3077 2997
f 3076 2997 2996
f 3077 3078 2998
f 3077 2998 2997
f 3078 3079 2999
f 3078 2999 2998
f 3079 3080 3000
f 3079 3000 2999
f 3080 3081 3001
f 3080 3001 3000
f 3081 3082 3002
f 3081 3002 3001
f 3082 3083 3003
f 3082 3003 3002
f 3083 3084 3004
f 3083 3004 3003
f 3084 3085 3005
f 3084 3005 3004
f 3085 3086 3006
f 3085 3006 3005
f 3086 3087 3007
f 3086 3007 3006
f 3087 3088 3008
f 3087 3008 3007
f 3088 3089 3009
f 3088 3009 3008
f 3089 3090 3010
f 3089 3010 3009
f 3090 3091 3011
f 3090 3011 3010
f 3091 3092 3012
f 3091 3012 3011
f 3092 3093 3013
f 3092 3013 3012
f 3093 3094 3014
f 3093 3014 3013
f 3094 3095 3015
f 3094 3015 3014
f 3095 3096 3016
f 3095 3016 3015
f 3096 3097 3017
f 3096 3017 3016
f 3097 3098 3018
f 3097 3018 3017
f 3098 3099 3019
f 3098 3019 3018
f 3099 3100 3020
f 3099 3020 3019
f 3100 3101 3021
f 3100 3021 3020
f 3101 3102 3022
f 3101 3022 3021
f 3102 3103 3023
f 3102 3023 3022
f 3103 3104 3024
f 3103 3024 3023
f 3104 3105 3025
f 3104 3025 3024
f 3105 3106 3026
f 3105 3026 3025
f 3106 3107 3027
f 3106 3027 3026
f 3107 3108 3028
f 3107 3028 3027
f 3108 3109 3029
f 3108 3029 3028
f 3109 3110 3030
f 3109 3030 3029
f 3110 3111 3031
f 3110 3031 3030
f 3111 3112 3032
f 3111 3032 3031
f 3112 3113 3033
f 3112 3033 3032
f 3113 3114 3034
f 3113 3034 3033
f 3114 3115 3035
f 3114 3035 3034
f 3115 3116 3036
f 3115 3036 3035
f 3116 3117 3037
f 3116 3037 3036
f 3117 3118 3038
f 3117 3038 3037
f 3118 3119 3039
f 3118 3039 3038
f 3119 3120 3040
f 3119 3040 3039
f 3120 3121 3041
f 3120 3041 3040
f 3121 3042 2962
f 3121 2962 3041
f 3122 3123 3043
f 3122 3043 3042
f 3123 3124 3044
f 3123 3044 3043
f 3124 3125 3045
f 3124 3045 3044
f 3125 3126 3046
f 3125 3046 3045
f 3126 3127 3047
f 3126 3047 3046
f 3127 3128 3048
f 3127 3048 3047
f 3128 3129 3049
f 3128 3049 3048
f 3129 3130 3050
f 3129 3050 3049
f 3130 3131 3051
f 3130 3051 3050
f 3131 3132 3052
f 3131 3052 3051
f 3132 3133 3053
f 3132 3053 3052
f 3133 3134 3054
f 3133 3054 3053
f 3134 3135 3055
f 3134 3055 3054
f 3135 3136 3056
f 3135 3056 3055
f 3136 3137 3057
f 3136 3057 3056
f 3137 3138 3058
f 3137 3058 3057
f 3138 3139 3059
f 3138 3059 3058
f 3139 3140 3060
f 3139 3060 3059
f 3140 3141 3061
f 3140 3061 3060
f 3141 3142 3062
f 3141 3062 3061
f 3142 3143 3063
f 3142 3063 3062
f 3143 3144 3064
f 3143 3064 3063
f 3144 3145 3065
f 3144 3065 3064
f 3145 3146 3066
f 3145 3066 3065
f 3146 3147 3067
f 3146 3067 3066
f 3147 3148 3068
f 3147 3068 3067
f 3148 3149 3069
f 3148 3069 3068
f 3149 3150 3070
f 3149 3070 3069
f 3150 3151 3071
f 3150 3071 3070
f 3151 3152 3072
f 3151 3072 3071
f 3152 3153 3073
f 3152 3073 3072
f 3153 3154 3074
f 3153 3074 3073
f 3154 3155 3075
f 3154 3075 3074
f 3155 3156 3076
f 3155 3076 3075
f 3156 3157 3077
f 3156 3077 3076
f 3157 3158 3078
f 3157 3078 3077
f 3158 3159 3079
f 3158 3079 3078
f 3159 3160 3080
f 3159 3080 3079
f 3160 3161 3081
f 3160 3081 3080
f 3161 3162 3082
f 3161 3082 3081
f 3162 3163 3083
f 3162 3083 3082
f 3163 3164 3084
f 3163 3084 3083
f 3164 3165 3085
f 3164 3085 3084
f 3165 3166 3086
f 3165 3086 3085
f 3166 3167 3087
f 3166 3087 3086
f 3167 3168 3088
f 3167 3088 3087
f 3168 3169 3089
f 3168 3089 3088
f 3169 3170 3090
f 3169 3090 3089
f 3170 3171 3091
f 3170 3091 3090
f 3171 3172 3092
f 3171 3092 3091
f 3172 3173 3093
f 3172 3093 3092
f 3173 3174 3094
f 3173 3094 3093
f 3174 3175 3095
f 3174 3095 3094
f 3175 3176 3096
f 3175 3096 3095
f 3176 3177 3097
f 3176 3097 3096
f 3177 3178 3098
f 3177 3098 3097
f 3178 3179 3099
f 3178 3099 3098
f 3179 3180 3100
f 3179 3100 3099
f 3180 3181 3101
f 3180 3101 3100
f 3181 3182 3102
f 3181 3102 3101
f 3182 3183 3103
f 3182 3103 3102
f 3183 3184 3104
f 3183 3104 3103
f 3184 3185 3105
f 3184 3105 3104
f 3185 3186 3106
f 3185 3106 3105
f 3186 3187 3107
f 3186 3107 3106
f 3187 3188 3108
f 3187 3108 3107
f 3188 3189 3109
f 3188 3109 3108
f 3189 3190 3110
f 3189 3110 3109
f 3190 3191 3111
f 3190 3111 3110
f 3191 3192 3112
f 3191 3112 3111
f 3192 3193 3113
f 3192 3113 3112
f 3193 3194 3114
f 3193 3114 3113
f 3194 3195 3115
f 3194 3115 3114
f 3195 3196 3116
f 3195 3116 3115
f 3196 3197 3117
f 3196 3117 3116
f 3197 3198 3118
f 3197 3118 3117
f 3198 3199 3119
f 3198 3119 3118
f 3199 3200 3120
f 3199 3120 3119
f 3200 3201 3121
f 3200 3121 3120
f 3201 3122 3042
f 3201 3042 3121
f 3202 3203 3123
f 3202 3123 3122
f 3203 3204 3124
f 3203 3124 3123
f 3204 3205 3125
f 3204 3125 3124
f 3205 3206 3126
f 3205 3126 3125
f 3206 3207 3127
f 3206 3127 3126
f 3207 3208 3128
f 3207 3128 3127
f 3208 3209 3129
f 3208 3129 3128
f 3209 3210 3130
f 3209 3130 3129
f 3210 3211 3131
f 3210 3131 3130
f 3211 3212 3132
f 3211 3132 3131
f 3212 3213 3133
f 3212 3133 3132
f 3213 3214 3134
f 3213 3134 3133
f 3214 3215 3135
f 3214 3135 3134
f 3215 3216 3136
f 3215 3136 3135
f 3216 3217 3137
f 3216 3137 3136
f 3217 3218 3138
f 3217 3138 3137
f 3218 3219 3139
f 3218 3139 3138
f 3219 3220 3140
f 3219 3140 3139
f 3220 3221 3141
f 3220 3141 3140
f 3221 3222 3142
f 3221 3142 3141
f 3222 3223 3143
f 3222 3143 3142
f 3223 3224 3144
f 3223 3144 3143
f 3224 3225 3145
f 3224 3145 3144
f 3225 3226 3146
f 3225 3146 3145
f 3226 3227 3147
f 3226 3147 3146
f 3227 3228 3148
f 3227 3148 3147
f 3228 3229 3149
f 3228 3149 3148
f 3229 3230 3150
f 3229 3150 3149
f 3230 3231 3151
f 3230 3151 3150
f 3231 3232 3152
f 3231 3152 3151
f 3232 3233 3153
f 3232 3153 3152
f 3233 3234 3154
f 3233 3154 3153
f 3234 3235 3155
f 3234 3155 3154
f 3235 3236 3156
f 3235 3156 3155
f 3236 3237 3157
f 3236 3157 3156
f 3237 3238 3158
f 3237 3158 3157
f 3238 3239 3159
f 3238 3159 3158
f 3239 3240 3160
f 3239 3160 3159
f 3240 3241 3161
f 3240 3161 3160
f 3241 3242 3162
f 3241 3162 3161
f 3242 3243 3163
f 3242 3163 3162
f 3243 3244 3164
f 3243 3164 3163
f 3244 3245 3165
f 3244 3165 3164
f 3245 3246 3166
f 3245 3166 3165
f 3246 3247 3167
f 3246 3167 3166
f 3247 3248 3168
f 3247 3168 3167
f 3248 3249 3169
f 3248 3169 3168
f 3249 3250 3170
f 3249 3170 3169
f 3250 3251 3171
f 3250 3171 3170
f 3251 3252 3172
f 3251 3172 3171
f 3252 3253 3173
f 3252 3173 3172
f 3253 3254 3174
f 3253 3174 3173
f 3254 3255 3175
f 3254 3175 3174
f 3255 3256 3176
f 3255 3176 3175
f 3256 3257 3177
f 3256 3177 3176
f 3257 3258 3178
f 3257 3178 3177
f 3258 3259 3179
f 3258 3179 3178
f 3259 3260 3180
f 3259 3180 3179
f 3260 3261 3181
f 3260 3181 3180
f 3261 3262 3182
f 3261 3182 3181
f 3262 3263 3183
f 3262 3183 3182
f 3263 3264 3184
f 3263 3184 3183
f 3264 3265 3185
f 3264 3185 3184
f 3265 3266 3186
f 3265 3186 3185
f 3266 3267 3187
f 3266 3187 3186
f 3267 3268 3188
f 3267 3188 3187
f 3268 3269 3189
f 3268 3189 3188
f 3269 3270 3190
f 3269 3190 3189
f 3270 3271 3191
f 3270 3191 3190
f 3271 3272 3192
f 3271 3192 3191
f 3272 3273 3193
f 3272 3193 3192
f 3273 3274 3194
f 3273 3194 3193
f 3274 3275 3195
f 3274 3195 3194
f 3275 3276 3196
f 3275 3196 3195
f 3276 3277 3197
f 3276 3197 3196
f 3277 3278 3198
f 3277 3198 3197
f 3278 3279 3199
f 3278 3199 3198
f 3279 3280 3200
f 3279 3200 3199
f 3280 3281 3201
f 3280 3201 3200
f 3281 3202 3122
f 3281 3122 3201
f 3282 3283 3203
f 3282 3203 3202
f 3283 3284 3204
f 3283 3204 3203
f 3284 3285 3205
f 3284 3205 3204
f 3285 3286 3206
f 3285 3206 3205
f 3286 3287 3207
f 3286 3207 3206
f 3287 3288 3208
f 3287 3208 3207
f 3288 3289 3209
f 3288 3209 3208
f 3289 3290 3210
f 3289 3210 3209
f 3290 3291 3211
f 3290 3211 3210
f 3291 3292 3212
f 3291 3212 3211
f 3292 3293 3213
f 3292 3213 3212
f 3293 3294 3214
f 3293 3214 3213
f 3294 3295 3215
f 3294 3215 3214
f 3295 3296 3216
f 3295 3216 3215
f 3296 3297 3217
f 3296 3217 3216
f 3297 3298 3218
f 3297 3218 3217
f 3298 3299 3219
f 3298 3219 3218
f 3299 3300 3220
f 3299 3220 3219
f 3300 3301 3221
f 3300 3221 3220
f 3301 3302 3222
f 3301 3222 3221
f 3302 3303 3223
f 3302 3223 3222
f 3303 3304 3224
f 3303 3224 3223
f 3304 3305 3225
f 3304 3225 3224
f 3305 3306 3226
f 3305 3226 3225
f 3306 3307 3227
f 3306 3227 3226
f 3307 3308 3228
f 3307 3228 3227
f 3308 3309 3229
f 3308 3229 3228
f 3309 3310 3230
f 3309 3230 3229
f 3310 3311 3231
f 3310 3231 3230
f 3311 3312 3232
f 3311 3232 3231
f 3312 3313 3233
f 3312 3233 3232
f 3313 3314 3234
f 3313 3234 3233
f 3314 3315 3235
f 3314 3235 3234
f 3315 3316 3236
f 3315 3236 3235
f 3316 3317 3237
f 3316 3237 3236
f 3317 3318 3238
f 3317 3238 3237
f 3318 3319 3239
f 3318 3239 3238
f 3319 3320 3240
f 3319 3240 3239
f 3320 3321 3241
f 3320 3241 3240
f 3321 3322 3242
f 3321 3242 3241
f 3322 3323 3243
f 3322 3243 3242
f 3323 3324 3244
f 3323 3244 3243
f 3324 3325 3245
f 3324 3245 3244
f 3325 3326 3246
f 3325 3246 3245
f 3326 3327 3247
f 3326 3247 3246
f 3327 3328 3248
f 3327 3248 3247
f 3328 3329 3249
f 3328 3249 3248
f 3329 3330 3250
f 3329 3250 3249
f 3330 3331 3251
f 3330 3251 3250
f 3331 3332 3252
f 3331 3252 3251
f 3332 3333 3253
f 3332 3253 3252
f 3333 3334 3254
f 3333 3254 3253
f 3334 3335 3255
f 3334 3255 3254
f 3335 3336 3256
f 3335 3256 3255
f 3336 3337 3257
f 3336 3257 3256
f 3337 3338 3258
f 3337 3258 3257
f 3338 3339 3259
f 3338 3259 3258
f 3339 3340 3260
f 3339 3260 3259
f 3340 3341 3261
f 3340 3261 3260
f 3341 3342 3262
f 3341 3262 3261
f 3342 3343 3263
f 3342 3263 3262
f 3343 3344 3264
f 3343 3264 3263
f 3344 3345 3265
f 3344 3265 3264
f 3345 3346 3266
f 3345 3266 3265
f 3346 3347 3267
f 3346 3267 3266
f 3347 3348 3268
f 3347 3268 3267
f 3348 3349 3269
f 3348 3269 3268
f 3349 3350 3270
f 3349 3270 3269
f 3350 3351 3271
f 3350 3271 3270
f 3351 3352 3272
f 3351 3272 3271
f 3352 3353 3273
f 3352 3273 3272
f 3353 3354 3274
f 3353 3274 3273
f 3354 3355 3275
f 3354 3275 3274
f 3355 3356 3276
f 3355 3276 3275
f 3356 3357 3277
f 3356 3277 3276
f 3357 3358 3278
f 3357 3278 3277
f 3358 3359 3279
f 3358 3279 3278
f 3359 3360 3280
f 3359 3280 3279
f 3360 3361 3281
f 3360 3281 3280
f 3361 3282 3202
f 3361 3202 3281
f 3362 3363 3283
f 3362 3283 3282
f 3363 3364 3284
f 3363 3284 3283
f 3364 3365 3285
f 3364 3285 3284
f 3365 3366 3286
f 3365 3286 3285
f 3366 3367 3287
f 3366 3287 3286
f 3367 3368 3288
f 3367 3288 3287
f 3368 3369 3289
f 3368 3289 3288
f 3369 3370 3290
f 3369 3290 3289
f 3370 3371 3291
f 3370 3291 3290
f 3371 3372 3292
f 3371 3292 3291
f 3372 3373 3293
f 3372 3293 3292
f 3373 3374 3294
f 3373 3294 3293
f 3374 3375 3295
f 3374 3295 3294
f 3375 3376 3296
f 3375 3296 3295
f 3376 3377 3297
f 3376 3297 3296
f 3377 3378 3298
f 3377 3298 3297
f 3378 3379 3299
f 3378 3299 3298
f 3379 3380 3300
f 3379 3300 3299
f 3380 3381 3301
f 3380 3301 3300
f 3381 3382 3302
f 3381 3302 3301
f 3382 3383 3303
f 3382 3303 3302
f 3383 3384 3304
f 3383 3304 3303
f 3384 3385 3305
f 3384 3305 3304
f 3385 3386 3306
f 3385 3306 3305
f 3386 3387 3307
f 3386 3307 3306
f 3387 3388 3308
f 3387 3308 3307
f 3388 3389 3309
f 3388 3309 3308
f 3389 3390 3310
f 3389 3310 3309
f 3390 3391 3311
f 3390 3311 3310
f 3391 3392 3312
f 3391 3312 3311
f 3392 3393 3313
f 3392 3313 3312
f 3393 3394 3314
f 3393 3314 3313
f 3394 3395 3315
f 3394 3315 3314
f 3395 3396 3316
f 3395 3316 3315
f 3396 3397 3317
f 3396 3317 3316
f 3397 3398 3318
f 3397 3318 3317
f 3398 3399 3319
f 3398 3319 3318
f 3399 3400 3320
f 3399 3320 3319
f 3400 3401 3321
f 3400 3321 3320
f 3401 3402 3322
f 3401 3322 3321
f 3402 3403 3323
f 3402 3323 3322
f 3403 3404 3324
f 3403 3324 3323
f 3404 3405 3325
f 3404 3325 3324
f 3405 3406 3326
f 3405 3326 3325
f 3406 3407 3327
f 3406 3327 3326
f 3407 3408 3328
f 3407 3328 3327
f 3408 3409 3329
f 3408 3329 3328
f 3409 3410 3330
f 3409 3330 3329
f 3410 3411 3331
f 3410 3331 3330
f 3411 3412 3332
f 3411 3332 3331
f 3412 3413 3333
f 3412 3333 3332
f 3413 3414 3334
f 3413 3334 3333
f 3414 3415 3335
f 3414 3335 3334
f 3415 3416 3336
f 3415 3336 3335
f 3416 3417 3337
f 3416 3337 3336
f 3417 3418 3338
f 3417 3338 3337
f 3418 3419 3339
f 3418 3339 3338
f 3419 3420 3340
f 3419 3340 3339
f 3420 3421 3341
f 3420 3341 3340
f 3421 3422 3342
f 3421 3342 3341
f 3422 3423 3343
f 3422 3343 3342
f 3423 3424 3344
f 3423 3344 3343
f 3424 3425 3345
f 3424 3345 3344
f 3425 3426 3346
f 3425 3346 3345
f 3426 3427 3347
f 3426 3347 3346
f 3427 3428 3348
f 3427 3348 3347
f 3428 3429 3349
f 3428 3349 3348
f 3429 3430 3350
f 3429 3350 3349
f 3430 3431 3351
f 3430 3351 3350
f 3431 3432 3352
f 3431 3352 3351
f 3432 3433 3353
f 3432 3353 3352
f 3433 3434 3354
f 3433 3354 3353
f 3434 3435 3355
f 3434 3355 3354
f 3435 3436 3356
f 3435 3356 3355
f 3436 3437 3357
f 3436 3357 3356
f 3437 3438 3358
f 3437 3358 3357
f 3438 3439 3359
f 3438 3359 3358
f 3439 3440 3360
f 3439 3360 3359
f 3440 3441 3361
f 3440 3361 3360
f 3441 3362 3282
f 3441 3282 3361
f 3442 3443 3363
f 3442 3363 3362
f 3443 3444 3364
f 3443 3364 3363
f 3444 3445 3365
f 3444 3365 3364
f 3445 3446 3366
f 3445 3366 3365
f 3446 3447 3367
f 3446 3367 3366
f 3447 3448 3368
f 3447 3368 3367
f 3448 3449 3369
f 3448 3369 3368
f 3449 3450 3370
f 3449 3370 3369
f 3450 3451 3371
f 3450 3371 3370
f 3451 3452 3372
f 3451 3372 3371
f 3452 3453 3373
f 3452 3373 3372
f 3453 3454 3374
f 3453 3374 3373
f 3454 3455 3375
f 3454 3375 3374
f 3455 3456 3376
f 3455 3376 3375
f 3456 3457 3377
f 3456 3377 3376
f 3457 3458 3378
f 3457 3378 3377
f 3458 3459 3379
f 3458 3379 3378
f 3459 3460 3380
f 3459 3380 3379
f 3460 3461 3381
f 3460 3381 3380
f 3461 3462 3382
f 3461 3382 3381
f 3462 3463 3383
f 3462 3383 3382
f 3463 3464 3384
f 3463 3384 3383
f 3464 3465 3385
f 3464 3385 3384
f 3465 3466 3386
f 3465 3386 3385
f 3466 3467 3387
f 3466 3387 3386
f 3467 3468 3388
f 3467 3388 3387
f 3468 3469 3389
f 3468 3389 3388
f 3469 3470 3390
f 3469 3390 3389
f 3470 3471 3391
f 3470 3391 3390
f 3471 3472 3392
f 3471 3392 3391
f 3472 3473 3393
f 3472 3393 3392
f 3473 3474 3394
f 3473 3394 3393
f 3474 3475 3395
f 3474 3395 3394
f 3475 3476 3396
f 3475 3396 3395
f 3476 3477 3397
f 3476 3397 3396
f 3477 3478 3398
f 3477 3398 3397
f 3478 3479 3399
f 3478 3399 3398
f 3479 3480 3400
f 3479 3400 3399
f 3480 3481 3401
f 3480 3401 3400
f 3481 3482 3402
f 3481 3402 3401
f 3482 3483 3403
f 3482 3403 3402
f 3483 3484 3404
f 3483 3404 3403
f 3484 3485 3405
f 3484 3405 3404
f 3485 3486 3406
f 3485 3406 3405
f 3486 3487 3407
f 3486 3407 3406
f 3487 3488 3408
f 3487 3408 3407
f 3488 3489 3409
f 3488 3409 3408
f 3489 3490 3410
f 3489 3410 3409
f 3490 3491 3411
f 3490 3411 3410
f 3491 3492 3412
f 3491 3412 3411
f 3492 3493 3413
f 3492 3413 3412
f 3493 3494 3414
f 3493 3414 3413
f 3494 3495 3415
f 3494 3415 3414
f 3495 3496 3416
f 3495 3416 3415
f 3496 3497 3417
f 3496 3417 3416
f 3497 3498 3418
f 3497 3418 3417
f 3498 3499 3419
f 3498 3419 3418
f 3499 3500 3420
f 3499 3420 3419
f 3500 3501 3421
f 3500 3421 3420
f 3501 3502 3422
f 3501 3422 3421
f 3502 3503 3423
f 3502 3423 3422
f 3503 3504 3424
f 3503 3424 3423
f 3504 3505 3425
f 3504 3425 3424
f 3505 3506 3426
f 3505 3426 3425
f 3506 3507 3427
f 3506 3427 3426
f 3507 3508 3428
f 3507 3428 3427
f 3508 3509 3429
f 3508 3429 3428
f 3509 3510 3430
f 3509 3430 3429
f 3510 3511 3431
f 3510 3431 3430
f 3511 3512 3432
f 3511 3432 3431
f 3512 3513 3433
f 3512 3433 3432
f 3513 3514 3434
f 3513 3434 3433
f 3514 3515 3435
f 3514 3435 3434
f 3515 3516 3436
f 3515 3436 3435
f 3516 3517 3437
f 3516 3437 3436
f 3517 3518 3438
f 3517 3438 3437
f 3518 3519 3439
f 3518 3439 3438
f 3519 3520 3440
f 3519 3440 3439
f 3520 3521 3441
f 3520 3441 3440
f 3521 3442 3362
f 3521 3362 3441
f 3522 3523 3443
f 3522 3443 3442
f 3523 3524 3444
f 3523 3444 3443
f 3524 3525 3445
f 3524 3445 3444
f 3525 3526 3446
f 3525 3446 3445
f 3526 3527 3447
f 3526 3447 3446
f 3527 3528 3448
f 3527 3448 3447
f 3528 3529 3449
f 3528 3449 3448
f 3529 3530 3450
f 3529 3450 3449
f 3530 3531 3451
f 3530 3451 3450
f 3531 3532 3452
f 3531 3452 3451
f 3532 3533 3453
f 3532 3453 3452
f 3533 3534 3454
f 3533 3454 3453
f 3534 3535 3455
f 3534 3455 3454
f 3535 3536 3456
f 3535 3456 3455
f 3536 3537 3457
f 3536 3457 3456
f 3537 3538 3458
f 3537 3458 3457
f 3538 3539 3459
f 3538 3459 3458
f 3539 3540 3460
f 3539 3460 3459
f 3540 3541 3461
f 3540 3461 3460
f 3541 3542 3462
f 3541 3462 3461
f 3542 3543 3463
f 3542 3463 3462
f 3543 3544 3464
f 3543 3464 3463
f 3544 3545 3465
f 3544 3465 3464
f 3545 3546 3466
f 3545 3466 3465
f 3546 3547 3467
f 3546 3467 3466
f 3547 3548 3468
f 3547 3468 3467
f 3548 3549 3469
f 3548 3469 3468
f 3549 3550 3470
f 3549 3470 3469
f 3550 3551 3471
f 3550 3471 3470
f 3551 3552 3472
f 3551 3472 3471
f 3552 3553 3473
f 3552 3473 3472
f 3553 3554 3474
f 3553 3474 3473
f 3554 3555 3475
f 3554 3475 3474
f 3555 3556 3476
f 3555 3476 3475
f 3556 3557 3477
f 3556 3477 3476
f 3557 3558 3478
f 3557 3478 3477
f 3558 3559 3479
f 3558 3479 3478
f 3559 3560 3480
f 3559 3480 3479
f 3560 3561 3481
f 3560 3481 3480
f 3561 3562 3482
f 3561 3482 3481
f 3562 3563 3483
f 3562 3483 3482
f 3563 3564 3484
f 3563 3484 3483
f 3564 3565 3485
f 3564 3485 3484
f 3565 3566 3486
f 3565 3486 3485
f 3566 3567 3487
f 3566 3487 3486
f 3567 3568 3488
f 3567 3488 3487
f 3568 3569 3489
f 3568 3489 3488
f 3569 3570 3490
f 3569 3490 3489
f 3570 3571 3491
f 3570 3491 3490
f 3571 3572 3492
f 3571 3492 3491
f 3572 3573 3493
f 3572 3493 3492
f 3573 3574 3494
f 3573 3494 3493
f 3574 3575 3495
f 3574 3495 3494
f 3575 3576 3496
f 3575 3496 3495
f 3576 3577 3497
f 3576 3497 3496
f 3577 3578 3498
f 3577 3498 3497
f 3578 3579 3499
f 3578 3499 3498
f 3579 3580 3500
f 3579 3500 3499
f 3580 3581 3501
f 3580 3501 3500
f 3581 3582 3502
f 3581 3502 3501
f 3582 3583 3503
f 3582 3503 3502
f 3583 3584 3504
f 3583 3504 3503
f 3584 3585 3505
f 3584 3505 3504
f 3585 3586 3506
f 3585 3506 3505
f 3586 3587 3507
f 3586 3507 3506
f 3587 3588 3508
f 3587 3508 3507
f 3588 3589 3509
f 3588 3509 3508
f 3589 3590 3510
f 3589 3510 3509
f 3590 3591 3511
f 3590 3511 3510
f 3591 3592 3512
f 3591 3512 3511
f 3592 3593 3513
f 3592 3513 3512
f 3593 3594 3514
f 3593 3514 3513
f 3594 3595 3515
f 3594 3515 3514
f 3595 3596 3516
f 3595 3516 3515
f 3596 3597 3517
f 3596 3517 3516
f 3597 3598 3518
f 3597 3518 3517
f 3598 3599 3519
f 3598 3519 3518
f 3599 3600 3520
f 3599 3520 3519
f 3600 3601 3521
f 3600 3521 3520
f 3601 3522 3442
f 3601 3442 3521
f 3602 3603 3523
f 3602 3523 3522
f 3603 3604 3524
f 3603 3524 3523
f 3604 3605 3525
f 3604 3525 3524
f 3605 3606 3526
f 3605 3526 3525
f 3606 3607 3527
f 3606 3527 3526
f 3607 3608 3528
f 3607 3528 3527
f 3608 3609 3529
f 3608 3529 3528
f 3609 3610 3530
f 3609 3530 3529
f 3610 3611 3531
f 3610 3531 3530
f 3611 3612 3532
f 3611 3532 3531
f 3612 3613 3533
f 3612 3533 3532
f 3613 3614 3534
f 3613 3534 3533
f 3614 3615 3535
f 3614 3535 3534
f 3615 3616 3536
f 3615 3536 3535
f 3616 3617 3537
f 3616 3537 3536
f 3617 3618 3538
f 3617 3538 3537
f 3618 3619 3539
f 3618 3539 3538
f 3619 3620 3540
f 3619 3540 3539
f 3620 3621 3541
f 3620 3541 3540
f 3621 3622 3542
f 3621 3542 3541
f 3622 3623 3543
f 3622 3543 3542
f 3623 3624 3544
f 3623 3544 3543
f 3624 3625 3545
f 3624 3545 3544
f 3625 3626 3546
f 3625 3546 3545
f 3626 3627 3547
f 3626 3547 3546
f 3627 3628 3548
f 3627 3548 3547
f 3628 3629 3549
f 3628 3549 3548
f 3629 3630 3550
f 3629 3550 3549
f 3630 3631 3551
f 3630 3551 3550
f 3631 3632 3552
f 3631 3552 3551
f 3632 3633 3553
f 3632 3553 3552
f 3633 3634 3554
f 3633 3554 3553
f 3634 3635 3555
f 3634 3555 3554
f 3635 3636 3556
f 3635 3556 3555
f 3636 3637 3557
f 3636 3557 3556
f 3637 3638 3558
f 3637 3558 3557
f 3638 3639 3559
f 3638 3559 3558
f 3639 3640 3560
f 3639 3560 3559
f 3640 3641 3561
f 3640 3561 3560
f 3641 3642 3562
f 3641 3562 3561
f 3642 3643 3563
f 3642 3563 3562
f 3643 3644 3564
f 3643 3564 3563
f 3644 3645 3565
f 3644 3565 3564
f 3645 3646 3566
f 3645 3566 3565
f 3646 3647 3567
f 3646 3567 3566
f 3647 3648 3568
f 3647 3568 3567
f 3648 3649 3569
f 3648 3569 3568
f 3649 3650 3570
f 3649 3570 3569
f 3650 3651 3571
f 3650 3571 3570
f 3651 3652 3572
f 3651 3572 3571
f 3652 3653 3573
f 3652 3573 3572
f 3653 3654 3574
f 3653 3574 3573
f 3654 3655 3575
f 3654 3575 3574
f 3655 3656 3576
f 3655 3576 3575
f 3656 3657 3577
f 3656 3577 3576
f 3657 3658 3578
f 3657 3578 3577
f 3658 3659 3579
f 3658 3579 3578
f 3659 3660 3580
f 3659 3580 3579
f 3660 3661 3581
f 3660 3581 3580
f 3661 3662 3582
f 3661 3582 3581
f 3662 3663 3583
f 3662 3583 3582
f 3663 3664 3584
f 3663 3584 3583
f 3664 3665 3585
f 3664 3585 3584
f 3665 3666 3586
f 3665 3586 3585
f 3666 3667 3587
f 3666 3587 3586
f 3667 3668 3588
f 3667 3588 3587
f 3668 3669 3589
f 3668 3589 3588
f 3669 3670 3590
f 3669 3590 3589
f 3670 3671 3591
f 3670 3591 3590
f 3671 3672 3592
f 3671 3592 3591
f 3672 3673 3593
f 3672 3593 3592
f 3673 3674 3594
f 3673 3594 3593
f 3674 3675 3595
f 3674 3595 3594
f 3675 3676 3596
f 3675 3596 3595
f 3676 3677 3597
f 3676 3597 3596
f 3677 3678 3598
f 3677 3598 3597
f 3678 3679 3599
f 3678 3599 3598
f 3679 3680 3600
f 3679 3600 3599
f 3680 3681 3601
f 3680 3601 3600
f 3681 3602 3522
f 3681 3522 3601
f 3682 3683 3603
f 3682 3603 3602
f 3683 3684 3604
f 3683 3604 3603
f 3684 3685 3605
f 3684 3605 3604
f 3685 3686 3606
f 3685 3606 3605
f 3686 3687 3607
f 3686 3607 3606
f 3687 3688 3608
f 3687 3608 3607
f 3688 3689 3609
f 3688 3609 3608
f 3689 3690 3610
f 3689 3610 3609
f 3690 3691 3611
f 3690 3611 3610
f 3691 3692 3612
f 3691 3612 3611
f 3692 3693 3613
f 3692 3613 3612
f 3693 3694 3614
f 3693 3614 3613
f 3694 3695 3615
f 3694 3615 3614
f 3695 3696 3616
f 3695 3616 3615
f 3696 3697 3617
f 3696 3617 3616
f 3697 3698 3618
f 3697 3618 3617
f 3698 3699 3619
f 3698 3619 3618
f 3699 3700 3620
f 3699 3620 3619
f 3700 3701 3621
f 3700 3621 3620
f 3701 3702 3622
f 3701 3622 3621
f 3702 3703 3623
f 3702 3623 3622
f 3703 3704 3624
f 3703 3624 3623
f 3704 3705 3625
f 3704 3625 3624
f 3705 3706 3626
f 3705 3626 3625
f 3706 3707 3627
f 3706 3627 3626
f 3707 3708 3628
f 3707 3628 3627
f 3708 3709 3629
f 3708 3629 3628
f 3709 3710 3630
f 3709 3630 3629
f 3710 3711 3631
f 3710 3631 3630
f 3711 3712 3632
f 3711 3632 3631
f 3712 3713 3633
f 3712 3633 3632
f 3713 3714 3634
f 3713 3634 3633
f 3714 3715 3635
f 3714 3635 3634
f 3715 3716 3636
f 3715 3636 3635
f 3716 3717 3637
f 3716 3637 3636
f 3717 3718 3638
f 3717 3638 3637
f 3718 3719 3639
f 3718 3639 3638
f 3719 3720 3640
f 3719 3640 3639
f 3720 3721 3641
f 3720 3641 3640
f 3721 3722 3642
f 3721 3642 3641
f 3722 3723 3643
f 3722 3643 3642
f 3723 3724 3644
f 3723 3644 3643
f 3724 3725 3645
f 3724 3645 3644
f 3725 3726 3646
f 3725 3646 3645
f 3726 3727 3647
f 3726 3647 3646
f 3727 3728 3648
f 3727 3648 3647
f 3728 3729 3649
f 3728 3649 3648
f 3729 3730 3650
f 3729 3650 3649
f 3730 3731 3651
f 3730 3651 3650
f 3731 3732 3652
f 3731 3652 3651
f 3732 3733 3653
f 3732 3653 3652
f 3733 3734 3654
f 3733 3654 3653
f 3734 3735 3655
f 3734 3655 3654
f 3735 3736 3656
f 3735 3656 3655
f 3736 3737 3657
f 3736 3657 3656
f 3737 3738 3658
f 3737 3658 3657
f 3738 3739 3659
f 3738 3659 3658
f 3739 3740 3660
f 3739 3660 3659
f 3740 3741 3661
f 3740 3661 3660
f 3741 3742 3662
f 3741 3662 3661
f 3742 3743 3663
f 3742 3663 3662
f 3743 3744 3664
f 3743 3664 3663
f 3744 3745 3665
f 3744 3665 3664
f 3745 3746 3666
f 3745 3666 3665
f 3746 3747 3667
f 3746 3667 3666
f 3747 3748 3668
f 3747 3668 3667
f 3748 3749 3669
f 3748 3669 3668
f 3749 3750 3670
f 3749 3670 3669
f 3750 3751 3671
f 3750 3671 3670
f 3751 3752 3672
f 3751 3672 3671
f 3752 3753 3673
f 3752 3673 3672
f 3753 3754 3674
f 3753 3674 3673
f 3754 3755 3675
f 3754 3675 3674
f 3755 3756 3676
f 3755 3676 3675
f 3756 3757 3677
f 3756 3677 3676
f 3757 3758 3678
f 3757 3678 3677
f 3758 3759 3679
f 3758 3679 3678
f 3759 3760 3680
f 3759 3680 3679
f 3760 3761 3681
f 3760 3681 3680
f 3761 3682 3602
f 3761 3602 3681
f 3762 3763 3683
f 3762 3683 3682
f 3763 3764 3684
f 3763 3684 3683
f 3764 3765 3685
f 3764 3685 3684
f 3765 3766 3686
f 3765 3686 3685
f 3766 3767 3687
f 3766 3687 3686
f 3767 3768 3688
f 3767 3688 3687
f 3768 3769 3689
f 3768 3689 3688
f 3769 3770 3690
f 3769 3690 3689
f 3770 3771 3691
f 3770 3691 3690
f 3771 3772 3692
f 3771 3692 3691
f 3772 3773 3693
f 3772 3693 3692
f 3773 3774 3694
f 3773 3694 3693
f 3774 3775 3695
f 3774 3695 3694
f 3775 3776 3696
f 3775 3696 3695
f 3776 3777 3697
f 3776 3697 3696
f 3777 3778 3698
f 3777 3698 3697
f 3778 3779 3699
f 3778 3699 3698
f 3779 3780 3700
f 3779 3700 3699
f 3780 3781 3701
f 3780 3701 3700
f 3781 3782 3702
f 3781 3702 3701
f 3782 3783 3703
f 3782 3703 3702
f 3783 3784 3704
f 3783 3704 3703
f 3784 3785 3705
f 3784 3705 3704
f 3785 3786 3706
f 3785 3706 3705
f 3786 3787 3707
f 3786 3707 3706
f 3787 3788 3708
f 3787 3708 3707
f 3788 3789 3709
f 3788 3709 3708
f 3789 3790 3710
f 3789 3710 3709
f 3790 3791 3711
f 3790 3711 3710
f 3791 3792 3712
f 3791 3712 3711
f 3792 3793 3713
f 3792 3713 3712
f 3793 3794 3714
f 3793 3714 3713
f 3794 3795 3715
f 3794 3715 3714
f 3795 3796 3716
f 3795 3716 3715
f 3796 3797 3717
f 3796 3717 3716
f 3797 3798 3718
f 3797 3718 3717
f 3798 3799 3719
f 3798 3719 3718
f 3799 3800 3720
f 3799 3720 3719
f 3800 3801 3721
f 3800 3721 3720
f 3801 3802 3722
f 3801 3722 3721
f 3802 3803 3723
f 3802 3723 3722
f 3803 3804 3724
f 3803 3724 3723
f 3804 3805 3725
f 3804 3725 3724
f 3805 3806 3726
f 3805 3726 3725
f 3806 3807 3727
f 3806 3727 3726
f 3807 3808 3728
f 3807 3728 3727
f 3808 3809 3729
f 3808 3729 3728
f 3809 3810 3730
f 3809 3730 3729
f 3810 3811 3731
f 3810 3731 3730
f 3811 3812 3732
f 3811 3732 3731
f 3812 3813 3733
f 3812 3733 3732
f 3813 3814 3734
f 3813 3734 3733
f 3814 3815 3735
f 3814 3735 3734
f 3815 3816 3736
f 3815 3736 3735
f 3816 3817 3737
f 3816 3737 3736
f 3817 3818 3738
f 3817 3738 3737
f 3818 3819 3739
f 3818 3739 3738
f 3819 3820 3740
f 3819 3740 3739
f 3820 3821 3741
f 3820 3741 3740
f 3821 3822 3742
f 3821 3742 3741
f 3822 3823 3743
f 3822 3743 3742
f 3823 3824 3744
f 3823 3744 3743
f 3824 3825 3745
f 3824 3745 3744
f 3825 3826 3746
f 3825 3746 3745
f 3826 3827 3747
f 3826 3747 3746
f 3827 3828 3748
f 3827 3748 3747
f 3828 3829 3749
f 3828 3749 3748
f 3829 3830 3750
f 3829 3750 3749
f 3830 3831 3751
f 3830 3751 3750
f 3831 3832 3752
f 3831 3752 3751
f 3832 3833 3753
f 3832 3753 3752
f 3833 3834 3754
f 3833 3754 3753
f 3834 3835 3755
f 3834 3755 3754
f 3835 3836 3756
f 3835 3756 3755
f 3836 3837 3757
f 3836 3757 3756
f 3837 3838 3758
f 3837 3758 3757
f 3838 3839 3759
f 3838 3759 3758
f 3839 3840 3760
f 3839 3760 3759
f 3840 3841 3761
f 3840 3761 3760
f 3841 3762 3682
f 3841 3682 3761
f 3842 3843 3763
f 3842 3763 3762
f 3843 3844 3764
f 3843 3764 3763
f 3844 3845 3765
f 3844 3765 3764
f 3845 3846 3766
f 3845 3766 3765
f 3846 3847 3767
f 3846 3767 3766
f 3847 3848 3768
f 3847 3768 3767
f 3848 3849 3769
f 3848 3769 3768
f 3849 3850 3770
f 3849 3770 3769
f 3850 3851 3771
f 3850 3771 3770
f 3851 3852 3772
f 3851 3772 3771
f 3852 3853 3773
f 3852 3773 3772
f 3853 3854 3774
f 3853 3774 3773
f 3854 3855 3775
f 3854 3775 3774
f 3855 3856 3776
f 3855 3776 3775
f 3856 3857 3777
f 3856 3777 3776
f 3857 3858 3778
f 3857 3778 3777
f 3858 3859 3779
f 3858 3779 3778
f 3859 3860 3780
f 3859 3780 3779
f 3860 3861 3781
f 3860 3781 3780
f 3861 3862 3782
f 3861 3782 3781
f 3862 3863 3783
f 3862 3783 3782
f 3863 3864 3784
f 3863 3784 3783
f 3864 3865 3785
f 3864 3785 3784
f 3865 3866 3786
f 3865 3786 3785
f 3866 3867 3787
f 3866 3787 3786
f 3867 3868 3788
f 3867 3788 3787
f 3868 3869 3789
f 3868 3789 3788
f 3869 3870 3790
f 3869 3790 3789
f 3870 3871 3791
f 3870 3791 3790
f 3871 3872 3792
f 3871 3792 3791
f 3872 3873 3793
f 3872 3793 3792
f 3873 3874 3794
f 3873 3794 3793
f 3874 3875 3795
f 3874 3795 3794
f 3875 3876 3796
f 3875 3796 3795
f 3876 3877 3797
f 3876 3797 3796
f 3877 3878 3798
f 3877 3798 3797
f 3878 3879 3799
f 3878 3799 3798
f 3879 3880 3800
f 3879 3800 3799
f 3880 3881 3801
f 3880 3801 3800
f 3881 3882 3802
f 3881 3802 3801
f 3882 3883 3803
f 3882 3803 3802
f 3883 3884 3804
f 3883 3804 3803
f 3884 3885 3805
f 3884 3805 3804
f 3885 3886 3806
f 3885 3806 3805
f 3886 3887 3807
f 3886 3807 3806
f 3887 3888 3808
f 3887 3808 3807
f 3888 3889 3809
f 3888 3809 3808
f 3889 3890 3810
f 3889 3810 3809
f 3890 3891 3811
f 3890 3811 3810
f 3891 3892 3812
f 3891 3812 3811
f 3892 3893 3813
f 3892 3813 3812
f 3893 3894 3814
f 3893 3814 3813
f 3894 3895 3815
f 3894 3815 3814
f 3895 3896 3816
f 3895 3816 3815
f 3896 3897 3817
f 3896 3817 3816
f 3897 3898 3818
f 3897 3818 3817
f 3898 3899 3819
f 3898 3819 3818
f 3899 3900 3820
f 3899 3820 3819
f 3900 3901 3821
f 3900 3821 3820
f 3901 3902 3822
f 3901 3822 3821
f 3902 3903 3823
f 3902 3823 3822
f 3903 3904 3824
f 3903 3824 3823
f 3904 3905 3825
f 3904 3825 3824
f 3905 3906 3826
f 3905 3826 3825
f 3906 3907 3827
f 3906 3827 3826
f 3907 3908 3828
f 3907 3828 3827
f 3908 3909 3829
f 3908 3829 3828
f 3909 3910 3830
f 3909 3830 3829
f 3910 3911 3831
f 3910 3831 3830
f 3911 3912 3832
f 3911 3832 3831
f 3912 3913 3833
f 3912 3833 3832
f 3913 3914 3834
f 3913 3834 3833
f 3914 3915 3835
f 3914 3835 3834
f 3915 3916 3836
f 3915 3836 3835
f 3916 3917 3837
f 3916 3837 3836
f 3917 3918 3838
f 3917 3838 3837
f 3918 3919 3839
f 3918 3839 3838
f 3919 3920 3840
f 3919 3840 3839
f 3920 3921 3841
f 3920 3841 3840
f 3921 3842 3762
f 3921 3762 3841
f 3922 3923 3843
f 3922 3843 3842
f 3923 3924 3844
f 3923 3844 3843
f 3924 3925 3845
f 3924 3845 3844
f 3925 3926 3846
f 3925 3846 3845
f 3926 3927 3847
f 3926 3847 3846
f 3927 3928 3848
f 3927 3848 3847
f 3928 3929 3849
f 3928 3849 3848
f 3929 3930 3850
f 3929 3850 3849
f 3930 3931 3851
f 3930 3851 3850
f 3931 3932 3852
f 3931 3852 3851
f 3932 3933 3853
f 3932 3853 3852
f 3933 3934 3854
f 3933 3854 3853
f 3934 3935 3855
f 3934 3855 3854
f 3935 3936 3856
f 3935 3856 3855
f 3936 3937 3857
f 3936 3857 3856
f 3937 3938 3858
f 3937 3858 3857
f 3938 3939 3859
f 3938 3859 3858
f 3939 3940 3860
f 3939 3860 3859
f 3940 3941 3861
f 3940 3861 3860
f 3941 3942 3862
f 3941 3862 3861
f 3942 3943 3863
f 3942 3863 3862
f 3943 3944 3864
f 3943 3864 3863
f 3944 3945 3865
f 3944 3865 3864
f 3945 3946 3866
f 3945 3866 3865
f 3946 3947 3867
f 3946 3867 3866
f 3947 3948 3868
f 3947 3868 3867
f 3948 3949 3869
f 3948 3869 3868
f 3949 3950 3870
f 3949 3870 3869
f 3950 3951 3871
f 3950 3871 3870
f 3951 3952 3872
f 3951 3872 3871
f 3952 3953 3873
f 3952 3873 3872
f 3953 3954 3874
f 3953 3874 3873
f 3954 3955 3875
f 3954 3875 3874
f 3955 3956 3876
f 3955 3876 3875
f 3956 3957 3877
f 3956 3877 3876
f 3957 3958 3878
f 3957 3878 3877
f 3958 3959 3879
f 3958 3879 3878
f 3959 3960 3880
f 3959 3880 3879
f 3960 3961 3881
f 3960 3881 3880
f 3961 3962 3882
f 3961 3882 3881
f 3962 3963 3883
f 3962 3883 3882
f 3963 3964 3884
f 3963 3884 3883
f 3964 3965 3885
f 3964 3885 3884
f 3965 3966 3886
f 3965 3886 3885
f 3966 3967 3887
f 3966 3887 3886
f 3967 3968 3888
f 3967 3888 3887
f 3968 3969 3889
f 3968 3889 3888
f 3969 3970 3890
f 3969 3890 3889
f 3970 3971 3891
f 3970 3891 3890
f 3971 3972 3892
f 3971 3892 3891
f 3972 3973 3893
f 3972 3893 3892
f 3973 3974 3894
f 3973 3894 3893
f 3974 3975 3895
f 3974 3895 3894
f 3975 3976 3896
f 3975 3896 3895
f 3976 3977 3897
f 3976 3897 3896
f 3977 3978 3898
f 3977 3898 3897
f 3978 3979 3899
f 3978 3899 3898
f 3979 3980 3900
f 3979 3900 3899
f 3980 3981 3901
f 3980 3901 3900
f 3981 3982 3902
f 3981 3902 3901
f 3982 3983 3903
f 3982 3903 3902
f 3983 3984 3904
f 3983 3904 3903
f 3984 3985 3905
f 3984 3905 3904
f 3985 3986 3906
f 3985 3906 3905
f 3986 3987 3907
f 3986 3907 3906
f 3987 3988 3908
f 3987 3908 3907
f 3988 3989 3909
f 3988 3909 3908
f 3989 3990 3910
f 3989 3910 3909
f 3990 3991 3911
f 3990 3911 3910
f 3991 3992 3912
f 3991 3912 3911
f 3992 3993 3913
f 3992 3913 3912
f 3993 3994 3914
f 3993 3914 3913
f 3994 3995 3915
f 3994 3915 3914
f 3995 3996 3916
f 3995 3916 3915
f 3996 3997 3917
f 3996 3917 3916
f 3997 3998 3918
f 3997 3918 3917
f 3998 3999 3919
f 3998 3919 3918
f 3999 4000 3920
f 3999 3920 3919
f 4000 4001 3921
f 4000 3921 3920
f 4001 3922 3842
f 4001 3842 3921
f 4002 4003 3923
f 4002 3923 3922
f 4003 4004 3924
f 4003 3924 3923
f 4004 4005 3925
f 4004 3925 3924
f 4005 4006 3926
f 4005 3926 3925
f 4006 4007 3927
f 4006 3927 3926
f 4007 4008 3928
f 4007 3928 3927
f 4008 4009 3929
f 4008 3929 3928
f 4009 4010 3930
f 4009 3930 3929
f 4010 4011 3931
f 4010 3931 3930
f 4011 4012 3932
f 4011 3932 3931
f 4012 4013 3933
f 4012 3933 3932
f 4013 4014 3934
f 4013 3934 3933
f 4014 4015 3935
f 4014 3935 3934
f 4015 4016 3936
f 4015 3936 3935
f 4016 4017 3937
f 4016 3937 3936
f 4017 4018 3938
f 4017 3938 3937
f 4018 4019 3939
f 4018 3939 3938
f 4019 4020 3940
f 4019 3940 3939
f 4020 4021 3941
f 4020 3941 3940
f 4021 4022 3942
f 4021 3942 3941
f 4022 4023 3943
f 4022 3943 3942
f 4023 4024 3944
f 4023 3944 3943
f 4024 4025 3945
f 4024 3945 3944
f 4025 4026 3946
f 4025 3946 3945
f 4026 4027 3947
f 4026 3947 3946
f 4027 4028 3948
f 4027 3948 3947
f 4028 4029 3949
f 4028 3949 3948
f 4029 4030 3950
f 4029 3950 3949
f 4030 4031 3951
f 4030 3951 3950
f 4031 4032 3952
f 4031 3952 3951
f 4032 4033 3953
f 4032 3953 3952
f 4033 4034 3954
f 4033 3954 3953
f 4034 4035 3955
f 4034 3955 3954
f 4035 4036 3956
f 4035 3956 3955
f 4036 4037 3957
f 4036 3957 3956
f 4037 4038 3958
f 4037 3958 3957
f 4038 4039 3959
f 4038 3959 3958
f 4039 4040 3960
f 4039 3960 3959
f 4040 4041 3961
f 4040 3961 3960
f 4041 4042 3962
f 4041 3962 3961
f 4042 4043 3963
f 4042 3963 3962
f 4043 4044 3964
f 4043 3964 3963
f 4044 4045 3965
f 4044 3965 3964
f 4045 4046 3966
f 4045 3966 3965
f 4046 4047 3967
f 4046 3967 3966
f 4047 4048 3968
f 4047 3968 3967
f 4048 4049 3969
f 4048 3969 3968
f 4049 4050 3970
f 4049 3970 3969
f 4050 4051 3971
f 4050 3971 3970
f 4051 4052 3972
f 4051 3972 3971
f 4052 4053 3973
f 4052 3973 3972
f 4053 4054 3974
f 4053 3974 3973
f 4054 4055 3975
f 4054 3975 3974
f 4055 4056 3976
f 4055 3976 3975
f 4056 4057 3977
f 4056 3977 3976
f 4057 4058 3978
f 4057 3978 3977
f 4058 4059 3979
f 4058 3979 3978
f 4059 4060 3980
f 4059 3980 3979
f 4060 4061 3981
f 4060 3981 3980
f 4061 4062 3982
f 4061 3982 3981
f 4062 4063 3983
f 4062 3983 3982
f 4063 4064 3984
f 4063 3984 3983
f 4064 4065 3985
f 4064 3985 3984
f 4065 4066 3986
f 4065 3986 3985
f 4066 4067 3987
f 4066 3987 3986
f 4067 4068 3988
f 4067 3988 3987
f 4068 4069 3989
f 4068 3989 3988
f 4069 4070 3990
f 4069 3990 3989
f 4070 4071 3991
f 4070 3991 3990
f 4071 4072 3992
f 4071 3992 3991
f 4072 4073 3993
f 4072 3993 3992
f 4073 4074 3994
f 4073 3994 3993
f 4074 4075 3995
f 4074 3995 3994
f 4075 4076 3996
f 4075 3996 3995
f 4076 4077 3997
f 4076 3997 3996
f 4077 4078 3998
f 4077 3998 3997
f 4078 4079 3999
f 4078 3999 3998
f 4079 4080 4000
f 4079 4000 3999
f 4080 4081 4001
f 4080 4001 4000
f 4081 4002 3922
f 4081 3922 4001
f 4082 4083 4003
f 4082 4003 4002
f 4083 4084 4004
f 4083 4004 4003
f 4084 4085 4005
f 4084 4005 4004
f 4085 4086 4006
f 4085 4006 4005
f 4086 4087 4007
f 4086 4007 4006
f 4087 4088 4008
f 4087 4008 4007
f 4088 4089 4009
f 4088 4009 4008
f 4089 4090 4010
f 4089 4010 4009
f 4090 4091 4011
f 4090 4011 4010
f 4091 4092 4012
f 4091 4012 4011
f 4092 4093 4013
f 4092 4013 4012
f 4093 4094 4014
f 4093 4014 4013
f 4094 4095 4015
f 4094 4015 4014
f 4095 4096 4016
f 4095 4016 4015
f 4096 4097 4017
f 4096 4017 4016
f 4097 4098 4018
f 4097 4018 4017
f 4098 4099 4019
f 4098 4019 4018
f 4099 4100 4020
f 4099 4020 4019
f 4100 4101 4021
f 4100 4021 4020
f 4101 4102 4022
f 4101 4022 4021
f 4102 4103 4023
f 4102 4023 4022
f 4103 4104 4024
f 4103 4024 4023
f 4104 4105 4025
f 4104 4025 4024
f 4105 4106 4026
f 4105 4026 4025
f 4106 4107 4027
f 4106 4027 4026
f 4107 4108 4028
f 4107 4028 4027
f 4108 4109 4029
f 4108 4029 4028
f 4109 4110 4030
f 4109 4030 4029
f 4110 4111 4031
f 4110 4031 4030
f 4111 4112 4032
f 4111 4032 4031
f 4112 4113 4033
f 4112 4033 4032
f 4113 4114 4034
f 4113 4034 4033
f 4114 4115 4035
f 4114 4035 4034
f 4115 4116 4036
f 4115 4036 4035
f 4116 4117 4037
f 4116 4037 4036
f 4117 4118 4038
f 4117 4038 4037
f 4118 4119 4039
f 4118 4039 4038
f 4119 4120 4040
f 4119 4040 4039
f 4120 4121 4041
f 4120 4041 4040
f 4121 4122 4042
f 4121 4042 4041
f 4122 4123 4043
f 4122 4043 4042
f 4123 4124 4044
f 4123 4044 4043
f 4124 4125 4045
f 4124 4045 4044
f 4125 4126 4046
f 4125 4046 4045
f 4126 4127 4047
f 4126 4047 4046
f 4127 4128 4048
f 4127 4048 4047
f 4128 4129 4049
f 4128 4049 4048
f 4129 4130 4050
f 4129 4050 4049
f 4130 4131 4051
f 4130 4051 4050
f 4131 4132 4052
f 4131 4052 4051
f 4132 4133 4053
f 4132 4053 4052
f 4133 4134 4054
f 4133 4054 4053
f 4134 4135 4055
f 4134 4055 4054
f 4135 4136 4056
f 4135 4056 4055
f 4136 4137 4057
f 4136 4057 4056
f 4137 4138 4058
f 4137 4058 4057
f 4138 4139 4059
f 4138 4059 4058
f 4139 4140 4060
f 4139 4060 4059
f 4140 4141 4061
f 4140 4061 4060
f 4141 4142 4062
f 4141 4062 4061
f 4142 4143 4063
f 4142 4063 4062
f 4143 4144 4064
f 4143 4064 4063
f 4144 4145 4065
f 4144 4065 4064
f 4145 4146 4066
f 4145 4066 4065
f 4146 4147 4067
f 4146 4067 4066
f 4147 4148 4068
f 4147 4068 4067
f 4148 4149 4069
f 4148 4069 4068
f 4149 4150 4070
f 4149 4070 4069
f 4150 4151 4071
f 4150 4071 4070
f 4151 4152 4072
f 4151 4072 4071
f 4152 4153 4073
f 4152 4073 4072
f 4153 4154 4074
f 4153 4074 4073
f 4154 4155 4075
f 4154 4075 4074
f 4155 4156 4076
f 4155 4076 4075
f 4156 4157 4077
f 4156 4077 4076
f 4157 4158 4078
f 4157 4078 4077
f 4158 4159 4079
f 4158 4079 4078
f 4159 4160 4080
f 4159 4080 4079
f 4160 4161 4081
f 4160 4081 4080
f 4161 4082 4002
f 4161 4002 4081
f 4162 4163 4083
f 4162 4083 4082
f 4163 4164 4084
f 4163 4084 4083
f 4164 4165 4085
f 4164 4085 4084
f 4165 4166 4086
f 4165 4086 4085
f 4166 4167 4087
f 4166 4087 4086
f 4167 4168 4088
f 4167 4088 4087
f 4168 4169 4089
f 4168 4089 4088
f 4169 4170 4090
f 4169 4090 4089
f 4170 4171 4091
f 4170 4091 4090
f 4171 4172 4092
f 4171 4092 4091
f 4172 4173 4093
f 4172 4093 4092
f 4173 4174 4094
f 4173 4094 4093
f 4174 4175 4095
f 4174 4095 4094
f 4175 4176 4096
f 4175 4096 4095
f 4176 4177 4097
f 4176 4097 4096
f 4177 4178 4098
f 4177 4098 4097
f 4178 4179 4099
f 4178 4099 4098
f 4179 4180 4100
f 4179 4100 4099
f 4180 4181 4101
f 4180 4101 4100
f 4181 4182 4102
f 4181 4102 4101
f 4182 4183 4103
f 4182 4103 4102
f 4183 4184 4104
f 4183 4104 4103
f 4184 4185 4105
f 4184 4105 4104
f 4185 4186 4106
f 4185 4106 4105
f 4186 4187 4107
f 4186 4107 4106
f 4187 4188 4108
f 4187 4108 4107
f 4188 4189 4109
f 4188 4109 4108
f 4189 4190 4110
f 4189 4110 4109
f 4190 4191 4111
f 4190 4111 4110
f 4191 4192 4112
f 4191 4112 4111
f 4192 4193 4113
f 4192 4113 4112
f 4193 4194 4114
f 4193 4114 4113
f 4194 4195 4115
f 4194 4115 4114
f 4195 4196 4116
f 4195 4116 4115
f 4196 4197 4117
f 4196 4117 4116
f 4197 4198 4118
f 4197 4118 4117
f 4198 4199 4119
f 4198 4119 4118
f 4199 4200 4120
f 4199 4120 4119
f 4200 4201 4121
f 4200 4121 4120
f 4201 4202 4122
f 4201 4122 4121
f 4202 4203 4123
f 4202 4123 4122
f 4203 4204 4124
f 4203 4124 4123
f 4204 4205 4125
f 4204 4125 4124
f 4205 4206 4126
f 4205 4126 4125
f 4206 4207 4127
f 4206 4127 4126
f 4207 4208 4128
f 4207 4128 4127
f 4208 4209 4129
f 4208 4129 4128
f 4209 4210 4130
f 4209 4130 4129
f 4210 4211 4131
f 4210 4131 4130
f 4211 4212 4132
f 4211 4132 4131
f 4212 4213 4133
f 4212 4133 4132
f 4213 4214 4134
f 4213 4134 4133
f 4214 4215 4135
f 4214 4135 4134
f 4215 4216 4136
f 4215 4136 4135
f 4216 4217 4137
f 4216 4137 4136
f 4217 4218 4138
f 4217 4138 4137
f 4218 4219 4139
f 4218 4139 4138
f 4219 4220 4140
f 4219 4140 4139
f 4220 4221 4141
f 4220 4141 4140
f 4221 4222 4142
f 4221 4142 4141
f 4222 4223 4143
f 4222 4143 4142
f 4223 4224 4144
f 4223 4144 4143
f 4224 4225 4145
f 4224 4145 4144
f 4225 4226 4146
f 4225 4146 4145
f 4226 4227 4147
f 4226 4147 4146
f 4227 4228 4148
f 4227 4148 4147
f 4228 4229 4149
f 4228 4149 4148
f 4229 4230 4150
f 4229 4150 4149
f 4230 4231 4151
f 4230 4151 4150
f 4231 4232 4152
f 4231 4152 4151
f 4232 4233 4153
f 4232 4153 4152
f 4233 4234 4154
f 4233 4154 4153
f 4234 4235 4155
f 4234 4155 4154
f 4235 4236 4156
f 4235 4156 4155
f 4236 4237 4157
f 4236 4157 4156
f 4237 4238 4158
f 4237 4158 4157
f 4238 4239 4159
f 4238 4159 4158
f 4239 4240 4160
f 4239 4160 4159
f 4240 4241 4161
f 4240 4161 4160
f 4241 4162 4082
f 4241 4082 4161
f 4242 4243 4163
f 4242 4163 4162
f 4243 4244 4164
f 4243 4164 4163
f 4244 4245 4165
f 4244 4165 4164
f 4245 4246 4166
f 4245 4166 4165
f 4246 4247 4167
f 4246 4167 4166
f 4247 4248 4168
f 4247 4168 4167
f 4248 4249 4169
f 4248 4169 4168
f 4249 4250 4170
f 4249 4170 4169
f 4250 4251 4171
f 4250 4171 4170
f 4251 4252 4172
f 4251 4172 4171
f 4252 4253 4173
f 4252 4173 4172
f 4253 4254 4174
f 4253 4174 4173
f 4254 4255 4175
f 4254 4175 4174
f 4255 4256 4176
f 4255 4176 4175
f 4256 4257 4177
f 4256 4177 4176
f 4257 4258 4178
f 4257 4178 4177
f 4258 4259 4179
f 4258 4179 4178
f 4259 4260 4180
f 4259 4180 4179
f 4260 4261 4181
f 4260 4181 4180
f 4261 4262 4182
f 4261 4182 4181
f 4262 4263 4183
f 4262 4183 4182
f 4263 4264 4184
f 4263 4184 4183
f 4264 4265 4185
f 4264 4185 4184
f 4265 4266 4186
f 4265 4186 4185
f 4266 4267 4187
f 4266 4187 4186
f 4267 4268 4188
f 4267 4188 4187
f 4268 4269 4189
f 4268 4189 4188
f 4269 4270 4190
f 4269 4190 4189
f 4270 4271 4191
f 4270 4191 4190
f 4271 4272 4192
f 4271 4192 4191
f 4272 4273 4193
f 4272 4193 4192
f 4273 4274 4194
f 4273 4194 4193
f 4274 4275 4195
f 4274 4195 4194
f 4275 4276 4196
f 4275 4196 4195
f 4276 4277 4197
f 4276 4197 4196
f 4277 4278 4198
f 4277 4198 4197
f 4278 4279 4199
f 4278 4199 4198
f 4279 4280 4200
f 4279 4200 4199
f 4280 4281 4201
f 4280 4201 4200
f 4281 4282 4202
f 4281 4202 4201
f 4282 4283 4203
f 4282 4203 4202
f 4283 4284 4204
f 4283 4204 4203
f 4284 4285 4205
f 4284 4205 4204
f 4285 4286 4206
f 4285 4206 4205
f 4286 4287 4207
f 4286 4207 4206
f 4287 4288 4208
f 4287 4208 4207
f 4288 4289 4209
f 4288 4209 4208
f 4289 4290 4210
f 4289 4210 4209
f 4290 4291 4211
f 4290 4211 4210
f 4291 4292 4212
f 4291 4212 4211
f 4292 4293 4213
f 4292 4213 4212
f 4293 4294 4214
f 4293 4214 4213
f 4294 4295 4215
f 4294 4215 4214
f 4295 4296 4216
f 4295 4216 4215
f 4296 4297 4217
f 4296 4217 4216
f 4297 4298 4218
f 4297 4218 4217
f 4298 4299 4219
f 4298 4219 4218
f 4299 4300 4220
f 4299 4220 4219
f 4300 4301 4221
f 4300 4221 4220
f 4301 4302 4222
f 4301 4222 4221
f 4302 4303 4223
f 4302 4223 4222
f 4303 4304 4224
f 4303 4224 4223
f 4304 4305 4225
f 4304 4225 4224
f 4305 4306 4226
f 4305 4226 4225
f 4306 4307 4227
f 4306 4227 4226
f 4307 4308 4228
f 4307 4228 4227
f 4308 4309 4229
f 4308 4229 4228
f 4309 4310 4230
f 4309 4230 4229
f 4310 4311 4231
f 4310 4231 4230
f 4311 4312 4232
f 4311 4232 4231
f 4312 4313 4233
f 4312 4233 4232
f 4313 4314 4234
f 4313 4234 4233
f 4314 4315 4235
f 4314 4235 4234
f 4315 4316 4236
f 4315 4236 4235
f 4316 4317 4237
f 4316 4237 4236
f 4317 4318 4238
f 4317 4238 4237
f 4318 4319 4239
f 4318 4239 4238
f 4319 4320 4240
f 4319 4240 4239
f 4320 4321 4241
f 4320 4241 4240
f 4321 4242 4162
f 4321 4162 4241
f 4322 4323 4243
f 4322 4243 4242
f 4323 4324 4244
f 4323 4244 4243
f 4324 4325 4245
f 4324 4245 4244
f 4325 4326 4246
f 4325 4246 4245
f 4326 4327 4247
f 4326 4247 4246
f 4327 4328 4248
f 4327 4248 4247
f 4328 4329 4249
f 4328 4249 4248
f 4329 4330 4250
f 4329 4250 4249
f 4330 4331 4251
f 4330 4251 4250
f 4331 4332 4252
f 4331 4252 4251
f 4332 4333 4253
f 4332 4253 4252
f 4333 4334 4254
f 4333 4254 4253
f 4334 4335 4255
f 4334 4255 4254
f 4335 4336 4256
f 4335 4256 4255
f 4336 4337 4257
f 4336 4257 4256
f 4337 4338 4258
f 4337 4258 4257
f 4338 4339 4259
f 4338 4259 4258
f 4339 4340 4260
f 4339 4260 4259
f 4340 4341 4261
f 4340 4261 4260
f 4341 4342 4262
f 4341 4262 4261
f 4342 4343 4263
f 4342 4263 4262
f 4343 4344 4264
f 4343 4264 4263
f 4344 4345 4265
f 4344 4265 4264
f 4345 4346 4266
f 4345 4266 4265
f 4346 4347 4267
f 4346 4267 4266
f 4347 4348 4268
f 4347 4268 4267
f 4348 4349 4269
f 4348 4269 4268
f 4349 4350 4270
f 4349 4270 4269
f 4350 4351 4271
f 4350 4271 4270
f 4351 4352 4272
f 4351 4272 4271
f 4352 4353 4273
f 4352 4273 4272
f 4353 4354 4274
f 4353 4274 4273
f 4354 4355 4275
f 4354 4275 4274
f 4355 4356 4276
f 4355 4276 4275
f 4356 4357 4277
f 4356 4277 4276
f 4357 4358 4278
f 4357 4278 4277
f 4358 4359 4279
f 4358 4279 4278
f 4359 4360 4280
f 4359 4280 4279
f 4360 4361 4281
f 4360 4281 4280
f 4361 4362 4282
f 4361 4282 4281
f 4362 4363 4283
f 4362 4283 4282
f 4363 4364 4284
f 4363 4284 4283
f 4364 4365 4285
f 4364 4285 4284
f 4365 4366 4286
f 4365 4286 4285
f 4366 4367 4287
f 4366 4287 4286
f 4367 4368 4288
f 4367 4288 4287
f 4368 4369 4289
f 4368 4289 4288
f 4369 4370 4290
f 4369 4290 4289
f 4370 4371 4291
f 4370 4291 4290
f 4371 4372 4292
f 4371 4292 4291
f 4372 4373 4293
f 4372 4293 4292
f 4373 4374 4294
f 4373 4294 4293
f 4374 4375 4295
f 4374 4295 4294
f 4375 4376 4296
f 4375 4296 4295
f 4376 4377 4297
f 4376 4297 4296
f 4377 4378 4298
f 4377 4298 4297
f 4378 4379 4299
f 4378 4299 4298
f 4379 4380 4300
f 4379 4300 4299
f 4380 4381 4301
f 4380 4301 4300
f 4381 4382 4302
f 4381 4302 4301
f 4382 4383 4303
f 4382 4303 4302
f 4383 4384 4304
f 4383 4304 4303
f 4384 4385 4305
f 4384 4305 4304
f 4385 4386 4306
f 4385 4306 4305
f 4386 4387 4307
f 4386 4307 4306
f 4387 4388 4308
f 4387 4308 4307
f 4388 4389 4309
f 4388 4309 4308
f 4389 4390 4310
f 4389 4310 4309
f 4390 4391 4311
f 4390 4311 4310
f 4391 4392 4312
f 4391 4312 4311
f 4392 4393 4313
f 4392 4313 4312
f 4393 4394 4314
f 4393 4314 4313
f 4394 4395 4315
f 4394 4315 4314
f 4395 4396 4316
f 4395 4316 4315
f 4396 4397 4317
f 4396 4317 4316
f 4397 4398 4318
f 4397 4318 4317
f 4398 4399 4319
f 4398 4319 4318
f 4399 4400 4320
f 4399 4320 4319
f 4400 4401 4321
f 4400 4321 4320
f 4401 4322 4242
f 4401 4242 4321
f 4402 4403 4323
f 4402 4323 4322
f 4403 4404 4324
f 4403 4324 4323
f 4404 4405 4325
f 4404 4325 4324
f 4405 4406 4326
f 4405 4326 4325
f 4406 4407 4327
f 4406 4327 4326
f 4407 4408 4328
f 4407 4328 4327
f 4408 4409 4329
f 4408 4329 4328
f 4409 4410 4330
f 4409 4330 4329
f 4410 4411 4331
f 4410 4331 4330
f 4411 4412 4332
f 4411 4332 4331
f 4412 4413 4333
f 4412 4333 4332
f 4413 4414 4334
f 4413 4334 4333
f 4414 4415 4335
f 4414 4335 4334
f 4415 4416 4336
f 4415 4336 4335
f 4416 4417 4337
f 4416 4337 4336
f 4417 4418 4338
f 4417 4338 4337
f 4418 4419 4339
f 4418 4339 4338
f 4419 4420 4340
f 4419 4340 4339
f 4420 4421 4341
f 4420 4341 4340
f 4421 4422 4342
f 4421 4342 4341
f 4422 4423 4343
f 4422 4343 4342
f 4423 4424 4344
f 4423 4344 4343
f 4424 4425 4345
f 4424 4345 4344
f 4425 4426 4346
f 4425 4346 4345
f 4426 4427 4347
f 4426 4347 4346
f 4427 4428 4348
f 4427 4348 4347
f 4428 4429 4349
f 4428 4349 4348
f 4429 4430 4350
f 4429 4350 4349
f 4430 4431 4351
f 4430 4351 4350
f 4431 4432 4352
f 4431 4352 4351
f 4432 4433 4353
f 4432 4353 4352
f 4433 4434 4354
f 4433 4354 4353
f 4434 4435 4355
f 4434 4355 4354
f 4435 4436 4356
f 4435 4356 4355
f 4436 4437 4357
f 4436 4357 4356
f 4437 4438 4358
f 4437 4358 4357
f 4438 4439 4359
f 4438 4359 4358
f 4439 4440 4360
f 4439 4360 4359
f 4440 4441 4361
f 4440 4361 4360
f 4441 4442 4362
f 4441 4362 4361
f 4442 4443 4363
f 4442 4363 4362
f 4443 4444 4364
f 4443 4364 4363
f 4444 4445 4365
f 4444 4365 4364
f 4445 4446 4366
f 4445 4366 4365
f 4446 4447 4367
f 4446 4367 4366
f 4447 4448 4368
f 4447 4368 4367
f 4448 4449 4369
f 4448 4369 4368
f 4449 4450 4370
f 4449 4370 4369
f 4450 4451 4371
f 4450 4371 4370
f 4451 4452 4372
f 4451 4372 4371
f 4452 4453 4373
f 4452 4373 4372
f 4453 4454 4374
f 4453 4374 4373
f 4454 4455 4375
f 4454 4375 4374
f 4455 4456 4376
f 4455 4376 4375
f 4456 4457 4377
f 4456 4377 4376
f 4457 4458 4378
f 4457 4378 4377
f 4458 4459 4379
f 4458 4379 4378
f 4459 4460 4380
f 4459 4380 4379
f 4460 4461 4381
f 4460 4381 4380
f 4461 4462 4382
f 4461 4382 4381
f 4462 4463 4383
f 4462 4383 4382
f 4463 4464 4384
f 4463 4384 4383
f 4464 4465 4385
f 4464 4385 4384
f 4465 4466 4386
f 4465 4386 4385
f 4466 4467 4387
f 4466 4387 4386
f 4467 4468 4388
f 4467 4388 4387
f 4468 4469 4389
f 4468 4389 4388
f 4469 4470 4390
f 4469 4390 4389
f 4470 4471 4391
f 4470 4391 4390
f 4471 4472 4392
f 4471 4392 4391
f 4472 4473 4393
f 4472 4393 4392
f 4473 4474 4394
f 4473 4394 4393
f 4474 4475 4395
f 4474 4395 4394
f 4475 4476 4396
f 4475 4396 4395
f 4476 4477 4397
f 4476 4397 4396
f 4477 4478 4398
f 4477 4398 4397
f 4478 4479 4399
f 4478 4399 4398
f 4479 4480 4400
f 4479 4400 4399
f 4480 4481 4401
f 4480 4401 4400
f 4481 4402 4322
f 4481 4322 4401
f 4482 4403 4402
f 4482 4404 4403
f 4482 4405 4404
f 4482 4406 4405
f 4482 4407 4406
f 4482 4408 4407
f 4482 4409 4408
f 4482 4410 4409
f 4482 4411 4410
f 4482 4412 4411
f 4482 4413 4412
f 4482 4414 4413
f 4482 4415 4414
f 4482 4416 4415
f 4482 4417 4416
f 4482 4418 4417
f 4482 4419 4418
f 4482 4420 4419
f 4482 4421 4420
f 4482 4422 4421
f 4482 4423 4422
f 4482 4424 4423
f 4482 4425 4424
f 4482 4426 4425
f 4482 4427 4426
f 4482 4428 4427
f 4482 4429 4428
f 4482 4430 4429
f 4482 4431 4430
f 4482 4432 4431
f 4482 4433 4432
f 4482 4434 4433
f 4482 4435 4434
f 4482 4436 4435
f 4482 4437 4436
f 4482 4438 4437
f 4482 4439 4438
f 4482 4440 4439
f 4482 4441 4440
f 4482 4442 4441
f 4482 4443 4442
f 4482 4444 4443
f 4482 4445 4444
f 4482 4446 4445
f 4482 4447 4446
f 4482 4448 4447
f 4482 4449 4448
f 4482 4450 4449
f 4482 4451 4450
f 4482 4452 4451
f 4482 4453 4452
f 4482 4454 4453
f 4482 4455 4454
f 4482 4456 4455
f 4482 4457 4456
f 4482 4458 4457
f 4482 4459 4458
f 4482 4460 4459
f 4482 4461 4460
f 4482 4462 4461
f 4482 4463 4462
f 4482 4464 4463
f 4482 4465 4464
f 4482 4466 4465
f 4482 4467 4466
f 4482 4468 4467
f 4482 4469 4468
f 4482 4470 4469
f 4482 4471 4470
f 4482 4472 4471
f 4482 4473 4472
f 4482 4474 4473
f 4482 4475 4474
f 4482 4476 4475
f 4482 4477 4476
f 4482 4478 4477
f 4482 4479 4478
f 4482 4480 4479
f 4482 4481 4480
f 4482 4402 4481
f 1 2242 2243
f 1 2243 2
f 2 2243 2244
f 2 2244 3
f 3 2244 2245
f 3 2245 4
f 4 2245 2246
f 4 2246 5
f 5 2246 2247
f 5 2247 6
f 6 2247 2248
f 6 2248 7
f 7 2248 2249
f 7 2249 8
f 8 2249 2250
f 8 2250 9
f 9 2250 2251
f 9 2251 10
f 10 2251 2252
f 10 2252 11
f 11 2252 2253
f 11 2253 12
f 12 2253 2254
f 12 2254 13
f 13 2254 2255
f 13 2255 14
f 14 2255 2256
f 14 2256 15
f 15 2256 2257
f 15 2257 16
f 16 2257 2258
f 16 2258 17
f 17 2258 2259
f 17 2259 18
f 18 2259 2260
f 18 2260 19
f 19 2260 2261
f 19 2261 20
f 20 2261 2262
f 20 2262 21
f 21 2262 2263
f 21 2263 22
f 22 2263 2264
f 22 2264 23
f 23 2264 2265
f 23 2265 24
f 24 2265 2266
f 24 2266 25
f 25 2266 2267
f 25 2267 26
f 26 2267 2268
f 26 2268 27
f 27 2268 2269
f 27 2269 28
f 28 2269 2270
f 28 2270 29
f 29 2270 2271
f 29 2271 30
f 30 2271 2272
f 30 2272 31
f 31 2272 2273
f 31 2273 32
f 32 2273 2274
f 32 2274 33
f 33 2274 2275
f 33 2275 34
f 34 2275 2276
f 34 2276 35
f 35 2276 2277
f 35 2277 36
f 36 2277 2278
f 36 2278 37
f 37 2278 2279
f 37 2279 38
f 38 2279 2280
f 38 2280 39
f 39 2280 2281
f 39 2281 40
f 40 2281 2282
f 40 2282 41
f 41 2282 2283
f 41 2283 42
f 42 2283 2284
f 42 2284 43
f 43 2284 2285
f 43 2285 44
f 44 2285 2286
f 44 2286 45
f 45 2286 2287
f 45 2287 46
f 46 2287 2288
f 46 2288 47
f 47 2288 2289
f 47 2289 48
f 48 2289 2290
f 48 2290 49
f 49 2290 2291
f 49 2291 50
f 50 2291 2292
f 50 2292 51
f 51 2292 2293
f 51 2293 52
f 52 2293 2294
f 52 2294 53
f 53 2294 2295
f 53 2295 54
f 54 2295 2296
f 54 2296 55
f 55 2296 2297
f 55 2297 56
f 56 2297 2298
f 56 2298 57
f 57 2298 2299
f 57 2299 58
f 58 2299 2300
f 58 2300 59
f 59 2300 2301
f 59 2301 60
f 60 2301 2302
f 60 2302 61
f 61 2302 2303
f 61 2303 62
f 62 2303 2304
f 62 2304 63
f 63 2304 2305
f 63 2305 64
f 64 2305 2306
f 64 2306 65
f 65 2306 2307
f 65 2307 66
f 66 2307 2308
f 66 2308 67
f 67 2308 2309
f 67 2309 68
f 68 2309 2310
f 68 2310 69
f 69 2310 2311
f 69 2311 70
f 70 2311 2312
f 70 2312 71
f 71 2312 2313
f 71 2313 72
f 72 2313 2314
f 72 2314 73
f 73 2314 2315
f 73 2315 74
f 74 2315 2316
f 74 2316 75
f 75 2316 2317
f 75 2317 76
f 76 2317 2318
f 76 2318 77
f 77 2318 2319
f 77 2319 78
f 78 2319 2320
f 78 2320 79
f 79 2320 2321
f 79 2321 80
f 80 2321 2242
f 80 2242 1
