# Zoomer visual mesh, local link coordinates in metres
v -0.0328496 -0.0156314 0.0418850
v -0.0315355 -0.0173020 0.0424464
v -0.0316795 -0.0156314 0.0441736
v -0.0326606 -0.0164656 0.0419492
v -0.0327325 -0.0156314 0.0428117
v -0.0325468 -0.0164303 0.0428384
v -0.0315939 -0.0170788 0.0432981
v -0.0321782 -0.0170788 0.0421553
v -0.0322072 -0.0168620 0.0429835
v -0.0323030 -0.0156314 0.0436517
v -0.0316468 -0.0164656 0.0439321
v -0.0322445 -0.0164303 0.0434298
v -0.0257634 -0.0156314 0.0471329
v -0.0255061 -0.0173020 0.0454624
v -0.0257289 -0.0164667 0.0469091
v -0.0256347 -0.0170781 0.0462977
v 0.0257634 -0.0156314 0.0471329
v 0.0255061 -0.0173020 0.0454624
v 0.0257289 -0.0164667 0.0469091
v 0.0256347 -0.0170781 0.0462977
v 0.0328496 -0.0156314 0.0418850
v 0.0316795 -0.0156314 0.0441736
v 0.0315355 -0.0173020 0.0424464
v 0.0327325 -0.0156314 0.0428117
v 0.0326606 -0.0164656 0.0419492
v 0.0325468 -0.0164303 0.0428384
v 0.0316468 -0.0164656 0.0439321
v 0.0323030 -0.0156314 0.0436517
v 0.0322445 -0.0164303 0.0434298
v 0.0321782 -0.0170788 0.0421553
v 0.0315939 -0.0170788 0.0432981
v 0.0322072 -0.0168620 0.0429835
v 0.0297270 -0.0156314 -0.0013309
v 0.0310817 -0.0156314 -0.0001216
v 0.0297656 -0.0173020 0.0003927
v 0.0303835 -0.0156314 -0.0013473
v 0.0297263 -0.0164656 -0.0010905
v 0.0303556 -0.0164303 -0.0011037
v 0.0309001 -0.0164656 -0.0000428
v 0.0308808 -0.0156314 -0.0009035
v 0.0307056 -0.0164303 -0.0007912
v 0.0297405 -0.0170788 -0.0004579
v 0.0304170 -0.0170788 0.0001460
v 0.0303655 -0.0168620 -0.0006583
v 0.0243321 -0.0156314 0.0005966
v 0.0249770 -0.0173020 0.0021036
v 0.0244185 -0.0164667 0.0007985
v 0.0246545 -0.0170781 0.0013501
v 0.0134542 -0.0156314 0.0107391
v 0.0158079 -0.0156314 0.0096572
v 0.0152811 -0.0173020 0.0124097
v 0.0142553 -0.0156314 0.0105806
v 0.0140357 -0.0164487 0.0109852
v 0.0145408 -0.0164237 0.0108002
v 0.0154924 -0.0164487 0.0103157
v 0.0151154 -0.0156314 0.0101853
v 0.0150116 -0.0164237 0.0105838
v 0.0146997 -0.0170559 0.0115924
v 0.0153009 -0.0170559 0.0113161
v 0.0148799 -0.0168705 0.0110446
v -0.0158079 -0.0156314 0.0096572
v -0.0134542 -0.0156314 0.0107391
v -0.0152811 -0.0173020 0.0124097
v -0.0151154 -0.0156314 0.0101853
v -0.0154924 -0.0164487 0.0103157
v -0.0150116 -0.0164237 0.0105838
v -0.0140357 -0.0164487 0.0109852
v -0.0142553 -0.0156314 0.0105806
v -0.0145408 -0.0164237 0.0108002
v -0.0153009 -0.0170559 0.0113161
v -0.0146997 -0.0170559 0.0115924
v -0.0148798 -0.0168705 0.0110446
v -0.0243321 -0.0156314 0.0005966
v -0.0249770 -0.0173020 0.0021036
v -0.0244185 -0.0164667 0.0007985
v -0.0246545 -0.0170781 0.0013501
v -0.0310817 -0.0156314 -0.0001216
v -0.0297270 -0.0156314 -0.0013309
v -0.0297656 -0.0173020 0.0003927
v -0.0308808 -0.0156314 -0.0009035
v -0.0309001 -0.0164656 -0.0000428
v -0.0307056 -0.0164303 -0.0007912
v -0.0297263 -0.0164656 -0.0010905
v -0.0303835 -0.0156314 -0.0013473
v -0.0303556 -0.0164303 -0.0011037
v -0.0304170 -0.0170788 0.0001460
v -0.0297405 -0.0170788 -0.0004579
v -0.0303655 -0.0168620 -0.0006583
v -0.0328496 0.0156314 0.0418850
v -0.0316795 0.0156314 0.0441736
v -0.0315355 0.0173020 0.0424464
v -0.0327325 0.0156314 0.0428117
v -0.0326606 0.0164656 0.0419492
v -0.0325468 0.0164303 0.0428384
v -0.0316468 0.0164656 0.0439321
v -0.0323030 0.0156314 0.0436517
v -0.0322445 0.0164303 0.0434298
v -0.0321782 0.0170788 0.0421553
v -0.0315939 0.0170788 0.0432981
v -0.0322072 0.0168620 0.0429835
v -0.0257634 0.0156314 0.0471329
v -0.0255061 0.0173020 0.0454624
v -0.0257289 0.0164667 0.0469091
v -0.0256347 0.0170781 0.0462977
v 0.0257634 0.0156314 0.0471329
v 0.0255061 0.0173020 0.0454624
v 0.0257289 0.0164667 0.0469091
v 0.0256347 0.0170781 0.0462977
v 0.0316795 0.0156314 0.0441736
v 0.0328496 0.0156314 0.0418850
v 0.0315355 0.0173020 0.0424464
v 0.0323030 0.0156314 0.0436517
v 0.0316468 0.0164656 0.0439321
v 0.0322445 0.0164303 0.0434298
v 0.0326606 0.0164656 0.0419492
v 0.0327325 0.0156314 0.0428117
v 0.0325468 0.0164303 0.0428384
v 0.0315939 0.0170788 0.0432981
v 0.0321782 0.0170788 0.0421553
v 0.0322072 0.0168620 0.0429835
v 0.0310817 0.0156314 -0.0001216
v 0.0297270 0.0156314 -0.0013309
v 0.0297656 0.0173020 0.0003927
v 0.0308808 0.0156314 -0.0009035
v 0.0309001 0.0164656 -0.0000428
v 0.0307056 0.0164303 -0.0007912
v 0.0297263 0.0164656 -0.0010905
v 0.0303835 0.0156314 -0.0013473
v 0.0303556 0.0164303 -0.0011037
v 0.0304170 0.0170788 0.0001460
v 0.0297405 0.0170788 -0.0004579
v 0.0303655 0.0168620 -0.0006583
v 0.0243321 0.0156314 0.0005966
v 0.0249770 0.0173020 0.0021036
v 0.0244185 0.0164667 0.0007985
v 0.0246545 0.0170781 0.0013501
v 0.0158079 0.0156314 0.0096572
v 0.0134542 0.0156314 0.0107391
v 0.0152811 0.0173020 0.0124097
v 0.0151154 0.0156314 0.0101853
v 0.0154924 0.0164487 0.0103157
v 0.0150116 0.0164237 0.0105838
v 0.0140357 0.0164487 0.0109852
v 0.0142553 0.0156314 0.0105806
v 0.0145408 0.0164237 0.0108002
v 0.0153009 0.0170559 0.0113161
v 0.0146997 0.0170559 0.0115924
v 0.0148799 0.0168705 0.0110446
v -0.0134542 0.0156314 0.0107391
v -0.0158079 0.0156314 0.0096572
v -0.0152811 0.0173020 0.0124097
v -0.0142553 0.0156314 0.0105806
v -0.0140357 0.0164487 0.0109852
v -0.0145408 0.0164237 0.0108002
v -0.0154924 0.0164487 0.0103157
v -0.0151154 0.0156314 0.0101853
v -0.0150116 0.0164237 0.0105838
v -0.0146997 0.0170559 0.0115924
v -0.0153009 0.0170559 0.0113161
v -0.0148799 0.0168705 0.0110446
v -0.0243321 0.0156314 0.0005966
v -0.0249770 0.0173020 0.0021036
v -0.0244185 0.0164667 0.0007985
v -0.0246545 0.0170781 0.0013501
v -0.0310817 0.0156314 -0.0001216
v -0.0297656 0.0173020 0.0003927
v -0.0297270 0.0156314 -0.0013309
v -0.0309001 0.0164656 -0.0000428
v -0.0308808 0.0156314 -0.0009035
v -0.0307056 0.0164303 -0.0007912
v -0.0297405 0.0170788 -0.0004579
v -0.0304170 0.0170788 0.0001460
v -0.0303655 0.0168620 -0.0006583
v -0.0303835 0.0156314 -0.0013473
v -0.0297263 0.0164656 -0.0010905
v -0.0303556 0.0164303 -0.0011037
v -0.0122615 -0.0205237 0.0164667
v -0.0122615 -0.0215976 0.0175406
v -0.0131202 -0.0205237 0.0175406
v -0.0122615 -0.0210600 0.0166102
v -0.0126903 -0.0205237 0.0166102
v -0.0126721 -0.0210373 0.0167495
v -0.0126903 -0.0214541 0.0175406
v -0.0122615 -0.0214541 0.0170044
v -0.0126721 -0.0213148 0.0170271
v -0.0130055 -0.0205237 0.0170044
v -0.0130055 -0.0210600 0.0175406
v -0.0128941 -0.0210373 0.0170271
v -0.0122615 -0.0215976 0.0402121
v -0.0122615 -0.0205237 0.0412861
v -0.0131202 -0.0205237 0.0402121
v -0.0122615 -0.0214541 0.0407484
v -0.0126903 -0.0214541 0.0402121
v -0.0126721 -0.0213148 0.0407257
v -0.0126903 -0.0205237 0.0411426
v -0.0122615 -0.0210600 0.0411426
v -0.0126721 -0.0210373 0.0410032
v -0.0130055 -0.0210600 0.0402121
v -0.0130055 -0.0205237 0.0407484
v -0.0128941 -0.0210373 0.0407257
v -0.0122615 -0.0205237 0.0164667
v -0.0131202 -0.0205237 0.0175406
v -0.0122615 -0.0194498 0.0175406
v -0.0126903 -0.0205237 0.0166102
v -0.0122615 -0.0199874 0.0166102
v -0.0126721 -0.0200101 0.0167495
v -0.0130055 -0.0199874 0.0175406
v -0.0130055 -0.0205237 0.0170044
v -0.0128941 -0.0200101 0.0170271
v -0.0122615 -0.0195933 0.0170044
v -0.0126903 -0.0195933 0.0175406
v -0.0126721 -0.0197326 0.0170271
v -0.0122615 -0.0205237 0.0412861
v -0.0122615 -0.0194498 0.0402121
v -0.0131202 -0.0205237 0.0402121
v -0.0122615 -0.0199874 0.0411426
v -0.0126903 -0.0205237 0.0411426
v -0.0126721 -0.0200101 0.0410032
v -0.0126903 -0.0195933 0.0402121
v -0.0122615 -0.0195933 0.0407484
v -0.0126721 -0.0197326 0.0407257
v -0.0130055 -0.0205237 0.0407484
v -0.0130055 -0.0199874 0.0402121
v -0.0128941 -0.0200101 0.0407257
v 0.0122615 -0.0205237 0.0164667
v 0.0131202 -0.0205237 0.0175406
v 0.0122615 -0.0215976 0.0175406
v 0.0126903 -0.0205237 0.0166102
v 0.0122615 -0.0210600 0.0166102
v 0.0126721 -0.0210373 0.0167495
v 0.0130055 -0.0210600 0.0175406
v 0.0130055 -0.0205237 0.0170044
v 0.0128941 -0.0210373 0.0170271
v 0.0122615 -0.0214541 0.0170044
v 0.0126903 -0.0214541 0.0175406
v 0.0126721 -0.0213148 0.0170271
v 0.0122615 -0.0205237 0.0412861
v 0.0122615 -0.0215976 0.0402121
v 0.0131202 -0.0205237 0.0402121
v 0.0122615 -0.0210600 0.0411426
v 0.0126903 -0.0205237 0.0411426
v 0.0126721 -0.0210373 0.0410032
v 0.0126903 -0.0214541 0.0402121
v 0.0122615 -0.0214541 0.0407484
v 0.0126721 -0.0213148 0.0407257
v 0.0130055 -0.0205237 0.0407484
v 0.0130055 -0.0210600 0.0402121
v 0.0128941 -0.0210373 0.0407257
v 0.0122615 -0.0205237 0.0164667
v 0.0122615 -0.0194498 0.0175406
v 0.0131202 -0.0205237 0.0175406
v 0.0122615 -0.0199874 0.0166102
v 0.0126903 -0.0205237 0.0166102
v 0.0126721 -0.0200101 0.0167495
v 0.0126903 -0.0195933 0.0175406
v 0.0122615 -0.0195933 0.0170044
v 0.0126721 -0.0197326 0.0170271
v 0.0130055 -0.0205237 0.0170044
v 0.0130055 -0.0199874 0.0175406
v 0.0128941 -0.0200101 0.0170271
v 0.0122615 -0.0205237 0.0412861
v 0.0131202 -0.0205237 0.0402121
v 0.0122615 -0.0194498 0.0402121
v 0.0126903 -0.0205237 0.0411426
v 0.0122615 -0.0199874 0.0411426
v 0.0126721 -0.0200101 0.0410032
v 0.0130055 -0.0199874 0.0402121
v 0.0130055 -0.0205237 0.0407484
v 0.0128941 -0.0200101 0.0407257
v 0.0122615 -0.0195933 0.0407484
v 0.0126903 -0.0195933 0.0402121
v 0.0126721 -0.0197326 0.0407257
v 0.0042284 -0.0221107 0.0428192
v 0.0042819 -0.0221107 0.0428097
v 0.0043312 -0.0221107 0.0427940
v 0.0043762 -0.0221107 0.0427724
v 0.0044166 -0.0221107 0.0427452
v 0.0044523 -0.0221107 0.0427124
v 0.0044831 -0.0221107 0.0426744
v 0.0045087 -0.0221107 0.0426312
v 0.0045290 -0.0221107 0.0425833
v 0.0045438 -0.0221107 0.0425306
v 0.0045528 -0.0221107 0.0424735
v 0.0045558 -0.0221107 0.0424122
v 0.0045544 -0.0221107 0.0423707
v 0.0045500 -0.0221107 0.0423311
v 0.0045429 -0.0221107 0.0422934
v 0.0045329 -0.0221107 0.0422577
v 0.0045203 -0.0221107 0.0422241
v 0.0045049 -0.0221107 0.0421926
v 0.0044870 -0.0221107 0.0421634
v 0.0044665 -0.0221107 0.0421365
v 0.0044435 -0.0221107 0.0421120
v 0.0044181 -0.0221107 0.0420900
v 0.0043902 -0.0221107 0.0420704
v 0.0043600 -0.0221107 0.0420535
v 0.0043858 -0.0221107 0.0420305
v 0.0044101 -0.0221107 0.0420056
v 0.0044332 -0.0221107 0.0419786
v 0.0044552 -0.0221107 0.0419497
v 0.0044764 -0.0221107 0.0419189
v 0.0044970 -0.0221107 0.0418860
v 0.0045172 -0.0221107 0.0418512
v 0.0045374 -0.0221107 0.0418144
v 0.0045576 -0.0221107 0.0417757
v 0.0045781 -0.0221107 0.0417350
v 0.0045992 -0.0221107 0.0416923
v 0.0046211 -0.0221107 0.0416476
v 0.0046332 -0.0221107 0.0416234
v 0.0046446 -0.0221107 0.0416008
v 0.0046557 -0.0221107 0.0415793
v 0.0046667 -0.0221107 0.0415586
v 0.0046778 -0.0221107 0.0415380
v 0.0046894 -0.0221107 0.0415171
v 0.0047015 -0.0221107 0.0414954
v 0.0047146 -0.0221107 0.0414724
v 0.0047288 -0.0221107 0.0414477
v 0.0047444 -0.0221107 0.0414206
v 0.0047617 -0.0221107 0.0413908
v 0.0047808 -0.0221107 0.0413577
v 0.0045799 -0.0221107 0.0413577
v 0.0044253 -0.0221107 0.0416583
v 0.0043883 -0.0221107 0.0417281
v 0.0043545 -0.0221107 0.0417876
v 0.0043236 -0.0221107 0.0418376
v 0.0042951 -0.0221107 0.0418789
v 0.0042687 -0.0221107 0.0419123
v 0.0042441 -0.0221107 0.0419386
v 0.0042209 -0.0221107 0.0419587
v 0.0041988 -0.0221107 0.0419734
v 0.0041775 -0.0221107 0.0419833
v 0.0041565 -0.0221107 0.0419895
v 0.0041356 -0.0221107 0.0419926
v 0.0041144 -0.0221107 0.0419934
v 0.0040440 -0.0221107 0.0419934
v 0.0040440 -0.0221107 0.0413577
v 0.0038757 -0.0221107 0.0413577
v 0.0038757 -0.0221107 0.0428225
v 0.0041711 -0.0221107 0.0428225
v 0.0041522 -0.0221107 0.0421824
v 0.0041946 -0.0221107 0.0421848
v 0.0042320 -0.0221107 0.0421916
v 0.0042645 -0.0221107 0.0422025
v 0.0042924 -0.0221107 0.0422170
v 0.0043160 -0.0221107 0.0422349
v 0.0043355 -0.0221107 0.0422557
v 0.0043513 -0.0221107 0.0422791
v 0.0043635 -0.0221107 0.0423046
v 0.0043725 -0.0221107 0.0423319
v 0.0043784 -0.0221107 0.0423607
v 0.0043816 -0.0221107 0.0423904
v 0.0043823 -0.0221107 0.0424208
v 0.0043806 -0.0221107 0.0424541
v 0.0043760 -0.0221107 0.0424849
v 0.0043686 -0.0221107 0.0425134
v 0.0043582 -0.0221107 0.0425393
v 0.0043446 -0.0221107 0.0425625
v 0.0043278 -0.0221107 0.0425830
v 0.0043076 -0.0221107 0.0426006
v 0.0042840 -0.0221107 0.0426152
v 0.0042567 -0.0221107 0.0426268
v 0.0042258 -0.0221107 0.0426352
v 0.0041910 -0.0221107 0.0426403
v 0.0041522 -0.0221107 0.0426421
v 0.0040440 -0.0221107 0.0426421
v 0.0040440 -0.0221107 0.0421824
v 0.0027043 -0.0221107 0.0426335
v 0.0027043 -0.0221107 0.0421910
v 0.0031835 -0.0221107 0.0421910
v 0.0031835 -0.0221107 0.0420020
v 0.0027043 -0.0221107 0.0420020
v 0.0027043 -0.0221107 0.0415467
v 0.0032161 -0.0221107 0.0415467
v 0.0032161 -0.0221107 0.0413577
v 0.0025360 -0.0221107 0.0413577
v 0.0025360 -0.0221107 0.0428225
v 0.0032007 -0.0221107 0.0428225
v 0.0032007 -0.0221107 0.0426335
v 0.0016377 -0.0221107 0.0413577
v 0.0016377 -0.0221107 0.0424981
v 0.0016343 -0.0221107 0.0424981
v 0.0012736 -0.0221107 0.0419311
v 0.0012461 -0.0221107 0.0419311
v 0.0008854 -0.0221107 0.0424981
v 0.0008820 -0.0221107 0.0424981
v 0.0008820 -0.0221107 0.0413577
v 0.0007136 -0.0221107 0.0413577
v 0.0007136 -0.0221107 0.0428225
v 0.0008717 -0.0221107 0.0428225
v 0.0012598 -0.0221107 0.0422211
v 0.0016497 -0.0221107 0.0428225
v 0.0018060 -0.0221107 0.0428225
v 0.0018060 -0.0221107 0.0413577
v -0.0005033 -0.0221107 0.0428348
v -0.0004160 -0.0221107 0.0428145
v -0.0003353 -0.0221107 0.0427817
v -0.0002617 -0.0221107 0.0427376
v -0.0001954 -0.0221107 0.0426830
v -0.0001368 -0.0221107 0.0426190
v -0.0000862 -0.0221107 0.0425464
v -0.0000441 -0.0221107 0.0424663
v -0.0000107 -0.0221107 0.0423797
v 0.0000136 -0.0221107 0.0422874
v 0.0000285 -0.0221107 0.0421906
v 0.0000335 -0.0221107 0.0420901
v 0.0000286 -0.0221107 0.0419923
v 0.0000141 -0.0221107 0.0418972
v -0.0000097 -0.0221107 0.0418059
v -0.0000427 -0.0221107 0.0417195
v -0.0000844 -0.0221107 0.0416392
v -0.0001346 -0.0221107 0.0415660
v -0.0001931 -0.0221107 0.0415010
v -0.0002596 -0.0221107 0.0414454
v -0.0003339 -0.0221107 0.0414002
v -0.0004156 -0.0221107 0.0413666
v -0.0005045 -0.0221107 0.0413456
v -0.0006003 -0.0221107 0.0413383
v -0.0006930 -0.0221107 0.0413455
v -0.0007796 -0.0221107 0.0413664
v -0.0008596 -0.0221107 0.0413999
v -0.0009326 -0.0221107 0.0414449
v -0.0009984 -0.0221107 0.0415004
v -0.0010565 -0.0221107 0.0415652
v -0.0011067 -0.0221107 0.0416383
v -0.0011485 -0.0221107 0.0417186
v -0.0011817 -0.0221107 0.0418050
v -0.0012058 -0.0221107 0.0418964
v -0.0012205 -0.0221107 0.0419918
v -0.0012255 -0.0221107 0.0420901
v -0.0012204 -0.0221107 0.0421901
v -0.0012053 -0.0221107 0.0422867
v -0.0011806 -0.0221107 0.0423788
v -0.0011469 -0.0221107 0.0424654
v -0.0011043 -0.0221107 0.0425455
v -0.0010535 -0.0221107 0.0426182
v -0.0009948 -0.0221107 0.0426824
v -0.0009285 -0.0221107 0.0427371
v -0.0008552 -0.0221107 0.0427814
v -0.0007752 -0.0221107 0.0428143
v -0.0006890 -0.0221107 0.0428348
v -0.0005969 -0.0221107 0.0428418
v -0.0005327 -0.0221107 0.0415365
v -0.0004718 -0.0221107 0.0415508
v -0.0004146 -0.0221107 0.0415739
v -0.0003616 -0.0221107 0.0416053
v -0.0003132 -0.0221107 0.0416445
v -0.0002699 -0.0221107 0.0416908
v -0.0002320 -0.0221107 0.0417439
v -0.0002000 -0.0221107 0.0418030
v -0.0001744 -0.0221107 0.0418678
v -0.0001556 -0.0221107 0.0419376
v -0.0001440 -0.0221107 0.0420118
v -0.0001400 -0.0221107 0.0420901
v -0.0001440 -0.0221107 0.0421687
v -0.0001556 -0.0221107 0.0422433
v -0.0001744 -0.0221107 0.0423132
v -0.0002000 -0.0221107 0.0423780
v -0.0002320 -0.0221107 0.0424372
v -0.0002699 -0.0221107 0.0424901
v -0.0003132 -0.0221107 0.0425363
v -0.0003616 -0.0221107 0.0425753
v -0.0004146 -0.0221107 0.0426065
v -0.0004718 -0.0221107 0.0426295
v -0.0005327 -0.0221107 0.0426437
v -0.0005969 -0.0221107 0.0426485
v -0.0006606 -0.0221107 0.0426437
v -0.0007212 -0.0221107 0.0426295
v -0.0007781 -0.0221107 0.0426065
v -0.0008309 -0.0221107 0.0425753
v -0.0008791 -0.0221107 0.0425363
v -0.0009223 -0.0221107 0.0424901
v -0.0009601 -0.0221107 0.0424372
v -0.0009920 -0.0221107 0.0423780
v -0.0010176 -0.0221107 0.0423132
v -0.0010364 -0.0221107 0.0422433
v -0.0010480 -0.0221107 0.0421687
v -0.0010520 -0.0221107 0.0420901
v -0.0010480 -0.0221107 0.0420118
v -0.0010364 -0.0221107 0.0419376
v -0.0010176 -0.0221107 0.0418678
v -0.0009920 -0.0221107 0.0418030
v -0.0009601 -0.0221107 0.0417439
v -0.0009223 -0.0221107 0.0416908
v -0.0008791 -0.0221107 0.0416445
v -0.0008309 -0.0221107 0.0416053
v -0.0007781 -0.0221107 0.0415739
v -0.0007212 -0.0221107 0.0415508
v -0.0006606 -0.0221107 0.0415365
v -0.0005969 -0.0221107 0.0415316
v -0.0023943 -0.0221107 0.0428348
v -0.0023070 -0.0221107 0.0428145
v -0.0022264 -0.0221107 0.0427817
v -0.0021527 -0.0221107 0.0427376
v -0.0020864 -0.0221107 0.0426830
v -0.0020278 -0.0221107 0.0426190
v -0.0019772 -0.0221107 0.0425464
v -0.0019351 -0.0221107 0.0424663
v -0.0019017 -0.0221107 0.0423797
v -0.0018774 -0.0221107 0.0422874
v -0.0018626 -0.0221107 0.0421906
v -0.0018575 -0.0221107 0.0420901
v -0.0018624 -0.0221107 0.0419923
v -0.0018769 -0.0221107 0.0418972
v -0.0019008 -0.0221107 0.0418059
v -0.0019337 -0.0221107 0.0417195
v -0.0019754 -0.0221107 0.0416392
v -0.0020256 -0.0221107 0.0415660
v -0.0020842 -0.0221107 0.0415010
v -0.0021507 -0.0221107 0.0414454
v -0.0022249 -0.0221107 0.0414002
v -0.0023066 -0.0221107 0.0413666
v -0.0023955 -0.0221107 0.0413456
v -0.0024913 -0.0221107 0.0413383
v -0.0025841 -0.0221107 0.0413455
v -0.0026706 -0.0221107 0.0413664
v -0.0027506 -0.0221107 0.0413999
v -0.0028236 -0.0221107 0.0414449
v -0.0028894 -0.0221107 0.0415004
v -0.0029475 -0.0221107 0.0415652
v -0.0029977 -0.0221107 0.0416383
v -0.0030395 -0.0221107 0.0417186
v -0.0030727 -0.0221107 0.0418050
v -0.0030968 -0.0221107 0.0418964
v -0.0031115 -0.0221107 0.0419918
v -0.0031165 -0.0221107 0.0420901
v -0.0031114 -0.0221107 0.0421901
v -0.0030963 -0.0221107 0.0422867
v -0.0030717 -0.0221107 0.0423788
v -0.0030379 -0.0221107 0.0424654
v -0.0029954 -0.0221107 0.0425455
v -0.0029445 -0.0221107 0.0426182
v -0.0028858 -0.0221107 0.0426824
v -0.0028196 -0.0221107 0.0427371
v -0.0027462 -0.0221107 0.0427814
v -0.0026662 -0.0221107 0.0428143
v -0.0025800 -0.0221107 0.0428348
v -0.0024879 -0.0221107 0.0428418
v -0.0024237 -0.0221107 0.0415365
v -0.0023628 -0.0221107 0.0415508
v -0.0023056 -0.0221107 0.0415739
v -0.0022526 -0.0221107 0.0416053
v -0.0022043 -0.0221107 0.0416445
v -0.0021609 -0.0221107 0.0416908
v -0.0021230 -0.0221107 0.0417439
v -0.0020911 -0.0221107 0.0418030
v -0.0020654 -0.0221107 0.0418678
v -0.0020466 -0.0221107 0.0419376
v -0.0020350 -0.0221107 0.0420118
v -0.0020310 -0.0221107 0.0420901
v -0.0020350 -0.0221107 0.0421687
v -0.0020466 -0.0221107 0.0422433
v -0.0020654 -0.0221107 0.0423132
v -0.0020911 -0.0221107 0.0423780
v -0.0021230 -0.0221107 0.0424372
v -0.0021609 -0.0221107 0.0424901
v -0.0022043 -0.0221107 0.0425363
v -0.0022526 -0.0221107 0.0425753
v -0.0023056 -0.0221107 0.0426065
v -0.0023628 -0.0221107 0.0426295
v -0.0024237 -0.0221107 0.0426437
v -0.0024879 -0.0221107 0.0426485
v -0.0025517 -0.0221107 0.0426437
v -0.0026122 -0.0221107 0.0426295
v -0.0026691 -0.0221107 0.0426065
v -0.0027219 -0.0221107 0.0425753
v -0.0027701 -0.0221107 0.0425363
v -0.0028134 -0.0221107 0.0424901
v -0.0028511 -0.0221107 0.0424372
v -0.0028830 -0.0221107 0.0423780
v -0.0029086 -0.0221107 0.0423132
v -0.0029274 -0.0221107 0.0422433
v -0.0029391 -0.0221107 0.0421687
v -0.0029430 -0.0221107 0.0420901
v -0.0029391 -0.0221107 0.0420118
v -0.0029274 -0.0221107 0.0419376
v -0.0029086 -0.0221107 0.0418678
v -0.0028830 -0.0221107 0.0418030
v -0.0028511 -0.0221107 0.0417439
v -0.0028134 -0.0221107 0.0416908
v -0.0027701 -0.0221107 0.0416445
v -0.0027219 -0.0221107 0.0416053
v -0.0026691 -0.0221107 0.0415739
v -0.0026122 -0.0221107 0.0415508
v -0.0025517 -0.0221107 0.0415365
v -0.0024879 -0.0221107 0.0415316
v -0.0047070 -0.0221107 0.0428225
v -0.0036970 -0.0221107 0.0428225
v -0.0044425 -0.0221107 0.0415467
v -0.0036970 -0.0221107 0.0415467
v -0.0036970 -0.0221107 0.0413577
v -0.0047533 -0.0221107 0.0413577
v -0.0040079 -0.0221107 0.0426335
v -0.0047070 -0.0221107 0.0426335
v 0.0042284 -0.0220391 0.0428192
v 0.0042819 -0.0220391 0.0428097
v 0.0043312 -0.0220391 0.0427940
v 0.0043762 -0.0220391 0.0427724
v 0.0044166 -0.0220391 0.0427452
v 0.0044523 -0.0220391 0.0427124
v 0.0044831 -0.0220391 0.0426744
v 0.0045087 -0.0220391 0.0426312
v 0.0045290 -0.0220391 0.0425833
v 0.0045438 -0.0220391 0.0425306
v 0.0045528 -0.0220391 0.0424735
v 0.0045558 -0.0220391 0.0424122
v 0.0045544 -0.0220391 0.0423707
v 0.0045500 -0.0220391 0.0423311
v 0.0045429 -0.0220391 0.0422934
v 0.0045329 -0.0220391 0.0422577
v 0.0045203 -0.0220391 0.0422241
v 0.0045049 -0.0220391 0.0421926
v 0.0044870 -0.0220391 0.0421634
v 0.0044665 -0.0220391 0.0421365
v 0.0044435 -0.0220391 0.0421120
v 0.0044181 -0.0220391 0.0420900
v 0.0043902 -0.0220391 0.0420704
v 0.0043600 -0.0220391 0.0420535
v 0.0043858 -0.0220391 0.0420305
v 0.0044101 -0.0220391 0.0420056
v 0.0044332 -0.0220391 0.0419786
v 0.0044552 -0.0220391 0.0419497
v 0.0044764 -0.0220391 0.0419189
v 0.0044970 -0.0220391 0.0418860
v 0.0045172 -0.0220391 0.0418512
v 0.0045374 -0.0220391 0.0418144
v 0.0045576 -0.0220391 0.0417757
v 0.0045781 -0.0220391 0.0417350
v 0.0045992 -0.0220391 0.0416923
v 0.0046211 -0.0220391 0.0416476
v 0.0046332 -0.0220391 0.0416234
v 0.0046446 -0.0220391 0.0416008
v 0.0046557 -0.0220391 0.0415793
v 0.0046667 -0.0220391 0.0415586
v 0.0046778 -0.0220391 0.0415380
v 0.0046894 -0.0220391 0.0415171
v 0.0047015 -0.0220391 0.0414954
v 0.0047146 -0.0220391 0.0414724
v 0.0047288 -0.0220391 0.0414477
v 0.0047444 -0.0220391 0.0414206
v 0.0047617 -0.0220391 0.0413908
v 0.0047808 -0.0220391 0.0413577
v 0.0045799 -0.0220391 0.0413577
v 0.0044253 -0.0220391 0.0416583
v 0.0043883 -0.0220391 0.0417281
v 0.0043545 -0.0220391 0.0417876
v 0.0043236 -0.0220391 0.0418376
v 0.0042951 -0.0220391 0.0418789
v 0.0042687 -0.0220391 0.0419123
v 0.0042441 -0.0220391 0.0419386
v 0.0042209 -0.0220391 0.0419587
v 0.0041988 -0.0220391 0.0419734
v 0.0041775 -0.0220391 0.0419833
v 0.0041565 -0.0220391 0.0419895
v 0.0041356 -0.0220391 0.0419926
v 0.0041144 -0.0220391 0.0419934
v 0.0040440 -0.0220391 0.0419934
v 0.0040440 -0.0220391 0.0413577
v 0.0038757 -0.0220391 0.0413577
v 0.0038757 -0.0220391 0.0428225
v 0.0041711 -0.0220391 0.0428225
v 0.0041522 -0.0220391 0.0421824
v 0.0041946 -0.0220391 0.0421848
v 0.0042320 -0.0220391 0.0421916
v 0.0042645 -0.0220391 0.0422025
v 0.0042924 -0.0220391 0.0422170
v 0.0043160 -0.0220391 0.0422349
v 0.0043355 -0.0220391 0.0422557
v 0.0043513 -0.0220391 0.0422791
v 0.0043635 -0.0220391 0.0423046
v 0.0043725 -0.0220391 0.0423319
v 0.0043784 -0.0220391 0.0423607
v 0.0043816 -0.0220391 0.0423904
v 0.0043823 -0.0220391 0.0424208
v 0.0043806 -0.0220391 0.0424541
v 0.0043760 -0.0220391 0.0424849
v 0.0043686 -0.0220391 0.0425134
v 0.0043582 -0.0220391 0.0425393
v 0.0043446 -0.0220391 0.0425625
v 0.0043278 -0.0220391 0.0425830
v 0.0043076 -0.0220391 0.0426006
v 0.0042840 -0.0220391 0.0426152
v 0.0042567 -0.0220391 0.0426268
v 0.0042258 -0.0220391 0.0426352
v 0.0041910 -0.0220391 0.0426403
v 0.0041522 -0.0220391 0.0426421
v 0.0040440 -0.0220391 0.0426421
v 0.0040440 -0.0220391 0.0421824
v 0.0027043 -0.0220391 0.0426335
v 0.0027043 -0.0220391 0.0421910
v 0.0031835 -0.0220391 0.0421910
v 0.0031835 -0.0220391 0.0420020
v 0.0027043 -0.0220391 0.0420020
v 0.0027043 -0.0220391 0.0415467
v 0.0032161 -0.0220391 0.0415467
v 0.0032161 -0.0220391 0.0413577
v 0.0025360 -0.0220391 0.0413577
v 0.0025360 -0.0220391 0.0428225
v 0.0032007 -0.0220391 0.0428225
v 0.0032007 -0.0220391 0.0426335
v 0.0016377 -0.0220391 0.0413577
v 0.0016377 -0.0220391 0.0424981
v 0.0016343 -0.0220391 0.0424981
v 0.0012736 -0.0220391 0.0419311
v 0.0012461 -0.0220391 0.0419311
v 0.0008854 -0.0220391 0.0424981
v 0.0008820 -0.0220391 0.0424981
v 0.0008820 -0.0220391 0.0413577
v 0.0007136 -0.0220391 0.0413577
v 0.0007136 -0.0220391 0.0428225
v 0.0008717 -0.0220391 0.0428225
v 0.0012598 -0.0220391 0.0422211
v 0.0016497 -0.0220391 0.0428225
v 0.0018060 -0.0220391 0.0428225
v 0.0018060 -0.0220391 0.0413577
v -0.0005033 -0.0220391 0.0428348
v -0.0004160 -0.0220391 0.0428145
v -0.0003353 -0.0220391 0.0427817
v -0.0002617 -0.0220391 0.0427376
v -0.0001954 -0.0220391 0.0426830
v -0.0001368 -0.0220391 0.0426190
v -0.0000862 -0.0220391 0.0425464
v -0.0000441 -0.0220391 0.0424663
v -0.0000107 -0.0220391 0.0423797
v 0.0000136 -0.0220391 0.0422874
v 0.0000285 -0.0220391 0.0421906
v 0.0000335 -0.0220391 0.0420901
v 0.0000286 -0.0220391 0.0419923
v 0.0000141 -0.0220391 0.0418972
v -0.0000097 -0.0220391 0.0418059
v -0.0000427 -0.0220391 0.0417195
v -0.0000844 -0.0220391 0.0416392
v -0.0001346 -0.0220391 0.0415660
v -0.0001931 -0.0220391 0.0415010
v -0.0002596 -0.0220391 0.0414454
v -0.0003339 -0.0220391 0.0414002
v -0.0004156 -0.0220391 0.0413666
v -0.0005045 -0.0220391 0.0413456
v -0.0006003 -0.0220391 0.0413383
v -0.0006930 -0.0220391 0.0413455
v -0.0007796 -0.0220391 0.0413664
v -0.0008596 -0.0220391 0.0413999
v -0.0009326 -0.0220391 0.0414449
v -0.0009984 -0.0220391 0.0415004
v -0.0010565 -0.0220391 0.0415652
v -0.0011067 -0.0220391 0.0416383
v -0.0011485 -0.0220391 0.0417186
v -0.0011817 -0.0220391 0.0418050
v -0.0012058 -0.0220391 0.0418964
v -0.0012205 -0.0220391 0.0419918
v -0.0012255 -0.0220391 0.0420901
v -0.0012204 -0.0220391 0.0421901
v -0.0012053 -0.0220391 0.0422867
v -0.0011806 -0.0220391 0.0423788
v -0.0011469 -0.0220391 0.0424654
v -0.0011043 -0.0220391 0.0425455
v -0.0010535 -0.0220391 0.0426182
v -0.0009948 -0.0220391 0.0426824
v -0.0009285 -0.0220391 0.0427371
v -0.0008552 -0.0220391 0.0427814
v -0.0007752 -0.0220391 0.0428143
v -0.0006890 -0.0220391 0.0428348
v -0.0005969 -0.0220391 0.0428418
v -0.0005327 -0.0220391 0.0415365
v -0.0004718 -0.0220391 0.0415508
v -0.0004146 -0.0220391 0.0415739
v -0.0003616 -0.0220391 0.0416053
v -0.0003132 -0.0220391 0.0416445
v -0.0002699 -0.0220391 0.0416908
v -0.0002320 -0.0220391 0.0417439
v -0.0002000 -0.0220391 0.0418030
v -0.0001744 -0.0220391 0.0418678
v -0.0001556 -0.0220391 0.0419376
v -0.0001440 -0.0220391 0.0420118
v -0.0001400 -0.0220391 0.0420901
v -0.0001440 -0.0220391 0.0421687
v -0.0001556 -0.0220391 0.0422433
v -0.0001744 -0.0220391 0.0423132
v -0.0002000 -0.0220391 0.0423780
v -0.0002320 -0.0220391 0.0424372
v -0.0002699 -0.0220391 0.0424901
v -0.0003132 -0.0220391 0.0425363
v -0.0003616 -0.0220391 0.0425753
v -0.0004146 -0.0220391 0.0426065
v -0.0004718 -0.0220391 0.0426295
v -0.0005327 -0.0220391 0.0426437
v -0.0005969 -0.0220391 0.0426485
v -0.0006606 -0.0220391 0.0426437
v -0.0007212 -0.0220391 0.0426295
v -0.0007781 -0.0220391 0.0426065
v -0.0008309 -0.0220391 0.0425753
v -0.0008791 -0.0220391 0.0425363
v -0.0009223 -0.0220391 0.0424901
v -0.0009601 -0.0220391 0.0424372
v -0.0009920 -0.0220391 0.0423780
v -0.0010176 -0.0220391 0.0423132
v -0.0010364 -0.0220391 0.0422433
v -0.0010480 -0.0220391 0.0421687
v -0.0010520 -0.0220391 0.0420901
v -0.0010480 -0.0220391 0.0420118
v -0.0010364 -0.0220391 0.0419376
v -0.0010176 -0.0220391 0.0418678
v -0.0009920 -0.0220391 0.0418030
v -0.0009601 -0.0220391 0.0417439
v -0.0009223 -0.0220391 0.0416908
v -0.0008791 -0.0220391 0.0416445
v -0.0008309 -0.0220391 0.0416053
v -0.0007781 -0.0220391 0.0415739
v -0.0007212 -0.0220391 0.0415508
v -0.0006606 -0.0220391 0.0415365
v -0.0005969 -0.0220391 0.0415316
v -0.0023943 -0.0220391 0.0428348
v -0.0023070 -0.0220391 0.0428145
v -0.0022264 -0.0220391 0.0427817
v -0.0021527 -0.0220391 0.0427376
v -0.0020864 -0.0220391 0.0426830
v -0.0020278 -0.0220391 0.0426190
v -0.0019772 -0.0220391 0.0425464
v -0.0019351 -0.0220391 0.0424663
v -0.0019017 -0.0220391 0.0423797
v -0.0018774 -0.0220391 0.0422874
v -0.0018626 -0.0220391 0.0421906
v -0.0018575 -0.0220391 0.0420901
v -0.0018624 -0.0220391 0.0419923
v -0.0018769 -0.0220391 0.0418972
v -0.0019008 -0.0220391 0.0418059
v -0.0019337 -0.0220391 0.0417195
v -0.0019754 -0.0220391 0.0416392
v -0.0020256 -0.0220391 0.0415660
v -0.0020842 -0.0220391 0.0415010
v -0.0021507 -0.0220391 0.0414454
v -0.0022249 -0.0220391 0.0414002
v -0.0023066 -0.0220391 0.0413666
v -0.0023955 -0.0220391 0.0413456
v -0.0024913 -0.0220391 0.0413383
v -0.0025841 -0.0220391 0.0413455
v -0.0026706 -0.0220391 0.0413664
v -0.0027506 -0.0220391 0.0413999
v -0.0028236 -0.0220391 0.0414449
v -0.0028894 -0.0220391 0.0415004
v -0.0029475 -0.0220391 0.0415652
v -0.0029977 -0.0220391 0.0416383
v -0.0030395 -0.0220391 0.0417186
v -0.0030727 -0.0220391 0.0418050
v -0.0030968 -0.0220391 0.0418964
v -0.0031115 -0.0220391 0.0419918
v -0.0031165 -0.0220391 0.0420901
v -0.0031114 -0.0220391 0.0421901
v -0.0030963 -0.0220391 0.0422867
v -0.0030717 -0.0220391 0.0423788
v -0.0030379 -0.0220391 0.0424654
v -0.0029954 -0.0220391 0.0425455
v -0.0029445 -0.0220391 0.0426182
v -0.0028858 -0.0220391 0.0426824
v -0.0028196 -0.0220391 0.0427371
v -0.0027462 -0.0220391 0.0427814
v -0.0026662 -0.0220391 0.0428143
v -0.0025800 -0.0220391 0.0428348
v -0.0024879 -0.0220391 0.0428418
v -0.0024237 -0.0220391 0.0415365
v -0.0023628 -0.0220391 0.0415508
v -0.0023056 -0.0220391 0.0415739
v -0.0022526 -0.0220391 0.0416053
v -0.0022043 -0.0220391 0.0416445
v -0.0021609 -0.0220391 0.0416908
v -0.0021230 -0.0220391 0.0417439
v -0.0020911 -0.0220391 0.0418030
v -0.0020654 -0.0220391 0.0418678
v -0.0020466 -0.0220391 0.0419376
v -0.0020350 -0.0220391 0.0420118
v -0.0020310 -0.0220391 0.0420901
v -0.0020350 -0.0220391 0.0421687
v -0.0020466 -0.0220391 0.0422433
v -0.0020654 -0.0220391 0.0423132
v -0.0020911 -0.0220391 0.0423780
v -0.0021230 -0.0220391 0.0424372
v -0.0021609 -0.0220391 0.0424901
v -0.0022043 -0.0220391 0.0425363
v -0.0022526 -0.0220391 0.0425753
v -0.0023056 -0.0220391 0.0426065
v -0.0023628 -0.0220391 0.0426295
v -0.0024237 -0.0220391 0.0426437
v -0.0024879 -0.0220391 0.0426485
v -0.0025517 -0.0220391 0.0426437
v -0.0026122 -0.0220391 0.0426295
v -0.0026691 -0.0220391 0.0426065
v -0.0027219 -0.0220391 0.0425753
v -0.0027701 -0.0220391 0.0425363
v -0.0028134 -0.0220391 0.0424901
v -0.0028511 -0.0220391 0.0424372
v -0.0028830 -0.0220391 0.0423780
v -0.0029086 -0.0220391 0.0423132
v -0.0029274 -0.0220391 0.0422433
v -0.0029391 -0.0220391 0.0421687
v -0.0029430 -0.0220391 0.0420901
v -0.0029391 -0.0220391 0.0420118
v -0.0029274 -0.0220391 0.0419376
v -0.0029086 -0.0220391 0.0418678
v -0.0028830 -0.0220391 0.0418030
v -0.0028511 -0.0220391 0.0417439
v -0.0028134 -0.0220391 0.0416908
v -0.0027701 -0.0220391 0.0416445
v -0.0027219 -0.0220391 0.0416053
v -0.0026691 -0.0220391 0.0415739
v -0.0026122 -0.0220391 0.0415508
v -0.0025517 -0.0220391 0.0415365
v -0.0024879 -0.0220391 0.0415316
v -0.0047070 -0.0220391 0.0428225
v -0.0036970 -0.0220391 0.0428225
v -0.0044425 -0.0220391 0.0415467
v -0.0036970 -0.0220391 0.0415467
v -0.0036970 -0.0220391 0.0413577
v -0.0047533 -0.0220391 0.0413577
v -0.0040079 -0.0220391 0.0426335
v -0.0047070 -0.0220391 0.0426335
v -0.0047070 -0.0220391 0.0428225
v -0.0047070 -0.0221107 0.0428225
v -0.0036970 -0.0220391 0.0428225
v -0.0036970 -0.0221107 0.0428225
v -0.0044425 -0.0220391 0.0415467
v -0.0044425 -0.0221107 0.0415467
v -0.0036970 -0.0220391 0.0415467
v -0.0036970 -0.0221107 0.0415467
v -0.0036970 -0.0220391 0.0413577
v -0.0036970 -0.0221107 0.0413577
v -0.0047533 -0.0220391 0.0413577
v -0.0047533 -0.0221107 0.0413577
v -0.0040079 -0.0220391 0.0426335
v -0.0040079 -0.0221107 0.0426335
v -0.0047070 -0.0220391 0.0426335
v -0.0047070 -0.0221107 0.0426335
v -0.0023943 -0.0220391 0.0428348
v -0.0023943 -0.0221107 0.0428348
v -0.0023070 -0.0220391 0.0428145
v -0.0023070 -0.0221107 0.0428145
v -0.0022264 -0.0220391 0.0427817
v -0.0022264 -0.0221107 0.0427817
v -0.0021527 -0.0220391 0.0427376
v -0.0021527 -0.0221107 0.0427376
v -0.0020864 -0.0220391 0.0426830
v -0.0020864 -0.0221107 0.0426830
v -0.0020278 -0.0220391 0.0426190
v -0.0020278 -0.0221107 0.0426190
v -0.0019772 -0.0220391 0.0425464
v -0.0019772 -0.0221107 0.0425464
v -0.0019351 -0.0220391 0.0424663
v -0.0019351 -0.0221107 0.0424663
v -0.0019017 -0.0220391 0.0423797
v -0.0019017 -0.0221107 0.0423797
v -0.0018774 -0.0220391 0.0422874
v -0.0018774 -0.0221107 0.0422874
v -0.0018626 -0.0220391 0.0421906
v -0.0018626 -0.0221107 0.0421906
v -0.0018575 -0.0220391 0.0420901
v -0.0018575 -0.0221107 0.0420901
v -0.0018624 -0.0220391 0.0419923
v -0.0018624 -0.0221107 0.0419923
v -0.0018769 -0.0220391 0.0418972
v -0.0018769 -0.0221107 0.0418972
v -0.0019008 -0.0220391 0.0418059
v -0.0019008 -0.0221107 0.0418059
v -0.0019337 -0.0220391 0.0417195
v -0.0019337 -0.0221107 0.0417195
v -0.0019754 -0.0220391 0.0416392
v -0.0019754 -0.0221107 0.0416392
v -0.0020256 -0.0220391 0.0415660
v -0.0020256 -0.0221107 0.0415660
v -0.0020842 -0.0220391 0.0415010
v -0.0020842 -0.0221107 0.0415010
v -0.0021507 -0.0220391 0.0414454
v -0.0021507 -0.0221107 0.0414454
v -0.0022249 -0.0220391 0.0414002
v -0.0022249 -0.0221107 0.0414002
v -0.0023066 -0.0220391 0.0413666
v -0.0023066 -0.0221107 0.0413666
v -0.0023955 -0.0220391 0.0413456
v -0.0023955 -0.0221107 0.0413456
v -0.0024913 -0.0220391 0.0413383
v -0.0024913 -0.0221107 0.0413383
v -0.0025841 -0.0220391 0.0413455
v -0.0025841 -0.0221107 0.0413455
v -0.0026706 -0.0220391 0.0413664
v -0.0026706 -0.0221107 0.0413664
v -0.0027506 -0.0220391 0.0413999
v -0.0027506 -0.0221107 0.0413999
v -0.0028236 -0.0220391 0.0414449
v -0.0028236 -0.0221107 0.0414449
v -0.0028894 -0.0220391 0.0415004
v -0.0028894 -0.0221107 0.0415004
v -0.0029475 -0.0220391 0.0415652
v -0.0029475 -0.0221107 0.0415652
v -0.0029977 -0.0220391 0.0416383
v -0.0029977 -0.0221107 0.0416383
v -0.0030395 -0.0220391 0.0417186
v -0.0030395 -0.0221107 0.0417186
v -0.0030727 -0.0220391 0.0418050
v -0.0030727 -0.0221107 0.0418050
v -0.0030968 -0.0220391 0.0418964
v -0.0030968 -0.0221107 0.0418964
v -0.0031115 -0.0220391 0.0419918
v -0.0031115 -0.0221107 0.0419918
v -0.0031165 -0.0220391 0.0420901
v -0.0031165 -0.0221107 0.0420901
v -0.0031114 -0.0220391 0.0421901
v -0.0031114 -0.0221107 0.0421901
v -0.0030963 -0.0220391 0.0422867
v -0.0030963 -0.0221107 0.0422867
v -0.0030717 -0.0220391 0.0423788
v -0.0030717 -0.0221107 0.0423788
v -0.0030379 -0.0220391 0.0424654
v -0.0030379 -0.0221107 0.0424654
v -0.0029954 -0.0220391 0.0425455
v -0.0029954 -0.0221107 0.0425455
v -0.0029445 -0.0220391 0.0426182
v -0.0029445 -0.0221107 0.0426182
v -0.0028858 -0.0220391 0.0426824
v -0.0028858 -0.0221107 0.0426824
v -0.0028196 -0.0220391 0.0427371
v -0.0028196 -0.0221107 0.0427371
v -0.0027462 -0.0220391 0.0427814
v -0.0027462 -0.0221107 0.0427814
v -0.0026662 -0.0220391 0.0428143
v -0.0026662 -0.0221107 0.0428143
v -0.0025800 -0.0220391 0.0428348
v -0.0025800 -0.0221107 0.0428348
v -0.0024879 -0.0220391 0.0428418
v -0.0024879 -0.0221107 0.0428418
v -0.0024237 -0.0220391 0.0415365
v -0.0024237 -0.0221107 0.0415365
v -0.0023628 -0.0220391 0.0415508
v -0.0023628 -0.0221107 0.0415508
v -0.0023056 -0.0220391 0.0415739
v -0.0023056 -0.0221107 0.0415739
v -0.0022526 -0.0220391 0.0416053
v -0.0022526 -0.0221107 0.0416053
v -0.0022043 -0.0220391 0.0416445
v -0.0022043 -0.0221107 0.0416445
v -0.0021609 -0.0220391 0.0416908
v -0.0021609 -0.0221107 0.0416908
v -0.0021230 -0.0220391 0.0417439
v -0.0021230 -0.0221107 0.0417439
v -0.0020911 -0.0220391 0.0418030
v -0.0020911 -0.0221107 0.0418030
v -0.0020654 -0.0220391 0.0418678
v -0.0020654 -0.0221107 0.0418678
v -0.0020466 -0.0220391 0.0419376
v -0.0020466 -0.0221107 0.0419376
v -0.0020350 -0.0220391 0.0420118
v -0.0020350 -0.0221107 0.0420118
v -0.0020310 -0.0220391 0.0420901
v -0.0020310 -0.0221107 0.0420901
v -0.0020350 -0.0220391 0.0421687
v -0.0020350 -0.0221107 0.0421687
v -0.0020466 -0.0220391 0.0422433
v -0.0020466 -0.0221107 0.0422433
v -0.0020654 -0.0220391 0.0423132
v -0.0020654 -0.0221107 0.0423132
v -0.0020911 -0.0220391 0.0423780
v -0.0020911 -0.0221107 0.0423780
v -0.0021230 -0.0220391 0.0424372
v -0.0021230 -0.0221107 0.0424372
v -0.0021609 -0.0220391 0.0424901
v -0.0021609 -0.0221107 0.0424901
v -0.0022043 -0.0220391 0.0425363
v -0.0022043 -0.0221107 0.0425363
v -0.0022526 -0.0220391 0.0425753
v -0.0022526 -0.0221107 0.0425753
v -0.0023056 -0.0220391 0.0426065
v -0.0023056 -0.0221107 0.0426065
v -0.0023628 -0.0220391 0.0426295
v -0.0023628 -0.0221107 0.0426295
v -0.0024237 -0.0220391 0.0426437
v -0.0024237 -0.0221107 0.0426437
v -0.0024879 -0.0220391 0.0426485
v -0.0024879 -0.0221107 0.0426485
v -0.0025517 -0.0220391 0.0426437
v -0.0025517 -0.0221107 0.0426437
v -0.0026122 -0.0220391 0.0426295
v -0.0026122 -0.0221107 0.0426295
v -0.0026691 -0.0220391 0.0426065
v -0.0026691 -0.0221107 0.0426065
v -0.0027219 -0.0220391 0.0425753
v -0.0027219 -0.0221107 0.0425753
v -0.0027701 -0.0220391 0.0425363
v -0.0027701 -0.0221107 0.0425363
v -0.0028134 -0.0220391 0.0424901
v -0.0028134 -0.0221107 0.0424901
v -0.0028511 -0.0220391 0.0424372
v -0.0028511 -0.0221107 0.0424372
v -0.0028830 -0.0220391 0.0423780
v -0.0028830 -0.0221107 0.0423780
v -0.0029086 -0.0220391 0.0423132
v -0.0029086 -0.0221107 0.0423132
v -0.0029274 -0.0220391 0.0422433
v -0.0029274 -0.0221107 0.0422433
v -0.0029391 -0.0220391 0.0421687
v -0.0029391 -0.0221107 0.0421687
v -0.0029430 -0.0220391 0.0420901
v -0.0029430 -0.0221107 0.0420901
v -0.0029391 -0.0220391 0.0420118
v -0.0029391 -0.0221107 0.0420118
v -0.0029274 -0.0220391 0.0419376
v -0.0029274 -0.0221107 0.0419376
v -0.0029086 -0.0220391 0.0418678
v -0.0029086 -0.0221107 0.0418678
v -0.0028830 -0.0220391 0.0418030
v -0.0028830 -0.0221107 0.0418030
v -0.0028511 -0.0220391 0.0417439
v -0.0028511 -0.0221107 0.0417439
v -0.0028134 -0.0220391 0.0416908
v -0.0028134 -0.0221107 0.0416908
v -0.0027701 -0.0220391 0.0416445
v -0.0027701 -0.0221107 0.0416445
v -0.0027219 -0.0220391 0.0416053
v -0.0027219 -0.0221107 0.0416053
v -0.0026691 -0.0220391 0.0415739
v -0.0026691 -0.0221107 0.0415739
v -0.0026122 -0.0220391 0.0415508
v -0.0026122 -0.0221107 0.0415508
v -0.0025517 -0.0220391 0.0415365
v -0.0025517 -0.0221107 0.0415365
v -0.0024879 -0.0220391 0.0415316
v -0.0024879 -0.0221107 0.0415316
v -0.0005033 -0.0220391 0.0428348
v -0.0005033 -0.0221107 0.0428348
v -0.0004160 -0.0220391 0.0428145
v -0.0004160 -0.0221107 0.0428145
v -0.0003353 -0.0220391 0.0427817
v -0.0003353 -0.0221107 0.0427817
v -0.0002617 -0.0220391 0.0427376
v -0.0002617 -0.0221107 0.0427376
v -0.0001954 -0.0220391 0.0426830
v -0.0001954 -0.0221107 0.0426830
v -0.0001368 -0.0220391 0.0426190
v -0.0001368 -0.0221107 0.0426190
v -0.0000862 -0.0220391 0.0425464
v -0.0000862 -0.0221107 0.0425464
v -0.0000441 -0.0220391 0.0424663
v -0.0000441 -0.0221107 0.0424663
v -0.0000107 -0.0220391 0.0423797
v -0.0000107 -0.0221107 0.0423797
v 0.0000136 -0.0220391 0.0422874
v 0.0000136 -0.0221107 0.0422874
v 0.0000285 -0.0220391 0.0421906
v 0.0000285 -0.0221107 0.0421906
v 0.0000335 -0.0220391 0.0420901
v 0.0000335 -0.0221107 0.0420901
v 0.0000286 -0.0220391 0.0419923
v 0.0000286 -0.0221107 0.0419923
v 0.0000141 -0.0220391 0.0418972
v 0.0000141 -0.0221107 0.0418972
v -0.0000097 -0.0220391 0.0418059
v -0.0000097 -0.0221107 0.0418059
v -0.0000427 -0.0220391 0.0417195
v -0.0000427 -0.0221107 0.0417195
v -0.0000844 -0.0220391 0.0416392
v -0.0000844 -0.0221107 0.0416392
v -0.0001346 -0.0220391 0.0415660
v -0.0001346 -0.0221107 0.0415660
v -0.0001931 -0.0220391 0.0415010
v -0.0001931 -0.0221107 0.0415010
v -0.0002596 -0.0220391 0.0414454
v -0.0002596 -0.0221107 0.0414454
v -0.0003339 -0.0220391 0.0414002
v -0.0003339 -0.0221107 0.0414002
v -0.0004156 -0.0220391 0.0413666
v -0.0004156 -0.0221107 0.0413666
v -0.0005045 -0.0220391 0.0413456
v -0.0005045 -0.0221107 0.0413456
v -0.0006003 -0.0220391 0.0413383
v -0.0006003 -0.0221107 0.0413383
v -0.0006930 -0.0220391 0.0413455
v -0.0006930 -0.0221107 0.0413455
v -0.0007796 -0.0220391 0.0413664
v -0.0007796 -0.0221107 0.0413664
v -0.0008596 -0.0220391 0.0413999
v -0.0008596 -0.0221107 0.0413999
v -0.0009326 -0.0220391 0.0414449
v -0.0009326 -0.0221107 0.0414449
v -0.0009984 -0.0220391 0.0415004
v -0.0009984 -0.0221107 0.0415004
v -0.0010565 -0.0220391 0.0415652
v -0.0010565 -0.0221107 0.0415652
v -0.0011067 -0.0220391 0.0416383
v -0.0011067 -0.0221107 0.0416383
v -0.0011485 -0.0220391 0.0417186
v -0.0011485 -0.0221107 0.0417186
v -0.0011817 -0.0220391 0.0418050
v -0.0011817 -0.0221107 0.0418050
v -0.0012058 -0.0220391 0.0418964
v -0.0012058 -0.0221107 0.0418964
v -0.0012205 -0.0220391 0.0419918
v -0.0012205 -0.0221107 0.0419918
v -0.0012255 -0.0220391 0.0420901
v -0.0012255 -0.0221107 0.0420901
v -0.0012204 -0.0220391 0.0421901
v -0.0012204 -0.0221107 0.0421901
v -0.0012053 -0.0220391 0.0422867
v -0.0012053 -0.0221107 0.0422867
v -0.0011806 -0.0220391 0.0423788
v -0.0011806 -0.0221107 0.0423788
v -0.0011469 -0.0220391 0.0424654
v -0.0011469 -0.0221107 0.0424654
v -0.0011043 -0.0220391 0.0425455
v -0.0011043 -0.0221107 0.0425455
v -0.0010535 -0.0220391 0.0426182
v -0.0010535 -0.0221107 0.0426182
v -0.0009948 -0.0220391 0.0426824
v -0.0009948 -0.0221107 0.0426824
v -0.0009285 -0.0220391 0.0427371
v -0.0009285 -0.0221107 0.0427371
v -0.0008552 -0.0220391 0.0427814
v -0.0008552 -0.0221107 0.0427814
v -0.0007752 -0.0220391 0.0428143
v -0.0007752 -0.0221107 0.0428143
v -0.0006890 -0.0220391 0.0428348
v -0.0006890 -0.0221107 0.0428348
v -0.0005969 -0.0220391 0.0428418
v -0.0005969 -0.0221107 0.0428418
v -0.0005327 -0.0220391 0.0415365
v -0.0005327 -0.0221107 0.0415365
v -0.0004718 -0.0220391 0.0415508
v -0.0004718 -0.0221107 0.0415508
v -0.0004146 -0.0220391 0.0415739
v -0.0004146 -0.0221107 0.0415739
v -0.0003616 -0.0220391 0.0416053
v -0.0003616 -0.0221107 0.0416053
v -0.0003132 -0.0220391 0.0416445
v -0.0003132 -0.0221107 0.0416445
v -0.0002699 -0.0220391 0.0416908
v -0.0002699 -0.0221107 0.0416908
v -0.0002320 -0.0220391 0.0417439
v -0.0002320 -0.0221107 0.0417439
v -0.0002000 -0.0220391 0.0418030
v -0.0002000 -0.0221107 0.0418030
v -0.0001744 -0.0220391 0.0418678
v -0.0001744 -0.0221107 0.0418678
v -0.0001556 -0.0220391 0.0419376
v -0.0001556 -0.0221107 0.0419376
v -0.0001440 -0.0220391 0.0420118
v -0.0001440 -0.0221107 0.0420118
v -0.0001400 -0.0220391 0.0420901
v -0.0001400 -0.0221107 0.0420901
v -0.0001440 -0.0220391 0.0421687
v -0.0001440 -0.0221107 0.0421687
v -0.0001556 -0.0220391 0.0422433
v -0.0001556 -0.0221107 0.0422433
v -0.0001744 -0.0220391 0.0423132
v -0.0001744 -0.0221107 0.0423132
v -0.0002000 -0.0220391 0.0423780
v -0.0002000 -0.0221107 0.0423780
v -0.0002320 -0.0220391 0.0424372
v -0.0002320 -0.0221107 0.0424372
v -0.0002699 -0.0220391 0.0424901
v -0.0002699 -0.0221107 0.0424901
v -0.0003132 -0.0220391 0.0425363
v -0.0003132 -0.0221107 0.0425363
v -0.0003616 -0.0220391 0.0425753
v -0.0003616 -0.0221107 0.0425753
v -0.0004146 -0.0220391 0.0426065
v -0.0004146 -0.0221107 0.0426065
v -0.0004718 -0.0220391 0.0426295
v -0.0004718 -0.0221107 0.0426295
v -0.0005327 -0.0220391 0.0426437
v -0.0005327 -0.0221107 0.0426437
v -0.0005969 -0.0220391 0.0426485
v -0.0005969 -0.0221107 0.0426485
v -0.0006606 -0.0220391 0.0426437
v -0.0006606 -0.0221107 0.0426437
v -0.0007212 -0.0220391 0.0426295
v -0.0007212 -0.0221107 0.0426295
v -0.0007781 -0.0220391 0.0426065
v -0.0007781 -0.0221107 0.0426065
v -0.0008309 -0.0220391 0.0425753
v -0.0008309 -0.0221107 0.0425753
v -0.0008791 -0.0220391 0.0425363
v -0.0008791 -0.0221107 0.0425363
v -0.0009223 -0.0220391 0.0424901
v -0.0009223 -0.0221107 0.0424901
v -0.0009601 -0.0220391 0.0424372
v -0.0009601 -0.0221107 0.0424372
v -0.0009920 -0.0220391 0.0423780
v -0.0009920 -0.0221107 0.0423780
v -0.0010176 -0.0220391 0.0423132
v -0.0010176 -0.0221107 0.0423132
v -0.0010364 -0.0220391 0.0422433
v -0.0010364 -0.0221107 0.0422433
v -0.0010480 -0.0220391 0.0421687
v -0.0010480 -0.0221107 0.0421687
v -0.0010520 -0.0220391 0.0420901
v -0.0010520 -0.0221107 0.0420901
v -0.0010480 -0.0220391 0.0420118
v -0.0010480 -0.0221107 0.0420118
v -0.0010364 -0.0220391 0.0419376
v -0.0010364 -0.0221107 0.0419376
v -0.0010176 -0.0220391 0.0418678
v -0.0010176 -0.0221107 0.0418678
v -0.0009920 -0.0220391 0.0418030
v -0.0009920 -0.0221107 0.0418030
v -0.0009601 -0.0220391 0.0417439
v -0.0009601 -0.0221107 0.0417439
v -0.0009223 -0.0220391 0.0416908
v -0.0009223 -0.0221107 0.0416908
v -0.0008791 -0.0220391 0.0416445
v -0.0008791 -0.0221107 0.0416445
v -0.0008309 -0.0220391 0.0416053
v -0.0008309 -0.0221107 0.0416053
v -0.0007781 -0.0220391 0.0415739
v -0.0007781 -0.0221107 0.0415739
v -0.0007212 -0.0220391 0.0415508
v -0.0007212 -0.0221107 0.0415508
v -0.0006606 -0.0220391 0.0415365
v -0.0006606 -0.0221107 0.0415365
v -0.0005969 -0.0220391 0.0415316
v -0.0005969 -0.0221107 0.0415316
v 0.0016377 -0.0220391 0.0413577
v 0.0016377 -0.0221107 0.0413577
v 0.0016377 -0.0220391 0.0424981
v 0.0016377 -0.0221107 0.0424981
v 0.0016343 -0.0220391 0.0424981
v 0.0016343 -0.0221107 0.0424981
v 0.0012736 -0.0220391 0.0419311
v 0.0012736 -0.0221107 0.0419311
v 0.0012461 -0.0220391 0.0419311
v 0.0012461 -0.0221107 0.0419311
v 0.0008854 -0.0220391 0.0424981
v 0.0008854 -0.0221107 0.0424981
v 0.0008820 -0.0220391 0.0424981
v 0.0008820 -0.0221107 0.0424981
v 0.0008820 -0.0220391 0.0413577
v 0.0008820 -0.0221107 0.0413577
v 0.0007136 -0.0220391 0.0413577
v 0.0007136 -0.0221107 0.0413577
v 0.0007136 -0.0220391 0.0428225
v 0.0007136 -0.0221107 0.0428225
v 0.0008717 -0.0220391 0.0428225
v 0.0008717 -0.0221107 0.0428225
v 0.0012598 -0.0220391 0.0422211
v 0.0012598 -0.0221107 0.0422211
v 0.0016497 -0.0220391 0.0428225
v 0.0016497 -0.0221107 0.0428225
v 0.0018060 -0.0220391 0.0428225
v 0.0018060 -0.0221107 0.0428225
v 0.0018060 -0.0220391 0.0413577
v 0.0018060 -0.0221107 0.0413577
v 0.0027043 -0.0220391 0.0426335
v 0.0027043 -0.0221107 0.0426335
v 0.0027043 -0.0220391 0.0421910
v 0.0027043 -0.0221107 0.0421910
v 0.0031835 -0.0220391 0.0421910
v 0.0031835 -0.0221107 0.0421910
v 0.0031835 -0.0220391 0.0420020
v 0.0031835 -0.0221107 0.0420020
v 0.0027043 -0.0220391 0.0420020
v 0.0027043 -0.0221107 0.0420020
v 0.0027043 -0.0220391 0.0415467
v 0.0027043 -0.0221107 0.0415467
v 0.0032161 -0.0220391 0.0415467
v 0.0032161 -0.0221107 0.0415467
v 0.0032161 -0.0220391 0.0413577
v 0.0032161 -0.0221107 0.0413577
v 0.0025360 -0.0220391 0.0413577
v 0.0025360 -0.0221107 0.0413577
v 0.0025360 -0.0220391 0.0428225
v 0.0025360 -0.0221107 0.0428225
v 0.0032007 -0.0220391 0.0428225
v 0.0032007 -0.0221107 0.0428225
v 0.0032007 -0.0220391 0.0426335
v 0.0032007 -0.0221107 0.0426335
v 0.0042284 -0.0220391 0.0428192
v 0.0042284 -0.0221107 0.0428192
v 0.0042819 -0.0220391 0.0428097
v 0.0042819 -0.0221107 0.0428097
v 0.0043312 -0.0220391 0.0427940
v 0.0043312 -0.0221107 0.0427940
v 0.0043762 -0.0220391 0.0427724
v 0.0043762 -0.0221107 0.0427724
v 0.0044166 -0.0220391 0.0427452
v 0.0044166 -0.0221107 0.0427452
v 0.0044523 -0.0220391 0.0427124
v 0.0044523 -0.0221107 0.0427124
v 0.0044831 -0.0220391 0.0426744
v 0.0044831 -0.0221107 0.0426744
v 0.0045087 -0.0220391 0.0426312
v 0.0045087 -0.0221107 0.0426312
v 0.0045290 -0.0220391 0.0425833
v 0.0045290 -0.0221107 0.0425833
v 0.0045438 -0.0220391 0.0425306
v 0.0045438 -0.0221107 0.0425306
v 0.0045528 -0.0220391 0.0424735
v 0.0045528 -0.0221107 0.0424735
v 0.0045558 -0.0220391 0.0424122
v 0.0045558 -0.0221107 0.0424122
v 0.0045544 -0.0220391 0.0423707
v 0.0045544 -0.0221107 0.0423707
v 0.0045500 -0.0220391 0.0423311
v 0.0045500 -0.0221107 0.0423311
v 0.0045429 -0.0220391 0.0422934
v 0.0045429 -0.0221107 0.0422934
v 0.0045329 -0.0220391 0.0422577
v 0.0045329 -0.0221107 0.0422577
v 0.0045203 -0.0220391 0.0422241
v 0.0045203 -0.0221107 0.0422241
v 0.0045049 -0.0220391 0.0421926
v 0.0045049 -0.0221107 0.0421926
v 0.0044870 -0.0220391 0.0421634
v 0.0044870 -0.0221107 0.0421634
v 0.0044665 -0.0220391 0.0421365
v 0.0044665 -0.0221107 0.0421365
v 0.0044435 -0.0220391 0.0421120
v 0.0044435 -0.0221107 0.0421120
v 0.0044181 -0.0220391 0.0420900
v 0.0044181 -0.0221107 0.0420900
v 0.0043902 -0.0220391 0.0420704
v 0.0043902 -0.0221107 0.0420704
v 0.0043600 -0.0220391 0.0420535
v 0.0043600 -0.0221107 0.0420535
v 0.0043858 -0.0220391 0.0420305
v 0.0043858 -0.0221107 0.0420305
v 0.0044101 -0.0220391 0.0420056
v 0.0044101 -0.0221107 0.0420056
v 0.0044332 -0.0220391 0.0419786
v 0.0044332 -0.0221107 0.0419786
v 0.0044552 -0.0220391 0.0419497
v 0.0044552 -0.0221107 0.0419497
v 0.0044764 -0.0220391 0.0419189
v 0.0044764 -0.0221107 0.0419189
v 0.0044970 -0.0220391 0.0418860
v 0.0044970 -0.0221107 0.0418860
v 0.0045172 -0.0220391 0.0418512
v 0.0045172 -0.0221107 0.0418512
v 0.0045374 -0.0220391 0.0418144
v 0.0045374 -0.0221107 0.0418144
v 0.0045576 -0.0220391 0.0417757
v 0.0045576 -0.0221107 0.0417757
v 0.0045781 -0.0220391 0.0417350
v 0.0045781 -0.0221107 0.0417350
v 0.0045992 -0.0220391 0.0416923
v 0.0045992 -0.0221107 0.0416923
v 0.0046211 -0.0220391 0.0416476
v 0.0046211 -0.0221107 0.0416476
v 0.0046332 -0.0220391 0.0416234
v 0.0046332 -0.0221107 0.0416234
v 0.0046446 -0.0220391 0.0416008
v 0.0046446 -0.0221107 0.0416008
v 0.0046557 -0.0220391 0.0415793
v 0.0046557 -0.0221107 0.0415793
v 0.0046667 -0.0220391 0.0415586
v 0.0046667 -0.0221107 0.0415586
v 0.0046778 -0.0220391 0.0415380
v 0.0046778 -0.0221107 0.0415380
v 0.0046894 -0.0220391 0.0415171
v 0.0046894 -0.0221107 0.0415171
v 0.0047015 -0.0220391 0.0414954
v 0.0047015 -0.0221107 0.0414954
v 0.0047146 -0.0220391 0.0414724
v 0.0047146 -0.0221107 0.0414724
v 0.0047288 -0.0220391 0.0414477
v 0.0047288 -0.0221107 0.0414477
v 0.0047444 -0.0220391 0.0414206
v 0.0047444 -0.0221107 0.0414206
v 0.0047617 -0.0220391 0.0413908
v 0.0047617 -0.0221107 0.0413908
v 0.0047808 -0.0220391 0.0413577
v 0.0047808 -0.0221107 0.0413577
v 0.0045799 -0.0220391 0.0413577
v 0.0045799 -0.0221107 0.0413577
v 0.0044253 -0.0220391 0.0416583
v 0.0044253 -0.0221107 0.0416583
v 0.0043883 -0.0220391 0.0417281
v 0.0043883 -0.0221107 0.0417281
v 0.0043545 -0.0220391 0.0417876
v 0.0043545 -0.0221107 0.0417876
v 0.0043236 -0.0220391 0.0418376
v 0.0043236 -0.0221107 0.0418376
v 0.0042951 -0.0220391 0.0418789
v 0.0042951 -0.0221107 0.0418789
v 0.0042687 -0.0220391 0.0419123
v 0.0042687 -0.0221107 0.0419123
v 0.0042441 -0.0220391 0.0419386
v 0.0042441 -0.0221107 0.0419386
v 0.0042209 -0.0220391 0.0419587
v 0.0042209 -0.0221107 0.0419587
v 0.0041988 -0.0220391 0.0419734
v 0.0041988 -0.0221107 0.0419734
v 0.0041775 -0.0220391 0.0419833
v 0.0041775 -0.0221107 0.0419833
v 0.0041565 -0.0220391 0.0419895
v 0.0041565 -0.0221107 0.0419895
v 0.0041356 -0.0220391 0.0419926
v 0.0041356 -0.0221107 0.0419926
v 0.0041144 -0.0220391 0.0419934
v 0.0041144 -0.0221107 0.0419934
v 0.0040440 -0.0220391 0.0419934
v 0.0040440 -0.0221107 0.0419934
v 0.0040440 -0.0220391 0.0413577
v 0.0040440 -0.0221107 0.0413577
v 0.0038757 -0.0220391 0.0413577
v 0.0038757 -0.0221107 0.0413577
v 0.0038757 -0.0220391 0.0428225
v 0.0038757 -0.0221107 0.0428225
v 0.0041711 -0.0220391 0.0428225
v 0.0041711 -0.0221107 0.0428225
v 0.0041522 -0.0220391 0.0421824
v 0.0041522 -0.0221107 0.0421824
v 0.0041946 -0.0220391 0.0421848
v 0.0041946 -0.0221107 0.0421848
v 0.0042320 -0.0220391 0.0421916
v 0.0042320 -0.0221107 0.0421916
v 0.0042645 -0.0220391 0.0422025
v 0.0042645 -0.0221107 0.0422025
v 0.0042924 -0.0220391 0.0422170
v 0.0042924 -0.0221107 0.0422170
v 0.0043160 -0.0220391 0.0422349
v 0.0043160 -0.0221107 0.0422349
v 0.0043355 -0.0220391 0.0422557
v 0.0043355 -0.0221107 0.0422557
v 0.0043513 -0.0220391 0.0422791
v 0.0043513 -0.0221107 0.0422791
v 0.0043635 -0.0220391 0.0423046
v 0.0043635 -0.0221107 0.0423046
v 0.0043725 -0.0220391 0.0423319
v 0.0043725 -0.0221107 0.0423319
v 0.0043784 -0.0220391 0.0423607
v 0.0043784 -0.0221107 0.0423607
v 0.0043816 -0.0220391 0.0423904
v 0.0043816 -0.0221107 0.0423904
v 0.0043823 -0.0220391 0.0424208
v 0.0043823 -0.0221107 0.0424208
v 0.0043806 -0.0220391 0.0424541
v 0.0043806 -0.0221107 0.0424541
v 0.0043760 -0.0220391 0.0424849
v 0.0043760 -0.0221107 0.0424849
v 0.0043686 -0.0220391 0.0425134
v 0.0043686 -0.0221107 0.0425134
v 0.0043582 -0.0220391 0.0425393
v 0.0043582 -0.0221107 0.0425393
v 0.0043446 -0.0220391 0.0425625
v 0.0043446 -0.0221107 0.0425625
v 0.0043278 -0.0220391 0.0425830
v 0.0043278 -0.0221107 0.0425830
v 0.0043076 -0.0220391 0.0426006
v 0.0043076 -0.0221107 0.0426006
v 0.0042840 -0.0220391 0.0426152
v 0.0042840 -0.0221107 0.0426152
v 0.0042567 -0.0220391 0.0426268
v 0.0042567 -0.0221107 0.0426268
v 0.0042258 -0.0220391 0.0426352
v 0.0042258 -0.0221107 0.0426352
v 0.0041910 -0.0220391 0.0426403
v 0.0041910 -0.0221107 0.0426403
v 0.0041522 -0.0220391 0.0426421
v 0.0041522 -0.0221107 0.0426421
v 0.0040440 -0.0220391 0.0426421
v 0.0040440 -0.0221107 0.0426421
v 0.0040440 -0.0220391 0.0421824
v 0.0040440 -0.0221107 0.0421824
v -0.0222486 -0.0217922 0.0326817
v -0.0221870 -0.0218087 0.0329833
v -0.0221751 -0.0217923 0.0327617
v -0.0221526 -0.0217984 0.0328721
v -0.0239495 -0.0221164 0.0355011
v -0.0236546 -0.0220884 0.0354159
v -0.0238447 -0.0221105 0.0355293
v -0.0237368 -0.0221003 0.0354981
v -0.0222501 -0.0218132 0.0326784
v -0.0221952 -0.0219228 0.0329653
v -0.0221799 -0.0218599 0.0327510
v -0.0221598 -0.0219000 0.0328560
v -0.0239510 -0.0221374 0.0354978
v -0.0236627 -0.0222025 0.0353979
v -0.0238496 -0.0221781 0.0355186
v -0.0237440 -0.0222019 0.0354821
v -0.0222575 -0.0218313 0.0326718
v -0.0222354 -0.0220206 0.0329298
v -0.0222037 -0.0219178 0.0327300
v -0.0221956 -0.0219871 0.0328244
v -0.0239584 -0.0221554 0.0354913
v -0.0237029 -0.0223003 0.0353624
v -0.0238734 -0.0222360 0.0354976
v -0.0237798 -0.0222890 0.0354505
v -0.0222697 -0.0218435 0.0326631
v -0.0223015 -0.0220872 0.0328822
v -0.0222429 -0.0219572 0.0327019
v -0.0222545 -0.0220464 0.0327821
v -0.0239706 -0.0221677 0.0354825
v -0.0237690 -0.0223669 0.0353149
v -0.0239125 -0.0222755 0.0354695
v -0.0238387 -0.0223484 0.0354081
v -0.0222848 -0.0218482 0.0326534
v -0.0223834 -0.0221125 0.0328299
v -0.0222914 -0.0219722 0.0326709
v -0.0223275 -0.0220690 0.0327355
v -0.0239857 -0.0221724 0.0354729
v -0.0238509 -0.0223922 0.0352625
v -0.0239610 -0.0222904 0.0354385
v -0.0239117 -0.0223709 0.0353615
v -0.0223005 -0.0218445 0.0326444
v -0.0224687 -0.0220926 0.0327807
v -0.0223419 -0.0219604 0.0326417
v -0.0224035 -0.0220512 0.0326917
v -0.0240014 -0.0221687 0.0354638
v -0.0239363 -0.0223723 0.0352133
v -0.0240115 -0.0222786 0.0354094
v -0.0239877 -0.0223532 0.0353177
v -0.0223145 -0.0218331 0.0326372
v -0.0225444 -0.0220305 0.0327422
v -0.0223867 -0.0219237 0.0326189
v -0.0224709 -0.0219960 0.0326573
v -0.0240154 -0.0221573 0.0354567
v -0.0240119 -0.0223102 0.0351748
v -0.0240564 -0.0222419 0.0353865
v -0.0240551 -0.0222979 0.0352834
v -0.0223245 -0.0218156 0.0326332
v -0.0225990 -0.0219358 0.0327202
v -0.0224190 -0.0218676 0.0326059
v -0.0225195 -0.0219116 0.0326377
v -0.0240254 -0.0221398 0.0354526
v -0.0240665 -0.0222155 0.0351528
v -0.0240887 -0.0221858 0.0353735
v -0.0241037 -0.0222135 0.0352638
v -0.0223291 -0.0217948 0.0326328
v -0.0226241 -0.0218228 0.0327180
v -0.0224339 -0.0218006 0.0326046
v -0.0225419 -0.0218109 0.0326358
v -0.0240300 -0.0221190 0.0354522
v -0.0240916 -0.0221025 0.0351506
v -0.0241035 -0.0221189 0.0353722
v -0.0241261 -0.0221128 0.0352618
v -0.0223276 -0.0217738 0.0326361
v -0.0226159 -0.0217087 0.0327361
v -0.0224291 -0.0217331 0.0326153
v -0.0225346 -0.0217092 0.0326519
v -0.0240285 -0.0220979 0.0354556
v -0.0240835 -0.0219884 0.0351687
v -0.0240987 -0.0220513 0.0353829
v -0.0241188 -0.0220112 0.0352779
v -0.0223202 -0.0217557 0.0326427
v -0.0225757 -0.0216109 0.0327715
v -0.0224053 -0.0216752 0.0326363
v -0.0224988 -0.0216221 0.0326835
v -0.0240211 -0.0220799 0.0354621
v -0.0240433 -0.0218906 0.0352042
v -0.0240749 -0.0219934 0.0354039
v -0.0240830 -0.0219241 0.0353095
v -0.0223080 -0.0217435 0.0326514
v -0.0225096 -0.0215443 0.0328191
v -0.0223661 -0.0216357 0.0326645
v -0.0224399 -0.0215628 0.0327258
v -0.0240090 -0.0220676 0.0354709
v -0.0239772 -0.0218240 0.0352517
v -0.0240358 -0.0219539 0.0354321
v -0.0240241 -0.0218647 0.0353519
v -0.0222929 -0.0217388 0.0326611
v -0.0224277 -0.0215190 0.0328714
v -0.0223176 -0.0216207 0.0326954
v -0.0223669 -0.0215403 0.0327724
v -0.0239938 -0.0220630 0.0354805
v -0.0238952 -0.0217987 0.0353040
v -0.0239872 -0.0219390 0.0354631
v -0.0239511 -0.0218422 0.0353985
v -0.0222772 -0.0217425 0.0326701
v -0.0223424 -0.0215389 0.0329206
v -0.0222671 -0.0216325 0.0327246
v -0.0222909 -0.0215580 0.0328162
v -0.0239781 -0.0220666 0.0354896
v -0.0238099 -0.0218186 0.0353532
v -0.0239367 -0.0219507 0.0354922
v -0.0238752 -0.0218599 0.0354423
v -0.0222633 -0.0217539 0.0326772
v -0.0222667 -0.0216009 0.0329591
v -0.0222223 -0.0216693 0.0327474
v -0.0222235 -0.0216133 0.0328506
v -0.0239642 -0.0220781 0.0354967
v -0.0237342 -0.0218806 0.0353918
v -0.0238919 -0.0219875 0.0355150
v -0.0238077 -0.0219152 0.0354766
v -0.0222532 -0.0217714 0.0326813
v -0.0222121 -0.0216957 0.0329811
v -0.0221900 -0.0217254 0.0327604
v -0.0221749 -0.0216977 0.0328702
v -0.0239541 -0.0220955 0.0355007
v -0.0236797 -0.0219754 0.0354138
v -0.0238596 -0.0220436 0.0355281
v -0.0237591 -0.0219996 0.0354962
v -0.0222486 -0.0221190 0.0184821
v -0.0221870 -0.0221025 0.0187837
v -0.0221751 -0.0221189 0.0185621
v -0.0221526 -0.0221128 0.0186725
v -0.0239495 -0.0217948 0.0213016
v -0.0236546 -0.0218228 0.0212164
v -0.0238447 -0.0218006 0.0213298
v -0.0237368 -0.0218109 0.0212986
v -0.0222532 -0.0221398 0.0184817
v -0.0222121 -0.0222155 0.0187816
v -0.0221900 -0.0221858 0.0185609
v -0.0221749 -0.0222135 0.0186706
v -0.0239541 -0.0218156 0.0213012
v -0.0236797 -0.0219358 0.0212142
v -0.0238596 -0.0218676 0.0213285
v -0.0237591 -0.0219116 0.0212967
v -0.0222633 -0.0221573 0.0184777
v -0.0222667 -0.0223102 0.0187596
v -0.0222223 -0.0222419 0.0185478
v -0.0222235 -0.0222979 0.0186510
v -0.0239642 -0.0218331 0.0212971
v -0.0237342 -0.0220305 0.0211922
v -0.0238919 -0.0219237 0.0213155
v -0.0238077 -0.0219960 0.0212771
v -0.0222772 -0.0221687 0.0184706
v -0.0223424 -0.0223723 0.0187210
v -0.0222671 -0.0222786 0.0185250
v -0.0222909 -0.0223532 0.0186167
v -0.0239781 -0.0218445 0.0212900
v -0.0238099 -0.0220926 0.0211537
v -0.0239367 -0.0219604 0.0212927
v -0.0238752 -0.0220512 0.0212427
v -0.0222929 -0.0221724 0.0184615
v -0.0224277 -0.0223922 0.0186719
v -0.0223176 -0.0222904 0.0184959
v -0.0223669 -0.0223709 0.0185729
v -0.0239938 -0.0218482 0.0212810
v -0.0238952 -0.0221125 0.0211045
v -0.0239872 -0.0219722 0.0212635
v -0.0239511 -0.0220690 0.0211989
v -0.0223080 -0.0221677 0.0184519
v -0.0225096 -0.0223669 0.0186195
v -0.0223661 -0.0222755 0.0184649
v -0.0224399 -0.0223484 0.0185263
v -0.0240090 -0.0218435 0.0212713
v -0.0239772 -0.0220872 0.0210522
v -0.0240358 -0.0219572 0.0212325
v -0.0240241 -0.0220464 0.0211523
v -0.0223202 -0.0221554 0.0184431
v -0.0225757 -0.0223003 0.0185720
v -0.0224053 -0.0222360 0.0184368
v -0.0224988 -0.0222890 0.0184839
v -0.0240211 -0.0218313 0.0212626
v -0.0240433 -0.0220206 0.0210046
v -0.0240749 -0.0219178 0.0212044
v -0.0240830 -0.0219871 0.0211100
v -0.0223276 -0.0221374 0.0184366
v -0.0226159 -0.0222025 0.0185365
v -0.0224291 -0.0221781 0.0184157
v -0.0225346 -0.0222019 0.0184523
v -0.0240285 -0.0218132 0.0212560
v -0.0240835 -0.0219228 0.0209691
v -0.0240987 -0.0218599 0.0211834
v -0.0241188 -0.0219000 0.0210784
v -0.0223291 -0.0221164 0.0184332
v -0.0226241 -0.0220884 0.0185185
v -0.0224339 -0.0221105 0.0184051
v -0.0225419 -0.0221003 0.0184363
v -0.0240300 -0.0217922 0.0212527
v -0.0240916 -0.0218087 0.0209511
v -0.0241035 -0.0217923 0.0211727
v -0.0241261 -0.0217984 0.0210623
v -0.0223245 -0.0220955 0.0184336
v -0.0225990 -0.0219754 0.0185206
v -0.0224190 -0.0220436 0.0184063
v -0.0225195 -0.0219996 0.0184382
v -0.0240254 -0.0217714 0.0212531
v -0.0240665 -0.0216957 0.0209532
v -0.0240887 -0.0217254 0.0211740
v -0.0241037 -0.0216977 0.0210642
v -0.0223145 -0.0220781 0.0184377
v -0.0225444 -0.0218806 0.0185426
v -0.0223867 -0.0219875 0.0184194
v -0.0224709 -0.0219152 0.0184578
v -0.0240154 -0.0217539 0.0212572
v -0.0240119 -0.0216009 0.0209753
v -0.0240564 -0.0216693 0.0211870
v -0.0240551 -0.0216133 0.0210838
v -0.0223005 -0.0220666 0.0184448
v -0.0224687 -0.0218186 0.0185812
v -0.0223419 -0.0219507 0.0184422
v -0.0224035 -0.0218599 0.0184921
v -0.0240014 -0.0217425 0.0212643
v -0.0239363 -0.0215389 0.0210138
v -0.0240115 -0.0216325 0.0212098
v -0.0239877 -0.0215580 0.0211181
v -0.0222848 -0.0220630 0.0184539
v -0.0223834 -0.0217987 0.0186303
v -0.0222914 -0.0219390 0.0184713
v -0.0223275 -0.0218422 0.0185359
v -0.0239857 -0.0217388 0.0212733
v -0.0238509 -0.0215190 0.0210630
v -0.0239610 -0.0216207 0.0212389
v -0.0239117 -0.0215403 0.0211620
v -0.0222697 -0.0220676 0.0184635
v -0.0223015 -0.0218240 0.0186827
v -0.0222429 -0.0219539 0.0185023
v -0.0222545 -0.0218647 0.0185825
v -0.0239706 -0.0217435 0.0212830
v -0.0237690 -0.0215443 0.0211153
v -0.0239125 -0.0216357 0.0212699
v -0.0238387 -0.0215628 0.0212086
v -0.0222575 -0.0220799 0.0184723
v -0.0222354 -0.0218906 0.0187302
v -0.0222037 -0.0219934 0.0185305
v -0.0221956 -0.0219241 0.0186249
v -0.0239584 -0.0217557 0.0212917
v -0.0237029 -0.0216109 0.0211628
v -0.0238734 -0.0216752 0.0212981
v -0.0237798 -0.0216221 0.0212509
v -0.0222501 -0.0220979 0.0184788
v -0.0221952 -0.0219884 0.0187657
v -0.0221799 -0.0220513 0.0185515
v -0.0221598 -0.0220112 0.0186565
v -0.0239510 -0.0217738 0.0212983
v -0.0236627 -0.0217087 0.0211983
v -0.0238496 -0.0217331 0.0213191
v -0.0237440 -0.0217092 0.0212825
v 0.0225987 -0.0217922 0.0326817
v 0.0226603 -0.0218087 0.0329833
v 0.0226722 -0.0217923 0.0327617
v 0.0226948 -0.0217984 0.0328721
v 0.0208978 -0.0221164 0.0355011
v 0.0211928 -0.0220884 0.0354159
v 0.0210026 -0.0221105 0.0355293
v 0.0211106 -0.0221003 0.0354981
v 0.0225972 -0.0218132 0.0326784
v 0.0226522 -0.0219228 0.0329653
v 0.0226674 -0.0218599 0.0327510
v 0.0226875 -0.0219000 0.0328560
v 0.0208963 -0.0221374 0.0354978
v 0.0211846 -0.0222025 0.0353979
v 0.0209978 -0.0221781 0.0355186
v 0.0211033 -0.0222019 0.0354821
v 0.0225898 -0.0218313 0.0326718
v 0.0226120 -0.0220206 0.0329298
v 0.0226436 -0.0219178 0.0327300
v 0.0226517 -0.0219871 0.0328244
v 0.0208889 -0.0221554 0.0354913
v 0.0211444 -0.0223003 0.0353624
v 0.0209740 -0.0222360 0.0354976
v 0.0210675 -0.0222890 0.0354505
v 0.0225777 -0.0218435 0.0326631
v 0.0225459 -0.0220872 0.0328822
v 0.0226045 -0.0219572 0.0327019
v 0.0225928 -0.0220464 0.0327821
v 0.0208767 -0.0221677 0.0354825
v 0.0210783 -0.0223669 0.0353149
v 0.0209348 -0.0222755 0.0354695
v 0.0210086 -0.0223484 0.0354081
v 0.0225625 -0.0218482 0.0326534
v 0.0224639 -0.0221125 0.0328299
v 0.0225559 -0.0219722 0.0326709
v 0.0225198 -0.0220690 0.0327355
v 0.0208616 -0.0221724 0.0354729
v 0.0209964 -0.0223922 0.0352625
v 0.0208863 -0.0222904 0.0354385
v 0.0209356 -0.0223709 0.0353615
v 0.0225468 -0.0218445 0.0326444
v 0.0223786 -0.0220926 0.0327807
v 0.0225054 -0.0219604 0.0326417
v 0.0224439 -0.0220512 0.0326917
v 0.0208459 -0.0221687 0.0354638
v 0.0209111 -0.0223723 0.0352133
v 0.0208358 -0.0222786 0.0354094
v 0.0208596 -0.0223532 0.0353177
v 0.0225329 -0.0218331 0.0326372
v 0.0223029 -0.0220305 0.0327422
v 0.0224606 -0.0219237 0.0326189
v 0.0223764 -0.0219960 0.0326573
v 0.0208320 -0.0221573 0.0354567
v 0.0208354 -0.0223102 0.0351748
v 0.0207910 -0.0222419 0.0353865
v 0.0207922 -0.0222979 0.0352834
v 0.0225228 -0.0218156 0.0326332
v 0.0222484 -0.0219358 0.0327202
v 0.0224283 -0.0218676 0.0326059
v 0.0223278 -0.0219116 0.0326377
v 0.0208219 -0.0221398 0.0354526
v 0.0207808 -0.0222155 0.0351528
v 0.0207587 -0.0221858 0.0353735
v 0.0207436 -0.0222135 0.0352638
v 0.0225182 -0.0217948 0.0326328
v 0.0222233 -0.0218228 0.0327180
v 0.0224134 -0.0218006 0.0326046
v 0.0223055 -0.0218109 0.0326358
v 0.0208173 -0.0221190 0.0354522
v 0.0207557 -0.0221025 0.0351506
v 0.0207438 -0.0221189 0.0353722
v 0.0207213 -0.0221128 0.0352618
v 0.0225197 -0.0217738 0.0326361
v 0.0222314 -0.0217087 0.0327361
v 0.0224183 -0.0217331 0.0326153
v 0.0223127 -0.0217092 0.0326519
v 0.0208188 -0.0220979 0.0354556
v 0.0207639 -0.0219884 0.0351687
v 0.0207486 -0.0220513 0.0353829
v 0.0207285 -0.0220112 0.0352779
v 0.0225271 -0.0217557 0.0326427
v 0.0222716 -0.0216109 0.0327715
v 0.0224421 -0.0216752 0.0326363
v 0.0223485 -0.0216221 0.0326835
v 0.0208262 -0.0220799 0.0354621
v 0.0208041 -0.0218906 0.0352042
v 0.0207724 -0.0219934 0.0354039
v 0.0207643 -0.0219241 0.0353095
v 0.0225393 -0.0217435 0.0326514
v 0.0223377 -0.0215443 0.0328191
v 0.0224812 -0.0216357 0.0326645
v 0.0224074 -0.0215628 0.0327258
v 0.0208384 -0.0220676 0.0354709
v 0.0208702 -0.0218240 0.0352517
v 0.0208116 -0.0219539 0.0354321
v 0.0208232 -0.0218647 0.0353519
v 0.0225544 -0.0217388 0.0326611
v 0.0224196 -0.0215190 0.0328714
v 0.0225297 -0.0216207 0.0326954
v 0.0224804 -0.0215403 0.0327724
v 0.0208535 -0.0220630 0.0354805
v 0.0209521 -0.0217987 0.0353040
v 0.0208601 -0.0219390 0.0354631
v 0.0208962 -0.0218422 0.0353985
v 0.0225701 -0.0217425 0.0326701
v 0.0225050 -0.0215389 0.0329206
v 0.0225802 -0.0216325 0.0327246
v 0.0225564 -0.0215580 0.0328162
v 0.0208692 -0.0220666 0.0354896
v 0.0210374 -0.0218186 0.0353532
v 0.0209106 -0.0219507 0.0354922
v 0.0209722 -0.0218599 0.0354423
v 0.0225841 -0.0217539 0.0326772
v 0.0225806 -0.0216009 0.0329591
v 0.0226251 -0.0216693 0.0327474
v 0.0226238 -0.0216133 0.0328506
v 0.0208832 -0.0220781 0.0354967
v 0.0211131 -0.0218806 0.0353918
v 0.0209554 -0.0219875 0.0355150
v 0.0210396 -0.0219152 0.0354766
v 0.0225941 -0.0217714 0.0326813
v 0.0226352 -0.0216957 0.0329811
v 0.0226574 -0.0217254 0.0327604
v 0.0226724 -0.0216977 0.0328702
v 0.0208932 -0.0220955 0.0355007
v 0.0211677 -0.0219754 0.0354138
v 0.0209877 -0.0220436 0.0355281
v 0.0210882 -0.0219996 0.0354962
v 0.0225987 -0.0221190 0.0184821
v 0.0226603 -0.0221025 0.0187837
v 0.0226722 -0.0221189 0.0185621
v 0.0226948 -0.0221128 0.0186725
v 0.0208978 -0.0217948 0.0213016
v 0.0211928 -0.0218228 0.0212164
v 0.0210026 -0.0218006 0.0213298
v 0.0211106 -0.0218109 0.0212986
v 0.0225941 -0.0221398 0.0184817
v 0.0226352 -0.0222155 0.0187816
v 0.0226574 -0.0221858 0.0185609
v 0.0226724 -0.0222135 0.0186706
v 0.0208932 -0.0218156 0.0213012
v 0.0211677 -0.0219358 0.0212142
v 0.0209877 -0.0218676 0.0213285
v 0.0210882 -0.0219116 0.0212967
v 0.0225841 -0.0221573 0.0184777
v 0.0225806 -0.0223102 0.0187596
v 0.0226251 -0.0222419 0.0185478
v 0.0226238 -0.0222979 0.0186510
v 0.0208832 -0.0218331 0.0212971
v 0.0211131 -0.0220305 0.0211922
v 0.0209554 -0.0219237 0.0213155
v 0.0210396 -0.0219960 0.0212771
v 0.0225701 -0.0221687 0.0184706
v 0.0225050 -0.0223723 0.0187210
v 0.0225802 -0.0222786 0.0185250
v 0.0225564 -0.0223532 0.0186167
v 0.0208692 -0.0218445 0.0212900
v 0.0210374 -0.0220926 0.0211537
v 0.0209106 -0.0219604 0.0212927
v 0.0209722 -0.0220512 0.0212427
v 0.0225544 -0.0221724 0.0184615
v 0.0224196 -0.0223922 0.0186719
v 0.0225297 -0.0222904 0.0184959
v 0.0224804 -0.0223709 0.0185729
v 0.0208535 -0.0218482 0.0212810
v 0.0209521 -0.0221125 0.0211045
v 0.0208601 -0.0219722 0.0212635
v 0.0208962 -0.0220690 0.0211989
v 0.0225393 -0.0221677 0.0184519
v 0.0223377 -0.0223669 0.0186195
v 0.0224812 -0.0222755 0.0184649
v 0.0224074 -0.0223484 0.0185263
v 0.0208384 -0.0218435 0.0212713
v 0.0208702 -0.0220872 0.0210522
v 0.0208116 -0.0219572 0.0212325
v 0.0208232 -0.0220464 0.0211523
v 0.0225271 -0.0221554 0.0184431
v 0.0222716 -0.0223003 0.0185720
v 0.0224421 -0.0222360 0.0184368
v 0.0223485 -0.0222890 0.0184839
v 0.0208262 -0.0218313 0.0212626
v 0.0208041 -0.0220206 0.0210046
v 0.0207724 -0.0219178 0.0212044
v 0.0207643 -0.0219871 0.0211100
v 0.0225197 -0.0221374 0.0184366
v 0.0222314 -0.0222025 0.0185365
v 0.0224183 -0.0221781 0.0184157
v 0.0223127 -0.0222019 0.0184523
v 0.0208188 -0.0218132 0.0212560
v 0.0207639 -0.0219228 0.0209691
v 0.0207486 -0.0218599 0.0211834
v 0.0207285 -0.0219000 0.0210784
v 0.0225182 -0.0221164 0.0184332
v 0.0222233 -0.0220884 0.0185185
v 0.0224134 -0.0221105 0.0184051
v 0.0223055 -0.0221003 0.0184363
v 0.0208173 -0.0217922 0.0212527
v 0.0207557 -0.0218087 0.0209511
v 0.0207438 -0.0217923 0.0211727
v 0.0207213 -0.0217984 0.0210623
v 0.0225228 -0.0220955 0.0184336
v 0.0222484 -0.0219754 0.0185206
v 0.0224283 -0.0220436 0.0184063
v 0.0223278 -0.0219996 0.0184382
v 0.0208219 -0.0217714 0.0212531
v 0.0207808 -0.0216957 0.0209532
v 0.0207587 -0.0217254 0.0211740
v 0.0207436 -0.0216977 0.0210642
v 0.0225329 -0.0220781 0.0184377
v 0.0223029 -0.0218806 0.0185426
v 0.0224606 -0.0219875 0.0184194
v 0.0223764 -0.0219152 0.0184578
v 0.0208320 -0.0217539 0.0212572
v 0.0208354 -0.0216009 0.0209753
v 0.0207910 -0.0216693 0.0211870
v 0.0207922 -0.0216133 0.0210838
v 0.0225468 -0.0220666 0.0184448
v 0.0223786 -0.0218186 0.0185812
v 0.0225054 -0.0219507 0.0184422
v 0.0224439 -0.0218599 0.0184921
v 0.0208459 -0.0217425 0.0212643
v 0.0209111 -0.0215389 0.0210138
v 0.0208358 -0.0216325 0.0212098
v 0.0208596 -0.0215580 0.0211181
v 0.0225625 -0.0220630 0.0184539
v 0.0224639 -0.0217987 0.0186303
v 0.0225559 -0.0219390 0.0184713
v 0.0225198 -0.0218422 0.0185359
v 0.0208616 -0.0217388 0.0212733
v 0.0209964 -0.0215190 0.0210630
v 0.0208863 -0.0216207 0.0212389
v 0.0209356 -0.0215403 0.0211620
v 0.0225777 -0.0220676 0.0184635
v 0.0225459 -0.0218240 0.0186827
v 0.0226045 -0.0219539 0.0185023
v 0.0225928 -0.0218647 0.0185825
v 0.0208767 -0.0217435 0.0212830
v 0.0210783 -0.0215443 0.0211153
v 0.0209348 -0.0216357 0.0212699
v 0.0210086 -0.0215628 0.0212086
v 0.0225898 -0.0220799 0.0184723
v 0.0226120 -0.0218906 0.0187302
v 0.0226436 -0.0219934 0.0185305
v 0.0226517 -0.0219241 0.0186249
v 0.0208889 -0.0217557 0.0212917
v 0.0211444 -0.0216109 0.0211628
v 0.0209740 -0.0216752 0.0212981
v 0.0210675 -0.0216221 0.0212509
v 0.0225972 -0.0220979 0.0184788
v 0.0226522 -0.0219884 0.0187657
v 0.0226674 -0.0220513 0.0185515
v 0.0226875 -0.0220112 0.0186565
v 0.0208963 -0.0217738 0.0212983
v 0.0211846 -0.0217087 0.0211983
v 0.0209978 -0.0217331 0.0213191
v 0.0211033 -0.0217092 0.0212825
f 1 4 6
f 1 6 5
f 4 8 9
f 4 9 6
f 2 7 9
f 2 9 8
f 7 11 12
f 7 12 9
f 3 10 12
f 3 12 11
f 10 5 6
f 10 6 12
f 6 9 12
f 21 24 26
f 21 26 25
f 24 28 29
f 24 29 26
f 22 27 29
f 22 29 28
f 27 31 32
f 27 32 29
f 23 30 32
f 23 32 31
f 30 25 26
f 30 26 32
f 26 29 32
f 33 36 38
f 33 38 37
f 36 40 41
f 36 41 38
f 34 39 41
f 34 41 40
f 39 43 44
f 39 44 41
f 35 42 44
f 35 44 43
f 42 37 38
f 42 38 44
f 38 41 44
f 49 52 54
f 49 54 53
f 52 56 57
f 52 57 54
f 50 55 57
f 50 57 56
f 55 59 60
f 55 60 57
f 51 58 60
f 51 60 59
f 58 53 54
f 58 54 60
f 54 57 60
f 61 64 66
f 61 66 65
f 64 68 69
f 64 69 66
f 62 67 69
f 62 69 68
f 67 71 72
f 67 72 69
f 63 70 72
f 63 72 71
f 70 65 66
f 70 66 72
f 66 69 72
f 77 80 82
f 77 82 81
f 80 84 85
f 80 85 82
f 78 83 85
f 78 85 84
f 83 87 88
f 83 88 85
f 79 86 88
f 79 88 87
f 86 81 82
f 86 82 88
f 82 85 88
f 89 92 94
f 89 94 93
f 92 96 97
f 92 97 94
f 90 95 97
f 90 97 96
f 95 99 100
f 95 100 97
f 91 98 100
f 91 100 99
f 98 93 94
f 98 94 100
f 94 97 100
f 109 112 114
f 109 114 113
f 112 116 117
f 112 117 114
f 110 115 117
f 110 117 116
f 115 119 120
f 115 120 117
f 111 118 120
f 111 120 119
f 118 113 114
f 118 114 120
f 114 117 120
f 121 124 126
f 121 126 125
f 124 128 129
f 124 129 126
f 122 127 129
f 122 129 128
f 127 131 132
f 127 132 129
f 123 130 132
f 123 132 131
f 130 125 126
f 130 126 132
f 126 129 132
f 137 140 142
f 137 142 141
f 140 144 145
f 140 145 142
f 138 143 145
f 138 145 144
f 143 147 148
f 143 148 145
f 139 146 148
f 139 148 147
f 146 141 142
f 146 142 148
f 142 145 148
f 149 152 154
f 149 154 153
f 152 156 157
f 152 157 154
f 150 155 157
f 150 157 156
f 155 159 160
f 155 160 157
f 151 158 160
f 151 160 159
f 158 153 154
f 158 154 160
f 154 157 160
f 165 168 170
f 165 170 169
f 168 172 173
f 168 173 170
f 166 171 173
f 166 173 172
f 171 175 176
f 171 176 173
f 167 174 176
f 167 176 175
f 174 169 170
f 174 170 176
f 170 173 176
f 1 77 81
f 1 81 4
f 4 81 86
f 4 86 8
f 8 86 79
f 8 79 2
f 74 79 87
f 74 87 76
f 76 87 83
f 76 83 75
f 75 83 78
f 75 78 73
f 63 74 76
f 63 76 70
f 70 76 75
f 70 75 65
f 65 75 73
f 65 73 61
f 51 63 71
f 51 71 58
f 58 71 67
f 58 67 53
f 53 67 62
f 53 62 49
f 46 51 59
f 46 59 48
f 48 59 55
f 48 55 47
f 47 55 50
f 47 50 45
f 35 46 48
f 35 48 42
f 42 48 47
f 42 47 37
f 37 47 45
f 37 45 33
f 23 35 43
f 23 43 30
f 30 43 39
f 30 39 25
f 25 39 34
f 25 34 21
f 18 23 31
f 18 31 20
f 20 31 27
f 20 27 19
f 19 27 22
f 19 22 17
f 14 18 20
f 14 20 16
f 16 20 19
f 16 19 15
f 15 19 17
f 15 17 13
f 2 14 16
f 2 16 7
f 7 16 15
f 7 15 11
f 11 15 13
f 11 13 3
f 91 166 172
f 91 172 98
f 98 172 168
f 98 168 93
f 93 168 165
f 93 165 89
f 90 101 103
f 90 103 95
f 95 103 104
f 95 104 99
f 99 104 102
f 99 102 91
f 101 105 107
f 101 107 103
f 103 107 108
f 103 108 104
f 104 108 106
f 104 106 102
f 105 109 113
f 105 113 107
f 107 113 118
f 107 118 108
f 108 118 111
f 108 111 106
f 110 121 125
f 110 125 115
f 115 125 130
f 115 130 119
f 119 130 123
f 119 123 111
f 122 133 135
f 122 135 127
f 127 135 136
f 127 136 131
f 131 136 134
f 131 134 123
f 133 137 141
f 133 141 135
f 135 141 146
f 135 146 136
f 136 146 139
f 136 139 134
f 138 149 153
f 138 153 143
f 143 153 158
f 143 158 147
f 147 158 151
f 147 151 139
f 150 161 163
f 150 163 155
f 155 163 164
f 155 164 159
f 159 164 162
f 159 162 151
f 161 167 175
f 161 175 163
f 163 175 171
f 163 171 164
f 164 171 166
f 164 166 162
f 3 90 96
f 3 96 10
f 10 96 92
f 10 92 5
f 5 92 89
f 5 89 1
f 21 110 116
f 21 116 24
f 24 116 112
f 24 112 28
f 28 112 109
f 28 109 22
f 33 122 128
f 33 128 36
f 36 128 124
f 36 124 40
f 40 124 121
f 40 121 34
f 49 138 144
f 49 144 52
f 52 144 140
f 52 140 56
f 56 140 137
f 56 137 50
f 61 150 156
f 61 156 64
f 64 156 152
f 64 152 68
f 68 152 149
f 68 149 62
f 77 165 169
f 77 169 80
f 80 169 174
f 80 174 84
f 84 174 167
f 84 167 78
f 77 1 89
f 77 89 165
f 2 79 74
f 2 74 63
f 18 14 2
f 35 23 18
f 51 46 35
f 2 63 51
f 51 35 18
f 51 18 2
f 3 13 101
f 3 101 90
f 13 17 105
f 13 105 101
f 17 22 109
f 17 109 105
f 21 34 121
f 21 121 110
f 33 45 133
f 33 133 122
f 45 50 137
f 45 137 133
f 49 62 149
f 49 149 138
f 61 73 161
f 61 161 150
f 73 78 167
f 73 167 161
f 166 91 102
f 102 106 111
f 111 123 134
f 111 134 139
f 162 166 102
f 111 139 151
f 151 162 102
f 102 111 151
f 177 180 182
f 177 182 181
f 180 184 185
f 180 185 182
f 178 183 185
f 178 185 184
f 183 187 188
f 183 188 185
f 179 186 188
f 179 188 187
f 186 181 182
f 186 182 188
f 182 185 188
f 189 192 194
f 189 194 193
f 192 196 197
f 192 197 194
f 190 195 197
f 190 197 196
f 195 199 200
f 195 200 197
f 191 198 200
f 191 200 199
f 198 193 194
f 198 194 200
f 194 197 200
f 201 204 206
f 201 206 205
f 204 208 209
f 204 209 206
f 202 207 209
f 202 209 208
f 207 211 212
f 207 212 209
f 203 210 212
f 203 212 211
f 210 205 206
f 210 206 212
f 206 209 212
f 213 216 218
f 213 218 217
f 216 220 221
f 216 221 218
f 214 219 221
f 214 221 220
f 219 223 224
f 219 224 221
f 215 222 224
f 215 224 223
f 222 217 218
f 222 218 224
f 218 221 224
f 225 228 230
f 225 230 229
f 228 232 233
f 228 233 230
f 226 231 233
f 226 233 232
f 231 235 236
f 231 236 233
f 227 234 236
f 227 236 235
f 234 229 230
f 234 230 236
f 230 233 236
f 237 240 242
f 237 242 241
f 240 244 245
f 240 245 242
f 238 243 245
f 238 245 244
f 243 247 248
f 243 248 245
f 239 246 248
f 239 248 247
f 246 241 242
f 246 242 248
f 242 245 248
f 249 252 254
f 249 254 253
f 252 256 257
f 252 257 254
f 250 255 257
f 250 257 256
f 255 259 260
f 255 260 257
f 251 258 260
f 251 260 259
f 258 253 254
f 258 254 260
f 254 257 260
f 261 264 266
f 261 266 265
f 264 268 269
f 264 269 266
f 262 267 269
f 262 269 268
f 267 271 272
f 267 272 269
f 263 270 272
f 263 272 271
f 270 265 266
f 270 266 272
f 266 269 272
f 201 177 181
f 201 181 204
f 204 181 186
f 204 186 208
f 208 186 179
f 208 179 202
f 178 189 193
f 178 193 183
f 183 193 198
f 183 198 187
f 187 198 191
f 187 191 179
f 190 213 217
f 190 217 195
f 195 217 222
f 195 222 199
f 199 222 215
f 199 215 191
f 214 203 211
f 214 211 219
f 219 211 207
f 219 207 223
f 223 207 202
f 223 202 215
f 249 201 205
f 249 205 252
f 252 205 210
f 252 210 256
f 256 210 203
f 256 203 250
f 213 261 265
f 213 265 216
f 216 265 270
f 216 270 220
f 220 270 263
f 220 263 214
f 262 251 259
f 262 259 267
f 267 259 255
f 267 255 271
f 271 255 250
f 271 250 263
f 225 249 253
f 225 253 228
f 228 253 258
f 228 258 232
f 232 258 251
f 232 251 226
f 261 237 241
f 261 241 264
f 264 241 246
f 264 246 268
f 268 246 239
f 268 239 262
f 238 227 235
f 238 235 243
f 243 235 231
f 243 231 247
f 247 231 226
f 247 226 239
f 177 225 229
f 177 229 180
f 180 229 234
f 180 234 184
f 184 234 227
f 184 227 178
f 237 190 196
f 237 196 240
f 240 196 192
f 240 192 244
f 244 192 189
f 244 189 238
f 201 249 225
f 201 225 177
f 179 191 215
f 179 215 202
f 227 238 189
f 227 189 178
f 261 213 190
f 261 190 237
f 203 214 263
f 203 263 250
f 251 262 239
f 251 239 226
f 337 365 338
f 365 339 338
f 365 273 339
f 365 274 273
f 365 275 274
f 365 276 275
f 365 277 276
f 365 278 277
f 365 279 278
f 365 364 279
f 364 280 279
f 337 366 365
f 363 280 364
f 362 280 363
f 361 280 362
f 361 281 280
f 360 281 361
f 359 281 360
f 358 281 359
f 358 282 281
f 357 282 358
f 356 282 357
f 355 282 356
f 355 283 282
f 354 283 355
f 353 283 354
f 353 284 283
f 352 284 353
f 351 284 352
f 351 285 284
f 350 285 351
f 350 286 285
f 349 286 350
f 348 286 349
f 348 287 286
f 347 287 348
f 347 288 287
f 346 288 347
f 346 289 288
f 345 289 346
f 344 289 345
f 344 290 289
f 343 290 344
f 342 290 343
f 342 291 290
f 341 291 342
f 340 291 341
f 337 335 366
f 335 340 366
f 335 291 340
f 335 292 291
f 335 293 292
f 335 294 293
f 335 295 294
f 335 296 295
f 335 297 296
f 335 298 297
f 335 334 298
f 334 333 298
f 333 299 298
f 337 336 335
f 332 299 333
f 331 299 332
f 330 299 331
f 330 300 299
f 329 300 330
f 328 300 329
f 328 301 300
f 327 301 328
f 327 302 301
f 326 302 327
f 326 303 302
f 325 303 326
f 325 304 303
f 324 304 325
f 324 305 304
f 323 305 324
f 323 306 305
f 323 307 306
f 322 307 323
f 322 308 307
f 321 308 322
f 321 309 308
f 321 310 309
f 321 311 310
f 321 312 311
f 321 313 312
f 321 314 313
f 321 315 314
f 321 316 315
f 321 317 316
f 321 318 317
f 321 319 318
f 321 320 319
f 375 367 376
f 367 377 376
f 367 378 377
f 375 368 367
f 375 371 368
f 371 369 368
f 371 370 369
f 375 372 371
f 375 373 372
f 375 374 373
f 387 389 388
f 387 385 389
f 385 384 389
f 384 390 389
f 390 392 391
f 390 381 392
f 381 380 392
f 380 393 392
f 387 386 385
f 383 390 384
f 390 382 381
f 379 393 380
f 383 382 390
f 440 394 441
f 440 395 394
f 439 395 440
f 439 396 395
f 438 396 439
f 438 397 396
f 437 397 438
f 437 398 397
f 436 398 437
f 436 399 398
f 435 465 436
f 465 399 436
f 435 466 465
f 464 399 465
f 435 467 466
f 463 399 464
f 435 468 467
f 462 399 463
f 462 400 399
f 434 468 435
f 434 469 468
f 461 400 462
f 434 470 469
f 460 400 461
f 460 401 400
f 433 470 434
f 433 471 470
f 459 401 460
f 433 472 471
f 458 401 459
f 458 402 401
f 432 472 433
f 432 473 472
f 457 402 458
f 457 403 402
f 431 473 432
f 431 474 473
f 456 403 457
f 431 475 474
f 455 403 456
f 455 404 403
f 430 475 431
f 430 476 475
f 454 404 455
f 454 405 404
f 429 476 430
f 429 477 476
f 453 405 454
f 428 477 429
f 428 478 477
f 452 405 453
f 452 406 405
f 428 479 478
f 451 406 452
f 451 407 406
f 427 479 428
f 427 480 479
f 450 407 451
f 450 408 407
f 426 480 427
f 426 481 480
f 449 408 450
f 449 409 408
f 425 481 426
f 425 482 481
f 448 409 449
f 425 483 482
f 447 409 448
f 447 410 409
f 424 483 425
f 424 484 483
f 446 410 447
f 424 485 484
f 445 410 446
f 445 411 410
f 423 485 424
f 423 486 485
f 444 411 445
f 423 487 486
f 443 411 444
f 443 412 411
f 422 487 423
f 422 488 487
f 442 412 443
f 422 489 488
f 489 412 442
f 422 412 489
f 422 413 412
f 421 413 422
f 421 414 413
f 420 414 421
f 420 415 414
f 419 415 420
f 419 416 415
f 418 416 419
f 418 417 416
f 536 490 537
f 536 491 490
f 535 491 536
f 535 492 491
f 534 492 535
f 534 493 492
f 533 493 534
f 533 494 493
f 532 494 533
f 532 495 494
f 531 561 532
f 561 495 532
f 531 562 561
f 560 495 561
f 531 563 562
f 559 495 560
f 531 564 563
f 558 495 559
f 558 496 495
f 530 564 531
f 530 565 564
f 557 496 558
f 530 566 565
f 556 496 557
f 556 497 496
f 529 566 530
f 529 567 566
f 555 497 556
f 529 568 567
f 554 497 555
f 554 498 497
f 528 568 529
f 528 569 568
f 553 498 554
f 553 499 498
f 527 569 528
f 527 570 569
f 552 499 553
f 527 571 570
f 551 499 552
f 551 500 499
f 526 571 527
f 526 572 571
f 550 500 551
f 550 501 500
f 525 572 526
f 525 573 572
f 549 501 550
f 524 573 525
f 524 574 573
f 548 501 549
f 548 502 501
f 524 575 574
f 547 502 548
f 547 503 502
f 523 575 524
f 523 576 575
f 546 503 547
f 546 504 503
f 522 576 523
f 522 577 576
f 545 504 546
f 545 505 504
f 521 577 522
f 521 578 577
f 544 505 545
f 521 579 578
f 543 505 544
f 543 506 505
f 520 579 521
f 520 580 579
f 542 506 543
f 520 581 580
f 541 506 542
f 541 507 506
f 519 581 520
f 519 582 581
f 540 507 541
f 519 583 582
f 539 507 540
f 539 508 507
f 518 583 519
f 518 584 583
f 538 508 539
f 518 585 584
f 585 508 538
f 518 508 585
f 518 509 508
f 517 509 518
f 517 510 509
f 516 510 517
f 516 511 510
f 515 511 516
f 515 512 511
f 514 512 515
f 514 513 512
f 593 587 586
f 593 592 587
f 592 588 587
f 591 588 592
f 591 589 588
f 591 590 589
f 658 659 686
f 686 659 660
f 686 660 594
f 686 594 595
f 686 595 596
f 686 596 597
f 686 597 598
f 686 598 599
f 686 599 600
f 686 600 685
f 685 600 601
f 658 686 687
f 684 685 601
f 683 684 601
f 682 683 601
f 682 601 602
f 681 682 602
f 680 681 602
f 679 680 602
f 679 602 603
f 678 679 603
f 677 678 603
f 676 677 603
f 676 603 604
f 675 676 604
f 674 675 604
f 674 604 605
f 673 674 605
f 672 673 605
f 672 605 606
f 671 672 606
f 671 606 607
f 670 671 607
f 669 670 607
f 669 607 608
f 668 669 608
f 668 608 609
f 667 668 609
f 667 609 610
f 666 667 610
f 665 666 610
f 665 610 611
f 664 665 611
f 663 664 611
f 663 611 612
f 662 663 612
f 661 662 612
f 658 687 656
f 656 687 661
f 656 661 612
f 656 612 613
f 656 613 614
f 656 614 615
f 656 615 616
f 656 616 617
f 656 617 618
f 656 618 619
f 656 619 655
f 655 619 654
f 654 619 620
f 658 656 657
f 653 654 620
f 652 653 620
f 651 652 620
f 651 620 621
f 650 651 621
f 649 650 621
f 649 621 622
f 648 649 622
f 648 622 623
f 647 648 623
f 647 623 624
f 646 647 624
f 646 624 625
f 645 646 625
f 645 625 626
f 644 645 626
f 644 626 627
f 644 627 628
f 643 644 628
f 643 628 629
f 642 643 629
f 642 629 630
f 642 630 631
f 642 631 632
f 642 632 633
f 642 633 634
f 642 634 635
f 642 635 636
f 642 636 637
f 642 637 638
f 642 638 639
f 642 639 640
f 642 640 641
f 696 697 688
f 688 697 698
f 688 698 699
f 696 688 689
f 696 689 692
f 692 689 690
f 692 690 691
f 696 692 693
f 696 693 694
f 696 694 695
f 708 709 710
f 708 710 706
f 706 710 705
f 705 710 711
f 711 712 713
f 711 713 702
f 702 713 701
f 701 713 714
f 708 706 707
f 704 705 711
f 711 702 703
f 700 701 714
f 704 711 703
f 761 762 715
f 761 715 716
f 760 761 716
f 760 716 717
f 759 760 717
f 759 717 718
f 758 759 718
f 758 718 719
f 757 758 719
f 757 719 720
f 756 757 786
f 786 757 720
f 756 786 787
f 785 786 720
f 756 787 788
f 784 785 720
f 756 788 789
f 783 784 720
f 783 720 721
f 755 756 789
f 755 789 790
f 782 783 721
f 755 790 791
f 781 782 721
f 781 721 722
f 754 755 791
f 754 791 792
f 780 781 722
f 754 792 793
f 779 780 722
f 779 722 723
f 753 754 793
f 753 793 794
f 778 779 723
f 778 723 724
f 752 753 794
f 752 794 795
f 777 778 724
f 752 795 796
f 776 777 724
f 776 724 725
f 751 752 796
f 751 796 797
f 775 776 725
f 775 725 726
f 750 751 797
f 750 797 798
f 774 775 726
f 749 750 798
f 749 798 799
f 773 774 726
f 773 726 727
f 749 799 800
f 772 773 727
f 772 727 728
f 748 749 800
f 748 800 801
f 771 772 728
f 771 728 729
f 747 748 801
f 747 801 802
f 770 771 729
f 770 729 730
f 746 747 802
f 746 802 803
f 769 770 730
f 746 803 804
f 768 769 730
f 768 730 731
f 745 746 804
f 745 804 805
f 767 768 731
f 745 805 806
f 766 767 731
f 766 731 732
f 744 745 806
f 744 806 807
f 765 766 732
f 744 807 808
f 764 765 732
f 764 732 733
f 743 744 808
f 743 808 809
f 763 764 733
f 743 809 810
f 810 763 733
f 743 810 733
f 743 733 734
f 742 743 734
f 742 734 735
f 741 742 735
f 741 735 736
f 740 741 736
f 740 736 737
f 739 740 737
f 739 737 738
f 857 858 811
f 857 811 812
f 856 857 812
f 856 812 813
f 855 856 813
f 855 813 814
f 854 855 814
f 854 814 815
f 853 854 815
f 853 815 816
f 852 853 882
f 882 853 816
f 852 882 883
f 881 882 816
f 852 883 884
f 880 881 816
f 852 884 885
f 879 880 816
f 879 816 817
f 851 852 885
f 851 885 886
f 878 879 817
f 851 886 887
f 877 878 817
f 877 817 818
f 850 851 887
f 850 887 888
f 876 877 818
f 850 888 889
f 875 876 818
f 875 818 819
f 849 850 889
f 849 889 890
f 874 875 819
f 874 819 820
f 848 849 890
f 848 890 891
f 873 874 820
f 848 891 892
f 872 873 820
f 872 820 821
f 847 848 892
f 847 892 893
f 871 872 821
f 871 821 822
f 846 847 893
f 846 893 894
f 870 871 822
f 845 846 894
f 845 894 895
f 869 870 822
f 869 822 823
f 845 895 896
f 868 869 823
f 868 823 824
f 844 845 896
f 844 896 897
f 867 868 824
f 867 824 825
f 843 844 897
f 843 897 898
f 866 867 825
f 866 825 826
f 842 843 898
f 842 898 899
f 865 866 826
f 842 899 900
f 864 865 826
f 864 826 827
f 841 842 900
f 841 900 901
f 863 864 827
f 841 901 902
f 862 863 827
f 862 827 828
f 840 841 902
f 840 902 903
f 861 862 828
f 840 903 904
f 860 861 828
f 860 828 829
f 839 840 904
f 839 904 905
f 859 860 829
f 839 905 906
f 906 859 829
f 839 906 829
f 839 829 830
f 838 839 830
f 838 830 831
f 837 838 831
f 837 831 832
f 836 837 832
f 836 832 833
f 835 836 833
f 835 833 834
f 914 907 908
f 914 908 913
f 913 908 909
f 912 913 909
f 912 909 910
f 912 910 911
f 916 918 917
f 916 917 915
f 918 920 919
f 918 919 917
f 920 922 921
f 920 921 919
f 922 924 923
f 922 923 921
f 924 926 925
f 924 925 923
f 926 928 927
f 926 927 925
f 928 930 929
f 928 929 927
f 930 916 915
f 930 915 929
f 932 934 933
f 932 933 931
f 934 936 935
f 934 935 933
f 936 938 937
f 936 937 935
f 938 940 939
f 938 939 937
f 940 942 941
f 940 941 939
f 942 944 943
f 942 943 941
f 944 946 945
f 944 945 943
f 946 948 947
f 946 947 945
f 948 950 949
f 948 949 947
f 950 952 951
f 950 951 949
f 952 954 953
f 952 953 951
f 954 956 955
f 954 955 953
f 956 958 957
f 956 957 955
f 958 960 959
f 958 959 957
f 960 962 961
f 960 961 959
f 962 964 963
f 962 963 961
f 964 966 965
f 964 965 963
f 966 968 967
f 966 967 965
f 968 970 969
f 968 969 967
f 970 972 971
f 970 971 969
f 972 974 973
f 972 973 971
f 974 976 975
f 974 975 973
f 976 978 977
f 976 977 975
f 978 980 979
f 978 979 977
f 980 982 981
f 980 981 979
f 982 984 983
f 982 983 981
f 984 986 985
f 984 985 983
f 986 988 987
f 986 987 985
f 988 990 989
f 988 989 987
f 990 992 991
f 990 991 989
f 992 994 993
f 992 993 991
f 994 996 995
f 994 995 993
f 996 998 997
f 996 997 995
f 998 1000 999
f 998 999 997
f 1000 1002 1001
f 1000 1001 999
f 1002 1004 1003
f 1002 1003 1001
f 1004 1006 1005
f 1004 1005 1003
f 1006 1008 1007
f 1006 1007 1005
f 1008 1010 1009
f 1008 1009 1007
f 1010 1012 1011
f 1010 1011 1009
f 1012 1014 1013
f 1012 1013 1011
f 1014 1016 1015
f 1014 1015 1013
f 1016 1018 1017
f 1016 1017 1015
f 1018 1020 1019
f 1018 1019 1017
f 1020 1022 1021
f 1020 1021 1019
f 1022 1024 1023
f 1022 1023 1021
f 1024 1026 1025
f 1024 1025 1023
f 1026 932 931
f 1026 931 1025
f 1028 1030 1029
f 1028 1029 1027
f 1030 1032 1031
f 1030 1031 1029
f 1032 1034 1033
f 1032 1033 1031
f 1034 1036 1035
f 1034 1035 1033
f 1036 1038 1037
f 1036 1037 1035
f 1038 1040 1039
f 1038 1039 1037
f 1040 1042 1041
f 1040 1041 1039
f 1042 1044 1043
f 1042 1043 1041
f 1044 1046 1045
f 1044 1045 1043
f 1046 1048 1047
f 1046 1047 1045
f 1048 1050 1049
f 1048 1049 1047
f 1050 1052 1051
f 1050 1051 1049
f 1052 1054 1053
f 1052 1053 1051
f 1054 1056 1055
f 1054 1055 1053
f 1056 1058 1057
f 1056 1057 1055
f 1058 1060 1059
f 1058 1059 1057
f 1060 1062 1061
f 1060 1061 1059
f 1062 1064 1063
f 1062 1063 1061
f 1064 1066 1065
f 1064 1065 1063
f 1066 1068 1067
f 1066 1067 1065
f 1068 1070 1069
f 1068 1069 1067
f 1070 1072 1071
f 1070 1071 1069
f 1072 1074 1073
f 1072 1073 1071
f 1074 1076 1075
f 1074 1075 1073
f 1076 1078 1077
f 1076 1077 1075
f 1078 1080 1079
f 1078 1079 1077
f 1080 1082 1081
f 1080 1081 1079
f 1082 1084 1083
f 1082 1083 1081
f 1084 1086 1085
f 1084 1085 1083
f 1086 1088 1087
f 1086 1087 1085
f 1088 1090 1089
f 1088 1089 1087
f 1090 1092 1091
f 1090 1091 1089
f 1092 1094 1093
f 1092 1093 1091
f 1094 1096 1095
f 1094 1095 1093
f 1096 1098 1097
f 1096 1097 1095
f 1098 1100 1099
f 1098 1099 1097
f 1100 1102 1101
f 1100 1101 1099
f 1102 1104 1103
f 1102 1103 1101
f 1104 1106 1105
f 1104 1105 1103
f 1106 1108 1107
f 1106 1107 1105
f 1108 1110 1109
f 1108 1109 1107
f 1110 1112 1111
f 1110 1111 1109
f 1112 1114 1113
f 1112 1113 1111
f 1114 1116 1115
f 1114 1115 1113
f 1116 1118 1117
f 1116 1117 1115
f 1118 1120 1119
f 1118 1119 1117
f 1120 1122 1121
f 1120 1121 1119
f 1122 1028 1027
f 1122 1027 1121
f 1124 1126 1125
f 1124 1125 1123
f 1126 1128 1127
f 1126 1127 1125
f 1128 1130 1129
f 1128 1129 1127
f 1130 1132 1131
f 1130 1131 1129
f 1132 1134 1133
f 1132 1133 1131
f 1134 1136 1135
f 1134 1135 1133
f 1136 1138 1137
f 1136 1137 1135
f 1138 1140 1139
f 1138 1139 1137
f 1140 1142 1141
f 1140 1141 1139
f 1142 1144 1143
f 1142 1143 1141
f 1144 1146 1145
f 1144 1145 1143
f 1146 1148 1147
f 1146 1147 1145
f 1148 1150 1149
f 1148 1149 1147
f 1150 1152 1151
f 1150 1151 1149
f 1152 1154 1153
f 1152 1153 1151
f 1154 1156 1155
f 1154 1155 1153
f 1156 1158 1157
f 1156 1157 1155
f 1158 1160 1159
f 1158 1159 1157
f 1160 1162 1161
f 1160 1161 1159
f 1162 1164 1163
f 1162 1163 1161
f 1164 1166 1165
f 1164 1165 1163
f 1166 1168 1167
f 1166 1167 1165
f 1168 1170 1169
f 1168 1169 1167
f 1170 1172 1171
f 1170 1171 1169
f 1172 1174 1173
f 1172 1173 1171
f 1174 1176 1175
f 1174 1175 1173
f 1176 1178 1177
f 1176 1177 1175
f 1178 1180 1179
f 1178 1179 1177
f 1180 1182 1181
f 1180 1181 1179
f 1182 1184 1183
f 1182 1183 1181
f 1184 1186 1185
f 1184 1185 1183
f 1186 1188 1187
f 1186 1187 1185
f 1188 1190 1189
f 1188 1189 1187
f 1190 1192 1191
f 1190 1191 1189
f 1192 1194 1193
f 1192 1193 1191
f 1194 1196 1195
f 1194 1195 1193
f 1196 1198 1197
f 1196 1197 1195
f 1198 1200 1199
f 1198 1199 1197
f 1200 1202 1201
f 1200 1201 1199
f 1202 1204 1203
f 1202 1203 1201
f 1204 1206 1205
f 1204 1205 1203
f 1206 1208 1207
f 1206 1207 1205
f 1208 1210 1209
f 1208 1209 1207
f 1210 1212 1211
f 1210 1211 1209
f 1212 1214 1213
f 1212 1213 1211
f 1214 1216 1215
f 1214 1215 1213
f 1216 1218 1217
f 1216 1217 1215
f 1218 1124 1123
f 1218 1123 1217
f 1220 1222 1221
f 1220 1221 1219
f 1222 1224 1223
f 1222 1223 1221
f 1224 1226 1225
f 1224 1225 1223
f 1226 1228 1227
f 1226 1227 1225
f 1228 1230 1229
f 1228 1229 1227
f 1230 1232 1231
f 1230 1231 1229
f 1232 1234 1233
f 1232 1233 1231
f 1234 1236 1235
f 1234 1235 1233
f 1236 1238 1237
f 1236 1237 1235
f 1238 1240 1239
f 1238 1239 1237
f 1240 1242 1241
f 1240 1241 1239
f 1242 1244 1243
f 1242 1243 1241
f 1244 1246 1245
f 1244 1245 1243
f 1246 1248 1247
f 1246 1247 1245
f 1248 1250 1249
f 1248 1249 1247
f 1250 1252 1251
f 1250 1251 1249
f 1252 1254 1253
f 1252 1253 1251
f 1254 1256 1255
f 1254 1255 1253
f 1256 1258 1257
f 1256 1257 1255
f 1258 1260 1259
f 1258 1259 1257
f 1260 1262 1261
f 1260 1261 1259
f 1262 1264 1263
f 1262 1263 1261
f 1264 1266 1265
f 1264 1265 1263
f 1266 1268 1267
f 1266 1267 1265
f 1268 1270 1269
f 1268 1269 1267
f 1270 1272 1271
f 1270 1271 1269
f 1272 1274 1273
f 1272 1273 1271
f 1274 1276 1275
f 1274 1275 1273
f 1276 1278 1277
f 1276 1277 1275
f 1278 1280 1279
f 1278 1279 1277
f 1280 1282 1281
f 1280 1281 1279
f 1282 1284 1283
f 1282 1283 1281
f 1284 1286 1285
f 1284 1285 1283
f 1286 1288 1287
f 1286 1287 1285
f 1288 1290 1289
f 1288 1289 1287
f 1290 1292 1291
f 1290 1291 1289
f 1292 1294 1293
f 1292 1293 1291
f 1294 1296 1295
f 1294 1295 1293
f 1296 1298 1297
f 1296 1297 1295
f 1298 1300 1299
f 1298 1299 1297
f 1300 1302 1301
f 1300 1301 1299
f 1302 1304 1303
f 1302 1303 1301
f 1304 1306 1305
f 1304 1305 1303
f 1306 1308 1307
f 1306 1307 1305
f 1308 1310 1309
f 1308 1309 1307
f 1310 1312 1311
f 1310 1311 1309
f 1312 1314 1313
f 1312 1313 1311
f 1314 1220 1219
f 1314 1219 1313
f 1316 1318 1317
f 1316 1317 1315
f 1318 1320 1319
f 1318 1319 1317
f 1320 1322 1321
f 1320 1321 1319
f 1322 1324 1323
f 1322 1323 1321
f 1324 1326 1325
f 1324 1325 1323
f 1326 1328 1327
f 1326 1327 1325
f 1328 1330 1329
f 1328 1329 1327
f 1330 1332 1331
f 1330 1331 1329
f 1332 1334 1333
f 1332 1333 1331
f 1334 1336 1335
f 1334 1335 1333
f 1336 1338 1337
f 1336 1337 1335
f 1338 1340 1339
f 1338 1339 1337
f 1340 1342 1341
f 1340 1341 1339
f 1342 1344 1343
f 1342 1343 1341
f 1344 1316 1315
f 1344 1315 1343
f 1346 1348 1347
f 1346 1347 1345
f 1348 1350 1349
f 1348 1349 1347
f 1350 1352 1351
f 1350 1351 1349
f 1352 1354 1353
f 1352 1353 1351
f 1354 1356 1355
f 1354 1355 1353
f 1356 1358 1357
f 1356 1357 1355
f 1358 1360 1359
f 1358 1359 1357
f 1360 1362 1361
f 1360 1361 1359
f 1362 1364 1363
f 1362 1363 1361
f 1364 1366 1365
f 1364 1365 1363
f 1366 1368 1367
f 1366 1367 1365
f 1368 1346 1345
f 1368 1345 1367
f 1370 1372 1371
f 1370 1371 1369
f 1372 1374 1373
f 1372 1373 1371
f 1374 1376 1375
f 1374 1375 1373
f 1376 1378 1377
f 1376 1377 1375
f 1378 1380 1379
f 1378 1379 1377
f 1380 1382 1381
f 1380 1381 1379
f 1382 1384 1383
f 1382 1383 1381
f 1384 1386 1385
f 1384 1385 1383
f 1386 1388 1387
f 1386 1387 1385
f 1388 1390 1389
f 1388 1389 1387
f 1390 1392 1391
f 1390 1391 1389
f 1392 1394 1393
f 1392 1393 1391
f 1394 1396 1395
f 1394 1395 1393
f 1396 1398 1397
f 1396 1397 1395
f 1398 1400 1399
f 1398 1399 1397
f 1400 1402 1401
f 1400 1401 1399
f 1402 1404 1403
f 1402 1403 1401
f 1404 1406 1405
f 1404 1405 1403
f 1406 1408 1407
f 1406 1407 1405
f 1408 1410 1409
f 1408 1409 1407
f 1410 1412 1411
f 1410 1411 1409
f 1412 1414 1413
f 1412 1413 1411
f 1414 1416 1415
f 1414 1415 1413
f 1416 1418 1417
f 1416 1417 1415
f 1418 1420 1419
f 1418 1419 1417
f 1420 1422 1421
f 1420 1421 1419
f 1422 1424 1423
f 1422 1423 1421
f 1424 1426 1425
f 1424 1425 1423
f 1426 1428 1427
f 1426 1427 1425
f 1428 1430 1429
f 1428 1429 1427
f 1430 1432 1431
f 1430 1431 1429
f 1432 1434 1433
f 1432 1433 1431
f 1434 1436 1435
f 1434 1435 1433
f 1436 1438 1437
f 1436 1437 1435
f 1438 1440 1439
f 1438 1439 1437
f 1440 1442 1441
f 1440 1441 1439
f 1442 1444 1443
f 1442 1443 1441
f 1444 1446 1445
f 1444 1445 1443
f 1446 1448 1447
f 1446 1447 1445
f 1448 1450 1449
f 1448 1449 1447
f 1450 1452 1451
f 1450 1451 1449
f 1452 1454 1453
f 1452 1453 1451
f 1454 1456 1455
f 1454 1455 1453
f 1456 1458 1457
f 1456 1457 1455
f 1458 1460 1459
f 1458 1459 1457
f 1460 1462 1461
f 1460 1461 1459
f 1462 1464 1463
f 1462 1463 1461
f 1464 1466 1465
f 1464 1465 1463
f 1466 1468 1467
f 1466 1467 1465
f 1468 1470 1469
f 1468 1469 1467
f 1470 1472 1471
f 1470 1471 1469
f 1472 1474 1473
f 1472 1473 1471
f 1474 1476 1475
f 1474 1475 1473
f 1476 1478 1477
f 1476 1477 1475
f 1478 1480 1479
f 1478 1479 1477
f 1480 1482 1481
f 1480 1481 1479
f 1482 1484 1483
f 1482 1483 1481
f 1484 1486 1485
f 1484 1485 1483
f 1486 1488 1487
f 1486 1487 1485
f 1488 1490 1489
f 1488 1489 1487
f 1490 1492 1491
f 1490 1491 1489
f 1492 1494 1493
f 1492 1493 1491
f 1494 1496 1495
f 1494 1495 1493
f 1496 1498 1497
f 1496 1497 1495
f 1498 1500 1499
f 1498 1499 1497
f 1500 1502 1501
f 1500 1501 1499
f 1502 1370 1369
f 1502 1369 1501
f 1504 1506 1505
f 1504 1505 1503
f 1506 1508 1507
f 1506 1507 1505
f 1508 1510 1509
f 1508 1509 1507
f 1510 1512 1511
f 1510 1511 1509
f 1512 1514 1513
f 1512 1513 1511
f 1514 1516 1515
f 1514 1515 1513
f 1516 1518 1517
f 1516 1517 1515
f 1518 1520 1519
f 1518 1519 1517
f 1520 1522 1521
f 1520 1521 1519
f 1522 1524 1523
f 1522 1523 1521
f 1524 1526 1525
f 1524 1525 1523
f 1526 1528 1527
f 1526 1527 1525
f 1528 1530 1529
f 1528 1529 1527
f 1530 1532 1531
f 1530 1531 1529
f 1532 1534 1533
f 1532 1533 1531
f 1534 1536 1535
f 1534 1535 1533
f 1536 1538 1537
f 1536 1537 1535
f 1538 1540 1539
f 1538 1539 1537
f 1540 1542 1541
f 1540 1541 1539
f 1542 1544 1543
f 1542 1543 1541
f 1544 1546 1545
f 1544 1545 1543
f 1546 1548 1547
f 1546 1547 1545
f 1548 1550 1549
f 1548 1549 1547
f 1550 1552 1551
f 1550 1551 1549
f 1552 1554 1553
f 1552 1553 1551
f 1554 1556 1555
f 1554 1555 1553
f 1556 1504 1503
f 1556 1503 1555
f 1558 1566 1568
f 1558 1568 1560
f 1560 1568 1567
f 1560 1567 1559
f 1559 1567 1565
f 1559 1565 1557
f 1570 1562 1564
f 1570 1564 1572
f 1572 1564 1563
f 1572 1563 1571
f 1571 1563 1561
f 1571 1561 1569
f 1566 1574 1576
f 1566 1576 1568
f 1568 1576 1575
f 1568 1575 1567
f 1567 1575 1573
f 1567 1573 1565
f 1578 1570 1572
f 1578 1572 1580
f 1580 1572 1571
f 1580 1571 1579
f 1579 1571 1569
f 1579 1569 1577
f 1574 1582 1584
f 1574 1584 1576
f 1576 1584 1583
f 1576 1583 1575
f 1575 1583 1581
f 1575 1581 1573
f 1586 1578 1580
f 1586 1580 1588
f 1588 1580 1579
f 1588 1579 1587
f 1587 1579 1577
f 1587 1577 1585
f 1582 1590 1592
f 1582 1592 1584
f 1584 1592 1591
f 1584 1591 1583
f 1583 1591 1589
f 1583 1589 1581
f 1594 1586 1588
f 1594 1588 1596
f 1596 1588 1587
f 1596 1587 1595
f 1595 1587 1585
f 1595 1585 1593
f 1590 1598 1600
f 1590 1600 1592
f 1592 1600 1599
f 1592 1599 1591
f 1591 1599 1597
f 1591 1597 1589
f 1602 1594 1596
f 1602 1596 1604
f 1604 1596 1595
f 1604 1595 1603
f 1603 1595 1593
f 1603 1593 1601
f 1598 1606 1608
f 1598 1608 1600
f 1600 1608 1607
f 1600 1607 1599
f 1599 1607 1605
f 1599 1605 1597
f 1610 1602 1604
f 1610 1604 1612
f 1612 1604 1603
f 1612 1603 1611
f 1611 1603 1601
f 1611 1601 1609
f 1606 1614 1616
f 1606 1616 1608
f 1608 1616 1615
f 1608 1615 1607
f 1607 1615 1613
f 1607 1613 1605
f 1618 1610 1612
f 1618 1612 1620
f 1620 1612 1611
f 1620 1611 1619
f 1619 1611 1609
f 1619 1609 1617
f 1614 1622 1624
f 1614 1624 1616
f 1616 1624 1623
f 1616 1623 1615
f 1615 1623 1621
f 1615 1621 1613
f 1626 1618 1620
f 1626 1620 1628
f 1628 1620 1619
f 1628 1619 1627
f 1627 1619 1617
f 1627 1617 1625
f 1622 1630 1632
f 1622 1632 1624
f 1624 1632 1631
f 1624 1631 1623
f 1623 1631 1629
f 1623 1629 1621
f 1634 1626 1628
f 1634 1628 1636
f 1636 1628 1627
f 1636 1627 1635
f 1635 1627 1625
f 1635 1625 1633
f 1630 1638 1640
f 1630 1640 1632
f 1632 1640 1639
f 1632 1639 1631
f 1631 1639 1637
f 1631 1637 1629
f 1642 1634 1636
f 1642 1636 1644
f 1644 1636 1635
f 1644 1635 1643
f 1643 1635 1633
f 1643 1633 1641
f 1638 1646 1648
f 1638 1648 1640
f 1640 1648 1647
f 1640 1647 1639
f 1639 1647 1645
f 1639 1645 1637
f 1650 1642 1644
f 1650 1644 1652
f 1652 1644 1643
f 1652 1643 1651
f 1651 1643 1641
f 1651 1641 1649
f 1646 1654 1656
f 1646 1656 1648
f 1648 1656 1655
f 1648 1655 1647
f 1647 1655 1653
f 1647 1653 1645
f 1658 1650 1652
f 1658 1652 1660
f 1660 1652 1651
f 1660 1651 1659
f 1659 1651 1649
f 1659 1649 1657
f 1654 1662 1664
f 1654 1664 1656
f 1656 1664 1663
f 1656 1663 1655
f 1655 1663 1661
f 1655 1661 1653
f 1666 1658 1660
f 1666 1660 1668
f 1668 1660 1659
f 1668 1659 1667
f 1667 1659 1657
f 1667 1657 1665
f 1662 1670 1672
f 1662 1672 1664
f 1664 1672 1671
f 1664 1671 1663
f 1663 1671 1669
f 1663 1669 1661
f 1674 1666 1668
f 1674 1668 1676
f 1676 1668 1667
f 1676 1667 1675
f 1675 1667 1665
f 1675 1665 1673
f 1670 1678 1680
f 1670 1680 1672
f 1672 1680 1679
f 1672 1679 1671
f 1671 1679 1677
f 1671 1677 1669
f 1682 1674 1676
f 1682 1676 1684
f 1684 1676 1675
f 1684 1675 1683
f 1683 1675 1673
f 1683 1673 1681
f 1678 1558 1560
f 1678 1560 1680
f 1680 1560 1559
f 1680 1559 1679
f 1679 1559 1557
f 1679 1557 1677
f 1562 1682 1684
f 1562 1684 1564
f 1564 1684 1683
f 1564 1683 1563
f 1563 1683 1681
f 1563 1681 1561
f 1677 1557 1565
f 1565 1573 1581
f 1581 1589 1597
f 1597 1605 1613
f 1613 1621 1629
f 1629 1637 1645
f 1645 1653 1661
f 1661 1669 1677
f 1677 1565 1581
f 1581 1597 1613
f 1613 1629 1645
f 1645 1661 1677
f 1677 1581 1613
f 1613 1645 1677
f 1558 1562 1570
f 1558 1570 1566
f 1678 1682 1562
f 1678 1562 1558
f 1577 1569 1561
f 1561 1681 1673
f 1673 1665 1657
f 1657 1649 1641
f 1641 1633 1625
f 1625 1617 1609
f 1609 1601 1593
f 1593 1585 1577
f 1577 1561 1673
f 1673 1657 1641
f 1641 1625 1609
f 1609 1593 1577
f 1577 1673 1641
f 1641 1609 1577
f 1566 1570 1578
f 1566 1578 1574
f 1574 1578 1586
f 1574 1586 1582
f 1582 1586 1594
f 1582 1594 1590
f 1590 1594 1602
f 1590 1602 1598
f 1598 1602 1610
f 1598 1610 1606
f 1606 1610 1618
f 1606 1618 1614
f 1614 1618 1626
f 1614 1626 1622
f 1622 1626 1634
f 1622 1634 1630
f 1630 1634 1642
f 1630 1642 1638
f 1638 1642 1650
f 1638 1650 1646
f 1646 1650 1658
f 1646 1658 1654
f 1654 1658 1666
f 1654 1666 1662
f 1662 1666 1674
f 1662 1674 1670
f 1670 1674 1682
f 1670 1682 1678
f 1686 1694 1696
f 1686 1696 1688
f 1688 1696 1695
f 1688 1695 1687
f 1687 1695 1693
f 1687 1693 1685
f 1698 1690 1692
f 1698 1692 1700
f 1700 1692 1691
f 1700 1691 1699
f 1699 1691 1689
f 1699 1689 1697
f 1694 1702 1704
f 1694 1704 1696
f 1696 1704 1703
f 1696 1703 1695
f 1695 1703 1701
f 1695 1701 1693
f 1706 1698 1700
f 1706 1700 1708
f 1708 1700 1699
f 1708 1699 1707
f 1707 1699 1697
f 1707 1697 1705
f 1702 1710 1712
f 1702 1712 1704
f 1704 1712 1711
f 1704 1711 1703
f 1703 1711 1709
f 1703 1709 1701
f 1714 1706 1708
f 1714 1708 1716
f 1716 1708 1707
f 1716 1707 1715
f 1715 1707 1705
f 1715 1705 1713
f 1710 1718 1720
f 1710 1720 1712
f 1712 1720 1719
f 1712 1719 1711
f 1711 1719 1717
f 1711 1717 1709
f 1722 1714 1716
f 1722 1716 1724
f 1724 1716 1715
f 1724 1715 1723
f 1723 1715 1713
f 1723 1713 1721
f 1718 1726 1728
f 1718 1728 1720
f 1720 1728 1727
f 1720 1727 1719
f 1719 1727 1725
f 1719 1725 1717
f 1730 1722 1724
f 1730 1724 1732
f 1732 1724 1723
f 1732 1723 1731
f 1731 1723 1721
f 1731 1721 1729
f 1726 1734 1736
f 1726 1736 1728
f 1728 1736 1735
f 1728 1735 1727
f 1727 1735 1733
f 1727 1733 1725
f 1738 1730 1732
f 1738 1732 1740
f 1740 1732 1731
f 1740 1731 1739
f 1739 1731 1729
f 1739 1729 1737
f 1734 1742 1744
f 1734 1744 1736
f 1736 1744 1743
f 1736 1743 1735
f 1735 1743 1741
f 1735 1741 1733
f 1746 1738 1740
f 1746 1740 1748
f 1748 1740 1739
f 1748 1739 1747
f 1747 1739 1737
f 1747 1737 1745
f 1742 1750 1752
f 1742 1752 1744
f 1744 1752 1751
f 1744 1751 1743
f 1743 1751 1749
f 1743 1749 1741
f 1754 1746 1748
f 1754 1748 1756
f 1756 1748 1747
f 1756 1747 1755
f 1755 1747 1745
f 1755 1745 1753
f 1750 1758 1760
f 1750 1760 1752
f 1752 1760 1759
f 1752 1759 1751
f 1751 1759 1757
f 1751 1757 1749
f 1762 1754 1756
f 1762 1756 1764
f 1764 1756 1755
f 1764 1755 1763
f 1763 1755 1753
f 1763 1753 1761
f 1758 1766 1768
f 1758 1768 1760
f 1760 1768 1767
f 1760 1767 1759
f 1759 1767 1765
f 1759 1765 1757
f 1770 1762 1764
f 1770 1764 1772
f 1772 1764 1763
f 1772 1763 1771
f 1771 1763 1761
f 1771 1761 1769
f 1766 1774 1776
f 1766 1776 1768
f 1768 1776 1775
f 1768 1775 1767
f 1767 1775 1773
f 1767 1773 1765
f 1778 1770 1772
f 1778 1772 1780
f 1780 1772 1771
f 1780 1771 1779
f 1779 1771 1769
f 1779 1769 1777
f 1774 1782 1784
f 1774 1784 1776
f 1776 1784 1783
f 1776 1783 1775
f 1775 1783 1781
f 1775 1781 1773
f 1786 1778 1780
f 1786 1780 1788
f 1788 1780 1779
f 1788 1779 1787
f 1787 1779 1777
f 1787 1777 1785
f 1782 1790 1792
f 1782 1792 1784
f 1784 1792 1791
f 1784 1791 1783
f 1783 1791 1789
f 1783 1789 1781
f 1794 1786 1788
f 1794 1788 1796
f 1796 1788 1787
f 1796 1787 1795
f 1795 1787 1785
f 1795 1785 1793
f 1790 1798 1800
f 1790 1800 1792
f 1792 1800 1799
f 1792 1799 1791
f 1791 1799 1797
f 1791 1797 1789
f 1802 1794 1796
f 1802 1796 1804
f 1804 1796 1795
f 1804 1795 1803
f 1803 1795 1793
f 1803 1793 1801
f 1798 1806 1808
f 1798 1808 1800
f 1800 1808 1807
f 1800 1807 1799
f 1799 1807 1805
f 1799 1805 1797
f 1810 1802 1804
f 1810 1804 1812
f 1812 1804 1803
f 1812 1803 1811
f 1811 1803 1801
f 1811 1801 1809
f 1806 1686 1688
f 1806 1688 1808
f 1808 1688 1687
f 1808 1687 1807
f 1807 1687 1685
f 1807 1685 1805
f 1690 1810 1812
f 1690 1812 1692
f 1692 1812 1811
f 1692 1811 1691
f 1691 1811 1809
f 1691 1809 1689
f 1805 1685 1693
f 1693 1701 1709
f 1709 1717 1725
f 1725 1733 1741
f 1741 1749 1757
f 1757 1765 1773
f 1773 1781 1789
f 1789 1797 1805
f 1805 1693 1709
f 1709 1725 1741
f 1741 1757 1773
f 1773 1789 1805
f 1805 1709 1741
f 1741 1773 1805
f 1686 1690 1698
f 1686 1698 1694
f 1806 1810 1690
f 1806 1690 1686
f 1705 1697 1689
f 1689 1809 1801
f 1801 1793 1785
f 1785 1777 1769
f 1769 1761 1753
f 1753 1745 1737
f 1737 1729 1721
f 1721 1713 1705
f 1705 1689 1801
f 1801 1785 1769
f 1769 1753 1737
f 1737 1721 1705
f 1705 1801 1769
f 1769 1737 1705
f 1694 1698 1706
f 1694 1706 1702
f 1702 1706 1714
f 1702 1714 1710
f 1710 1714 1722
f 1710 1722 1718
f 1718 1722 1730
f 1718 1730 1726
f 1726 1730 1738
f 1726 1738 1734
f 1734 1738 1746
f 1734 1746 1742
f 1742 1746 1754
f 1742 1754 1750
f 1750 1754 1762
f 1750 1762 1758
f 1758 1762 1770
f 1758 1770 1766
f 1766 1770 1778
f 1766 1778 1774
f 1774 1778 1786
f 1774 1786 1782
f 1782 1786 1794
f 1782 1794 1790
f 1790 1794 1802
f 1790 1802 1798
f 1798 1802 1810
f 1798 1810 1806
f 1814 1822 1824
f 1814 1824 1816
f 1816 1824 1823
f 1816 1823 1815
f 1815 1823 1821
f 1815 1821 1813
f 1826 1818 1820
f 1826 1820 1828
f 1828 1820 1819
f 1828 1819 1827
f 1827 1819 1817
f 1827 1817 1825
f 1822 1830 1832
f 1822 1832 1824
f 1824 1832 1831
f 1824 1831 1823
f 1823 1831 1829
f 1823 1829 1821
f 1834 1826 1828
f 1834 1828 1836
f 1836 1828 1827
f 1836 1827 1835
f 1835 1827 1825
f 1835 1825 1833
f 1830 1838 1840
f 1830 1840 1832
f 1832 1840 1839
f 1832 1839 1831
f 1831 1839 1837
f 1831 1837 1829
f 1842 1834 1836
f 1842 1836 1844
f 1844 1836 1835
f 1844 1835 1843
f 1843 1835 1833
f 1843 1833 1841
f 1838 1846 1848
f 1838 1848 1840
f 1840 1848 1847
f 1840 1847 1839
f 1839 1847 1845
f 1839 1845 1837
f 1850 1842 1844
f 1850 1844 1852
f 1852 1844 1843
f 1852 1843 1851
f 1851 1843 1841
f 1851 1841 1849
f 1846 1854 1856
f 1846 1856 1848
f 1848 1856 1855
f 1848 1855 1847
f 1847 1855 1853
f 1847 1853 1845
f 1858 1850 1852
f 1858 1852 1860
f 1860 1852 1851
f 1860 1851 1859
f 1859 1851 1849
f 1859 1849 1857
f 1854 1862 1864
f 1854 1864 1856
f 1856 1864 1863
f 1856 1863 1855
f 1855 1863 1861
f 1855 1861 1853
f 1866 1858 1860
f 1866 1860 1868
f 1868 1860 1859
f 1868 1859 1867
f 1867 1859 1857
f 1867 1857 1865
f 1862 1870 1872
f 1862 1872 1864
f 1864 1872 1871
f 1864 1871 1863
f 1863 1871 1869
f 1863 1869 1861
f 1874 1866 1868
f 1874 1868 1876
f 1876 1868 1867
f 1876 1867 1875
f 1875 1867 1865
f 1875 1865 1873
f 1870 1878 1880
f 1870 1880 1872
f 1872 1880 1879
f 1872 1879 1871
f 1871 1879 1877
f 1871 1877 1869
f 1882 1874 1876
f 1882 1876 1884
f 1884 1876 1875
f 1884 1875 1883
f 1883 1875 1873
f 1883 1873 1881
f 1878 1886 1888
f 1878 1888 1880
f 1880 1888 1887
f 1880 1887 1879
f 1879 1887 1885
f 1879 1885 1877
f 1890 1882 1884
f 1890 1884 1892
f 1892 1884 1883
f 1892 1883 1891
f 1891 1883 1881
f 1891 1881 1889
f 1886 1894 1896
f 1886 1896 1888
f 1888 1896 1895
f 1888 1895 1887
f 1887 1895 1893
f 1887 1893 1885
f 1898 1890 1892
f 1898 1892 1900
f 1900 1892 1891
f 1900 1891 1899
f 1899 1891 1889
f 1899 1889 1897
f 1894 1902 1904
f 1894 1904 1896
f 1896 1904 1903
f 1896 1903 1895
f 1895 1903 1901
f 1895 1901 1893
f 1906 1898 1900
f 1906 1900 1908
f 1908 1900 1899
f 1908 1899 1907
f 1907 1899 1897
f 1907 1897 1905
f 1902 1910 1912
f 1902 1912 1904
f 1904 1912 1911
f 1904 1911 1903
f 1903 1911 1909
f 1903 1909 1901
f 1914 1906 1908
f 1914 1908 1916
f 1916 1908 1907
f 1916 1907 1915
f 1915 1907 1905
f 1915 1905 1913
f 1910 1918 1920
f 1910 1920 1912
f 1912 1920 1919
f 1912 1919 1911
f 1911 1919 1917
f 1911 1917 1909
f 1922 1914 1916
f 1922 1916 1924
f 1924 1916 1915
f 1924 1915 1923
f 1923 1915 1913
f 1923 1913 1921
f 1918 1926 1928
f 1918 1928 1920
f 1920 1928 1927
f 1920 1927 1919
f 1919 1927 1925
f 1919 1925 1917
f 1930 1922 1924
f 1930 1924 1932
f 1932 1924 1923
f 1932 1923 1931
f 1931 1923 1921
f 1931 1921 1929
f 1926 1934 1936
f 1926 1936 1928
f 1928 1936 1935
f 1928 1935 1927
f 1927 1935 1933
f 1927 1933 1925
f 1938 1930 1932
f 1938 1932 1940
f 1940 1932 1931
f 1940 1931 1939
f 1939 1931 1929
f 1939 1929 1937
f 1934 1814 1816
f 1934 1816 1936
f 1936 1816 1815
f 1936 1815 1935
f 1935 1815 1813
f 1935 1813 1933
f 1818 1938 1940
f 1818 1940 1820
f 1820 1940 1939
f 1820 1939 1819
f 1819 1939 1937
f 1819 1937 1817
f 1933 1813 1821
f 1821 1829 1837
f 1837 1845 1853
f 1853 1861 1869
f 1869 1877 1885
f 1885 1893 1901
f 1901 1909 1917
f 1917 1925 1933
f 1933 1821 1837
f 1837 1853 1869
f 1869 1885 1901
f 1901 1917 1933
f 1933 1837 1869
f 1869 1901 1933
f 1814 1818 1826
f 1814 1826 1822
f 1934 1938 1818
f 1934 1818 1814
f 1833 1825 1817
f 1817 1937 1929
f 1929 1921 1913
f 1913 1905 1897
f 1897 1889 1881
f 1881 1873 1865
f 1865 1857 1849
f 1849 1841 1833
f 1833 1817 1929
f 1929 1913 1897
f 1897 1881 1865
f 1865 1849 1833
f 1833 1929 1897
f 1897 1865 1833
f 1822 1826 1834
f 1822 1834 1830
f 1830 1834 1842
f 1830 1842 1838
f 1838 1842 1850
f 1838 1850 1846
f 1846 1850 1858
f 1846 1858 1854
f 1854 1858 1866
f 1854 1866 1862
f 1862 1866 1874
f 1862 1874 1870
f 1870 1874 1882
f 1870 1882 1878
f 1878 1882 1890
f 1878 1890 1886
f 1886 1890 1898
f 1886 1898 1894
f 1894 1898 1906
f 1894 1906 1902
f 1902 1906 1914
f 1902 1914 1910
f 1910 1914 1922
f 1910 1922 1918
f 1918 1922 1930
f 1918 1930 1926
f 1926 1930 1938
f 1926 1938 1934
f 1942 1950 1952
f 1942 1952 1944
f 1944 1952 1951
f 1944 1951 1943
f 1943 1951 1949
f 1943 1949 1941
f 1954 1946 1948
f 1954 1948 1956
f 1956 1948 1947
f 1956 1947 1955
f 1955 1947 1945
f 1955 1945 1953
f 1950 1958 1960
f 1950 1960 1952
f 1952 1960 1959
f 1952 1959 1951
f 1951 1959 1957
f 1951 1957 1949
f 1962 1954 1956
f 1962 1956 1964
f 1964 1956 1955
f 1964 1955 1963
f 1963 1955 1953
f 1963 1953 1961
f 1958 1966 1968
f 1958 1968 1960
f 1960 1968 1967
f 1960 1967 1959
f 1959 1967 1965
f 1959 1965 1957
f 1970 1962 1964
f 1970 1964 1972
f 1972 1964 1963
f 1972 1963 1971
f 1971 1963 1961
f 1971 1961 1969
f 1966 1974 1976
f 1966 1976 1968
f 1968 1976 1975
f 1968 1975 1967
f 1967 1975 1973
f 1967 1973 1965
f 1978 1970 1972
f 1978 1972 1980
f 1980 1972 1971
f 1980 1971 1979
f 1979 1971 1969
f 1979 1969 1977
f 1974 1982 1984
f 1974 1984 1976
f 1976 1984 1983
f 1976 1983 1975
f 1975 1983 1981
f 1975 1981 1973
f 1986 1978 1980
f 1986 1980 1988
f 1988 1980 1979
f 1988 1979 1987
f 1987 1979 1977
f 1987 1977 1985
f 1982 1990 1992
f 1982 1992 1984
f 1984 1992 1991
f 1984 1991 1983
f 1983 1991 1989
f 1983 1989 1981
f 1994 1986 1988
f 1994 1988 1996
f 1996 1988 1987
f 1996 1987 1995
f 1995 1987 1985
f 1995 1985 1993
f 1990 1998 2000
f 1990 2000 1992
f 1992 2000 1999
f 1992 1999 1991
f 1991 1999 1997
f 1991 1997 1989
f 2002 1994 1996
f 2002 1996 2004
f 2004 1996 1995
f 2004 1995 2003
f 2003 1995 1993
f 2003 1993 2001
f 1998 2006 2008
f 1998 2008 2000
f 2000 2008 2007
f 2000 2007 1999
f 1999 2007 2005
f 1999 2005 1997
f 2010 2002 2004
f 2010 2004 2012
f 2012 2004 2003
f 2012 2003 2011
f 2011 2003 2001
f 2011 2001 2009
f 2006 2014 2016
f 2006 2016 2008
f 2008 2016 2015
f 2008 2015 2007
f 2007 2015 2013
f 2007 2013 2005
f 2018 2010 2012
f 2018 2012 2020
f 2020 2012 2011
f 2020 2011 2019
f 2019 2011 2009
f 2019 2009 2017
f 2014 2022 2024
f 2014 2024 2016
f 2016 2024 2023
f 2016 2023 2015
f 2015 2023 2021
f 2015 2021 2013
f 2026 2018 2020
f 2026 2020 2028
f 2028 2020 2019
f 2028 2019 2027
f 2027 2019 2017
f 2027 2017 2025
f 2022 2030 2032
f 2022 2032 2024
f 2024 2032 2031
f 2024 2031 2023
f 2023 2031 2029
f 2023 2029 2021
f 2034 2026 2028
f 2034 2028 2036
f 2036 2028 2027
f 2036 2027 2035
f 2035 2027 2025
f 2035 2025 2033
f 2030 2038 2040
f 2030 2040 2032
f 2032 2040 2039
f 2032 2039 2031
f 2031 2039 2037
f 2031 2037 2029
f 2042 2034 2036
f 2042 2036 2044
f 2044 2036 2035
f 2044 2035 2043
f 2043 2035 2033
f 2043 2033 2041
f 2038 2046 2048
f 2038 2048 2040
f 2040 2048 2047
f 2040 2047 2039
f 2039 2047 2045
f 2039 2045 2037
f 2050 2042 2044
f 2050 2044 2052
f 2052 2044 2043
f 2052 2043 2051
f 2051 2043 2041
f 2051 2041 2049
f 2046 2054 2056
f 2046 2056 2048
f 2048 2056 2055
f 2048 2055 2047
f 2047 2055 2053
f 2047 2053 2045
f 2058 2050 2052
f 2058 2052 2060
f 2060 2052 2051
f 2060 2051 2059
f 2059 2051 2049
f 2059 2049 2057
f 2054 2062 2064
f 2054 2064 2056
f 2056 2064 2063
f 2056 2063 2055
f 2055 2063 2061
f 2055 2061 2053
f 2066 2058 2060
f 2066 2060 2068
f 2068 2060 2059
f 2068 2059 2067
f 2067 2059 2057
f 2067 2057 2065
f 2062 1942 1944
f 2062 1944 2064
f 2064 1944 1943
f 2064 1943 2063
f 2063 1943 1941
f 2063 1941 2061
f 1946 2066 2068
f 1946 2068 1948
f 1948 2068 2067
f 1948 2067 1947
f 1947 2067 2065
f 1947 2065 1945
f 2061 1941 1949
f 1949 1957 1965
f 1965 1973 1981
f 1981 1989 1997
f 1997 2005 2013
f 2013 2021 2029
f 2029 2037 2045
f 2045 2053 2061
f 2061 1949 1965
f 1965 1981 1997
f 1997 2013 2029
f 2029 2045 2061
f 2061 1965 1997
f 1997 2029 2061
f 1942 1946 1954
f 1942 1954 1950
f 2062 2066 1946
f 2062 1946 1942
f 1961 1953 1945
f 1945 2065 2057
f 2057 2049 2041
f 2041 2033 2025
f 2025 2017 2009
f 2009 2001 1993
f 1993 1985 1977
f 1977 1969 1961
f 1961 1945 2057
f 2057 2041 2025
f 2025 2009 1993
f 1993 1977 1961
f 1961 2057 2025
f 2025 1993 1961
f 1950 1954 1962
f 1950 1962 1958
f 1958 1962 1970
f 1958 1970 1966
f 1966 1970 1978
f 1966 1978 1974
f 1974 1978 1986
f 1974 1986 1982
f 1982 1986 1994
f 1982 1994 1990
f 1990 1994 2002
f 1990 2002 1998
f 1998 2002 2010
f 1998 2010 2006
f 2006 2010 2018
f 2006 2018 2014
f 2014 2018 2026
f 2014 2026 2022
f 2022 2026 2034
f 2022 2034 2030
f 2030 2034 2042
f 2030 2042 2038
f 2038 2042 2050
f 2038 2050 2046
f 2046 2050 2058
f 2046 2058 2054
f 2054 2058 2066
f 2054 2066 2062
