# Zoomer visual mesh, local link coordinates in metres
v 0.0066438 -0.0221107 0.0327702
v 0.0064716 -0.0221107 0.0328308
v 0.0063117 -0.0221107 0.0329297
v 0.0061649 -0.0221107 0.0330652
v 0.0060321 -0.0221107 0.0332354
v 0.0059141 -0.0221107 0.0334387
v 0.0058119 -0.0221107 0.0336733
v 0.0057264 -0.0221107 0.0339376
v 0.0056583 -0.0221107 0.0342296
v 0.0056086 -0.0221107 0.0345478
v 0.0055781 -0.0221107 0.0348903
v 0.0055677 -0.0221107 0.0352554
v 0.0055781 -0.0221107 0.0356206
v 0.0056086 -0.0221107 0.0359631
v 0.0056583 -0.0221107 0.0362812
v 0.0057264 -0.0221107 0.0365733
v 0.0058119 -0.0221107 0.0368375
v 0.0059141 -0.0221107 0.0370721
v 0.0060321 -0.0221107 0.0372754
v 0.0061649 -0.0221107 0.0374457
v 0.0063117 -0.0221107 0.0375811
v 0.0064716 -0.0221107 0.0376800
v 0.0066438 -0.0221107 0.0377406
v 0.0068273 -0.0221107 0.0377612
v 0.0070108 -0.0221107 0.0377406
v 0.0071830 -0.0221107 0.0376800
v 0.0073429 -0.0221107 0.0375811
v 0.0074897 -0.0221107 0.0374457
v 0.0076225 -0.0221107 0.0372754
v 0.0077405 -0.0221107 0.0370721
v 0.0078426 -0.0221107 0.0368375
v 0.0079282 -0.0221107 0.0365733
v 0.0079963 -0.0221107 0.0362812
v 0.0080460 -0.0221107 0.0359631
v 0.0080765 -0.0221107 0.0356206
v 0.0080868 -0.0221107 0.0352554
v 0.0080765 -0.0221107 0.0348903
v 0.0080460 -0.0221107 0.0345478
v 0.0079963 -0.0221107 0.0342296
v 0.0079282 -0.0221107 0.0339376
v 0.0078426 -0.0221107 0.0336733
v 0.0077405 -0.0221107 0.0334387
v 0.0076225 -0.0221107 0.0332354
v 0.0074897 -0.0221107 0.0330652
v 0.0073429 -0.0221107 0.0329297
v 0.0071830 -0.0221107 0.0328308
v 0.0070108 -0.0221107 0.0327702
v 0.0068273 -0.0221107 0.0327496
v 0.0067221 -0.0221107 0.0370811
v 0.0066245 -0.0221107 0.0370387
v 0.0065346 -0.0221107 0.0369690
v 0.0064528 -0.0221107 0.0368729
v 0.0063795 -0.0221107 0.0367513
v 0.0063149 -0.0221107 0.0366050
v 0.0062594 -0.0221107 0.0364348
v 0.0062132 -0.0221107 0.0362416
v 0.0061768 -0.0221107 0.0360262
v 0.0061503 -0.0221107 0.0357895
v 0.0061343 -0.0221107 0.0355323
v 0.0061288 -0.0221107 0.0352554
v 0.0061342 -0.0221107 0.0349786
v 0.0061503 -0.0221107 0.0347214
v 0.0061768 -0.0221107 0.0344847
v 0.0062132 -0.0221107 0.0342693
v 0.0062594 -0.0221107 0.0340761
v 0.0063149 -0.0221107 0.0339059
v 0.0063795 -0.0221107 0.0337595
v 0.0064528 -0.0221107 0.0336379
v 0.0065346 -0.0221107 0.0335419
v 0.0066245 -0.0221107 0.0334722
v 0.0067221 -0.0221107 0.0334298
v 0.0068273 -0.0221107 0.0334155
v 0.0069324 -0.0221107 0.0334298
v 0.0070301 -0.0221107 0.0334722
v 0.0071200 -0.0221107 0.0335419
v 0.0072018 -0.0221107 0.0336379
v 0.0072751 -0.0221107 0.0337595
v 0.0073397 -0.0221107 0.0339059
v 0.0073952 -0.0221107 0.0340761
v 0.0074414 -0.0221107 0.0342693
v 0.0074778 -0.0221107 0.0344847
v 0.0075042 -0.0221107 0.0347214
v 0.0075203 -0.0221107 0.0349786
v 0.0075258 -0.0221107 0.0352554
v 0.0075203 -0.0221107 0.0355323
v 0.0075042 -0.0221107 0.0357895
v 0.0074778 -0.0221107 0.0360262
v 0.0074414 -0.0221107 0.0362416
v 0.0073952 -0.0221107 0.0364348
v 0.0073397 -0.0221107 0.0366050
v 0.0072751 -0.0221107 0.0367513
v 0.0072018 -0.0221107 0.0368729
v 0.0071200 -0.0221107 0.0369690
v 0.0070301 -0.0221107 0.0370387
v 0.0069324 -0.0221107 0.0370811
v 0.0068273 -0.0221107 0.0370954
v 0.0030556 -0.0221107 0.0375878
v 0.0031139 -0.0221107 0.0376187
v 0.0031723 -0.0221107 0.0376465
v 0.0032310 -0.0221107 0.0376711
v 0.0032904 -0.0221107 0.0376926
v 0.0033507 -0.0221107 0.0377111
v 0.0034121 -0.0221107 0.0377266
v 0.0034751 -0.0221107 0.0377392
v 0.0035398 -0.0221107 0.0377489
v 0.0036065 -0.0221107 0.0377558
v 0.0036755 -0.0221107 0.0377599
v 0.0037471 -0.0221107 0.0377612
v 0.0039165 -0.0221107 0.0377509
v 0.0040749 -0.0221107 0.0377205
v 0.0042216 -0.0221107 0.0376708
v 0.0043559 -0.0221107 0.0376027
v 0.0044771 -0.0221107 0.0375168
v 0.0045844 -0.0221107 0.0374140
v 0.0046772 -0.0221107 0.0372951
v 0.0047548 -0.0221107 0.0371609
v 0.0048163 -0.0221107 0.0370122
v 0.0048612 -0.0221107 0.0368497
v 0.0048886 -0.0221107 0.0366744
v 0.0048979 -0.0221107 0.0364868
v 0.0048949 -0.0221107 0.0363556
v 0.0048857 -0.0221107 0.0362337
v 0.0048700 -0.0221107 0.0361204
v 0.0048476 -0.0221107 0.0360151
v 0.0048184 -0.0221107 0.0359173
v 0.0047820 -0.0221107 0.0358264
v 0.0047382 -0.0221107 0.0357417
v 0.0046867 -0.0221107 0.0356627
v 0.0046274 -0.0221107 0.0355888
v 0.0045600 -0.0221107 0.0355193
v 0.0044842 -0.0221107 0.0354537
v 0.0043998 -0.0221107 0.0353915
v 0.0044926 -0.0221107 0.0353466
v 0.0045765 -0.0221107 0.0352881
v 0.0046517 -0.0221107 0.0352173
v 0.0047183 -0.0221107 0.0351353
v 0.0047765 -0.0221107 0.0350435
v 0.0048263 -0.0221107 0.0349431
v 0.0048681 -0.0221107 0.0348354
v 0.0049019 -0.0221107 0.0347216
v 0.0049280 -0.0221107 0.0346031
v 0.0049464 -0.0221107 0.0344811
v 0.0049573 -0.0221107 0.0343569
v 0.0049609 -0.0221107 0.0342316
v 0.0049504 -0.0221107 0.0340190
v 0.0049198 -0.0221107 0.0338186
v 0.0048700 -0.0221107 0.0336316
v 0.0048021 -0.0221107 0.0334592
v 0.0047170 -0.0221107 0.0333026
v 0.0046159 -0.0221107 0.0331631
v 0.0044998 -0.0221107 0.0330417
v 0.0043697 -0.0221107 0.0329397
v 0.0042266 -0.0221107 0.0328584
v 0.0040716 -0.0221107 0.0327987
v 0.0039057 -0.0221107 0.0327621
v 0.0037300 -0.0221107 0.0327496
v 0.0036625 -0.0221107 0.0327517
v 0.0035945 -0.0221107 0.0327579
v 0.0035262 -0.0221107 0.0327681
v 0.0034575 -0.0221107 0.0327822
v 0.0033885 -0.0221107 0.0328003
v 0.0033192 -0.0221107 0.0328221
v 0.0032496 -0.0221107 0.0328477
v 0.0031799 -0.0221107 0.0328769
v 0.0031100 -0.0221107 0.0329097
v 0.0030400 -0.0221107 0.0329460
v 0.0029699 -0.0221107 0.0329857
v 0.0028998 -0.0221107 0.0330288
v 0.0028998 -0.0221107 0.0337877
v 0.0029740 -0.0221107 0.0337278
v 0.0030478 -0.0221107 0.0336732
v 0.0031211 -0.0221107 0.0336239
v 0.0031941 -0.0221107 0.0335799
v 0.0032668 -0.0221107 0.0335411
v 0.0033392 -0.0221107 0.0335076
v 0.0034114 -0.0221107 0.0334794
v 0.0034834 -0.0221107 0.0334563
v 0.0035552 -0.0221107 0.0334384
v 0.0036269 -0.0221107 0.0334256
v 0.0036985 -0.0221107 0.0334180
v 0.0037700 -0.0221107 0.0334155
v 0.0038630 -0.0221107 0.0334218
v 0.0039499 -0.0221107 0.0334404
v 0.0040303 -0.0221107 0.0334709
v 0.0041038 -0.0221107 0.0335128
v 0.0041701 -0.0221107 0.0335654
v 0.0042288 -0.0221107 0.0336284
v 0.0042795 -0.0221107 0.0337013
v 0.0043218 -0.0221107 0.0337835
v 0.0043553 -0.0221107 0.0338745
v 0.0043798 -0.0221107 0.0339740
v 0.0043947 -0.0221107 0.0340812
v 0.0043998 -0.0221107 0.0341958
v 0.0043940 -0.0221107 0.0343133
v 0.0043765 -0.0221107 0.0344253
v 0.0043473 -0.0221107 0.0345308
v 0.0043065 -0.0221107 0.0346286
v 0.0042541 -0.0221107 0.0347177
v 0.0041901 -0.0221107 0.0347972
v 0.0041146 -0.0221107 0.0348660
v 0.0040275 -0.0221107 0.0349229
v 0.0039288 -0.0221107 0.0349670
v 0.0038187 -0.0221107 0.0349973
v 0.0036970 -0.0221107 0.0350126
v 0.0035639 -0.0221107 0.0350120
v 0.0035639 -0.0221107 0.0356564
v 0.0036874 -0.0221107 0.0356618
v 0.0038001 -0.0221107 0.0356780
v 0.0039021 -0.0221107 0.0357047
v 0.0039933 -0.0221107 0.0357415
v 0.0040738 -0.0221107 0.0357881
v 0.0041436 -0.0221107 0.0358443
v 0.0042026 -0.0221107 0.0359097
v 0.0042510 -0.0221107 0.0359841
v 0.0042885 -0.0221107 0.0360671
v 0.0043154 -0.0221107 0.0361585
v 0.0043315 -0.0221107 0.0362579
v 0.0043368 -0.0221107 0.0363651
v 0.0043314 -0.0221107 0.0364743
v 0.0043154 -0.0221107 0.0365758
v 0.0042892 -0.0221107 0.0366695
v 0.0042533 -0.0221107 0.0367549
v 0.0042079 -0.0221107 0.0368317
v 0.0041536 -0.0221107 0.0368994
v 0.0040907 -0.0221107 0.0369577
v 0.0040196 -0.0221107 0.0370063
v 0.0039407 -0.0221107 0.0370447
v 0.0038544 -0.0221107 0.0370726
v 0.0037611 -0.0221107 0.0370896
v 0.0036613 -0.0221107 0.0370954
v 0.0036088 -0.0221107 0.0370942
v 0.0035572 -0.0221107 0.0370905
v 0.0035060 -0.0221107 0.0370841
v 0.0034547 -0.0221107 0.0370750
v 0.0034031 -0.0221107 0.0370630
v 0.0033507 -0.0221107 0.0370480
v 0.0032970 -0.0221107 0.0370298
v 0.0032418 -0.0221107 0.0370084
v 0.0031846 -0.0221107 0.0369836
v 0.0031251 -0.0221107 0.0369554
v 0.0030627 -0.0221107 0.0369234
v 0.0029971 -0.0221107 0.0368878
v 0.0029971 -0.0221107 0.0375536
v 0.0009132 -0.0221107 0.0340598
v 0.0009132 -0.0221107 0.0347256
v 0.0023044 -0.0221107 0.0347256
v 0.0023044 -0.0221107 0.0340598
v -0.0003120 -0.0221107 0.0328141
v -0.0003120 -0.0221107 0.0376968
v 0.0002490 -0.0221107 0.0376968
v 0.0002490 -0.0221107 0.0328141
v -0.0021956 -0.0221107 0.0370668
v -0.0021956 -0.0221107 0.0328141
v -0.0027567 -0.0221107 0.0328141
v -0.0027567 -0.0221107 0.0370668
v -0.0041078 -0.0221107 0.0370668
v -0.0041078 -0.0221107 0.0376968
v -0.0008445 -0.0221107 0.0376968
v -0.0008445 -0.0221107 0.0370668
v -0.0042166 -0.0221107 0.0328141
v -0.0048922 -0.0221107 0.0328141
v -0.0062204 -0.0221107 0.0348330
v -0.0075658 -0.0221107 0.0328141
v -0.0082471 -0.0221107 0.0328141
v -0.0065639 -0.0221107 0.0353413
v -0.0081269 -0.0221107 0.0376968
v -0.0074456 -0.0221107 0.0376968
v -0.0062204 -0.0221107 0.0358353
v -0.0050010 -0.0221107 0.0376968
v -0.0043254 -0.0221107 0.0376968
v -0.0058826 -0.0221107 0.0353413
v 0.0066438 -0.0220391 0.0327702
v 0.0064716 -0.0220391 0.0328308
v 0.0063117 -0.0220391 0.0329297
v 0.0061649 -0.0220391 0.0330652
v 0.0060321 -0.0220391 0.0332354
v 0.0059141 -0.0220391 0.0334387
v 0.0058119 -0.0220391 0.0336733
v 0.0057264 -0.0220391 0.0339376
v 0.0056583 -0.0220391 0.0342296
v 0.0056086 -0.0220391 0.0345478
v 0.0055781 -0.0220391 0.0348903
v 0.0055677 -0.0220391 0.0352554
v 0.0055781 -0.0220391 0.0356206
v 0.0056086 -0.0220391 0.0359631
v 0.0056583 -0.0220391 0.0362812
v 0.0057264 -0.0220391 0.0365733
v 0.0058119 -0.0220391 0.0368375
v 0.0059141 -0.0220391 0.0370721
v 0.0060321 -0.0220391 0.0372754
v 0.0061649 -0.0220391 0.0374457
v 0.0063117 -0.0220391 0.0375811
v 0.0064716 -0.0220391 0.0376800
v 0.0066438 -0.0220391 0.0377406
v 0.0068273 -0.0220391 0.0377612
v 0.0070108 -0.0220391 0.0377406
v 0.0071830 -0.0220391 0.0376800
v 0.0073429 -0.0220391 0.0375811
v 0.0074897 -0.0220391 0.0374457
v 0.0076225 -0.0220391 0.0372754
v 0.0077405 -0.0220391 0.0370721
v 0.0078426 -0.0220391 0.0368375
v 0.0079282 -0.0220391 0.0365733
v 0.0079963 -0.0220391 0.0362812
v 0.0080460 -0.0220391 0.0359631
v 0.0080765 -0.0220391 0.0356206
v 0.0080868 -0.0220391 0.0352554
v 0.0080765 -0.0220391 0.0348903
v 0.0080460 -0.0220391 0.0345478
v 0.0079963 -0.0220391 0.0342296
v 0.0079282 -0.0220391 0.0339376
v 0.0078426 -0.0220391 0.0336733
v 0.0077405 -0.0220391 0.0334387
v 0.0076225 -0.0220391 0.0332354
v 0.0074897 -0.0220391 0.0330652
v 0.0073429 -0.0220391 0.0329297
v 0.0071830 -0.0220391 0.0328308
v 0.0070108 -0.0220391 0.0327702
v 0.0068273 -0.0220391 0.0327496
v 0.0067221 -0.0220391 0.0370811
v 0.0066245 -0.0220391 0.0370387
v 0.0065346 -0.0220391 0.0369690
v 0.0064528 -0.0220391 0.0368729
v 0.0063795 -0.0220391 0.0367513
v 0.0063149 -0.0220391 0.0366050
v 0.0062594 -0.0220391 0.0364348
v 0.0062132 -0.0220391 0.0362416
v 0.0061768 -0.0220391 0.0360262
v 0.0061503 -0.0220391 0.0357895
v 0.0061343 -0.0220391 0.0355323
v 0.0061288 -0.0220391 0.0352554
v 0.0061342 -0.0220391 0.0349786
v 0.0061503 -0.0220391 0.0347214
v 0.0061768 -0.0220391 0.0344847
v 0.0062132 -0.0220391 0.0342693
v 0.0062594 -0.0220391 0.0340761
v 0.0063149 -0.0220391 0.0339059
v 0.0063795 -0.0220391 0.0337595
v 0.0064528 -0.0220391 0.0336379
v 0.0065346 -0.0220391 0.0335419
v 0.0066245 -0.0220391 0.0334722
v 0.0067221 -0.0220391 0.0334298
v 0.0068273 -0.0220391 0.0334154
v 0.0069324 -0.0220391 0.0334298
v 0.0070301 -0.0220391 0.0334722
v 0.0071200 -0.0220391 0.0335419
v 0.0072018 -0.0220391 0.0336379
v 0.0072751 -0.0220391 0.0337595
v 0.0073397 -0.0220391 0.0339059
v 0.0073952 -0.0220391 0.0340761
v 0.0074414 -0.0220391 0.0342693
v 0.0074778 -0.0220391 0.0344847
v 0.0075042 -0.0220391 0.0347214
v 0.0075203 -0.0220391 0.0349786
v 0.0075258 -0.0220391 0.0352554
v 0.0075203 -0.0220391 0.0355323
v 0.0075042 -0.0220391 0.0357895
v 0.0074778 -0.0220391 0.0360262
v 0.0074414 -0.0220391 0.0362416
v 0.0073952 -0.0220391 0.0364348
v 0.0073397 -0.0220391 0.0366050
v 0.0072751 -0.0220391 0.0367513
v 0.0072018 -0.0220391 0.0368729
v 0.0071200 -0.0220391 0.0369690
v 0.0070301 -0.0220391 0.0370387
v 0.0069324 -0.0220391 0.0370811
v 0.0068273 -0.0220391 0.0370954
v 0.0030556 -0.0220391 0.0375878
v 0.0031139 -0.0220391 0.0376187
v 0.0031723 -0.0220391 0.0376465
v 0.0032310 -0.0220391 0.0376711
v 0.0032904 -0.0220391 0.0376926
v 0.0033507 -0.0220391 0.0377111
v 0.0034121 -0.0220391 0.0377266
v 0.0034751 -0.0220391 0.0377392
v 0.0035398 -0.0220391 0.0377489
v 0.0036065 -0.0220391 0.0377558
v 0.0036755 -0.0220391 0.0377599
v 0.0037471 -0.0220391 0.0377612
v 0.0039165 -0.0220391 0.0377509
v 0.0040749 -0.0220391 0.0377205
v 0.0042216 -0.0220391 0.0376708
v 0.0043559 -0.0220391 0.0376027
v 0.0044771 -0.0220391 0.0375168
v 0.0045844 -0.0220391 0.0374140
v 0.0046772 -0.0220391 0.0372951
v 0.0047548 -0.0220391 0.0371609
v 0.0048163 -0.0220391 0.0370122
v 0.0048612 -0.0220391 0.0368497
v 0.0048886 -0.0220391 0.0366744
v 0.0048979 -0.0220391 0.0364868
v 0.0048949 -0.0220391 0.0363556
v 0.0048857 -0.0220391 0.0362337
v 0.0048700 -0.0220391 0.0361204
v 0.0048476 -0.0220391 0.0360151
v 0.0048184 -0.0220391 0.0359173
v 0.0047820 -0.0220391 0.0358264
v 0.0047382 -0.0220391 0.0357417
v 0.0046867 -0.0220391 0.0356627
v 0.0046274 -0.0220391 0.0355888
v 0.0045600 -0.0220391 0.0355193
v 0.0044842 -0.0220391 0.0354537
v 0.0043998 -0.0220391 0.0353915
v 0.0044926 -0.0220391 0.0353466
v 0.0045765 -0.0220391 0.0352881
v 0.0046517 -0.0220391 0.0352173
v 0.0047183 -0.0220391 0.0351353
v 0.0047765 -0.0220391 0.0350435
v 0.0048263 -0.0220391 0.0349431
v 0.0048681 -0.0220391 0.0348354
v 0.0049019 -0.0220391 0.0347216
v 0.0049280 -0.0220391 0.0346031
v 0.0049464 -0.0220391 0.0344811
v 0.0049573 -0.0220391 0.0343569
v 0.0049609 -0.0220391 0.0342316
v 0.0049504 -0.0220391 0.0340190
v 0.0049198 -0.0220391 0.0338186
v 0.0048700 -0.0220391 0.0336316
v 0.0048021 -0.0220391 0.0334592
v 0.0047170 -0.0220391 0.0333026
v 0.0046159 -0.0220391 0.0331631
v 0.0044998 -0.0220391 0.0330417
v 0.0043697 -0.0220391 0.0329397
v 0.0042266 -0.0220391 0.0328584
v 0.0040716 -0.0220391 0.0327987
v 0.0039057 -0.0220391 0.0327621
v 0.0037300 -0.0220391 0.0327496
v 0.0036625 -0.0220391 0.0327517
v 0.0035945 -0.0220391 0.0327579
v 0.0035262 -0.0220391 0.0327681
v 0.0034575 -0.0220391 0.0327822
v 0.0033885 -0.0220391 0.0328003
v 0.0033192 -0.0220391 0.0328221
v 0.0032496 -0.0220391 0.0328477
v 0.0031799 -0.0220391 0.0328769
v 0.0031100 -0.0220391 0.0329097
v 0.0030400 -0.0220391 0.0329460
v 0.0029699 -0.0220391 0.0329857
v 0.0028998 -0.0220391 0.0330288
v 0.0028998 -0.0220391 0.0337877
v 0.0029740 -0.0220391 0.0337278
v 0.0030478 -0.0220391 0.0336732
v 0.0031211 -0.0220391 0.0336239
v 0.0031941 -0.0220391 0.0335799
v 0.0032668 -0.0220391 0.0335411
v 0.0033392 -0.0220391 0.0335076
v 0.0034114 -0.0220391 0.0334794
v 0.0034834 -0.0220391 0.0334563
v 0.0035552 -0.0220391 0.0334384
v 0.0036269 -0.0220391 0.0334256
v 0.0036985 -0.0220391 0.0334180
v 0.0037700 -0.0220391 0.0334154
v 0.0038630 -0.0220391 0.0334218
v 0.0039499 -0.0220391 0.0334404
v 0.0040303 -0.0220391 0.0334709
v 0.0041038 -0.0220391 0.0335128
v 0.0041701 -0.0220391 0.0335654
v 0.0042288 -0.0220391 0.0336284
v 0.0042795 -0.0220391 0.0337013
v 0.0043218 -0.0220391 0.0337835
v 0.0043553 -0.0220391 0.0338745
v 0.0043798 -0.0220391 0.0339740
v 0.0043947 -0.0220391 0.0340812
v 0.0043998 -0.0220391 0.0341958
v 0.0043940 -0.0220391 0.0343133
v 0.0043765 -0.0220391 0.0344253
v 0.0043473 -0.0220391 0.0345308
v 0.0043065 -0.0220391 0.0346286
v 0.0042541 -0.0220391 0.0347177
v 0.0041901 -0.0220391 0.0347972
v 0.0041146 -0.0220391 0.0348660
v 0.0040275 -0.0220391 0.0349229
v 0.0039288 -0.0220391 0.0349670
v 0.0038187 -0.0220391 0.0349973
v 0.0036970 -0.0220391 0.0350126
v 0.0035639 -0.0220391 0.0350120
v 0.0035639 -0.0220391 0.0356564
v 0.0036874 -0.0220391 0.0356618
v 0.0038001 -0.0220391 0.0356780
v 0.0039021 -0.0220391 0.0357047
v 0.0039933 -0.0220391 0.0357415
v 0.0040738 -0.0220391 0.0357881
v 0.0041436 -0.0220391 0.0358443
v 0.0042026 -0.0220391 0.0359097
v 0.0042510 -0.0220391 0.0359841
v 0.0042885 -0.0220391 0.0360671
v 0.0043154 -0.0220391 0.0361585
v 0.0043315 -0.0220391 0.0362579
v 0.0043368 -0.0220391 0.0363651
v 0.0043314 -0.0220391 0.0364743
v 0.0043154 -0.0220391 0.0365758
v 0.0042892 -0.0220391 0.0366695
v 0.0042533 -0.0220391 0.0367549
v 0.0042079 -0.0220391 0.0368317
v 0.0041536 -0.0220391 0.0368994
v 0.0040907 -0.0220391 0.0369577
v 0.0040196 -0.0220391 0.0370063
v 0.0039407 -0.0220391 0.0370447
v 0.0038544 -0.0220391 0.0370726
v 0.0037611 -0.0220391 0.0370896
v 0.0036613 -0.0220391 0.0370954
v 0.0036088 -0.0220391 0.0370942
v 0.0035572 -0.0220391 0.0370905
v 0.0035060 -0.0220391 0.0370841
v 0.0034547 -0.0220391 0.0370750
v 0.0034031 -0.0220391 0.0370630
v 0.0033507 -0.0220391 0.0370480
v 0.0032970 -0.0220391 0.0370298
v 0.0032418 -0.0220391 0.0370084
v 0.0031846 -0.0220391 0.0369836
v 0.0031251 -0.0220391 0.0369554
v 0.0030627 -0.0220391 0.0369234
v 0.0029971 -0.0220391 0.0368878
v 0.0029971 -0.0220391 0.0375536
v 0.0009132 -0.0220391 0.0340598
v 0.0009132 -0.0220391 0.0347256
v 0.0023044 -0.0220391 0.0347256
v 0.0023044 -0.0220391 0.0340598
v -0.0003120 -0.0220391 0.0328141
v -0.0003120 -0.0220391 0.0376968
v 0.0002490 -0.0220391 0.0376968
v 0.0002490 -0.0220391 0.0328141
v -0.0021956 -0.0220391 0.0370668
v -0.0021956 -0.0220391 0.0328141
v -0.0027567 -0.0220391 0.0328141
v -0.0027567 -0.0220391 0.0370668
v -0.0041078 -0.0220391 0.0370668
v -0.0041078 -0.0220391 0.0376968
v -0.0008445 -0.0220391 0.0376968
v -0.0008445 -0.0220391 0.0370668
v -0.0042166 -0.0220391 0.0328141
v -0.0048922 -0.0220391 0.0328141
v -0.0062204 -0.0220391 0.0348330
v -0.0075658 -0.0220391 0.0328141
v -0.0082471 -0.0220391 0.0328141
v -0.0065639 -0.0220391 0.0353413
v -0.0081269 -0.0220391 0.0376968
v -0.0074456 -0.0220391 0.0376968
v -0.0062204 -0.0220391 0.0358353
v -0.0050010 -0.0220391 0.0376968
v -0.0043254 -0.0220391 0.0376968
v -0.0058826 -0.0220391 0.0353413
v -0.0042166 -0.0220391 0.0328141
v -0.0042166 -0.0221107 0.0328141
v -0.0048922 -0.0220391 0.0328141
v -0.0048922 -0.0221107 0.0328141
v -0.0062204 -0.0220391 0.0348330
v -0.0062204 -0.0221107 0.0348330
v -0.0075658 -0.0220391 0.0328141
v -0.0075658 -0.0221107 0.0328141
v -0.0082471 -0.0220391 0.0328141
v -0.0082471 -0.0221107 0.0328141
v -0.0065639 -0.0220391 0.0353413
v -0.0065639 -0.0221107 0.0353413
v -0.0081269 -0.0220391 0.0376968
v -0.0081269 -0.0221107 0.0376968
v -0.0074456 -0.0220391 0.0376968
v -0.0074456 -0.0221107 0.0376968
v -0.0062204 -0.0220391 0.0358353
v -0.0062204 -0.0221107 0.0358353
v -0.0050010 -0.0220391 0.0376968
v -0.0050010 -0.0221107 0.0376968
v -0.0043254 -0.0220391 0.0376968
v -0.0043254 -0.0221107 0.0376968
v -0.0058826 -0.0220391 0.0353413
v -0.0058826 -0.0221107 0.0353413
v -0.0021956 -0.0220391 0.0370668
v -0.0021956 -0.0221107 0.0370668
v -0.0021956 -0.0220391 0.0328141
v -0.0021956 -0.0221107 0.0328141
v -0.0027567 -0.0220391 0.0328141
v -0.0027567 -0.0221107 0.0328141
v -0.0027567 -0.0220391 0.0370668
v -0.0027567 -0.0221107 0.0370668
v -0.0041078 -0.0220391 0.0370668
v -0.0041078 -0.0221107 0.0370668
v -0.0041078 -0.0220391 0.0376968
v -0.0041078 -0.0221107 0.0376968
v -0.0008445 -0.0220391 0.0376968
v -0.0008445 -0.0221107 0.0376968
v -0.0008445 -0.0220391 0.0370668
v -0.0008445 -0.0221107 0.0370668
v -0.0003120 -0.0220391 0.0328141
v -0.0003120 -0.0221107 0.0328141
v -0.0003120 -0.0220391 0.0376968
v -0.0003120 -0.0221107 0.0376968
v 0.0002490 -0.0220391 0.0376968
v 0.0002490 -0.0221107 0.0376968
v 0.0002490 -0.0220391 0.0328141
v 0.0002490 -0.0221107 0.0328141
v 0.0009132 -0.0220391 0.0340598
v 0.0009132 -0.0221107 0.0340598
v 0.0009132 -0.0220391 0.0347256
v 0.0009132 -0.0221107 0.0347256
v 0.0023044 -0.0220391 0.0347256
v 0.0023044 -0.0221107 0.0347256
v 0.0023044 -0.0220391 0.0340598
v 0.0023044 -0.0221107 0.0340598
v 0.0030556 -0.0220391 0.0375878
v 0.0030556 -0.0221107 0.0375878
v 0.0031139 -0.0220391 0.0376187
v 0.0031139 -0.0221107 0.0376187
v 0.0031723 -0.0220391 0.0376465
v 0.0031723 -0.0221107 0.0376465
v 0.0032310 -0.0220391 0.0376711
v 0.0032310 -0.0221107 0.0376711
v 0.0032904 -0.0220391 0.0376926
v 0.0032904 -0.0221107 0.0376926
v 0.0033507 -0.0220391 0.0377111
v 0.0033507 -0.0221107 0.0377111
v 0.0034121 -0.0220391 0.0377266
v 0.0034121 -0.0221107 0.0377266
v 0.0034751 -0.0220391 0.0377392
v 0.0034751 -0.0221107 0.0377392
v 0.0035398 -0.0220391 0.0377489
v 0.0035398 -0.0221107 0.0377489
v 0.0036065 -0.0220391 0.0377558
v 0.0036065 -0.0221107 0.0377558
v 0.0036755 -0.0220391 0.0377599
v 0.0036755 -0.0221107 0.0377599
v 0.0037471 -0.0220391 0.0377612
v 0.0037471 -0.0221107 0.0377612
v 0.0039165 -0.0220391 0.0377509
v 0.0039165 -0.0221107 0.0377509
v 0.0040749 -0.0220391 0.0377205
v 0.0040749 -0.0221107 0.0377205
v 0.0042216 -0.0220391 0.0376708
v 0.0042216 -0.0221107 0.0376708
v 0.0043559 -0.0220391 0.0376027
v 0.0043559 -0.0221107 0.0376027
v 0.0044771 -0.0220391 0.0375168
v 0.0044771 -0.0221107 0.0375168
v 0.0045844 -0.0220391 0.0374140
v 0.0045844 -0.0221107 0.0374140
v 0.0046772 -0.0220391 0.0372951
v 0.0046772 -0.0221107 0.0372951
v 0.0047548 -0.0220391 0.0371609
v 0.0047548 -0.0221107 0.0371609
v 0.0048163 -0.0220391 0.0370122
v 0.0048163 -0.0221107 0.0370122
v 0.0048612 -0.0220391 0.0368497
v 0.0048612 -0.0221107 0.0368497
v 0.0048886 -0.0220391 0.0366744
v 0.0048886 -0.0221107 0.0366744
v 0.0048979 -0.0220391 0.0364868
v 0.0048979 -0.0221107 0.0364868
v 0.0048949 -0.0220391 0.0363556
v 0.0048949 -0.0221107 0.0363556
v 0.0048857 -0.0220391 0.0362337
v 0.0048857 -0.0221107 0.0362337
v 0.0048700 -0.0220391 0.0361204
v 0.0048700 -0.0221107 0.0361204
v 0.0048476 -0.0220391 0.0360151
v 0.0048476 -0.0221107 0.0360151
v 0.0048184 -0.0220391 0.0359173
v 0.0048184 -0.0221107 0.0359173
v 0.0047820 -0.0220391 0.0358264
v 0.0047820 -0.0221107 0.0358264
v 0.0047382 -0.0220391 0.0357417
v 0.0047382 -0.0221107 0.0357417
v 0.0046867 -0.0220391 0.0356627
v 0.0046867 -0.0221107 0.0356627
v 0.0046274 -0.0220391 0.0355888
v 0.0046274 -0.0221107 0.0355888
v 0.0045600 -0.0220391 0.0355193
v 0.0045600 -0.0221107 0.0355193
v 0.0044842 -0.0220391 0.0354537
v 0.0044842 -0.0221107 0.0354537
v 0.0043998 -0.0220391 0.0353915
v 0.0043998 -0.0221107 0.0353915
v 0.0044926 -0.0220391 0.0353466
v 0.0044926 -0.0221107 0.0353466
v 0.0045765 -0.0220391 0.0352881
v 0.0045765 -0.0221107 0.0352881
v 0.0046517 -0.0220391 0.0352173
v 0.0046517 -0.0221107 0.0352173
v 0.0047183 -0.0220391 0.0351353
v 0.0047183 -0.0221107 0.0351353
v 0.0047765 -0.0220391 0.0350435
v 0.0047765 -0.0221107 0.0350435
v 0.0048263 -0.0220391 0.0349431
v 0.0048263 -0.0221107 0.0349431
v 0.0048681 -0.0220391 0.0348354
v 0.0048681 -0.0221107 0.0348354
v 0.0049019 -0.0220391 0.0347216
v 0.0049019 -0.0221107 0.0347216
v 0.0049280 -0.0220391 0.0346031
v 0.0049280 -0.0221107 0.0346031
v 0.0049464 -0.0220391 0.0344811
v 0.0049464 -0.0221107 0.0344811
v 0.0049573 -0.0220391 0.0343569
v 0.0049573 -0.0221107 0.0343569
v 0.0049609 -0.0220391 0.0342316
v 0.0049609 -0.0221107 0.0342316
v 0.0049504 -0.0220391 0.0340190
v 0.0049504 -0.0221107 0.0340190
v 0.0049198 -0.0220391 0.0338186
v 0.0049198 -0.0221107 0.0338186
v 0.0048700 -0.0220391 0.0336316
v 0.0048700 -0.0221107 0.0336316
v 0.0048021 -0.0220391 0.0334592
v 0.0048021 -0.0221107 0.0334592
v 0.0047170 -0.0220391 0.0333026
v 0.0047170 -0.0221107 0.0333026
v 0.0046159 -0.0220391 0.0331631
v 0.0046159 -0.0221107 0.0331631
v 0.0044998 -0.0220391 0.0330417
v 0.0044998 -0.0221107 0.0330417
v 0.0043697 -0.0220391 0.0329397
v 0.0043697 -0.0221107 0.0329397
v 0.0042266 -0.0220391 0.0328584
v 0.0042266 -0.0221107 0.0328584
v 0.0040716 -0.0220391 0.0327987
v 0.0040716 -0.0221107 0.0327987
v 0.0039057 -0.0220391 0.0327621
v 0.0039057 -0.0221107 0.0327621
v 0.0037300 -0.0220391 0.0327496
v 0.0037300 -0.0221107 0.0327496
v 0.0036625 -0.0220391 0.0327517
v 0.0036625 -0.0221107 0.0327517
v 0.0035945 -0.0220391 0.0327579
v 0.0035945 -0.0221107 0.0327579
v 0.0035262 -0.0220391 0.0327681
v 0.0035262 -0.0221107 0.0327681
v 0.0034575 -0.0220391 0.0327822
v 0.0034575 -0.0221107 0.0327822
v 0.0033885 -0.0220391 0.0328003
v 0.0033885 -0.0221107 0.0328003
v 0.0033192 -0.0220391 0.0328221
v 0.0033192 -0.0221107 0.0328221
v 0.0032496 -0.0220391 0.0328477
v 0.0032496 -0.0221107 0.0328477
v 0.0031799 -0.0220391 0.0328769
v 0.0031799 -0.0221107 0.0328769
v 0.0031100 -0.0220391 0.0329097
v 0.0031100 -0.0221107 0.0329097
v 0.0030400 -0.0220391 0.0329460
v 0.0030400 -0.0221107 0.0329460
v 0.0029699 -0.0220391 0.0329857
v 0.0029699 -0.0221107 0.0329857
v 0.0028998 -0.0220391 0.0330288
v 0.0028998 -0.0221107 0.0330288
v 0.0028998 -0.0220391 0.0337877
v 0.0028998 -0.0221107 0.0337877
v 0.0029740 -0.0220391 0.0337278
v 0.0029740 -0.0221107 0.0337278
v 0.0030478 -0.0220391 0.0336732
v 0.0030478 -0.0221107 0.0336732
v 0.0031211 -0.0220391 0.0336239
v 0.0031211 -0.0221107 0.0336239
v 0.0031941 -0.0220391 0.0335799
v 0.0031941 -0.0221107 0.0335799
v 0.0032668 -0.0220391 0.0335411
v 0.0032668 -0.0221107 0.0335411
v 0.0033392 -0.0220391 0.0335076
v 0.0033392 -0.0221107 0.0335076
v 0.0034114 -0.0220391 0.0334794
v 0.0034114 -0.0221107 0.0334794
v 0.0034834 -0.0220391 0.0334563
v 0.0034834 -0.0221107 0.0334563
v 0.0035552 -0.0220391 0.0334384
v 0.0035552 -0.0221107 0.0334384
v 0.0036269 -0.0220391 0.0334256
v 0.0036269 -0.0221107 0.0334256
v 0.0036985 -0.0220391 0.0334180
v 0.0036985 -0.0221107 0.0334180
v 0.0037700 -0.0220391 0.0334154
v 0.0037700 -0.0221107 0.0334155
v 0.0038630 -0.0220391 0.0334218
v 0.0038630 -0.0221107 0.0334218
v 0.0039499 -0.0220391 0.0334404
v 0.0039499 -0.0221107 0.0334404
v 0.0040303 -0.0220391 0.0334709
v 0.0040303 -0.0221107 0.0334709
v 0.0041038 -0.0220391 0.0335128
v 0.0041038 -0.0221107 0.0335128
v 0.0041701 -0.0220391 0.0335654
v 0.0041701 -0.0221107 0.0335654
v 0.0042288 -0.0220391 0.0336284
v 0.0042288 -0.0221107 0.0336284
v 0.0042795 -0.0220391 0.0337013
v 0.0042795 -0.0221107 0.0337013
v 0.0043218 -0.0220391 0.0337835
v 0.0043218 -0.0221107 0.0337835
v 0.0043553 -0.0220391 0.0338745
v 0.0043553 -0.0221107 0.0338745
v 0.0043798 -0.0220391 0.0339740
v 0.0043798 -0.0221107 0.0339740
v 0.0043947 -0.0220391 0.0340812
v 0.0043947 -0.0221107 0.0340812
v 0.0043998 -0.0220391 0.0341958
v 0.0043998 -0.0221107 0.0341958
v 0.0043940 -0.0220391 0.0343133
v 0.0043940 -0.0221107 0.0343133
v 0.0043765 -0.0220391 0.0344253
v 0.0043765 -0.0221107 0.0344253
v 0.0043473 -0.0220391 0.0345308
v 0.0043473 -0.0221107 0.0345308
v 0.0043065 -0.0220391 0.0346286
v 0.0043065 -0.0221107 0.0346286
v 0.0042541 -0.0220391 0.0347177
v 0.0042541 -0.0221107 0.0347177
v 0.0041901 -0.0220391 0.0347972
v 0.0041901 -0.0221107 0.0347972
v 0.0041146 -0.0220391 0.0348660
v 0.0041146 -0.0221107 0.0348660
v 0.0040275 -0.0220391 0.0349229
v 0.0040275 -0.0221107 0.0349229
v 0.0039288 -0.0220391 0.0349670
v 0.0039288 -0.0221107 0.0349670
v 0.0038187 -0.0220391 0.0349973
v 0.0038187 -0.0221107 0.0349973
v 0.0036970 -0.0220391 0.0350126
v 0.0036970 -0.0221107 0.0350126
v 0.0035639 -0.0220391 0.0350120
v 0.0035639 -0.0221107 0.0350120
v 0.0035639 -0.0220391 0.0356564
v 0.0035639 -0.0221107 0.0356564
v 0.0036874 -0.0220391 0.0356618
v 0.0036874 -0.0221107 0.0356618
v 0.0038001 -0.0220391 0.0356780
v 0.0038001 -0.0221107 0.0356780
v 0.0039021 -0.0220391 0.0357047
v 0.0039021 -0.0221107 0.0357047
v 0.0039933 -0.0220391 0.0357415
v 0.0039933 -0.0221107 0.0357415
v 0.0040738 -0.0220391 0.0357881
v 0.0040738 -0.0221107 0.0357881
v 0.0041436 -0.0220391 0.0358443
v 0.0041436 -0.0221107 0.0358443
v 0.0042026 -0.0220391 0.0359097
v 0.0042026 -0.0221107 0.0359097
v 0.0042510 -0.0220391 0.0359841
v 0.0042510 -0.0221107 0.0359841
v 0.0042885 -0.0220391 0.0360671
v 0.0042885 -0.0221107 0.0360671
v 0.0043154 -0.0220391 0.0361585
v 0.0043154 -0.0221107 0.0361585
v 0.0043315 -0.0220391 0.0362579
v 0.0043315 -0.0221107 0.0362579
v 0.0043368 -0.0220391 0.0363651
v 0.0043368 -0.0221107 0.0363651
v 0.0043314 -0.0220391 0.0364743
v 0.0043314 -0.0221107 0.0364743
v 0.0043154 -0.0220391 0.0365758
v 0.0043154 -0.0221107 0.0365758
v 0.0042892 -0.0220391 0.0366695
v 0.0042892 -0.0221107 0.0366695
v 0.0042533 -0.0220391 0.0367549
v 0.0042533 -0.0221107 0.0367549
v 0.0042079 -0.0220391 0.0368317
v 0.0042079 -0.0221107 0.0368317
v 0.0041536 -0.0220391 0.0368994
v 0.0041536 -0.0221107 0.0368994
v 0.0040907 -0.0220391 0.0369577
v 0.0040907 -0.0221107 0.0369577
v 0.0040196 -0.0220391 0.0370063
v 0.0040196 -0.0221107 0.0370063
v 0.0039407 -0.0220391 0.0370447
v 0.0039407 -0.0221107 0.0370447
v 0.0038544 -0.0220391 0.0370726
v 0.0038544 -0.0221107 0.0370726
v 0.0037611 -0.0220391 0.0370896
v 0.0037611 -0.0221107 0.0370896
v 0.0036613 -0.0220391 0.0370954
v 0.0036613 -0.0221107 0.0370954
v 0.0036088 -0.0220391 0.0370942
v 0.0036088 -0.0221107 0.0370942
v 0.0035572 -0.0220391 0.0370905
v 0.0035572 -0.0221107 0.0370905
v 0.0035060 -0.0220391 0.0370841
v 0.0035060 -0.0221107 0.0370841
v 0.0034547 -0.0220391 0.0370750
v 0.0034547 -0.0221107 0.0370750
v 0.0034031 -0.0220391 0.0370630
v 0.0034031 -0.0221107 0.0370630
v 0.0033507 -0.0220391 0.0370480
v 0.0033507 -0.0221107 0.0370480
v 0.0032970 -0.0220391 0.0370298
v 0.0032970 -0.0221107 0.0370298
v 0.0032418 -0.0220391 0.0370084
v 0.0032418 -0.0221107 0.0370084
v 0.0031846 -0.0220391 0.0369836
v 0.0031846 -0.0221107 0.0369836
v 0.0031251 -0.0220391 0.0369554
v 0.0031251 -0.0221107 0.0369554
v 0.0030627 -0.0220391 0.0369234
v 0.0030627 -0.0221107 0.0369234
v 0.0029971 -0.0220391 0.0368878
v 0.0029971 -0.0221107 0.0368878
v 0.0029971 -0.0220391 0.0375536
v 0.0029971 -0.0221107 0.0375536
v 0.0066438 -0.0220391 0.0327702
v 0.0066438 -0.0221107 0.0327702
v 0.0064716 -0.0220391 0.0328308
v 0.0064716 -0.0221107 0.0328308
v 0.0063117 -0.0220391 0.0329297
v 0.0063117 -0.0221107 0.0329297
v 0.0061649 -0.0220391 0.0330652
v 0.0061649 -0.0221107 0.0330652
v 0.0060321 -0.0220391 0.0332354
v 0.0060321 -0.0221107 0.0332354
v 0.0059141 -0.0220391 0.0334387
v 0.0059141 -0.0221107 0.0334387
v 0.0058119 -0.0220391 0.0336733
v 0.0058119 -0.0221107 0.0336733
v 0.0057264 -0.0220391 0.0339376
v 0.0057264 -0.0221107 0.0339376
v 0.0056583 -0.0220391 0.0342296
v 0.0056583 -0.0221107 0.0342296
v 0.0056086 -0.0220391 0.0345478
v 0.0056086 -0.0221107 0.0345478
v 0.0055781 -0.0220391 0.0348903
v 0.0055781 -0.0221107 0.0348903
v 0.0055677 -0.0220391 0.0352554
v 0.0055677 -0.0221107 0.0352554
v 0.0055781 -0.0220391 0.0356206
v 0.0055781 -0.0221107 0.0356206
v 0.0056086 -0.0220391 0.0359631
v 0.0056086 -0.0221107 0.0359631
v 0.0056583 -0.0220391 0.0362812
v 0.0056583 -0.0221107 0.0362812
v 0.0057264 -0.0220391 0.0365733
v 0.0057264 -0.0221107 0.0365733
v 0.0058119 -0.0220391 0.0368375
v 0.0058119 -0.0221107 0.0368375
v 0.0059141 -0.0220391 0.0370721
v 0.0059141 -0.0221107 0.0370721
v 0.0060321 -0.0220391 0.0372754
v 0.0060321 -0.0221107 0.0372754
v 0.0061649 -0.0220391 0.0374457
v 0.0061649 -0.0221107 0.0374457
v 0.0063117 -0.0220391 0.0375811
v 0.0063117 -0.0221107 0.0375811
v 0.0064716 -0.0220391 0.0376800
v 0.0064716 -0.0221107 0.0376800
v 0.0066438 -0.0220391 0.0377406
v 0.0066438 -0.0221107 0.0377406
v 0.0068273 -0.0220391 0.0377612
v 0.0068273 -0.0221107 0.0377612
v 0.0070108 -0.0220391 0.0377406
v 0.0070108 -0.0221107 0.0377406
v 0.0071830 -0.0220391 0.0376800
v 0.0071830 -0.0221107 0.0376800
v 0.0073429 -0.0220391 0.0375811
v 0.0073429 -0.0221107 0.0375811
v 0.0074897 -0.0220391 0.0374457
v 0.0074897 -0.0221107 0.0374457
v 0.0076225 -0.0220391 0.0372754
v 0.0076225 -0.0221107 0.0372754
v 0.0077405 -0.0220391 0.0370721
v 0.0077405 -0.0221107 0.0370721
v 0.0078426 -0.0220391 0.0368375
v 0.0078426 -0.0221107 0.0368375
v 0.0079282 -0.0220391 0.0365733
v 0.0079282 -0.0221107 0.0365733
v 0.0079963 -0.0220391 0.0362812
v 0.0079963 -0.0221107 0.0362812
v 0.0080460 -0.0220391 0.0359631
v 0.0080460 -0.0221107 0.0359631
v 0.0080765 -0.0220391 0.0356206
v 0.0080765 -0.0221107 0.0356206
v 0.0080868 -0.0220391 0.0352554
v 0.0080868 -0.0221107 0.0352554
v 0.0080765 -0.0220391 0.0348903
v 0.0080765 -0.0221107 0.0348903
v 0.0080460 -0.0220391 0.0345478
v 0.0080460 -0.0221107 0.0345478
v 0.0079963 -0.0220391 0.0342296
v 0.0079963 -0.0221107 0.0342296
v 0.0079282 -0.0220391 0.0339376
v 0.0079282 -0.0221107 0.0339376
v 0.0078426 -0.0220391 0.0336733
v 0.0078426 -0.0221107 0.0336733
v 0.0077405 -0.0220391 0.0334387
v 0.0077405 -0.0221107 0.0334387
v 0.0076225 -0.0220391 0.0332354
v 0.0076225 -0.0221107 0.0332354
v 0.0074897 -0.0220391 0.0330652
v 0.0074897 -0.0221107 0.0330652
v 0.0073429 -0.0220391 0.0329297
v 0.0073429 -0.0221107 0.0329297
v 0.0071830 -0.0220391 0.0328308
v 0.0071830 -0.0221107 0.0328308
v 0.0070108 -0.0220391 0.0327702
v 0.0070108 -0.0221107 0.0327702
v 0.0068273 -0.0220391 0.0327496
v 0.0068273 -0.0221107 0.0327496
v 0.0067221 -0.0220391 0.0370811
v 0.0067221 -0.0221107 0.0370811
v 0.0066245 -0.0220391 0.0370387
v 0.0066245 -0.0221107 0.0370387
v 0.0065346 -0.0220391 0.0369690
v 0.0065346 -0.0221107 0.0369690
v 0.0064528 -0.0220391 0.0368729
v 0.0064528 -0.0221107 0.0368729
v 0.0063795 -0.0220391 0.0367513
v 0.0063795 -0.0221107 0.0367513
v 0.0063149 -0.0220391 0.0366050
v 0.0063149 -0.0221107 0.0366050
v 0.0062594 -0.0220391 0.0364348
v 0.0062594 -0.0221107 0.0364348
v 0.0062132 -0.0220391 0.0362416
v 0.0062132 -0.0221107 0.0362416
v 0.0061768 -0.0220391 0.0360262
v 0.0061768 -0.0221107 0.0360262
v 0.0061503 -0.0220391 0.0357895
v 0.0061503 -0.0221107 0.0357895
v 0.0061343 -0.0220391 0.0355323
v 0.0061343 -0.0221107 0.0355323
v 0.0061288 -0.0220391 0.0352554
v 0.0061288 -0.0221107 0.0352554
v 0.0061342 -0.0220391 0.0349786
v 0.0061342 -0.0221107 0.0349786
v 0.0061503 -0.0220391 0.0347214
v 0.0061503 -0.0221107 0.0347214
v 0.0061768 -0.0220391 0.0344847
v 0.0061768 -0.0221107 0.0344847
v 0.0062132 -0.0220391 0.0342693
v 0.0062132 -0.0221107 0.0342693
v 0.0062594 -0.0220391 0.0340761
v 0.0062594 -0.0221107 0.0340761
v 0.0063149 -0.0220391 0.0339059
v 0.0063149 -0.0221107 0.0339059
v 0.0063795 -0.0220391 0.0337595
v 0.0063795 -0.0221107 0.0337595
v 0.0064528 -0.0220391 0.0336379
v 0.0064528 -0.0221107 0.0336379
v 0.0065346 -0.0220391 0.0335419
v 0.0065346 -0.0221107 0.0335419
v 0.0066245 -0.0220391 0.0334722
v 0.0066245 -0.0221107 0.0334722
v 0.0067221 -0.0220391 0.0334298
v 0.0067221 -0.0221107 0.0334298
v 0.0068273 -0.0220391 0.0334154
v 0.0068273 -0.0221107 0.0334155
v 0.0069324 -0.0220391 0.0334298
v 0.0069324 -0.0221107 0.0334298
v 0.0070301 -0.0220391 0.0334722
v 0.0070301 -0.0221107 0.0334722
v 0.0071200 -0.0220391 0.0335419
v 0.0071200 -0.0221107 0.0335419
v 0.0072018 -0.0220391 0.0336379
v 0.0072018 -0.0221107 0.0336379
v 0.0072751 -0.0220391 0.0337595
v 0.0072751 -0.0221107 0.0337595
v 0.0073397 -0.0220391 0.0339059
v 0.0073397 -0.0221107 0.0339059
v 0.0073952 -0.0220391 0.0340761
v 0.0073952 -0.0221107 0.0340761
v 0.0074414 -0.0220391 0.0342693
v 0.0074414 -0.0221107 0.0342693
v 0.0074778 -0.0220391 0.0344847
v 0.0074778 -0.0221107 0.0344847
v 0.0075042 -0.0220391 0.0347214
v 0.0075042 -0.0221107 0.0347214
v 0.0075203 -0.0220391 0.0349786
v 0.0075203 -0.0221107 0.0349786
v 0.0075258 -0.0220391 0.0352554
v 0.0075258 -0.0221107 0.0352554
v 0.0075203 -0.0220391 0.0355323
v 0.0075203 -0.0221107 0.0355323
v 0.0075042 -0.0220391 0.0357895
v 0.0075042 -0.0221107 0.0357895
v 0.0074778 -0.0220391 0.0360262
v 0.0074778 -0.0221107 0.0360262
v 0.0074414 -0.0220391 0.0362416
v 0.0074414 -0.0221107 0.0362416
v 0.0073952 -0.0220391 0.0364348
v 0.0073952 -0.0221107 0.0364348
v 0.0073397 -0.0220391 0.0366050
v 0.0073397 -0.0221107 0.0366050
v 0.0072751 -0.0220391 0.0367513
v 0.0072751 -0.0221107 0.0367513
v 0.0072018 -0.0220391 0.0368729
v 0.0072018 -0.0221107 0.0368729
v 0.0071200 -0.0220391 0.0369690
v 0.0071200 -0.0221107 0.0369690
v 0.0070301 -0.0220391 0.0370387
v 0.0070301 -0.0221107 0.0370387
v 0.0069324 -0.0220391 0.0370811
v 0.0069324 -0.0221107 0.0370811
v 0.0068273 -0.0220391 0.0370954
v 0.0068273 -0.0221107 0.0370954
v -0.0084924 -0.0227312 0.0158104
v -0.0084924 -0.0234471 0.0165264
v -0.0090649 -0.0227312 0.0165264
v -0.0084924 -0.0230887 0.0159061
v -0.0087783 -0.0227312 0.0159061
v -0.0087662 -0.0230736 0.0159990
v -0.0087783 -0.0233515 0.0165264
v -0.0084924 -0.0233515 0.0161688
v -0.0087662 -0.0232586 0.0161840
v -0.0089884 -0.0227312 0.0161688
v -0.0089884 -0.0230887 0.0165264
v -0.0089141 -0.0230736 0.0161840
v -0.0084924 -0.0234471 0.0216573
v -0.0084924 -0.0227312 0.0223732
v -0.0090649 -0.0227312 0.0216573
v -0.0084924 -0.0233515 0.0220148
v -0.0087783 -0.0233515 0.0216573
v -0.0087662 -0.0232586 0.0219996
v -0.0087783 -0.0227312 0.0222776
v -0.0084924 -0.0230887 0.0222776
v -0.0087662 -0.0230736 0.0221847
v -0.0089884 -0.0230887 0.0216573
v -0.0089884 -0.0227312 0.0220148
v -0.0089141 -0.0230736 0.0219996
v -0.0084924 -0.0211800 0.0158104
v -0.0090649 -0.0211800 0.0165264
v -0.0084924 -0.0204640 0.0165264
v -0.0087783 -0.0211800 0.0159061
v -0.0084924 -0.0208225 0.0159061
v -0.0087662 -0.0208376 0.0159990
v -0.0089884 -0.0208225 0.0165264
v -0.0089884 -0.0211800 0.0161688
v -0.0089141 -0.0208376 0.0161840
v -0.0084924 -0.0205597 0.0161688
v -0.0087783 -0.0205597 0.0165264
v -0.0087662 -0.0206526 0.0161840
v -0.0084924 -0.0211800 0.0223732
v -0.0084924 -0.0204640 0.0216573
v -0.0090649 -0.0211800 0.0216573
v -0.0084924 -0.0208225 0.0222776
v -0.0087783 -0.0211800 0.0222776
v -0.0087662 -0.0208376 0.0221847
v -0.0087783 -0.0205597 0.0216573
v -0.0084924 -0.0205597 0.0220148
v -0.0087662 -0.0206526 0.0219996
v -0.0089884 -0.0211800 0.0220148
v -0.0089884 -0.0208225 0.0216573
v -0.0089141 -0.0208376 0.0219996
v 0.0084924 -0.0227312 0.0158104
v 0.0090649 -0.0227312 0.0165264
v 0.0084924 -0.0234471 0.0165264
v 0.0087783 -0.0227312 0.0159061
v 0.0084924 -0.0230887 0.0159061
v 0.0087662 -0.0230736 0.0159990
v 0.0089884 -0.0230887 0.0165264
v 0.0089884 -0.0227312 0.0161688
v 0.0089141 -0.0230736 0.0161840
v 0.0084924 -0.0233515 0.0161688
v 0.0087783 -0.0233515 0.0165264
v 0.0087662 -0.0232586 0.0161840
v 0.0084924 -0.0227312 0.0223732
v 0.0084924 -0.0234471 0.0216573
v 0.0090649 -0.0227312 0.0216573
v 0.0084924 -0.0230887 0.0222776
v 0.0087783 -0.0227312 0.0222776
v 0.0087662 -0.0230736 0.0221847
v 0.0087783 -0.0233515 0.0216573
v 0.0084924 -0.0233515 0.0220148
v 0.0087662 -0.0232586 0.0219996
v 0.0089884 -0.0227312 0.0220148
v 0.0089884 -0.0230887 0.0216573
v 0.0089141 -0.0230736 0.0219996
v 0.0084924 -0.0211800 0.0158104
v 0.0084924 -0.0204640 0.0165264
v 0.0090649 -0.0211800 0.0165264
v 0.0084924 -0.0208225 0.0159061
v 0.0087783 -0.0211800 0.0159061
v 0.0087662 -0.0208376 0.0159990
v 0.0087783 -0.0205597 0.0165264
v 0.0084924 -0.0205597 0.0161688
v 0.0087662 -0.0206526 0.0161840
v 0.0089884 -0.0211800 0.0161688
v 0.0089884 -0.0208225 0.0165264
v 0.0089141 -0.0208376 0.0161840
v 0.0084924 -0.0211800 0.0223732
v 0.0090649 -0.0211800 0.0216573
v 0.0084924 -0.0204640 0.0216573
v 0.0087783 -0.0211800 0.0222776
v 0.0084924 -0.0208225 0.0222776
v 0.0087662 -0.0208376 0.0221847
v 0.0089884 -0.0208225 0.0216573
v 0.0089884 -0.0211800 0.0220148
v 0.0089141 -0.0208376 0.0219996
v 0.0084924 -0.0205597 0.0220148
v 0.0087783 -0.0205597 0.0216573
v 0.0087662 -0.0206526 0.0219996
v -0.0224237 -0.0199271 0.0370567
v -0.0224237 -0.0201657 0.0372959
v -0.0224237 -0.0199591 0.0371763
v -0.0224237 -0.0200464 0.0372638
v -0.0224237 -0.0211203 0.0370567
v -0.0224237 -0.0208817 0.0372959
v -0.0224237 -0.0210883 0.0371763
v -0.0224237 -0.0210010 0.0372638
v -0.0219559 -0.0199271 0.0370184
v -0.0219310 -0.0201657 0.0372555
v -0.0219434 -0.0199591 0.0371369
v -0.0219343 -0.0200464 0.0372237
v -0.0219559 -0.0211203 0.0370184
v -0.0219310 -0.0208817 0.0372555
v -0.0219434 -0.0210883 0.0371369
v -0.0219343 -0.0210010 0.0372237
v -0.0214962 -0.0199271 0.0369040
v -0.0214467 -0.0201657 0.0371350
v -0.0214714 -0.0199591 0.0370195
v -0.0214533 -0.0200464 0.0371041
v -0.0214962 -0.0211203 0.0369040
v -0.0214467 -0.0208817 0.0371350
v -0.0214714 -0.0210883 0.0370195
v -0.0214533 -0.0210010 0.0371041
v -0.0210523 -0.0199271 0.0367156
v -0.0209791 -0.0201657 0.0369365
v -0.0210157 -0.0199591 0.0368261
v -0.0209889 -0.0200464 0.0369069
v -0.0210523 -0.0211203 0.0367156
v -0.0209791 -0.0208817 0.0369365
v -0.0210157 -0.0210883 0.0368261
v -0.0209889 -0.0210010 0.0369069
v -0.0206319 -0.0199271 0.0364563
v -0.0205363 -0.0201657 0.0366635
v -0.0205841 -0.0199591 0.0365599
v -0.0205491 -0.0200464 0.0366357
v -0.0206319 -0.0211203 0.0364563
v -0.0205363 -0.0208817 0.0366635
v -0.0205841 -0.0210883 0.0365599
v -0.0205491 -0.0210010 0.0366357
v -0.0202421 -0.0199271 0.0361307
v -0.0201257 -0.0201657 0.0363204
v -0.0201839 -0.0199591 0.0362255
v -0.0201413 -0.0200464 0.0362950
v -0.0202421 -0.0211203 0.0361307
v -0.0201257 -0.0208817 0.0363204
v -0.0201839 -0.0210883 0.0362255
v -0.0201413 -0.0210010 0.0362950
v -0.0198897 -0.0199271 0.0357442
v -0.0197545 -0.0201657 0.0359133
v -0.0198221 -0.0199591 0.0358287
v -0.0197726 -0.0200464 0.0358906
v -0.0198897 -0.0211203 0.0357442
v -0.0197545 -0.0208817 0.0359133
v -0.0198221 -0.0210883 0.0358287
v -0.0197726 -0.0210010 0.0358906
v -0.0195806 -0.0199271 0.0353035
v -0.0194289 -0.0201657 0.0354491
v -0.0195048 -0.0199591 0.0353763
v -0.0194492 -0.0200464 0.0354295
v -0.0195806 -0.0211203 0.0353035
v -0.0194289 -0.0208817 0.0354491
v -0.0195048 -0.0210883 0.0353763
v -0.0194492 -0.0210010 0.0354295
v -0.0193202 -0.0199271 0.0348161
v -0.0191546 -0.0201657 0.0349356
v -0.0192374 -0.0199591 0.0348759
v -0.0191768 -0.0200464 0.0349196
v -0.0193202 -0.0211203 0.0348161
v -0.0191546 -0.0208817 0.0349356
v -0.0192374 -0.0210883 0.0348759
v -0.0191768 -0.0210010 0.0349196
v -0.0191129 -0.0199271 0.0342903
v -0.0189362 -0.0201657 0.0343819
v -0.0190245 -0.0199591 0.0343361
v -0.0189599 -0.0200464 0.0343696
v -0.0191129 -0.0211203 0.0342903
v -0.0189362 -0.0208817 0.0343819
v -0.0190245 -0.0210883 0.0343361
v -0.0189599 -0.0210010 0.0343696
v -0.0189622 -0.0199271 0.0337353
v -0.0187775 -0.0201657 0.0337972
v -0.0188698 -0.0199591 0.0337662
v -0.0188022 -0.0200464 0.0337889
v -0.0189622 -0.0211203 0.0337353
v -0.0187775 -0.0208817 0.0337972
v -0.0188698 -0.0210883 0.0337662
v -0.0188022 -0.0210010 0.0337889
v -0.0188708 -0.0199271 0.0331603
v -0.0186811 -0.0201657 0.0331916
v -0.0187760 -0.0199591 0.0331760
v -0.0187066 -0.0200464 0.0331874
v -0.0188708 -0.0211203 0.0331603
v -0.0186811 -0.0208817 0.0331916
v -0.0187760 -0.0210883 0.0331760
v -0.0187066 -0.0210010 0.0331874
v -0.0188401 -0.0199271 0.0325754
v -0.0186489 -0.0201657 0.0325754
v -0.0187445 -0.0199591 0.0325754
v -0.0186745 -0.0200464 0.0325754
v -0.0188401 -0.0211203 0.0325754
v -0.0186489 -0.0208817 0.0325754
v -0.0187445 -0.0210883 0.0325754
v -0.0186745 -0.0210010 0.0325754
v -0.0188708 -0.0199271 0.0319905
v -0.0186811 -0.0201657 0.0319593
v -0.0187760 -0.0199591 0.0319749
v -0.0187066 -0.0200464 0.0319635
v -0.0188708 -0.0211203 0.0319905
v -0.0186811 -0.0208817 0.0319593
v -0.0187760 -0.0210883 0.0319749
v -0.0187066 -0.0210010 0.0319635
v -0.0189622 -0.0199271 0.0314156
v -0.0187775 -0.0201657 0.0313537
v -0.0188698 -0.0199591 0.0313846
v -0.0188022 -0.0200464 0.0313620
v -0.0189622 -0.0211203 0.0314156
v -0.0187775 -0.0208817 0.0313537
v -0.0188698 -0.0210883 0.0313846
v -0.0188022 -0.0210010 0.0313620
v -0.0191129 -0.0199271 0.0308605
v -0.0189362 -0.0201657 0.0307690
v -0.0190245 -0.0199591 0.0308147
v -0.0189599 -0.0200464 0.0307812
v -0.0191129 -0.0211203 0.0308605
v -0.0189362 -0.0208817 0.0307690
v -0.0190245 -0.0210883 0.0308147
v -0.0189599 -0.0210010 0.0307812
v -0.0193202 -0.0199271 0.0303348
v -0.0191546 -0.0201657 0.0302152
v -0.0192374 -0.0199591 0.0302750
v -0.0191768 -0.0200464 0.0302312
v -0.0193202 -0.0211203 0.0303348
v -0.0191546 -0.0208817 0.0302152
v -0.0192374 -0.0210883 0.0302750
v -0.0191768 -0.0210010 0.0302312
v -0.0195806 -0.0199271 0.0298474
v -0.0194289 -0.0201657 0.0297018
v -0.0195048 -0.0199591 0.0297746
v -0.0194492 -0.0200464 0.0297213
v -0.0195806 -0.0211203 0.0298474
v -0.0194289 -0.0208817 0.0297018
v -0.0195048 -0.0210883 0.0297746
v -0.0194492 -0.0210010 0.0297213
v -0.0198897 -0.0199271 0.0294067
v -0.0197545 -0.0201657 0.0292376
v -0.0198221 -0.0199591 0.0293221
v -0.0197726 -0.0200464 0.0292602
v -0.0198897 -0.0211203 0.0294067
v -0.0197545 -0.0208817 0.0292376
v -0.0198221 -0.0210883 0.0293221
v -0.0197726 -0.0210010 0.0292602
v -0.0202421 -0.0199271 0.0290202
v -0.0201257 -0.0201657 0.0288304
v -0.0201839 -0.0199591 0.0289253
v -0.0201413 -0.0200464 0.0288559
v -0.0202421 -0.0211203 0.0290202
v -0.0201257 -0.0208817 0.0288304
v -0.0201839 -0.0210883 0.0289253
v -0.0201413 -0.0210010 0.0288559
v -0.0206319 -0.0199271 0.0286945
v -0.0205363 -0.0201657 0.0284874
v -0.0205841 -0.0199591 0.0285909
v -0.0205491 -0.0200464 0.0285151
v -0.0206319 -0.0211203 0.0286945
v -0.0205363 -0.0208817 0.0284874
v -0.0205841 -0.0210883 0.0285910
v -0.0205491 -0.0210010 0.0285151
v -0.0210523 -0.0199271 0.0284352
v -0.0209791 -0.0201657 0.0282143
v -0.0210157 -0.0199591 0.0283248
v -0.0209889 -0.0200464 0.0282439
v -0.0210523 -0.0211203 0.0284352
v -0.0209791 -0.0208817 0.0282143
v -0.0210157 -0.0210883 0.0283248
v -0.0209889 -0.0210010 0.0282439
v -0.0214962 -0.0199271 0.0282468
v -0.0214467 -0.0201657 0.0280158
v -0.0214714 -0.0199591 0.0281313
v -0.0214533 -0.0200464 0.0280468
v -0.0214962 -0.0211203 0.0282468
v -0.0214467 -0.0208817 0.0280158
v -0.0214714 -0.0210883 0.0281313
v -0.0214533 -0.0210010 0.0280468
v -0.0219559 -0.0199271 0.0281325
v -0.0219310 -0.0201657 0.0278954
v -0.0219434 -0.0199591 0.0280139
v -0.0219343 -0.0200464 0.0279271
v -0.0219559 -0.0211203 0.0281325
v -0.0219310 -0.0208817 0.0278954
v -0.0219434 -0.0210883 0.0280139
v -0.0219343 -0.0210010 0.0279271
v -0.0224237 -0.0199271 0.0280941
v -0.0224237 -0.0201657 0.0278550
v -0.0224237 -0.0199591 0.0279745
v -0.0224237 -0.0200464 0.0278870
v -0.0224237 -0.0211203 0.0280941
v -0.0224237 -0.0208817 0.0278550
v -0.0224237 -0.0210883 0.0279745
v -0.0224237 -0.0210010 0.0278870
v -0.0228914 -0.0199271 0.0281325
v -0.0229164 -0.0201657 0.0278954
v -0.0229039 -0.0199591 0.0280139
v -0.0229130 -0.0200464 0.0279271
v -0.0228914 -0.0211203 0.0281325
v -0.0229164 -0.0208817 0.0278954
v -0.0229039 -0.0210883 0.0280139
v -0.0229130 -0.0210010 0.0279271
v -0.0233512 -0.0199271 0.0282468
v -0.0234007 -0.0201657 0.0280158
v -0.0233759 -0.0199591 0.0281313
v -0.0233940 -0.0200464 0.0280468
v -0.0233512 -0.0211203 0.0282468
v -0.0234007 -0.0208817 0.0280158
v -0.0233759 -0.0210883 0.0281313
v -0.0233940 -0.0210010 0.0280468
v -0.0237950 -0.0199271 0.0284352
v -0.0238682 -0.0201657 0.0282143
v -0.0238316 -0.0199591 0.0283248
v -0.0238584 -0.0200464 0.0282439
v -0.0237950 -0.0211203 0.0284352
v -0.0238682 -0.0208817 0.0282143
v -0.0238316 -0.0210883 0.0283248
v -0.0238584 -0.0210010 0.0282439
v -0.0242154 -0.0199271 0.0286945
v -0.0243111 -0.0201657 0.0284874
v -0.0242633 -0.0199591 0.0285909
v -0.0242983 -0.0200464 0.0285151
v -0.0242154 -0.0211203 0.0286945
v -0.0243111 -0.0208817 0.0284874
v -0.0242633 -0.0210883 0.0285910
v -0.0242983 -0.0210010 0.0285151
v -0.0246052 -0.0199271 0.0290202
v -0.0247216 -0.0201657 0.0288304
v -0.0246634 -0.0199591 0.0289253
v -0.0247060 -0.0200464 0.0288559
v -0.0246052 -0.0211203 0.0290202
v -0.0247216 -0.0208817 0.0288304
v -0.0246634 -0.0210883 0.0289253
v -0.0247060 -0.0210010 0.0288559
v -0.0249576 -0.0199271 0.0294067
v -0.0250929 -0.0201657 0.0292376
v -0.0250252 -0.0199591 0.0293221
v -0.0250747 -0.0200464 0.0292602
v -0.0249576 -0.0211203 0.0294067
v -0.0250929 -0.0208817 0.0292376
v -0.0250252 -0.0210883 0.0293221
v -0.0250747 -0.0210010 0.0292602
v -0.0252667 -0.0199271 0.0298474
v -0.0254184 -0.0201657 0.0297018
v -0.0253426 -0.0199591 0.0297746
v -0.0253981 -0.0200464 0.0297213
v -0.0252667 -0.0211203 0.0298474
v -0.0254184 -0.0208817 0.0297018
v -0.0253426 -0.0210883 0.0297746
v -0.0253981 -0.0210010 0.0297213
v -0.0255271 -0.0199271 0.0303348
v -0.0256927 -0.0201657 0.0302152
v -0.0256099 -0.0199591 0.0302750
v -0.0256706 -0.0200464 0.0302312
v -0.0255271 -0.0211203 0.0303348
v -0.0256927 -0.0208817 0.0302152
v -0.0256099 -0.0210883 0.0302750
v -0.0256706 -0.0210010 0.0302312
v -0.0257344 -0.0199271 0.0308605
v -0.0259111 -0.0201657 0.0307690
v -0.0258228 -0.0199591 0.0308147
v -0.0258875 -0.0200464 0.0307812
v -0.0257344 -0.0211203 0.0308605
v -0.0259111 -0.0208817 0.0307690
v -0.0258228 -0.0210883 0.0308147
v -0.0258875 -0.0210010 0.0307812
v -0.0258851 -0.0199271 0.0314156
v -0.0260698 -0.0201657 0.0313537
v -0.0259775 -0.0199591 0.0313846
v -0.0260451 -0.0200464 0.0313620
v -0.0258851 -0.0211203 0.0314156
v -0.0260698 -0.0208817 0.0313537
v -0.0259775 -0.0210883 0.0313846
v -0.0260451 -0.0210010 0.0313620
v -0.0259766 -0.0199271 0.0319905
v -0.0261662 -0.0201657 0.0319593
v -0.0260714 -0.0199591 0.0319749
v -0.0261408 -0.0200464 0.0319635
v -0.0259766 -0.0211203 0.0319905
v -0.0261662 -0.0208817 0.0319593
v -0.0260714 -0.0210883 0.0319749
v -0.0261408 -0.0210010 0.0319635
v -0.0260072 -0.0199271 0.0325754
v -0.0261985 -0.0201657 0.0325754
v -0.0261028 -0.0199591 0.0325754
v -0.0261729 -0.0200464 0.0325754
v -0.0260072 -0.0211203 0.0325754
v -0.0261985 -0.0208817 0.0325754
v -0.0261028 -0.0210883 0.0325754
v -0.0261729 -0.0210010 0.0325754
v -0.0259766 -0.0199271 0.0331603
v -0.0261662 -0.0201657 0.0331916
v -0.0260714 -0.0199591 0.0331760
v -0.0261408 -0.0200464 0.0331874
v -0.0259766 -0.0211203 0.0331603
v -0.0261662 -0.0208817 0.0331916
v -0.0260714 -0.0210883 0.0331760
v -0.0261408 -0.0210010 0.0331874
v -0.0258851 -0.0199271 0.0337353
v -0.0260698 -0.0201657 0.0337972
v -0.0259775 -0.0199591 0.0337662
v -0.0260451 -0.0200464 0.0337889
v -0.0258851 -0.0211203 0.0337353
v -0.0260698 -0.0208817 0.0337972
v -0.0259775 -0.0210883 0.0337662
v -0.0260451 -0.0210010 0.0337889
v -0.0257344 -0.0199271 0.0342903
v -0.0259111 -0.0201657 0.0343819
v -0.0258228 -0.0199591 0.0343361
v -0.0258875 -0.0200464 0.0343696
v -0.0257344 -0.0211203 0.0342903
v -0.0259111 -0.0208817 0.0343819
v -0.0258228 -0.0210883 0.0343361
v -0.0258875 -0.0210010 0.0343696
v -0.0255271 -0.0199271 0.0348161
v -0.0256927 -0.0201657 0.0349356
v -0.0256099 -0.0199591 0.0348759
v -0.0256706 -0.0200464 0.0349196
v -0.0255271 -0.0211203 0.0348161
v -0.0256927 -0.0208817 0.0349356
v -0.0256099 -0.0210883 0.0348759
v -0.0256706 -0.0210010 0.0349196
v -0.0252667 -0.0199271 0.0353035
v -0.0254184 -0.0201657 0.0354491
v -0.0253426 -0.0199591 0.0353763
v -0.0253981 -0.0200464 0.0354295
v -0.0252667 -0.0211203 0.0353035
v -0.0254184 -0.0208817 0.0354491
v -0.0253426 -0.0210883 0.0353763
v -0.0253981 -0.0210010 0.0354295
v -0.0249576 -0.0199271 0.0357442
v -0.0250929 -0.0201657 0.0359133
v -0.0250252 -0.0199591 0.0358287
v -0.0250747 -0.0200464 0.0358906
v -0.0249576 -0.0211203 0.0357442
v -0.0250929 -0.0208817 0.0359133
v -0.0250252 -0.0210883 0.0358287
v -0.0250747 -0.0210010 0.0358906
v -0.0246052 -0.0199271 0.0361307
v -0.0247216 -0.0201657 0.0363204
v -0.0246634 -0.0199591 0.0362255
v -0.0247060 -0.0200464 0.0362950
v -0.0246052 -0.0211203 0.0361307
v -0.0247216 -0.0208817 0.0363204
v -0.0246634 -0.0210883 0.0362255
v -0.0247060 -0.0210010 0.0362950
v -0.0242154 -0.0199271 0.0364563
v -0.0243111 -0.0201657 0.0366635
v -0.0242633 -0.0199591 0.0365599
v -0.0242983 -0.0200464 0.0366357
v -0.0242154 -0.0211203 0.0364563
v -0.0243111 -0.0208817 0.0366635
v -0.0242633 -0.0210883 0.0365599
v -0.0242983 -0.0210010 0.0366357
v -0.0237950 -0.0199271 0.0367156
v -0.0238682 -0.0201657 0.0369365
v -0.0238316 -0.0199591 0.0368261
v -0.0238584 -0.0200464 0.0369069
v -0.0237950 -0.0211203 0.0367156
v -0.0238682 -0.0208817 0.0369365
v -0.0238316 -0.0210883 0.0368261
v -0.0238584 -0.0210010 0.0369069
v -0.0233512 -0.0199271 0.0369040
v -0.0234007 -0.0201657 0.0371350
v -0.0233759 -0.0199591 0.0370195
v -0.0233940 -0.0200464 0.0371041
v -0.0233512 -0.0211203 0.0369040
v -0.0234007 -0.0208817 0.0371350
v -0.0233759 -0.0210883 0.0370195
v -0.0233940 -0.0210010 0.0371041
v -0.0228914 -0.0199271 0.0370184
v -0.0229164 -0.0201657 0.0372555
v -0.0229039 -0.0199591 0.0371369
v -0.0229130 -0.0200464 0.0372237
v -0.0228914 -0.0211203 0.0370184
v -0.0229164 -0.0208817 0.0372555
v -0.0229039 -0.0210883 0.0371369
v -0.0229130 -0.0210010 0.0372237
v -0.0224237 -0.0199271 0.0218310
v -0.0224237 -0.0201657 0.0220701
v -0.0224237 -0.0199591 0.0219506
v -0.0224237 -0.0200464 0.0220381
v -0.0224237 -0.0211203 0.0218310
v -0.0224237 -0.0208817 0.0220701
v -0.0224237 -0.0210883 0.0219506
v -0.0224237 -0.0210010 0.0220381
v -0.0220630 -0.0199271 0.0218014
v -0.0220381 -0.0201657 0.0220385
v -0.0220505 -0.0199591 0.0219200
v -0.0220414 -0.0200464 0.0220068
v -0.0220630 -0.0211203 0.0218014
v -0.0220381 -0.0208817 0.0220385
v -0.0220505 -0.0210883 0.0219200
v -0.0220414 -0.0210010 0.0220068
v -0.0217086 -0.0199271 0.0217132
v -0.0216591 -0.0201657 0.0219443
v -0.0216838 -0.0199591 0.0218288
v -0.0216657 -0.0200464 0.0219133
v -0.0217086 -0.0211203 0.0217132
v -0.0216591 -0.0208817 0.0219443
v -0.0216838 -0.0210883 0.0218288
v -0.0216657 -0.0210010 0.0219133
v -0.0213663 -0.0199271 0.0215680
v -0.0212931 -0.0201657 0.0217889
v -0.0213297 -0.0199591 0.0216785
v -0.0213029 -0.0200464 0.0217593
v -0.0213663 -0.0211203 0.0215680
v -0.0212931 -0.0208817 0.0217889
v -0.0213297 -0.0210883 0.0216785
v -0.0213029 -0.0210010 0.0217593
v -0.0210422 -0.0199271 0.0213681
v -0.0209466 -0.0201657 0.0215752
v -0.0209944 -0.0199591 0.0214716
v -0.0209594 -0.0200464 0.0215475
v -0.0210422 -0.0211203 0.0213681
v -0.0209466 -0.0208817 0.0215752
v -0.0209944 -0.0210883 0.0214716
v -0.0209594 -0.0210010 0.0215475
v -0.0207417 -0.0199271 0.0211170
v -0.0206253 -0.0201657 0.0213067
v -0.0206835 -0.0199591 0.0212119
v -0.0206409 -0.0200464 0.0212813
v -0.0207417 -0.0211203 0.0211170
v -0.0206253 -0.0208817 0.0213067
v -0.0206835 -0.0210883 0.0212119
v -0.0206409 -0.0210010 0.0212813
v -0.0204700 -0.0199271 0.0208190
v -0.0203347 -0.0201657 0.0209881
v -0.0204023 -0.0199591 0.0209036
v -0.0203528 -0.0200464 0.0209655
v -0.0204700 -0.0211203 0.0208190
v -0.0203347 -0.0208817 0.0209881
v -0.0204023 -0.0210883 0.0209036
v -0.0203528 -0.0210010 0.0209655
v -0.0202317 -0.0199271 0.0204792
v -0.0200799 -0.0201657 0.0206248
v -0.0201558 -0.0199591 0.0205520
v -0.0201003 -0.0200464 0.0206053
v -0.0202317 -0.0211203 0.0204792
v -0.0200799 -0.0208817 0.0206248
v -0.0201558 -0.0210883 0.0205520
v -0.0201003 -0.0210010 0.0206053
v -0.0200309 -0.0199271 0.0201034
v -0.0198653 -0.0201657 0.0202230
v -0.0199481 -0.0199591 0.0201632
v -0.0198874 -0.0200464 0.0202070
v -0.0200309 -0.0211203 0.0201034
v -0.0198653 -0.0208817 0.0202230
v -0.0199481 -0.0210883 0.0201632
v -0.0198874 -0.0210010 0.0202070
v -0.0198710 -0.0199271 0.0196981
v -0.0196943 -0.0201657 0.0197896
v -0.0197827 -0.0199591 0.0197438
v -0.0197180 -0.0200464 0.0197773
v -0.0198710 -0.0211203 0.0196981
v -0.0196943 -0.0208817 0.0197896
v -0.0197827 -0.0210883 0.0197438
v -0.0197180 -0.0210010 0.0197773
v -0.0197549 -0.0199271 0.0192701
v -0.0195701 -0.0201657 0.0193320
v -0.0196625 -0.0199591 0.0193011
v -0.0195949 -0.0200464 0.0193237
v -0.0197549 -0.0211203 0.0192701
v -0.0195701 -0.0208817 0.0193320
v -0.0196625 -0.0210883 0.0193011
v -0.0195949 -0.0210010 0.0193237
v -0.0196844 -0.0199271 0.0188269
v -0.0194947 -0.0201657 0.0188581
v -0.0195895 -0.0199591 0.0188425
v -0.0195201 -0.0200464 0.0188539
v -0.0196844 -0.0211203 0.0188269
v -0.0194947 -0.0208817 0.0188581
v -0.0195895 -0.0210883 0.0188425
v -0.0195201 -0.0210010 0.0188539
v -0.0196607 -0.0199271 0.0183759
v -0.0194695 -0.0201657 0.0183759
v -0.0195651 -0.0199591 0.0183759
v -0.0194951 -0.0200464 0.0183759
v -0.0196607 -0.0211203 0.0183759
v -0.0194695 -0.0208817 0.0183759
v -0.0195651 -0.0210883 0.0183759
v -0.0194951 -0.0210010 0.0183759
v -0.0196844 -0.0199271 0.0179249
v -0.0194947 -0.0201657 0.0178937
v -0.0195895 -0.0199591 0.0179093
v -0.0195201 -0.0200464 0.0178979
v -0.0196844 -0.0211203 0.0179249
v -0.0194947 -0.0208817 0.0178937
v -0.0195895 -0.0210883 0.0179093
v -0.0195201 -0.0210010 0.0178979
v -0.0197549 -0.0199271 0.0174816
v -0.0195701 -0.0201657 0.0174197
v -0.0196625 -0.0199591 0.0174507
v -0.0195949 -0.0200464 0.0174280
v -0.0197549 -0.0211203 0.0174816
v -0.0195701 -0.0208817 0.0174197
v -0.0196625 -0.0210883 0.0174507
v -0.0195949 -0.0210010 0.0174280
v -0.0198710 -0.0199271 0.0170537
v -0.0196943 -0.0201657 0.0169621
v -0.0197827 -0.0199591 0.0170079
v -0.0197180 -0.0200464 0.0169744
v -0.0198710 -0.0211203 0.0170537
v -0.0196943 -0.0208817 0.0169621
v -0.0197827 -0.0210883 0.0170079
v -0.0197180 -0.0210010 0.0169744
v -0.0200309 -0.0199271 0.0166483
v -0.0198653 -0.0201657 0.0165287
v -0.0199481 -0.0199591 0.0165885
v -0.0198874 -0.0200464 0.0165448
v -0.0200309 -0.0211203 0.0166483
v -0.0198653 -0.0208817 0.0165287
v -0.0199481 -0.0210883 0.0165885
v -0.0198874 -0.0210010 0.0165448
v -0.0202317 -0.0199271 0.0162725
v -0.0200799 -0.0201657 0.0161269
v -0.0201558 -0.0199591 0.0161997
v -0.0201003 -0.0200464 0.0161465
v -0.0202317 -0.0211203 0.0162725
v -0.0200799 -0.0208817 0.0161269
v -0.0201558 -0.0210883 0.0161997
v -0.0201003 -0.0210010 0.0161465
v -0.0204700 -0.0199271 0.0159327
v -0.0203347 -0.0201657 0.0157636
v -0.0204023 -0.0199591 0.0158482
v -0.0203528 -0.0200464 0.0157863
v -0.0204700 -0.0211203 0.0159327
v -0.0203347 -0.0208817 0.0157636
v -0.0204023 -0.0210883 0.0158482
v -0.0203528 -0.0210010 0.0157863
v -0.0207417 -0.0199271 0.0156348
v -0.0206253 -0.0201657 0.0154450
v -0.0206835 -0.0199591 0.0155399
v -0.0206409 -0.0200464 0.0154704
v -0.0207417 -0.0211203 0.0156348
v -0.0206253 -0.0208817 0.0154450
v -0.0206835 -0.0210883 0.0155399
v -0.0206409 -0.0210010 0.0154704
v -0.0210422 -0.0199271 0.0153837
v -0.0209466 -0.0201657 0.0151765
v -0.0209944 -0.0199591 0.0152801
v -0.0209594 -0.0200464 0.0152043
v -0.0210422 -0.0211203 0.0153837
v -0.0209466 -0.0208817 0.0151765
v -0.0209944 -0.0210883 0.0152801
v -0.0209594 -0.0210010 0.0152043
v -0.0213663 -0.0199271 0.0151838
v -0.0212931 -0.0201657 0.0149628
v -0.0213297 -0.0199591 0.0150733
v -0.0213029 -0.0200464 0.0149924
v -0.0213663 -0.0211203 0.0151838
v -0.0212931 -0.0208817 0.0149628
v -0.0213297 -0.0210883 0.0150733
v -0.0213029 -0.0210010 0.0149924
v -0.0217086 -0.0199271 0.0150385
v -0.0216591 -0.0201657 0.0148075
v -0.0216838 -0.0199591 0.0149230
v -0.0216657 -0.0200464 0.0148384
v -0.0217086 -0.0211203 0.0150385
v -0.0216591 -0.0208817 0.0148075
v -0.0216838 -0.0210883 0.0149230
v -0.0216657 -0.0210010 0.0148384
v -0.0220630 -0.0199271 0.0149503
v -0.0220381 -0.0201657 0.0147132
v -0.0220505 -0.0199591 0.0148318
v -0.0220414 -0.0200464 0.0147450
v -0.0220630 -0.0211203 0.0149503
v -0.0220381 -0.0208817 0.0147132
v -0.0220505 -0.0210883 0.0148318
v -0.0220414 -0.0210010 0.0147450
v -0.0224237 -0.0199271 0.0149208
v -0.0224237 -0.0201657 0.0146816
v -0.0224237 -0.0199591 0.0148012
v -0.0224237 -0.0200464 0.0147136
v -0.0224237 -0.0211203 0.0149208
v -0.0224237 -0.0208817 0.0146816
v -0.0224237 -0.0210883 0.0148012
v -0.0224237 -0.0210010 0.0147136
v -0.0227843 -0.0199271 0.0149503
v -0.0228093 -0.0201657 0.0147132
v -0.0227968 -0.0199591 0.0148318
v -0.0228059 -0.0200464 0.0147450
v -0.0227843 -0.0211203 0.0149503
v -0.0228093 -0.0208817 0.0147132
v -0.0227968 -0.0210883 0.0148318
v -0.0228059 -0.0210010 0.0147450
v -0.0231388 -0.0199271 0.0150385
v -0.0231883 -0.0201657 0.0148075
v -0.0231635 -0.0199591 0.0149230
v -0.0231816 -0.0200464 0.0148384
v -0.0231388 -0.0211203 0.0150385
v -0.0231883 -0.0208817 0.0148075
v -0.0231635 -0.0210883 0.0149230
v -0.0231816 -0.0210010 0.0148384
v -0.0234810 -0.0199271 0.0151838
v -0.0235542 -0.0201657 0.0149628
v -0.0235176 -0.0199591 0.0150733
v -0.0235444 -0.0200464 0.0149924
v -0.0234810 -0.0211203 0.0151838
v -0.0235542 -0.0208817 0.0149628
v -0.0235176 -0.0210883 0.0150733
v -0.0235444 -0.0210010 0.0149924
v -0.0238051 -0.0199271 0.0153837
v -0.0239008 -0.0201657 0.0151765
v -0.0238529 -0.0199591 0.0152801
v -0.0238880 -0.0200464 0.0152043
v -0.0238051 -0.0211203 0.0153837
v -0.0239008 -0.0208817 0.0151765
v -0.0238529 -0.0210883 0.0152801
v -0.0238880 -0.0210010 0.0152043
v -0.0241056 -0.0199271 0.0156348
v -0.0242221 -0.0201657 0.0154450
v -0.0241639 -0.0199591 0.0155399
v -0.0242065 -0.0200464 0.0154704
v -0.0241056 -0.0211203 0.0156348
v -0.0242221 -0.0208817 0.0154450
v -0.0241639 -0.0210883 0.0155399
v -0.0242065 -0.0210010 0.0154704
v -0.0243774 -0.0199271 0.0159327
v -0.0245126 -0.0201657 0.0157636
v -0.0244450 -0.0199591 0.0158482
v -0.0244945 -0.0200464 0.0157863
v -0.0243774 -0.0211203 0.0159327
v -0.0245126 -0.0208817 0.0157636
v -0.0244450 -0.0210883 0.0158482
v -0.0244945 -0.0210010 0.0157863
v -0.0246157 -0.0199271 0.0162725
v -0.0247674 -0.0201657 0.0161269
v -0.0246915 -0.0199591 0.0161997
v -0.0247471 -0.0200464 0.0161465
v -0.0246157 -0.0211203 0.0162725
v -0.0247674 -0.0208817 0.0161269
v -0.0246915 -0.0210883 0.0161997
v -0.0247471 -0.0210010 0.0161465
v -0.0248164 -0.0199271 0.0166483
v -0.0249821 -0.0201657 0.0165287
v -0.0248993 -0.0199591 0.0165885
v -0.0249599 -0.0200464 0.0165448
v -0.0248164 -0.0211203 0.0166483
v -0.0249821 -0.0208817 0.0165287
v -0.0248993 -0.0210883 0.0165885
v -0.0249599 -0.0210010 0.0165448
v -0.0249763 -0.0199271 0.0170537
v -0.0251530 -0.0201657 0.0169621
v -0.0250646 -0.0199591 0.0170079
v -0.0251293 -0.0200464 0.0169744
v -0.0249763 -0.0211203 0.0170537
v -0.0251530 -0.0208817 0.0169621
v -0.0250646 -0.0210883 0.0170079
v -0.0251293 -0.0210010 0.0169744
v -0.0250925 -0.0199271 0.0174816
v -0.0252772 -0.0201657 0.0174197
v -0.0251848 -0.0199591 0.0174507
v -0.0252525 -0.0200464 0.0174280
v -0.0250925 -0.0211203 0.0174816
v -0.0252772 -0.0208817 0.0174197
v -0.0251848 -0.0210883 0.0174507
v -0.0252525 -0.0210010 0.0174280
v -0.0251630 -0.0199271 0.0179249
v -0.0253526 -0.0201657 0.0178937
v -0.0252578 -0.0199591 0.0179093
v -0.0253272 -0.0200464 0.0178979
v -0.0251630 -0.0211203 0.0179249
v -0.0253526 -0.0208817 0.0178937
v -0.0252578 -0.0210883 0.0179093
v -0.0253272 -0.0210010 0.0178979
v -0.0251866 -0.0199271 0.0183759
v -0.0253779 -0.0201657 0.0183759
v -0.0252822 -0.0199591 0.0183759
v -0.0253522 -0.0200464 0.0183759
v -0.0251866 -0.0211203 0.0183759
v -0.0253779 -0.0208817 0.0183759
v -0.0252822 -0.0210883 0.0183759
v -0.0253522 -0.0210010 0.0183759
v -0.0251630 -0.0199271 0.0188269
v -0.0253526 -0.0201657 0.0188581
v -0.0252578 -0.0199591 0.0188425
v -0.0253272 -0.0200464 0.0188539
v -0.0251630 -0.0211203 0.0188269
v -0.0253526 -0.0208817 0.0188581
v -0.0252578 -0.0210883 0.0188425
v -0.0253272 -0.0210010 0.0188539
v -0.0250925 -0.0199271 0.0192701
v -0.0252772 -0.0201657 0.0193320
v -0.0251848 -0.0199591 0.0193011
v -0.0252525 -0.0200464 0.0193237
v -0.0250925 -0.0211203 0.0192701
v -0.0252772 -0.0208817 0.0193320
v -0.0251848 -0.0210883 0.0193011
v -0.0252525 -0.0210010 0.0193237
v -0.0249763 -0.0199271 0.0196981
v -0.0251530 -0.0201657 0.0197896
v -0.0250646 -0.0199591 0.0197438
v -0.0251293 -0.0200464 0.0197773
v -0.0249763 -0.0211203 0.0196981
v -0.0251530 -0.0208817 0.0197896
v -0.0250646 -0.0210883 0.0197438
v -0.0251293 -0.0210010 0.0197773
v -0.0248164 -0.0199271 0.0201034
v -0.0249821 -0.0201657 0.0202230
v -0.0248993 -0.0199591 0.0201632
v -0.0249599 -0.0200464 0.0202070
v -0.0248164 -0.0211203 0.0201034
v -0.0249821 -0.0208817 0.0202230
v -0.0248993 -0.0210883 0.0201632
v -0.0249599 -0.0210010 0.0202070
v -0.0246157 -0.0199271 0.0204792
v -0.0247674 -0.0201657 0.0206248
v -0.0246915 -0.0199591 0.0205520
v -0.0247471 -0.0200464 0.0206053
v -0.0246157 -0.0211203 0.0204792
v -0.0247674 -0.0208817 0.0206248
v -0.0246915 -0.0210883 0.0205520
v -0.0247471 -0.0210010 0.0206053
v -0.0243774 -0.0199271 0.0208190
v -0.0245126 -0.0201657 0.0209881
v -0.0244450 -0.0199591 0.0209036
v -0.0244945 -0.0200464 0.0209655
v -0.0243774 -0.0211203 0.0208190
v -0.0245126 -0.0208817 0.0209881
v -0.0244450 -0.0210883 0.0209036
v -0.0244945 -0.0210010 0.0209655
v -0.0241056 -0.0199271 0.0211170
v -0.0242221 -0.0201657 0.0213067
v -0.0241639 -0.0199591 0.0212119
v -0.0242065 -0.0200464 0.0212813
v -0.0241056 -0.0211203 0.0211170
v -0.0242221 -0.0208817 0.0213067
v -0.0241639 -0.0210883 0.0212119
v -0.0242065 -0.0210010 0.0212813
v -0.0238051 -0.0199271 0.0213681
v -0.0239008 -0.0201657 0.0215752
v -0.0238529 -0.0199591 0.0214716
v -0.0238880 -0.0200464 0.0215475
v -0.0238051 -0.0211203 0.0213681
v -0.0239008 -0.0208817 0.0215752
v -0.0238529 -0.0210883 0.0214716
v -0.0238880 -0.0210010 0.0215475
v -0.0234810 -0.0199271 0.0215680
v -0.0235542 -0.0201657 0.0217889
v -0.0235176 -0.0199591 0.0216785
v -0.0235444 -0.0200464 0.0217593
v -0.0234810 -0.0211203 0.0215680
v -0.0235542 -0.0208817 0.0217889
v -0.0235176 -0.0210883 0.0216785
v -0.0235444 -0.0210010 0.0217593
v -0.0231388 -0.0199271 0.0217132
v -0.0231883 -0.0201657 0.0219443
v -0.0231635 -0.0199591 0.0218288
v -0.0231816 -0.0200464 0.0219133
v -0.0231388 -0.0211203 0.0217132
v -0.0231883 -0.0208817 0.0219443
v -0.0231635 -0.0210883 0.0218288
v -0.0231816 -0.0210010 0.0219133
v -0.0227843 -0.0199271 0.0218014
v -0.0228093 -0.0201657 0.0220385
v -0.0227968 -0.0199591 0.0219200
v -0.0228059 -0.0200464 0.0220068
v -0.0227843 -0.0211203 0.0218014
v -0.0228093 -0.0208817 0.0220385
v -0.0227968 -0.0210883 0.0219200
v -0.0228059 -0.0210010 0.0220068
v -0.0283397 -0.0181969 0.0035797
v -0.0283397 -0.0191515 0.0045343
v -0.0291031 -0.0181969 0.0045343
v -0.0283397 -0.0186736 0.0037072
v -0.0287209 -0.0181969 0.0037072
v -0.0287047 -0.0186534 0.0038311
v -0.0287209 -0.0190239 0.0045343
v -0.0283397 -0.0190239 0.0040576
v -0.0287047 -0.0189001 0.0040778
v -0.0290011 -0.0181969 0.0040576
v -0.0290011 -0.0186736 0.0045343
v -0.0289020 -0.0186534 0.0040778
v -0.0283397 -0.0191515 0.0109778
v -0.0283397 -0.0181969 0.0119324
v -0.0291031 -0.0181969 0.0109778
v -0.0283397 -0.0190239 0.0114545
v -0.0287209 -0.0190239 0.0109778
v -0.0287047 -0.0189001 0.0114343
v -0.0287209 -0.0181969 0.0118049
v -0.0283397 -0.0186736 0.0118049
v -0.0287047 -0.0186534 0.0116810
v -0.0290011 -0.0186736 0.0109778
v -0.0290011 -0.0181969 0.0114545
v -0.0289020 -0.0186534 0.0114343
v -0.0283397 -0.0171230 0.0035797
v -0.0291031 -0.0171230 0.0045343
v -0.0283397 -0.0161684 0.0045343
v -0.0287209 -0.0171230 0.0037072
v -0.0283397 -0.0166463 0.0037072
v -0.0287047 -0.0166665 0.0038311
v -0.0290011 -0.0166463 0.0045343
v -0.0290011 -0.0171230 0.0040576
v -0.0289020 -0.0166665 0.0040778
v -0.0283397 -0.0162959 0.0040576
v -0.0287209 -0.0162959 0.0045343
v -0.0287047 -0.0164198 0.0040778
v -0.0283397 -0.0171230 0.0119324
v -0.0283397 -0.0161684 0.0109778
v -0.0291031 -0.0171230 0.0109778
v -0.0283397 -0.0166463 0.0118049
v -0.0287209 -0.0171230 0.0118049
v -0.0287047 -0.0166665 0.0116810
v -0.0287209 -0.0162959 0.0109778
v -0.0283397 -0.0162959 0.0114545
v -0.0287047 -0.0164198 0.0114343
v -0.0290011 -0.0171230 0.0114545
v -0.0290011 -0.0166463 0.0109778
v -0.0289020 -0.0166665 0.0114343
v -0.0203244 -0.0181969 0.0035797
v -0.0195611 -0.0181969 0.0045343
v -0.0203244 -0.0191515 0.0045343
v -0.0199432 -0.0181969 0.0037072
v -0.0203244 -0.0186736 0.0037072
v -0.0199594 -0.0186534 0.0038311
v -0.0196630 -0.0186736 0.0045343
v -0.0196630 -0.0181969 0.0040576
v -0.0197621 -0.0186534 0.0040778
v -0.0203244 -0.0190239 0.0040576
v -0.0199432 -0.0190239 0.0045343
v -0.0199594 -0.0189001 0.0040778
v -0.0203244 -0.0181969 0.0119324
v -0.0203244 -0.0191515 0.0109778
v -0.0195611 -0.0181969 0.0109778
v -0.0203244 -0.0186736 0.0118049
v -0.0199432 -0.0181969 0.0118049
v -0.0199594 -0.0186534 0.0116810
v -0.0199432 -0.0190239 0.0109778
v -0.0203244 -0.0190239 0.0114545
v -0.0199594 -0.0189001 0.0114343
v -0.0196630 -0.0181969 0.0114545
v -0.0196630 -0.0186736 0.0109778
v -0.0197621 -0.0186534 0.0114343
v -0.0203244 -0.0171230 0.0035797
v -0.0203244 -0.0161684 0.0045343
v -0.0195611 -0.0171230 0.0045343
v -0.0203244 -0.0166463 0.0037072
v -0.0199432 -0.0171230 0.0037072
v -0.0199594 -0.0166665 0.0038311
v -0.0199432 -0.0162959 0.0045343
v -0.0203244 -0.0162959 0.0040576
v -0.0199594 -0.0164198 0.0040778
v -0.0196630 -0.0171230 0.0040576
v -0.0196630 -0.0166463 0.0045343
v -0.0197621 -0.0166665 0.0040778
v -0.0203244 -0.0171230 0.0119324
v -0.0195611 -0.0171230 0.0109778
v -0.0203244 -0.0161684 0.0109778
v -0.0199432 -0.0171230 0.0118049
v -0.0203244 -0.0166463 0.0118049
v -0.0199594 -0.0166665 0.0116810
v -0.0196630 -0.0166463 0.0109778
v -0.0196630 -0.0171230 0.0114545
v -0.0197621 -0.0166665 0.0114343
v -0.0203244 -0.0162959 0.0114545
v -0.0199432 -0.0162959 0.0109778
v -0.0199594 -0.0164198 0.0114343
v 0.0224237 -0.0199271 0.0370567
v 0.0224237 -0.0201657 0.0372959
v 0.0224237 -0.0199591 0.0371763
v 0.0224237 -0.0200464 0.0372638
v 0.0224237 -0.0211203 0.0370567
v 0.0224237 -0.0208817 0.0372959
v 0.0224237 -0.0210883 0.0371763
v 0.0224237 -0.0210010 0.0372638
v 0.0228914 -0.0199271 0.0370184
v 0.0229164 -0.0201657 0.0372555
v 0.0229039 -0.0199591 0.0371369
v 0.0229130 -0.0200464 0.0372237
v 0.0228914 -0.0211203 0.0370184
v 0.0229164 -0.0208817 0.0372555
v 0.0229039 -0.0210883 0.0371369
v 0.0229130 -0.0210010 0.0372237
v 0.0233512 -0.0199271 0.0369040
v 0.0234007 -0.0201657 0.0371350
v 0.0233759 -0.0199591 0.0370195
v 0.0233940 -0.0200464 0.0371041
v 0.0233512 -0.0211203 0.0369040
v 0.0234007 -0.0208817 0.0371350
v 0.0233759 -0.0210883 0.0370195
v 0.0233940 -0.0210010 0.0371041
v 0.0237950 -0.0199271 0.0367156
v 0.0238682 -0.0201657 0.0369365
v 0.0238316 -0.0199591 0.0368261
v 0.0238584 -0.0200464 0.0369069
v 0.0237950 -0.0211203 0.0367156
v 0.0238682 -0.0208817 0.0369365
v 0.0238316 -0.0210883 0.0368261
v 0.0238584 -0.0210010 0.0369069
v 0.0242154 -0.0199271 0.0364563
v 0.0243111 -0.0201657 0.0366635
v 0.0242633 -0.0199591 0.0365599
v 0.0242983 -0.0200464 0.0366357
v 0.0242154 -0.0211203 0.0364563
v 0.0243111 -0.0208817 0.0366635
v 0.0242633 -0.0210883 0.0365599
v 0.0242983 -0.0210010 0.0366357
v 0.0246052 -0.0199271 0.0361307
v 0.0247216 -0.0201657 0.0363204
v 0.0246634 -0.0199591 0.0362255
v 0.0247060 -0.0200464 0.0362950
v 0.0246052 -0.0211203 0.0361307
v 0.0247216 -0.0208817 0.0363204
v 0.0246634 -0.0210883 0.0362255
v 0.0247060 -0.0210010 0.0362950
v 0.0249576 -0.0199271 0.0357442
v 0.0250929 -0.0201657 0.0359133
v 0.0250252 -0.0199591 0.0358287
v 0.0250747 -0.0200464 0.0358906
v 0.0249576 -0.0211203 0.0357442
v 0.0250929 -0.0208817 0.0359133
v 0.0250252 -0.0210883 0.0358287
v 0.0250747 -0.0210010 0.0358906
v 0.0252667 -0.0199271 0.0353035
v 0.0254184 -0.0201657 0.0354491
v 0.0253426 -0.0199591 0.0353763
v 0.0253981 -0.0200464 0.0354295
v 0.0252667 -0.0211203 0.0353035
v 0.0254184 -0.0208817 0.0354491
v 0.0253426 -0.0210883 0.0353763
v 0.0253981 -0.0210010 0.0354295
v 0.0255271 -0.0199271 0.0348161
v 0.0256927 -0.0201657 0.0349356
v 0.0256099 -0.0199591 0.0348759
v 0.0256706 -0.0200464 0.0349196
v 0.0255271 -0.0211203 0.0348161
v 0.0256927 -0.0208817 0.0349356
v 0.0256099 -0.0210883 0.0348759
v 0.0256706 -0.0210010 0.0349196
v 0.0257344 -0.0199271 0.0342903
v 0.0259111 -0.0201657 0.0343819
v 0.0258228 -0.0199591 0.0343361
v 0.0258875 -0.0200464 0.0343696
v 0.0257344 -0.0211203 0.0342903
v 0.0259111 -0.0208817 0.0343819
v 0.0258228 -0.0210883 0.0343361
v 0.0258875 -0.0210010 0.0343696
v 0.0258851 -0.0199271 0.0337353
v 0.0260698 -0.0201657 0.0337972
v 0.0259775 -0.0199591 0.0337662
v 0.0260451 -0.0200464 0.0337889
v 0.0258851 -0.0211203 0.0337353
v 0.0260698 -0.0208817 0.0337972
v 0.0259775 -0.0210883 0.0337662
v 0.0260451 -0.0210010 0.0337889
v 0.0259766 -0.0199271 0.0331603
v 0.0261662 -0.0201657 0.0331916
v 0.0260714 -0.0199591 0.0331760
v 0.0261408 -0.0200464 0.0331874
v 0.0259766 -0.0211203 0.0331603
v 0.0261662 -0.0208817 0.0331916
v 0.0260714 -0.0210883 0.0331760
v 0.0261408 -0.0210010 0.0331874
v 0.0260072 -0.0199271 0.0325754
v 0.0261985 -0.0201657 0.0325754
v 0.0261028 -0.0199591 0.0325754
v 0.0261729 -0.0200464 0.0325754
v 0.0260072 -0.0211203 0.0325754
v 0.0261985 -0.0208817 0.0325754
v 0.0261028 -0.0210883 0.0325754
v 0.0261729 -0.0210010 0.0325754
v 0.0259766 -0.0199271 0.0319905
v 0.0261662 -0.0201657 0.0319593
v 0.0260714 -0.0199591 0.0319749
v 0.0261408 -0.0200464 0.0319635
v 0.0259766 -0.0211203 0.0319905
v 0.0261662 -0.0208817 0.0319593
v 0.0260714 -0.0210883 0.0319749
v 0.0261408 -0.0210010 0.0319635
v 0.0258851 -0.0199271 0.0314156
v 0.0260698 -0.0201657 0.0313537
v 0.0259775 -0.0199591 0.0313846
v 0.0260451 -0.0200464 0.0313620
v 0.0258851 -0.0211203 0.0314156
v 0.0260698 -0.0208817 0.0313537
v 0.0259775 -0.0210883 0.0313846
v 0.0260451 -0.0210010 0.0313620
v 0.0257344 -0.0199271 0.0308605
v 0.0259111 -0.0201657 0.0307690
v 0.0258228 -0.0199591 0.0308147
v 0.0258875 -0.0200464 0.0307812
v 0.0257344 -0.0211203 0.0308605
v 0.0259111 -0.0208817 0.0307690
v 0.0258228 -0.0210883 0.0308147
v 0.0258875 -0.0210010 0.0307812
v 0.0255271 -0.0199271 0.0303348
v 0.0256927 -0.0201657 0.0302152
v 0.0256099 -0.0199591 0.0302750
v 0.0256706 -0.0200464 0.0302312
v 0.0255271 -0.0211203 0.0303348
v 0.0256927 -0.0208817 0.0302152
v 0.0256099 -0.0210883 0.0302750
v 0.0256706 -0.0210010 0.0302312
v 0.0252667 -0.0199271 0.0298474
v 0.0254184 -0.0201657 0.0297018
v 0.0253426 -0.0199591 0.0297746
v 0.0253981 -0.0200464 0.0297213
v 0.0252667 -0.0211203 0.0298474
v 0.0254184 -0.0208817 0.0297018
v 0.0253426 -0.0210883 0.0297746
v 0.0253981 -0.0210010 0.0297213
v 0.0249576 -0.0199271 0.0294067
v 0.0250929 -0.0201657 0.0292376
v 0.0250252 -0.0199591 0.0293221
v 0.0250747 -0.0200464 0.0292602
v 0.0249576 -0.0211203 0.0294067
v 0.0250929 -0.0208817 0.0292376
v 0.0250252 -0.0210883 0.0293221
v 0.0250747 -0.0210010 0.0292602
v 0.0246052 -0.0199271 0.0290202
v 0.0247216 -0.0201657 0.0288304
v 0.0246634 -0.0199591 0.0289253
v 0.0247060 -0.0200464 0.0288559
v 0.0246052 -0.0211203 0.0290202
v 0.0247216 -0.0208817 0.0288304
v 0.0246634 -0.0210883 0.0289253
v 0.0247060 -0.0210010 0.0288559
v 0.0242154 -0.0199271 0.0286945
v 0.0243111 -0.0201657 0.0284874
v 0.0242633 -0.0199591 0.0285909
v 0.0242983 -0.0200464 0.0285151
v 0.0242154 -0.0211203 0.0286945
v 0.0243111 -0.0208817 0.0284874
v 0.0242633 -0.0210883 0.0285910
v 0.0242983 -0.0210010 0.0285151
v 0.0237950 -0.0199271 0.0284352
v 0.0238682 -0.0201657 0.0282143
v 0.0238316 -0.0199591 0.0283248
v 0.0238584 -0.0200464 0.0282439
v 0.0237950 -0.0211203 0.0284352
v 0.0238682 -0.0208817 0.0282143
v 0.0238316 -0.0210883 0.0283248
v 0.0238584 -0.0210010 0.0282439
v 0.0233512 -0.0199271 0.0282468
v 0.0234007 -0.0201657 0.0280158
v 0.0233759 -0.0199591 0.0281313
v 0.0233940 -0.0200464 0.0280468
v 0.0233512 -0.0211203 0.0282468
v 0.0234007 -0.0208817 0.0280158
v 0.0233759 -0.0210883 0.0281313
v 0.0233940 -0.0210010 0.0280468
v 0.0228914 -0.0199271 0.0281325
v 0.0229164 -0.0201657 0.0278954
v 0.0229039 -0.0199591 0.0280139
v 0.0229130 -0.0200464 0.0279271
v 0.0228914 -0.0211203 0.0281325
v 0.0229164 -0.0208817 0.0278954
v 0.0229039 -0.0210883 0.0280139
v 0.0229130 -0.0210010 0.0279271
v 0.0224237 -0.0199271 0.0280941
v 0.0224237 -0.0201657 0.0278550
v 0.0224237 -0.0199591 0.0279745
v 0.0224237 -0.0200464 0.0278870
v 0.0224237 -0.0211203 0.0280941
v 0.0224237 -0.0208817 0.0278550
v 0.0224237 -0.0210883 0.0279745
v 0.0224237 -0.0210010 0.0278870
v 0.0219559 -0.0199271 0.0281325
v 0.0219310 -0.0201657 0.0278954
v 0.0219434 -0.0199591 0.0280139
v 0.0219343 -0.0200464 0.0279271
v 0.0219559 -0.0211203 0.0281325
v 0.0219310 -0.0208817 0.0278954
v 0.0219434 -0.0210883 0.0280139
v 0.0219343 -0.0210010 0.0279271
v 0.0214962 -0.0199271 0.0282468
v 0.0214467 -0.0201657 0.0280158
v 0.0214714 -0.0199591 0.0281313
v 0.0214533 -0.0200464 0.0280468
v 0.0214962 -0.0211203 0.0282468
v 0.0214467 -0.0208817 0.0280158
v 0.0214714 -0.0210883 0.0281313
v 0.0214533 -0.0210010 0.0280468
v 0.0210523 -0.0199271 0.0284352
v 0.0209791 -0.0201657 0.0282143
v 0.0210157 -0.0199591 0.0283248
v 0.0209889 -0.0200464 0.0282439
v 0.0210523 -0.0211203 0.0284352
v 0.0209791 -0.0208817 0.0282143
v 0.0210157 -0.0210883 0.0283248
v 0.0209889 -0.0210010 0.0282439
v 0.0206319 -0.0199271 0.0286945
v 0.0205363 -0.0201657 0.0284874
v 0.0205841 -0.0199591 0.0285909
v 0.0205491 -0.0200464 0.0285151
v 0.0206319 -0.0211203 0.0286945
v 0.0205363 -0.0208817 0.0284874
v 0.0205841 -0.0210883 0.0285910
v 0.0205491 -0.0210010 0.0285151
v 0.0202421 -0.0199271 0.0290202
v 0.0201257 -0.0201657 0.0288304
v 0.0201839 -0.0199591 0.0289253
v 0.0201413 -0.0200464 0.0288559
v 0.0202421 -0.0211203 0.0290202
v 0.0201257 -0.0208817 0.0288304
v 0.0201839 -0.0210883 0.0289253
v 0.0201413 -0.0210010 0.0288559
v 0.0198897 -0.0199271 0.0294067
v 0.0197545 -0.0201657 0.0292376
v 0.0198221 -0.0199591 0.0293221
v 0.0197726 -0.0200464 0.0292602
v 0.0198897 -0.0211203 0.0294067
v 0.0197545 -0.0208817 0.0292376
v 0.0198221 -0.0210883 0.0293221
v 0.0197726 -0.0210010 0.0292602
v 0.0195806 -0.0199271 0.0298474
v 0.0194289 -0.0201657 0.0297018
v 0.0195048 -0.0199591 0.0297746
v 0.0194492 -0.0200464 0.0297213
v 0.0195806 -0.0211203 0.0298474
v 0.0194289 -0.0208817 0.0297018
v 0.0195048 -0.0210883 0.0297746
v 0.0194492 -0.0210010 0.0297213
v 0.0193202 -0.0199271 0.0303348
v 0.0191546 -0.0201657 0.0302152
v 0.0192374 -0.0199591 0.0302750
v 0.0191768 -0.0200464 0.0302312
v 0.0193202 -0.0211203 0.0303348
v 0.0191546 -0.0208817 0.0302152
v 0.0192374 -0.0210883 0.0302750
v 0.0191768 -0.0210010 0.0302312
v 0.0191129 -0.0199271 0.0308605
v 0.0189362 -0.0201657 0.0307690
v 0.0190245 -0.0199591 0.0308147
v 0.0189599 -0.0200464 0.0307812
v 0.0191129 -0.0211203 0.0308605
v 0.0189362 -0.0208817 0.0307690
v 0.0190245 -0.0210883 0.0308147
v 0.0189599 -0.0210010 0.0307812
v 0.0189622 -0.0199271 0.0314156
v 0.0187775 -0.0201657 0.0313537
v 0.0188698 -0.0199591 0.0313846
v 0.0188022 -0.0200464 0.0313620
v 0.0189622 -0.0211203 0.0314156
v 0.0187775 -0.0208817 0.0313537
v 0.0188698 -0.0210883 0.0313846
v 0.0188022 -0.0210010 0.0313620
v 0.0188708 -0.0199271 0.0319905
v 0.0186811 -0.0201657 0.0319593
v 0.0187760 -0.0199591 0.0319749
v 0.0187066 -0.0200464 0.0319635
v 0.0188708 -0.0211203 0.0319905
v 0.0186811 -0.0208817 0.0319593
v 0.0187760 -0.0210883 0.0319749
v 0.0187066 -0.0210010 0.0319635
v 0.0188401 -0.0199271 0.0325754
v 0.0186489 -0.0201657 0.0325754
v 0.0187445 -0.0199591 0.0325754
v 0.0186745 -0.0200464 0.0325754
v 0.0188401 -0.0211203 0.0325754
v 0.0186489 -0.0208817 0.0325754
v 0.0187445 -0.0210883 0.0325754
v 0.0186745 -0.0210010 0.0325754
v 0.0188708 -0.0199271 0.0331603
v 0.0186811 -0.0201657 0.0331916
v 0.0187760 -0.0199591 0.0331760
v 0.0187066 -0.0200464 0.0331874
v 0.0188708 -0.0211203 0.0331603
v 0.0186811 -0.0208817 0.0331916
v 0.0187760 -0.0210883 0.0331760
v 0.0187066 -0.0210010 0.0331874
v 0.0189622 -0.0199271 0.0337353
v 0.0187775 -0.0201657 0.0337972
v 0.0188698 -0.0199591 0.0337662
v 0.0188022 -0.0200464 0.0337889
v 0.0189622 -0.0211203 0.0337353
v 0.0187775 -0.0208817 0.0337972
v 0.0188698 -0.0210883 0.0337662
v 0.0188022 -0.0210010 0.0337889
v 0.0191129 -0.0199271 0.0342903
v 0.0189362 -0.0201657 0.0343819
v 0.0190245 -0.0199591 0.0343361
v 0.0189599 -0.0200464 0.0343696
v 0.0191129 -0.0211203 0.0342903
v 0.0189362 -0.0208817 0.0343819
v 0.0190245 -0.0210883 0.0343361
v 0.0189599 -0.0210010 0.0343696
v 0.0193202 -0.0199271 0.0348161
v 0.0191546 -0.0201657 0.0349356
v 0.0192374 -0.0199591 0.0348759
v 0.0191768 -0.0200464 0.0349196
v 0.0193202 -0.0211203 0.0348161
v 0.0191546 -0.0208817 0.0349356
v 0.0192374 -0.0210883 0.0348759
v 0.0191768 -0.0210010 0.0349196
v 0.0195806 -0.0199271 0.0353035
v 0.0194289 -0.0201657 0.0354491
v 0.0195048 -0.0199591 0.0353763
v 0.0194492 -0.0200464 0.0354295
v 0.0195806 -0.0211203 0.0353035
v 0.0194289 -0.0208817 0.0354491
v 0.0195048 -0.0210883 0.0353763
v 0.0194492 -0.0210010 0.0354295
v 0.0198897 -0.0199271 0.0357442
v 0.0197545 -0.0201657 0.0359133
v 0.0198221 -0.0199591 0.0358287
v 0.0197726 -0.0200464 0.0358906
v 0.0198897 -0.0211203 0.0357442
v 0.0197545 -0.0208817 0.0359133
v 0.0198221 -0.0210883 0.0358287
v 0.0197726 -0.0210010 0.0358906
v 0.0202421 -0.0199271 0.0361307
v 0.0201257 -0.0201657 0.0363204
v 0.0201839 -0.0199591 0.0362255
v 0.0201413 -0.0200464 0.0362950
v 0.0202421 -0.0211203 0.0361307
v 0.0201257 -0.0208817 0.0363204
v 0.0201839 -0.0210883 0.0362255
v 0.0201413 -0.0210010 0.0362950
v 0.0206319 -0.0199271 0.0364563
v 0.0205363 -0.0201657 0.0366635
v 0.0205841 -0.0199591 0.0365599
v 0.0205491 -0.0200464 0.0366357
v 0.0206319 -0.0211203 0.0364563
v 0.0205363 -0.0208817 0.0366635
v 0.0205841 -0.0210883 0.0365599
v 0.0205491 -0.0210010 0.0366357
v 0.0210523 -0.0199271 0.0367156
v 0.0209791 -0.0201657 0.0369365
v 0.0210157 -0.0199591 0.0368261
v 0.0209889 -0.0200464 0.0369069
v 0.0210523 -0.0211203 0.0367156
v 0.0209791 -0.0208817 0.0369365
v 0.0210157 -0.0210883 0.0368261
v 0.0209889 -0.0210010 0.0369069
v 0.0214962 -0.0199271 0.0369040
v 0.0214467 -0.0201657 0.0371350
v 0.0214714 -0.0199591 0.0370195
v 0.0214533 -0.0200464 0.0371041
v 0.0214962 -0.0211203 0.0369040
v 0.0214467 -0.0208817 0.0371350
v 0.0214714 -0.0210883 0.0370195
v 0.0214533 -0.0210010 0.0371041
v 0.0219559 -0.0199271 0.0370184
v 0.0219310 -0.0201657 0.0372555
v 0.0219434 -0.0199591 0.0371369
v 0.0219343 -0.0200464 0.0372237
v 0.0219559 -0.0211203 0.0370184
v 0.0219310 -0.0208817 0.0372555
v 0.0219434 -0.0210883 0.0371369
v 0.0219343 -0.0210010 0.0372237
v 0.0224237 -0.0199271 0.0218310
v 0.0224237 -0.0201657 0.0220701
v 0.0224237 -0.0199591 0.0219506
v 0.0224237 -0.0200464 0.0220381
v 0.0224237 -0.0211203 0.0218310
v 0.0224237 -0.0208817 0.0220701
v 0.0224237 -0.0210883 0.0219506
v 0.0224237 -0.0210010 0.0220381
v 0.0227843 -0.0199271 0.0218014
v 0.0228093 -0.0201657 0.0220385
v 0.0227968 -0.0199591 0.0219200
v 0.0228059 -0.0200464 0.0220068
v 0.0227843 -0.0211203 0.0218014
v 0.0228093 -0.0208817 0.0220385
v 0.0227968 -0.0210883 0.0219200
v 0.0228059 -0.0210010 0.0220068
v 0.0231388 -0.0199271 0.0217132
v 0.0231883 -0.0201657 0.0219443
v 0.0231635 -0.0199591 0.0218288
v 0.0231816 -0.0200464 0.0219133
v 0.0231388 -0.0211203 0.0217132
v 0.0231883 -0.0208817 0.0219443
v 0.0231635 -0.0210883 0.0218288
v 0.0231816 -0.0210010 0.0219133
v 0.0234810 -0.0199271 0.0215680
v 0.0235542 -0.0201657 0.0217889
v 0.0235176 -0.0199591 0.0216785
v 0.0235444 -0.0200464 0.0217593
v 0.0234810 -0.0211203 0.0215680
v 0.0235542 -0.0208817 0.0217889
v 0.0235176 -0.0210883 0.0216785
v 0.0235444 -0.0210010 0.0217593
v 0.0238051 -0.0199271 0.0213681
v 0.0239008 -0.0201657 0.0215752
v 0.0238529 -0.0199591 0.0214716
v 0.0238880 -0.0200464 0.0215475
v 0.0238051 -0.0211203 0.0213681
v 0.0239008 -0.0208817 0.0215752
v 0.0238529 -0.0210883 0.0214716
v 0.0238880 -0.0210010 0.0215475
v 0.0241056 -0.0199271 0.0211170
v 0.0242221 -0.0201657 0.0213067
v 0.0241639 -0.0199591 0.0212119
v 0.0242065 -0.0200464 0.0212813
v 0.0241056 -0.0211203 0.0211170
v 0.0242221 -0.0208817 0.0213067
v 0.0241639 -0.0210883 0.0212119
v 0.0242065 -0.0210010 0.0212813
v 0.0243774 -0.0199271 0.0208190
v 0.0245126 -0.0201657 0.0209881
v 0.0244450 -0.0199591 0.0209036
v 0.0244945 -0.0200464 0.0209655
v 0.0243774 -0.0211203 0.0208190
v 0.0245126 -0.0208817 0.0209881
v 0.0244450 -0.0210883 0.0209036
v 0.0244945 -0.0210010 0.0209655
v 0.0246157 -0.0199271 0.0204792
v 0.0247674 -0.0201657 0.0206248
v 0.0246915 -0.0199591 0.0205520
v 0.0247471 -0.0200464 0.0206053
v 0.0246157 -0.0211203 0.0204792
v 0.0247674 -0.0208817 0.0206248
v 0.0246915 -0.0210883 0.0205520
v 0.0247471 -0.0210010 0.0206053
v 0.0248164 -0.0199271 0.0201034
v 0.0249821 -0.0201657 0.0202230
v 0.0248993 -0.0199591 0.0201632
v 0.0249599 -0.0200464 0.0202070
v 0.0248164 -0.0211203 0.0201034
v 0.0249821 -0.0208817 0.0202230
v 0.0248993 -0.0210883 0.0201632
v 0.0249599 -0.0210010 0.0202070
v 0.0249763 -0.0199271 0.0196981
v 0.0251530 -0.0201657 0.0197896
v 0.0250646 -0.0199591 0.0197438
v 0.0251293 -0.0200464 0.0197773
v 0.0249763 -0.0211203 0.0196981
v 0.0251530 -0.0208817 0.0197896
v 0.0250646 -0.0210883 0.0197438
v 0.0251293 -0.0210010 0.0197773
v 0.0250925 -0.0199271 0.0192701
v 0.0252772 -0.0201657 0.0193320
v 0.0251848 -0.0199591 0.0193011
v 0.0252525 -0.0200464 0.0193237
v 0.0250925 -0.0211203 0.0192701
v 0.0252772 -0.0208817 0.0193320
v 0.0251848 -0.0210883 0.0193011
v 0.0252525 -0.0210010 0.0193237
v 0.0251630 -0.0199271 0.0188269
v 0.0253526 -0.0201657 0.0188581
v 0.0252578 -0.0199591 0.0188425
v 0.0253272 -0.0200464 0.0188539
v 0.0251630 -0.0211203 0.0188269
v 0.0253526 -0.0208817 0.0188581
v 0.0252578 -0.0210883 0.0188425
v 0.0253272 -0.0210010 0.0188539
v 0.0251866 -0.0199271 0.0183759
v 0.0253779 -0.0201657 0.0183759
v 0.0252822 -0.0199591 0.0183759
v 0.0253522 -0.0200464 0.0183759
v 0.0251866 -0.0211203 0.0183759
v 0.0253779 -0.0208817 0.0183759
v 0.0252822 -0.0210883 0.0183759
v 0.0253522 -0.0210010 0.0183759
v 0.0251630 -0.0199271 0.0179249
v 0.0253526 -0.0201657 0.0178937
v 0.0252578 -0.0199591 0.0179093
v 0.0253272 -0.0200464 0.0178979
v 0.0251630 -0.0211203 0.0179249
v 0.0253526 -0.0208817 0.0178937
v 0.0252578 -0.0210883 0.0179093
v 0.0253272 -0.0210010 0.0178979
v 0.0250925 -0.0199271 0.0174816
v 0.0252772 -0.0201657 0.0174197
v 0.0251848 -0.0199591 0.0174507
v 0.0252525 -0.0200464 0.0174280
v 0.0250925 -0.0211203 0.0174816
v 0.0252772 -0.0208817 0.0174197
v 0.0251848 -0.0210883 0.0174507
v 0.0252525 -0.0210010 0.0174280
v 0.0249763 -0.0199271 0.0170537
v 0.0251530 -0.0201657 0.0169621
v 0.0250646 -0.0199591 0.0170079
v 0.0251293 -0.0200464 0.0169744
v 0.0249763 -0.0211203 0.0170537
v 0.0251530 -0.0208817 0.0169621
v 0.0250646 -0.0210883 0.0170079
v 0.0251293 -0.0210010 0.0169744
v 0.0248164 -0.0199271 0.0166483
v 0.0249821 -0.0201657 0.0165287
v 0.0248993 -0.0199591 0.0165885
v 0.0249599 -0.0200464 0.0165448
v 0.0248164 -0.0211203 0.0166483
v 0.0249821 -0.0208817 0.0165287
v 0.0248993 -0.0210883 0.0165885
v 0.0249599 -0.0210010 0.0165448
v 0.0246157 -0.0199271 0.0162725
v 0.0247674 -0.0201657 0.0161269
v 0.0246915 -0.0199591 0.0161997
v 0.0247471 -0.0200464 0.0161465
v 0.0246157 -0.0211203 0.0162725
v 0.0247674 -0.0208817 0.0161269
v 0.0246915 -0.0210883 0.0161997
v 0.0247471 -0.0210010 0.0161465
v 0.0243774 -0.0199271 0.0159327
v 0.0245126 -0.0201657 0.0157636
v 0.0244450 -0.0199591 0.0158482
v 0.0244945 -0.0200464 0.0157863
v 0.0243774 -0.0211203 0.0159327
v 0.0245126 -0.0208817 0.0157636
v 0.0244450 -0.0210883 0.0158482
v 0.0244945 -0.0210010 0.0157863
v 0.0241056 -0.0199271 0.0156348
v 0.0242221 -0.0201657 0.0154450
v 0.0241639 -0.0199591 0.0155399
v 0.0242065 -0.0200464 0.0154704
v 0.0241056 -0.0211203 0.0156348
v 0.0242221 -0.0208817 0.0154450
v 0.0241639 -0.0210883 0.0155399
v 0.0242065 -0.0210010 0.0154704
v 0.0238051 -0.0199271 0.0153837
v 0.0239008 -0.0201657 0.0151765
v 0.0238529 -0.0199591 0.0152801
v 0.0238880 -0.0200464 0.0152043
v 0.0238051 -0.0211203 0.0153837
v 0.0239008 -0.0208817 0.0151765
v 0.0238529 -0.0210883 0.0152801
v 0.0238880 -0.0210010 0.0152043
v 0.0234810 -0.0199271 0.0151838
v 0.0235542 -0.0201657 0.0149628
v 0.0235176 -0.0199591 0.0150733
v 0.0235444 -0.0200464 0.0149924
v 0.0234810 -0.0211203 0.0151838
v 0.0235542 -0.0208817 0.0149628
v 0.0235176 -0.0210883 0.0150733
v 0.0235444 -0.0210010 0.0149924
v 0.0231388 -0.0199271 0.0150385
v 0.0231883 -0.0201657 0.0148075
v 0.0231635 -0.0199591 0.0149230
v 0.0231816 -0.0200464 0.0148384
v 0.0231388 -0.0211203 0.0150385
v 0.0231883 -0.0208817 0.0148075
v 0.0231635 -0.0210883 0.0149230
v 0.0231816 -0.0210010 0.0148384
v 0.0227843 -0.0199271 0.0149503
v 0.0228093 -0.0201657 0.0147132
v 0.0227968 -0.0199591 0.0148318
v 0.0228059 -0.0200464 0.0147450
v 0.0227843 -0.0211203 0.0149503
v 0.0228093 -0.0208817 0.0147132
v 0.0227968 -0.0210883 0.0148318
v 0.0228059 -0.0210010 0.0147450
v 0.0224237 -0.0199271 0.0149208
v 0.0224237 -0.0201657 0.0146816
v 0.0224237 -0.0199591 0.0148012
v 0.0224237 -0.0200464 0.0147136
v 0.0224237 -0.0211203 0.0149208
v 0.0224237 -0.0208817 0.0146816
v 0.0224237 -0.0210883 0.0148012
v 0.0224237 -0.0210010 0.0147136
v 0.0220630 -0.0199271 0.0149503
v 0.0220381 -0.0201657 0.0147132
v 0.0220505 -0.0199591 0.0148318
v 0.0220414 -0.0200464 0.0147450
v 0.0220630 -0.0211203 0.0149503
v 0.0220381 -0.0208817 0.0147132
v 0.0220505 -0.0210883 0.0148318
v 0.0220414 -0.0210010 0.0147450
v 0.0217086 -0.0199271 0.0150385
v 0.0216591 -0.0201657 0.0148075
v 0.0216838 -0.0199591 0.0149230
v 0.0216657 -0.0200464 0.0148384
v 0.0217086 -0.0211203 0.0150385
v 0.0216591 -0.0208817 0.0148075
v 0.0216838 -0.0210883 0.0149230
v 0.0216657 -0.0210010 0.0148384
v 0.0213663 -0.0199271 0.0151838
v 0.0212931 -0.0201657 0.0149628
v 0.0213297 -0.0199591 0.0150733
v 0.0213029 -0.0200464 0.0149924
v 0.0213663 -0.0211203 0.0151838
v 0.0212931 -0.0208817 0.0149628
v 0.0213297 -0.0210883 0.0150733
v 0.0213029 -0.0210010 0.0149924
v 0.0210422 -0.0199271 0.0153837
v 0.0209466 -0.0201657 0.0151765
v 0.0209944 -0.0199591 0.0152801
v 0.0209594 -0.0200464 0.0152043
v 0.0210422 -0.0211203 0.0153837
v 0.0209466 -0.0208817 0.0151765
v 0.0209944 -0.0210883 0.0152801
v 0.0209594 -0.0210010 0.0152043
v 0.0207417 -0.0199271 0.0156348
v 0.0206253 -0.0201657 0.0154450
v 0.0206835 -0.0199591 0.0155399
v 0.0206409 -0.0200464 0.0154704
v 0.0207417 -0.0211203 0.0156348
v 0.0206253 -0.0208817 0.0154450
v 0.0206835 -0.0210883 0.0155399
v 0.0206409 -0.0210010 0.0154704
v 0.0204700 -0.0199271 0.0159327
v 0.0203347 -0.0201657 0.0157636
v 0.0204023 -0.0199591 0.0158482
v 0.0203528 -0.0200464 0.0157863
v 0.0204700 -0.0211203 0.0159327
v 0.0203347 -0.0208817 0.0157636
v 0.0204023 -0.0210883 0.0158482
v 0.0203528 -0.0210010 0.0157863
v 0.0202317 -0.0199271 0.0162725
v 0.0200799 -0.0201657 0.0161269
v 0.0201558 -0.0199591 0.0161997
v 0.0201003 -0.0200464 0.0161465
v 0.0202317 -0.0211203 0.0162725
v 0.0200799 -0.0208817 0.0161269
v 0.0201558 -0.0210883 0.0161997
v 0.0201003 -0.0210010 0.0161465
v 0.0200309 -0.0199271 0.0166483
v 0.0198653 -0.0201657 0.0165287
v 0.0199481 -0.0199591 0.0165885
v 0.0198874 -0.0200464 0.0165448
v 0.0200309 -0.0211203 0.0166483
v 0.0198653 -0.0208817 0.0165287
v 0.0199481 -0.0210883 0.0165885
v 0.0198874 -0.0210010 0.0165448
v 0.0198710 -0.0199271 0.0170537
v 0.0196943 -0.0201657 0.0169621
v 0.0197827 -0.0199591 0.0170079
v 0.0197180 -0.0200464 0.0169744
v 0.0198710 -0.0211203 0.0170537
v 0.0196943 -0.0208817 0.0169621
v 0.0197827 -0.0210883 0.0170079
v 0.0197180 -0.0210010 0.0169744
v 0.0197549 -0.0199271 0.0174816
v 0.0195701 -0.0201657 0.0174197
v 0.0196625 -0.0199591 0.0174507
v 0.0195949 -0.0200464 0.0174280
v 0.0197549 -0.0211203 0.0174816
v 0.0195701 -0.0208817 0.0174197
v 0.0196625 -0.0210883 0.0174507
v 0.0195949 -0.0210010 0.0174280
v 0.0196844 -0.0199271 0.0179249
v 0.0194947 -0.0201657 0.0178937
v 0.0195895 -0.0199591 0.0179093
v 0.0195201 -0.0200464 0.0178979
v 0.0196844 -0.0211203 0.0179249
v 0.0194947 -0.0208817 0.0178937
v 0.0195895 -0.0210883 0.0179093
v 0.0195201 -0.0210010 0.0178979
v 0.0196607 -0.0199271 0.0183759
v 0.0194695 -0.0201657 0.0183759
v 0.0195651 -0.0199591 0.0183759
v 0.0194951 -0.0200464 0.0183759
v 0.0196607 -0.0211203 0.0183759
v 0.0194695 -0.0208817 0.0183759
v 0.0195651 -0.0210883 0.0183759
v 0.0194951 -0.0210010 0.0183759
v 0.0196844 -0.0199271 0.0188269
v 0.0194947 -0.0201657 0.0188581
v 0.0195895 -0.0199591 0.0188425
v 0.0195201 -0.0200464 0.0188539
v 0.0196844 -0.0211203 0.0188269
v 0.0194947 -0.0208817 0.0188581
v 0.0195895 -0.0210883 0.0188425
v 0.0195201 -0.0210010 0.0188539
v 0.0197549 -0.0199271 0.0192701
v 0.0195701 -0.0201657 0.0193320
v 0.0196625 -0.0199591 0.0193011
v 0.0195949 -0.0200464 0.0193237
v 0.0197549 -0.0211203 0.0192701
v 0.0195701 -0.0208817 0.0193320
v 0.0196625 -0.0210883 0.0193011
v 0.0195949 -0.0210010 0.0193237
v 0.0198710 -0.0199271 0.0196981
v 0.0196943 -0.0201657 0.0197896
v 0.0197827 -0.0199591 0.0197438
v 0.0197180 -0.0200464 0.0197773
v 0.0198710 -0.0211203 0.0196981
v 0.0196943 -0.0208817 0.0197896
v 0.0197827 -0.0210883 0.0197438
v 0.0197180 -0.0210010 0.0197773
v 0.0200309 -0.0199271 0.0201034
v 0.0198653 -0.0201657 0.0202230
v 0.0199481 -0.0199591 0.0201632
v 0.0198874 -0.0200464 0.0202070
v 0.0200309 -0.0211203 0.0201034
v 0.0198653 -0.0208817 0.0202230
v 0.0199481 -0.0210883 0.0201632
v 0.0198874 -0.0210010 0.0202070
v 0.0202317 -0.0199271 0.0204792
v 0.0200799 -0.0201657 0.0206248
v 0.0201558 -0.0199591 0.0205520
v 0.0201003 -0.0200464 0.0206053
v 0.0202317 -0.0211203 0.0204792
v 0.0200799 -0.0208817 0.0206248
v 0.0201558 -0.0210883 0.0205520
v 0.0201003 -0.0210010 0.0206053
v 0.0204700 -0.0199271 0.0208190
v 0.0203347 -0.0201657 0.0209881
v 0.0204023 -0.0199591 0.0209036
v 0.0203528 -0.0200464 0.0209655
v 0.0204700 -0.0211203 0.0208190
v 0.0203347 -0.0208817 0.0209881
v 0.0204023 -0.0210883 0.0209036
v 0.0203528 -0.0210010 0.0209655
v 0.0207417 -0.0199271 0.0211170
v 0.0206253 -0.0201657 0.0213067
v 0.0206835 -0.0199591 0.0212119
v 0.0206409 -0.0200464 0.0212813
v 0.0207417 -0.0211203 0.0211170
v 0.0206253 -0.0208817 0.0213067
v 0.0206835 -0.0210883 0.0212119
v 0.0206409 -0.0210010 0.0212813
v 0.0210422 -0.0199271 0.0213681
v 0.0209466 -0.0201657 0.0215752
v 0.0209944 -0.0199591 0.0214716
v 0.0209594 -0.0200464 0.0215475
v 0.0210422 -0.0211203 0.0213681
v 0.0209466 -0.0208817 0.0215752
v 0.0209944 -0.0210883 0.0214716
v 0.0209594 -0.0210010 0.0215475
v 0.0213663 -0.0199271 0.0215680
v 0.0212931 -0.0201657 0.0217889
v 0.0213297 -0.0199591 0.0216785
v 0.0213029 -0.0200464 0.0217593
v 0.0213663 -0.0211203 0.0215680
v 0.0212931 -0.0208817 0.0217889
v 0.0213297 -0.0210883 0.0216785
v 0.0213029 -0.0210010 0.0217593
v 0.0217086 -0.0199271 0.0217132
v 0.0216591 -0.0201657 0.0219443
v 0.0216838 -0.0199591 0.0218288
v 0.0216657 -0.0200464 0.0219133
v 0.0217086 -0.0211203 0.0217132
v 0.0216591 -0.0208817 0.0219443
v 0.0216838 -0.0210883 0.0218288
v 0.0216657 -0.0210010 0.0219133
v 0.0220630 -0.0199271 0.0218014
v 0.0220381 -0.0201657 0.0220385
v 0.0220505 -0.0199591 0.0219200
v 0.0220414 -0.0200464 0.0220068
v 0.0220630 -0.0211203 0.0218014
v 0.0220381 -0.0208817 0.0220385
v 0.0220505 -0.0210883 0.0219200
v 0.0220414 -0.0210010 0.0220068
v 0.0203244 -0.0181969 0.0035797
v 0.0203244 -0.0191515 0.0045343
v 0.0195611 -0.0181969 0.0045343
v 0.0203244 -0.0186736 0.0037072
v 0.0199432 -0.0181969 0.0037072
v 0.0199594 -0.0186534 0.0038311
v 0.0199432 -0.0190239 0.0045343
v 0.0203244 -0.0190239 0.0040576
v 0.0199594 -0.0189001 0.0040778
v 0.0196630 -0.0181969 0.0040576
v 0.0196630 -0.0186736 0.0045343
v 0.0197621 -0.0186534 0.0040778
v 0.0203244 -0.0191515 0.0109778
v 0.0203244 -0.0181969 0.0119324
v 0.0195611 -0.0181969 0.0109778
v 0.0203244 -0.0190239 0.0114545
v 0.0199432 -0.0190239 0.0109778
v 0.0199594 -0.0189001 0.0114343
v 0.0199432 -0.0181969 0.0118049
v 0.0203244 -0.0186736 0.0118049
v 0.0199594 -0.0186534 0.0116810
v 0.0196630 -0.0186736 0.0109778
v 0.0196630 -0.0181969 0.0114545
v 0.0197621 -0.0186534 0.0114343
v 0.0203244 -0.0171230 0.0035797
v 0.0195611 -0.0171230 0.0045343
v 0.0203244 -0.0161684 0.0045343
v 0.0199432 -0.0171230 0.0037072
v 0.0203244 -0.0166463 0.0037072
v 0.0199594 -0.0166665 0.0038311
v 0.0196630 -0.0166463 0.0045343
v 0.0196630 -0.0171230 0.0040576
v 0.0197621 -0.0166665 0.0040778
v 0.0203244 -0.0162959 0.0040576
v 0.0199432 -0.0162959 0.0045343
v 0.0199594 -0.0164198 0.0040778
v 0.0203244 -0.0171230 0.0119324
v 0.0203244 -0.0161684 0.0109778
v 0.0195611 -0.0171230 0.0109778
v 0.0203244 -0.0166463 0.0118049
v 0.0199432 -0.0171230 0.0118049
v 0.0199594 -0.0166665 0.0116810
v 0.0199432 -0.0162959 0.0109778
v 0.0203244 -0.0162959 0.0114545
v 0.0199594 -0.0164198 0.0114343
v 0.0196630 -0.0171230 0.0114545
v 0.0196630 -0.0166463 0.0109778
v 0.0197621 -0.0166665 0.0114343
v 0.0283397 -0.0181969 0.0035797
v 0.0291031 -0.0181969 0.0045343
v 0.0283397 -0.0191515 0.0045343
v 0.0287209 -0.0181969 0.0037072
v 0.0283397 -0.0186736 0.0037072
v 0.0287047 -0.0186534 0.0038311
v 0.0290011 -0.0186736 0.0045343
v 0.0290011 -0.0181969 0.0040576
v 0.0289020 -0.0186534 0.0040778
v 0.0283397 -0.0190239 0.0040576
v 0.0287209 -0.0190239 0.0045343
v 0.0287047 -0.0189001 0.0040778
v 0.0283397 -0.0181969 0.0119324
v 0.0283397 -0.0191515 0.0109778
v 0.0291031 -0.0181969 0.0109778
v 0.0283397 -0.0186736 0.0118049
v 0.0287209 -0.0181969 0.0118049
v 0.0287047 -0.0186534 0.0116810
v 0.0287209 -0.0190239 0.0109778
v 0.0283397 -0.0190239 0.0114545
v 0.0287047 -0.0189001 0.0114343
v 0.0290011 -0.0181969 0.0114545
v 0.0290011 -0.0186736 0.0109778
v 0.0289020 -0.0186534 0.0114343
v 0.0283397 -0.0171230 0.0035797
v 0.0283397 -0.0161684 0.0045343
v 0.0291031 -0.0171230 0.0045343
v 0.0283397 -0.0166463 0.0037072
v 0.0287209 -0.0171230 0.0037072
v 0.0287047 -0.0166665 0.0038311
v 0.0287209 -0.0162959 0.0045343
v 0.0283397 -0.0162959 0.0040576
v 0.0287047 -0.0164198 0.0040778
v 0.0290011 -0.0171230 0.0040576
v 0.0290011 -0.0166463 0.0045343
v 0.0289020 -0.0166665 0.0040778
v 0.0283397 -0.0171230 0.0119324
v 0.0291031 -0.0171230 0.0109778
v 0.0283397 -0.0161684 0.0109778
v 0.0287209 -0.0171230 0.0118049
v 0.0283397 -0.0166463 0.0118049
v 0.0287047 -0.0166665 0.0116810
v 0.0290011 -0.0166463 0.0109778
v 0.0290011 -0.0171230 0.0114545
v 0.0289020 -0.0166665 0.0114343
v 0.0283397 -0.0162959 0.0114545
v 0.0287209 -0.0162959 0.0109778
v 0.0287047 -0.0164198 0.0114343
f 23 25 24
f 23 26 25
f 22 26 23
f 22 27 26
f 21 27 22
f 21 28 27
f 20 28 21
f 20 29 28
f 19 29 20
f 19 30 29
f 18 96 19
f 96 30 19
f 18 49 96
f 95 30 96
f 18 50 49
f 94 30 95
f 94 31 30
f 17 50 18
f 17 51 50
f 93 31 94
f 17 52 51
f 92 31 93
f 17 53 52
f 91 31 92
f 91 32 31
f 16 53 17
f 16 54 53
f 90 32 91
f 16 55 54
f 89 32 90
f 89 33 32
f 15 55 16
f 15 56 55
f 88 33 89
f 88 34 33
f 14 56 15
f 14 57 56
f 87 34 88
f 14 58 57
f 86 34 87
f 86 35 34
f 13 58 14
f 13 59 58
f 85 35 86
f 85 36 35
f 12 59 13
f 12 60 59
f 84 36 85
f 11 60 12
f 11 61 60
f 83 36 84
f 83 37 36
f 82 37 83
f 11 62 61
f 10 62 11
f 82 38 37
f 81 38 82
f 10 63 62
f 9 63 10
f 81 39 38
f 80 39 81
f 9 64 63
f 79 39 80
f 9 65 64
f 8 65 9
f 79 40 39
f 78 40 79
f 8 66 65
f 78 41 40
f 7 66 8
f 77 41 78
f 7 67 66
f 7 68 67
f 76 41 77
f 76 42 41
f 6 68 7
f 6 69 68
f 75 42 76
f 6 70 69
f 74 42 75
f 6 71 70
f 73 42 74
f 73 43 42
f 5 71 6
f 5 72 71
f 72 43 73
f 5 43 72
f 5 44 43
f 4 44 5
f 4 45 44
f 3 45 4
f 3 46 45
f 2 46 3
f 2 47 46
f 1 47 2
f 1 48 47
f 107 109 108
f 106 109 107
f 105 109 106
f 105 110 109
f 104 110 105
f 103 110 104
f 102 110 103
f 102 111 110
f 101 111 102
f 100 111 101
f 99 111 100
f 99 112 111
f 98 112 99
f 97 112 98
f 97 113 112
f 243 113 97
f 242 241 243
f 241 240 243
f 240 239 243
f 239 238 243
f 238 113 243
f 238 237 113
f 237 236 113
f 236 114 113
f 236 235 114
f 235 234 114
f 234 115 114
f 234 233 115
f 233 232 115
f 232 231 115
f 231 116 115
f 231 230 116
f 230 229 116
f 229 117 116
f 228 117 229
f 227 117 228
f 226 117 227
f 226 118 117
f 225 118 226
f 224 118 225
f 223 118 224
f 223 119 118
f 222 119 223
f 221 119 222
f 221 120 119
f 220 120 221
f 219 120 220
f 219 121 120
f 218 121 219
f 217 121 218
f 217 122 121
f 216 122 217
f 216 123 122
f 215 123 216
f 215 124 123
f 214 124 215
f 214 125 124
f 213 125 214
f 213 126 125
f 212 126 213
f 211 126 212
f 211 127 126
f 210 127 211
f 210 128 127
f 209 128 210
f 208 128 209
f 207 128 208
f 207 129 128
f 206 129 207
f 205 129 206
f 205 130 129
f 205 131 130
f 205 132 131
f 205 133 132
f 205 134 133
f 205 135 134
f 205 136 135
f 205 137 136
f 205 204 137
f 204 138 137
f 203 138 204
f 202 138 203
f 201 138 202
f 201 139 138
f 200 139 201
f 199 139 200
f 199 140 139
f 198 140 199
f 198 141 140
f 197 141 198
f 196 141 197
f 196 142 141
f 195 142 196
f 195 143 142
f 194 143 195
f 194 144 143
f 193 144 194
f 193 145 144
f 192 145 193
f 191 145 192
f 191 146 145
f 190 146 191
f 189 146 190
f 189 147 146
f 168 170 169
f 188 147 189
f 168 171 170
f 187 147 188
f 168 172 171
f 187 148 147
f 186 148 187
f 168 173 172
f 168 174 173
f 185 148 186
f 168 175 174
f 184 148 185
f 168 176 175
f 168 177 176
f 183 148 184
f 183 149 148
f 168 178 177
f 182 149 183
f 168 179 178
f 168 180 179
f 181 149 182
f 168 181 180
f 168 149 181
f 168 150 149
f 168 151 150
f 168 152 151
f 167 152 168
f 166 152 167
f 165 152 166
f 165 153 152
f 164 153 165
f 163 153 164
f 163 154 153
f 162 154 163
f 161 154 162
f 160 154 161
f 160 155 154
f 159 155 160
f 158 155 159
f 158 156 155
f 157 156 158
f 244 246 245
f 244 247 246
f 248 250 249
f 248 251 250
f 256 258 257
f 256 259 258
f 255 259 256
f 254 252 255
f 252 259 255
f 254 253 252
f 265 267 266
f 265 268 267
f 268 270 269
f 268 271 270
f 265 271 268
f 264 271 265
f 264 262 271
f 262 260 271
f 264 263 262
f 261 260 262
f 294 295 296
f 294 296 297
f 293 294 297
f 293 297 298
f 292 293 298
f 292 298 299
f 291 292 299
f 291 299 300
f 290 291 300
f 290 300 301
f 289 290 367
f 367 290 301
f 289 367 320
f 366 367 301
f 289 320 321
f 365 366 301
f 365 301 302
f 288 289 321
f 288 321 322
f 364 365 302
f 288 322 323
f 363 364 302
f 288 323 324
f 362 363 302
f 362 302 303
f 287 288 324
f 287 324 325
f 361 362 303
f 287 325 326
f 360 361 303
f 360 303 304
f 286 287 326
f 286 326 327
f 359 360 304
f 359 304 305
f 285 286 327
f 285 327 328
f 358 359 305
f 285 328 329
f 357 358 305
f 357 305 306
f 284 285 329
f 284 329 330
f 356 357 306
f 356 306 307
f 283 284 330
f 283 330 331
f 355 356 307
f 282 283 331
f 282 331 332
f 354 355 307
f 354 307 308
f 353 354 308
f 282 332 333
f 281 282 333
f 353 308 309
f 352 353 309
f 281 333 334
f 280 281 334
f 352 309 310
f 351 352 310
f 280 334 335
f 350 351 310
f 280 335 336
f 279 280 336
f 350 310 311
f 349 350 311
f 279 336 337
f 349 311 312
f 278 279 337
f 348 349 312
f 278 337 338
f 278 338 339
f 347 348 312
f 347 312 313
f 277 278 339
f 277 339 340
f 346 347 313
f 277 340 341
f 345 346 313
f 277 341 342
f 344 345 313
f 344 313 314
f 276 277 342
f 276 342 343
f 343 344 314
f 276 343 314
f 276 314 315
f 275 276 315
f 275 315 316
f 274 275 316
f 274 316 317
f 273 274 317
f 273 317 318
f 272 273 318
f 272 318 319
f 378 379 380
f 377 378 380
f 376 377 380
f 376 380 381
f 375 376 381
f 374 375 381
f 373 374 381
f 373 381 382
f 372 373 382
f 371 372 382
f 370 371 382
f 370 382 383
f 369 370 383
f 368 369 383
f 368 383 384
f 514 368 384
f 513 514 512
f 512 514 511
f 511 514 510
f 510 514 509
f 509 514 384
f 509 384 508
f 508 384 507
f 507 384 385
f 507 385 506
f 506 385 505
f 505 385 386
f 505 386 504
f 504 386 503
f 503 386 502
f 502 386 387
f 502 387 501
f 501 387 500
f 500 387 388
f 499 500 388
f 498 499 388
f 497 498 388
f 497 388 389
f 496 497 389
f 495 496 389
f 494 495 389
f 494 389 390
f 493 494 390
f 492 493 390
f 492 390 391
f 491 492 391
f 490 491 391
f 490 391 392
f 489 490 392
f 488 489 392
f 488 392 393
f 487 488 393
f 487 393 394
f 486 487 394
f 486 394 395
f 485 486 395
f 485 395 396
f 484 485 396
f 484 396 397
f 483 484 397
f 482 483 397
f 482 397 398
f 481 482 398
f 481 398 399
f 480 481 399
f 479 480 399
f 478 479 399
f 478 399 400
f 477 478 400
f 476 477 400
f 476 400 401
f 476 401 402
f 476 402 403
f 476 403 404
f 476 404 405
f 476 405 406
f 476 406 407
f 476 407 408
f 476 408 475
f 475 408 409
f 474 475 409
f 473 474 409
f 472 473 409
f 472 409 410
f 471 472 410
f 470 471 410
f 470 410 411
f 469 470 411
f 469 411 412
f 468 469 412
f 467 468 412
f 467 412 413
f 466 467 413
f 466 413 414
f 465 466 414
f 465 414 415
f 464 465 415
f 464 415 416
f 463 464 416
f 462 463 416
f 462 416 417
f 461 462 417
f 460 461 417
f 460 417 418
f 439 440 441
f 459 460 418
f 439 441 442
f 458 459 418
f 439 442 443
f 458 418 419
f 457 458 419
f 439 443 444
f 439 444 445
f 456 457 419
f 439 445 446
f 455 456 419
f 439 446 447
f 439 447 448
f 454 455 419
f 454 419 420
f 439 448 449
f 453 454 420
f 439 449 450
f 439 450 451
f 452 453 420
f 439 451 452
f 439 452 420
f 439 420 421
f 439 421 422
f 439 422 423
f 438 439 423
f 437 438 423
f 436 437 423
f 436 423 424
f 435 436 424
f 434 435 424
f 434 424 425
f 433 434 425
f 432 433 425
f 431 432 425
f 431 425 426
f 430 431 426
f 429 430 426
f 429 426 427
f 428 429 427
f 515 516 517
f 515 517 518
f 519 520 521
f 519 521 522
f 527 528 529
f 527 529 530
f 526 527 530
f 525 526 523
f 523 526 530
f 525 523 524
f 536 537 538
f 536 538 539
f 539 540 541
f 539 541 542
f 536 539 542
f 535 536 542
f 535 542 533
f 533 542 531
f 535 533 534
f 532 533 531
f 544 546 545
f 544 545 543
f 546 548 547
f 546 547 545
f 548 550 549
f 548 549 547
f 550 552 551
f 550 551 549
f 552 554 553
f 552 553 551
f 554 556 555
f 554 555 553
f 556 558 557
f 556 557 555
f 558 560 559
f 558 559 557
f 560 562 561
f 560 561 559
f 562 564 563
f 562 563 561
f 564 566 565
f 564 565 563
f 566 544 543
f 566 543 565
f 568 570 569
f 568 569 567
f 570 572 571
f 570 571 569
f 572 574 573
f 572 573 571
f 574 576 575
f 574 575 573
f 576 578 577
f 576 577 575
f 578 580 579
f 578 579 577
f 580 582 581
f 580 581 579
f 582 568 567
f 582 567 581
f 584 586 585
f 584 585 583
f 586 588 587
f 586 587 585
f 588 590 589
f 588 589 587
f 590 584 583
f 590 583 589
f 592 594 593
f 592 593 591
f 594 596 595
f 594 595 593
f 596 598 597
f 596 597 595
f 598 592 591
f 598 591 597
f 600 602 601
f 600 601 599
f 602 604 603
f 602 603 601
f 604 606 605
f 604 605 603
f 606 608 607
f 606 607 605
f 608 610 609
f 608 609 607
f 610 612 611
f 610 611 609
f 612 614 613
f 612 613 611
f 614 616 615
f 614 615 613
f 616 618 617
f 616 617 615
f 618 620 619
f 618 619 617
f 620 622 621
f 620 621 619
f 622 624 623
f 622 623 621
f 624 626 625
f 624 625 623
f 626 628 627
f 626 627 625
f 628 630 629
f 628 629 627
f 630 632 631
f 630 631 629
f 632 634 633
f 632 633 631
f 634 636 635
f 634 635 633
f 636 638 637
f 636 637 635
f 638 640 639
f 638 639 637
f 640 642 641
f 640 641 639
f 642 644 643
f 642 643 641
f 644 646 645
f 644 645 643
f 646 648 647
f 646 647 645
f 648 650 649
f 648 649 647
f 650 652 651
f 650 651 649
f 652 654 653
f 652 653 651
f 654 656 655
f 654 655 653
f 656 658 657
f 656 657 655
f 658 660 659
f 658 659 657
f 660 662 661
f 660 661 659
f 662 664 663
f 662 663 661
f 664 666 665
f 664 665 663
f 666 668 667
f 666 667 665
f 668 670 669
f 668 669 667
f 670 672 671
f 670 671 669
f 672 674 673
f 672 673 671
f 674 676 675
f 674 675 673
f 676 678 677
f 676 677 675
f 678 680 679
f 678 679 677
f 680 682 681
f 680 681 679
f 682 684 683
f 682 683 681
f 684 686 685
f 684 685 683
f 686 688 687
f 686 687 685
f 688 690 689
f 688 689 687
f 690 692 691
f 690 691 689
f 692 694 693
f 692 693 691
f 694 696 695
f 694 695 693
f 696 698 697
f 696 697 695
f 698 700 699
f 698 699 697
f 700 702 701
f 700 701 699
f 702 704 703
f 702 703 701
f 704 706 705
f 704 705 703
f 706 708 707
f 706 707 705
f 708 710 709
f 708 709 707
f 710 712 711
f 710 711 709
f 712 714 713
f 712 713 711
f 714 716 715
f 714 715 713
f 716 718 717
f 716 717 715
f 718 720 719
f 718 719 717
f 720 722 721
f 720 721 719
f 722 724 723
f 722 723 721
f 724 726 725
f 724 725 723
f 726 728 727
f 726 727 725
f 728 730 729
f 728 729 727
f 730 732 731
f 730 731 729
f 732 734 733
f 732 733 731
f 734 736 735
f 734 735 733
f 736 738 737
f 736 737 735
f 738 740 739
f 738 739 737
f 740 742 741
f 740 741 739
f 742 744 743
f 742 743 741
f 744 746 745
f 744 745 743
f 746 748 747
f 746 747 745
f 748 750 749
f 748 749 747
f 750 752 751
f 750 751 749
f 752 754 753
f 752 753 751
f 754 756 755
f 754 755 753
f 756 758 757
f 756 757 755
f 758 760 759
f 758 759 757
f 760 762 761
f 760 761 759
f 762 764 763
f 762 763 761
f 764 766 765
f 764 765 763
f 766 768 767
f 766 767 765
f 768 770 769
f 768 769 767
f 770 772 771
f 770 771 769
f 772 774 773
f 772 773 771
f 774 776 775
f 774 775 773
f 776 778 777
f 776 777 775
f 778 780 779
f 778 779 777
f 780 782 781
f 780 781 779
f 782 784 783
f 782 783 781
f 784 786 785
f 784 785 783
f 786 788 787
f 786 787 785
f 788 790 789
f 788 789 787
f 790 792 791
f 790 791 789
f 792 794 793
f 792 793 791
f 794 796 795
f 794 795 793
f 796 798 797
f 796 797 795
f 798 800 799
f 798 799 797
f 800 802 801
f 800 801 799
f 802 804 803
f 802 803 801
f 804 806 805
f 804 805 803
f 806 808 807
f 806 807 805
f 808 810 809
f 808 809 807
f 810 812 811
f 810 811 809
f 812 814 813
f 812 813 811
f 814 816 815
f 814 815 813
f 816 818 817
f 816 817 815
f 818 820 819
f 818 819 817
f 820 822 821
f 820 821 819
f 822 824 823
f 822 823 821
f 824 826 825
f 824 825 823
f 826 828 827
f 826 827 825
f 828 830 829
f 828 829 827
f 830 832 831
f 830 831 829
f 832 834 833
f 832 833 831
f 834 836 835
f 834 835 833
f 836 838 837
f 836 837 835
f 838 840 839
f 838 839 837
f 840 842 841
f 840 841 839
f 842 844 843
f 842 843 841
f 844 846 845
f 844 845 843
f 846 848 847
f 846 847 845
f 848 850 849
f 848 849 847
f 850 852 851
f 850 851 849
f 852 854 853
f 852 853 851
f 854 856 855
f 854 855 853
f 856 858 857
f 856 857 855
f 858 860 859
f 858 859 857
f 860 862 861
f 860 861 859
f 862 864 863
f 862 863 861
f 864 866 865
f 864 865 863
f 866 868 867
f 866 867 865
f 868 870 869
f 868 869 867
f 870 872 871
f 870 871 869
f 872 874 873
f 872 873 871
f 874 876 875
f 874 875 873
f 876 878 877
f 876 877 875
f 878 880 879
f 878 879 877
f 880 882 881
f 880 881 879
f 882 884 883
f 882 883 881
f 884 886 885
f 884 885 883
f 886 888 887
f 886 887 885
f 888 890 889
f 888 889 887
f 890 892 891
f 890 891 889
f 892 600 599
f 892 599 891
f 894 896 895
f 894 895 893
f 896 898 897
f 896 897 895
f 898 900 899
f 898 899 897
f 900 902 901
f 900 901 899
f 902 904 903
f 902 903 901
f 904 906 905
f 904 905 903
f 906 908 907
f 906 907 905
f 908 910 909
f 908 909 907
f 910 912 911
f 910 911 909
f 912 914 913
f 912 913 911
f 914 916 915
f 914 915 913
f 916 918 917
f 916 917 915
f 918 920 919
f 918 919 917
f 920 922 921
f 920 921 919
f 922 924 923
f 922 923 921
f 924 926 925
f 924 925 923
f 926 928 927
f 926 927 925
f 928 930 929
f 928 929 927
f 930 932 931
f 930 931 929
f 932 934 933
f 932 933 931
f 934 936 935
f 934 935 933
f 936 938 937
f 936 937 935
f 938 940 939
f 938 939 937
f 940 942 941
f 940 941 939
f 942 944 943
f 942 943 941
f 944 946 945
f 944 945 943
f 946 948 947
f 946 947 945
f 948 950 949
f 948 949 947
f 950 952 951
f 950 951 949
f 952 954 953
f 952 953 951
f 954 956 955
f 954 955 953
f 956 958 957
f 956 957 955
f 958 960 959
f 958 959 957
f 960 962 961
f 960 961 959
f 962 964 963
f 962 963 961
f 964 966 965
f 964 965 963
f 966 968 967
f 966 967 965
f 968 970 969
f 968 969 967
f 970 972 971
f 970 971 969
f 972 974 973
f 972 973 971
f 974 976 975
f 974 975 973
f 976 978 977
f 976 977 975
f 978 980 979
f 978 979 977
f 980 982 981
f 980 981 979
f 982 984 983
f 982 983 981
f 984 986 985
f 984 985 983
f 986 988 987
f 986 987 985
f 988 894 893
f 988 893 987
f 990 992 991
f 990 991 989
f 992 994 993
f 992 993 991
f 994 996 995
f 994 995 993
f 996 998 997
f 996 997 995
f 998 1000 999
f 998 999 997
f 1000 1002 1001
f 1000 1001 999
f 1002 1004 1003
f 1002 1003 1001
f 1004 1006 1005
f 1004 1005 1003
f 1006 1008 1007
f 1006 1007 1005
f 1008 1010 1009
f 1008 1009 1007
f 1010 1012 1011
f 1010 1011 1009
f 1012 1014 1013
f 1012 1013 1011
f 1014 1016 1015
f 1014 1015 1013
f 1016 1018 1017
f 1016 1017 1015
f 1018 1020 1019
f 1018 1019 1017
f 1020 1022 1021
f 1020 1021 1019
f 1022 1024 1023
f 1022 1023 1021
f 1024 1026 1025
f 1024 1025 1023
f 1026 1028 1027
f 1026 1027 1025
f 1028 1030 1029
f 1028 1029 1027
f 1030 1032 1031
f 1030 1031 1029
f 1032 1034 1033
f 1032 1033 1031
f 1034 1036 1035
f 1034 1035 1033
f 1036 1038 1037
f 1036 1037 1035
f 1038 1040 1039
f 1038 1039 1037
f 1040 1042 1041
f 1040 1041 1039
f 1042 1044 1043
f 1042 1043 1041
f 1044 1046 1045
f 1044 1045 1043
f 1046 1048 1047
f 1046 1047 1045
f 1048 1050 1049
f 1048 1049 1047
f 1050 1052 1051
f 1050 1051 1049
f 1052 1054 1053
f 1052 1053 1051
f 1054 1056 1055
f 1054 1055 1053
f 1056 1058 1057
f 1056 1057 1055
f 1058 1060 1059
f 1058 1059 1057
f 1060 1062 1061
f 1060 1061 1059
f 1062 1064 1063
f 1062 1063 1061
f 1064 1066 1065
f 1064 1065 1063
f 1066 1068 1067
f 1066 1067 1065
f 1068 1070 1069
f 1068 1069 1067
f 1070 1072 1071
f 1070 1071 1069
f 1072 1074 1073
f 1072 1073 1071
f 1074 1076 1075
f 1074 1075 1073
f 1076 1078 1077
f 1076 1077 1075
f 1078 1080 1079
f 1078 1079 1077
f 1080 1082 1081
f 1080 1081 1079
f 1082 1084 1083
f 1082 1083 1081
f 1084 990 989
f 1084 989 1083
f 1085 1088 1090
f 1085 1090 1089
f 1088 1092 1093
f 1088 1093 1090
f 1086 1091 1093
f 1086 1093 1092
f 1091 1095 1096
f 1091 1096 1093
f 1087 1094 1096
f 1087 1096 1095
f 1094 1089 1090
f 1094 1090 1096
f 1090 1093 1096
f 1097 1100 1102
f 1097 1102 1101
f 1100 1104 1105
f 1100 1105 1102
f 1098 1103 1105
f 1098 1105 1104
f 1103 1107 1108
f 1103 1108 1105
f 1099 1106 1108
f 1099 1108 1107
f 1106 1101 1102
f 1106 1102 1108
f 1102 1105 1108
f 1109 1112 1114
f 1109 1114 1113
f 1112 1116 1117
f 1112 1117 1114
f 1110 1115 1117
f 1110 1117 1116
f 1115 1119 1120
f 1115 1120 1117
f 1111 1118 1120
f 1111 1120 1119
f 1118 1113 1114
f 1118 1114 1120
f 1114 1117 1120
f 1121 1124 1126
f 1121 1126 1125
f 1124 1128 1129
f 1124 1129 1126
f 1122 1127 1129
f 1122 1129 1128
f 1127 1131 1132
f 1127 1132 1129
f 1123 1130 1132
f 1123 1132 1131
f 1130 1125 1126
f 1130 1126 1132
f 1126 1129 1132
f 1133 1136 1138
f 1133 1138 1137
f 1136 1140 1141
f 1136 1141 1138
f 1134 1139 1141
f 1134 1141 1140
f 1139 1143 1144
f 1139 1144 1141
f 1135 1142 1144
f 1135 1144 1143
f 1142 1137 1138
f 1142 1138 1144
f 1138 1141 1144
f 1145 1148 1150
f 1145 1150 1149
f 1148 1152 1153
f 1148 1153 1150
f 1146 1151 1153
f 1146 1153 1152
f 1151 1155 1156
f 1151 1156 1153
f 1147 1154 1156
f 1147 1156 1155
f 1154 1149 1150
f 1154 1150 1156
f 1150 1153 1156
f 1157 1160 1162
f 1157 1162 1161
f 1160 1164 1165
f 1160 1165 1162
f 1158 1163 1165
f 1158 1165 1164
f 1163 1167 1168
f 1163 1168 1165
f 1159 1166 1168
f 1159 1168 1167
f 1166 1161 1162
f 1166 1162 1168
f 1162 1165 1168
f 1169 1172 1174
f 1169 1174 1173
f 1172 1176 1177
f 1172 1177 1174
f 1170 1175 1177
f 1170 1177 1176
f 1175 1179 1180
f 1175 1180 1177
f 1171 1178 1180
f 1171 1180 1179
f 1178 1173 1174
f 1178 1174 1180
f 1174 1177 1180
f 1109 1085 1089
f 1109 1089 1112
f 1112 1089 1094
f 1112 1094 1116
f 1116 1094 1087
f 1116 1087 1110
f 1086 1097 1101
f 1086 1101 1091
f 1091 1101 1106
f 1091 1106 1095
f 1095 1106 1099
f 1095 1099 1087
f 1098 1121 1125
f 1098 1125 1103
f 1103 1125 1130
f 1103 1130 1107
f 1107 1130 1123
f 1107 1123 1099
f 1122 1111 1119
f 1122 1119 1127
f 1127 1119 1115
f 1127 1115 1131
f 1131 1115 1110
f 1131 1110 1123
f 1157 1109 1113
f 1157 1113 1160
f 1160 1113 1118
f 1160 1118 1164
f 1164 1118 1111
f 1164 1111 1158
f 1121 1169 1173
f 1121 1173 1124
f 1124 1173 1178
f 1124 1178 1128
f 1128 1178 1171
f 1128 1171 1122
f 1170 1159 1167
f 1170 1167 1175
f 1175 1167 1163
f 1175 1163 1179
f 1179 1163 1158
f 1179 1158 1171
f 1133 1157 1161
f 1133 1161 1136
f 1136 1161 1166
f 1136 1166 1140
f 1140 1166 1159
f 1140 1159 1134
f 1169 1145 1149
f 1169 1149 1172
f 1172 1149 1154
f 1172 1154 1176
f 1176 1154 1147
f 1176 1147 1170
f 1146 1135 1143
f 1146 1143 1151
f 1151 1143 1139
f 1151 1139 1155
f 1155 1139 1134
f 1155 1134 1147
f 1085 1133 1137
f 1085 1137 1088
f 1088 1137 1142
f 1088 1142 1092
f 1092 1142 1135
f 1092 1135 1086
f 1145 1098 1104
f 1145 1104 1148
f 1148 1104 1100
f 1148 1100 1152
f 1152 1100 1097
f 1152 1097 1146
f 1109 1157 1133
f 1109 1133 1085
f 1087 1099 1123
f 1087 1123 1110
f 1135 1146 1097
f 1135 1097 1086
f 1169 1121 1098
f 1169 1098 1145
f 1111 1122 1171
f 1111 1171 1158
f 1159 1170 1147
f 1159 1147 1134
f 1182 1190 1192
f 1182 1192 1184
f 1184 1192 1191
f 1184 1191 1183
f 1183 1191 1189
f 1183 1189 1181
f 1194 1186 1188
f 1194 1188 1196
f 1196 1188 1187
f 1196 1187 1195
f 1195 1187 1185
f 1195 1185 1193
f 1190 1198 1200
f 1190 1200 1192
f 1192 1200 1199
f 1192 1199 1191
f 1191 1199 1197
f 1191 1197 1189
f 1202 1194 1196
f 1202 1196 1204
f 1204 1196 1195
f 1204 1195 1203
f 1203 1195 1193
f 1203 1193 1201
f 1198 1206 1208
f 1198 1208 1200
f 1200 1208 1207
f 1200 1207 1199
f 1199 1207 1205
f 1199 1205 1197
f 1210 1202 1204
f 1210 1204 1212
f 1212 1204 1203
f 1212 1203 1211
f 1211 1203 1201
f 1211 1201 1209
f 1206 1214 1216
f 1206 1216 1208
f 1208 1216 1215
f 1208 1215 1207
f 1207 1215 1213
f 1207 1213 1205
f 1218 1210 1212
f 1218 1212 1220
f 1220 1212 1211
f 1220 1211 1219
f 1219 1211 1209
f 1219 1209 1217
f 1214 1222 1224
f 1214 1224 1216
f 1216 1224 1223
f 1216 1223 1215
f 1215 1223 1221
f 1215 1221 1213
f 1226 1218 1220
f 1226 1220 1228
f 1228 1220 1219
f 1228 1219 1227
f 1227 1219 1217
f 1227 1217 1225
f 1222 1230 1232
f 1222 1232 1224
f 1224 1232 1231
f 1224 1231 1223
f 1223 1231 1229
f 1223 1229 1221
f 1234 1226 1228
f 1234 1228 1236
f 1236 1228 1227
f 1236 1227 1235
f 1235 1227 1225
f 1235 1225 1233
f 1230 1238 1240
f 1230 1240 1232
f 1232 1240 1239
f 1232 1239 1231
f 1231 1239 1237
f 1231 1237 1229
f 1242 1234 1236
f 1242 1236 1244
f 1244 1236 1235
f 1244 1235 1243
f 1243 1235 1233
f 1243 1233 1241
f 1238 1246 1248
f 1238 1248 1240
f 1240 1248 1247
f 1240 1247 1239
f 1239 1247 1245
f 1239 1245 1237
f 1250 1242 1244
f 1250 1244 1252
f 1252 1244 1243
f 1252 1243 1251
f 1251 1243 1241
f 1251 1241 1249
f 1246 1254 1256
f 1246 1256 1248
f 1248 1256 1255
f 1248 1255 1247
f 1247 1255 1253
f 1247 1253 1245
f 1258 1250 1252
f 1258 1252 1260
f 1260 1252 1251
f 1260 1251 1259
f 1259 1251 1249
f 1259 1249 1257
f 1254 1262 1264
f 1254 1264 1256
f 1256 1264 1263
f 1256 1263 1255
f 1255 1263 1261
f 1255 1261 1253
f 1266 1258 1260
f 1266 1260 1268
f 1268 1260 1259
f 1268 1259 1267
f 1267 1259 1257
f 1267 1257 1265
f 1262 1270 1272
f 1262 1272 1264
f 1264 1272 1271
f 1264 1271 1263
f 1263 1271 1269
f 1263 1269 1261
f 1274 1266 1268
f 1274 1268 1276
f 1276 1268 1267
f 1276 1267 1275
f 1275 1267 1265
f 1275 1265 1273
f 1270 1278 1280
f 1270 1280 1272
f 1272 1280 1279
f 1272 1279 1271
f 1271 1279 1277
f 1271 1277 1269
f 1282 1274 1276
f 1282 1276 1284
f 1284 1276 1275
f 1284 1275 1283
f 1283 1275 1273
f 1283 1273 1281
f 1278 1286 1288
f 1278 1288 1280
f 1280 1288 1287
f 1280 1287 1279
f 1279 1287 1285
f 1279 1285 1277
f 1290 1282 1284
f 1290 1284 1292
f 1292 1284 1283
f 1292 1283 1291
f 1291 1283 1281
f 1291 1281 1289
f 1286 1294 1296
f 1286 1296 1288
f 1288 1296 1295
f 1288 1295 1287
f 1287 1295 1293
f 1287 1293 1285
f 1298 1290 1292
f 1298 1292 1300
f 1300 1292 1291
f 1300 1291 1299
f 1299 1291 1289
f 1299 1289 1297
f 1294 1302 1304
f 1294 1304 1296
f 1296 1304 1303
f 1296 1303 1295
f 1295 1303 1301
f 1295 1301 1293
f 1306 1298 1300
f 1306 1300 1308
f 1308 1300 1299
f 1308 1299 1307
f 1307 1299 1297
f 1307 1297 1305
f 1302 1310 1312
f 1302 1312 1304
f 1304 1312 1311
f 1304 1311 1303
f 1303 1311 1309
f 1303 1309 1301
f 1314 1306 1308
f 1314 1308 1316
f 1316 1308 1307
f 1316 1307 1315
f 1315 1307 1305
f 1315 1305 1313
f 1310 1318 1320
f 1310 1320 1312
f 1312 1320 1319
f 1312 1319 1311
f 1311 1319 1317
f 1311 1317 1309
f 1322 1314 1316
f 1322 1316 1324
f 1324 1316 1315
f 1324 1315 1323
f 1323 1315 1313
f 1323 1313 1321
f 1318 1326 1328
f 1318 1328 1320
f 1320 1328 1327
f 1320 1327 1319
f 1319 1327 1325
f 1319 1325 1317
f 1330 1322 1324
f 1330 1324 1332
f 1332 1324 1323
f 1332 1323 1331
f 1331 1323 1321
f 1331 1321 1329
f 1326 1334 1336
f 1326 1336 1328
f 1328 1336 1335
f 1328 1335 1327
f 1327 1335 1333
f 1327 1333 1325
f 1338 1330 1332
f 1338 1332 1340
f 1340 1332 1331
f 1340 1331 1339
f 1339 1331 1329
f 1339 1329 1337
f 1334 1342 1344
f 1334 1344 1336
f 1336 1344 1343
f 1336 1343 1335
f 1335 1343 1341
f 1335 1341 1333
f 1346 1338 1340
f 1346 1340 1348
f 1348 1340 1339
f 1348 1339 1347
f 1347 1339 1337
f 1347 1337 1345
f 1342 1350 1352
f 1342 1352 1344
f 1344 1352 1351
f 1344 1351 1343
f 1343 1351 1349
f 1343 1349 1341
f 1354 1346 1348
f 1354 1348 1356
f 1356 1348 1347
f 1356 1347 1355
f 1355 1347 1345
f 1355 1345 1353
f 1350 1358 1360
f 1350 1360 1352
f 1352 1360 1359
f 1352 1359 1351
f 1351 1359 1357
f 1351 1357 1349
f 1362 1354 1356
f 1362 1356 1364
f 1364 1356 1355
f 1364 1355 1363
f 1363 1355 1353
f 1363 1353 1361
f 1358 1366 1368
f 1358 1368 1360
f 1360 1368 1367
f 1360 1367 1359
f 1359 1367 1365
f 1359 1365 1357
f 1370 1362 1364
f 1370 1364 1372
f 1372 1364 1363
f 1372 1363 1371
f 1371 1363 1361
f 1371 1361 1369
f 1366 1374 1376
f 1366 1376 1368
f 1368 1376 1375
f 1368 1375 1367
f 1367 1375 1373
f 1367 1373 1365
f 1378 1370 1372
f 1378 1372 1380
f 1380 1372 1371
f 1380 1371 1379
f 1379 1371 1369
f 1379 1369 1377
f 1374 1382 1384
f 1374 1384 1376
f 1376 1384 1383
f 1376 1383 1375
f 1375 1383 1381
f 1375 1381 1373
f 1386 1378 1380
f 1386 1380 1388
f 1388 1380 1379
f 1388 1379 1387
f 1387 1379 1377
f 1387 1377 1385
f 1382 1390 1392
f 1382 1392 1384
f 1384 1392 1391
f 1384 1391 1383
f 1383 1391 1389
f 1383 1389 1381
f 1394 1386 1388
f 1394 1388 1396
f 1396 1388 1387
f 1396 1387 1395
f 1395 1387 1385
f 1395 1385 1393
f 1390 1398 1400
f 1390 1400 1392
f 1392 1400 1399
f 1392 1399 1391
f 1391 1399 1397
f 1391 1397 1389
f 1402 1394 1396
f 1402 1396 1404
f 1404 1396 1395
f 1404 1395 1403
f 1403 1395 1393
f 1403 1393 1401
f 1398 1406 1408
f 1398 1408 1400
f 1400 1408 1407
f 1400 1407 1399
f 1399 1407 1405
f 1399 1405 1397
f 1410 1402 1404
f 1410 1404 1412
f 1412 1404 1403
f 1412 1403 1411
f 1411 1403 1401
f 1411 1401 1409
f 1406 1414 1416
f 1406 1416 1408
f 1408 1416 1415
f 1408 1415 1407
f 1407 1415 1413
f 1407 1413 1405
f 1418 1410 1412
f 1418 1412 1420
f 1420 1412 1411
f 1420 1411 1419
f 1419 1411 1409
f 1419 1409 1417
f 1414 1422 1424
f 1414 1424 1416
f 1416 1424 1423
f 1416 1423 1415
f 1415 1423 1421
f 1415 1421 1413
f 1426 1418 1420
f 1426 1420 1428
f 1428 1420 1419
f 1428 1419 1427
f 1427 1419 1417
f 1427 1417 1425
f 1422 1430 1432
f 1422 1432 1424
f 1424 1432 1431
f 1424 1431 1423
f 1423 1431 1429
f 1423 1429 1421
f 1434 1426 1428
f 1434 1428 1436
f 1436 1428 1427
f 1436 1427 1435
f 1435 1427 1425
f 1435 1425 1433
f 1430 1438 1440
f 1430 1440 1432
f 1432 1440 1439
f 1432 1439 1431
f 1431 1439 1437
f 1431 1437 1429
f 1442 1434 1436
f 1442 1436 1444
f 1444 1436 1435
f 1444 1435 1443
f 1443 1435 1433
f 1443 1433 1441
f 1438 1446 1448
f 1438 1448 1440
f 1440 1448 1447
f 1440 1447 1439
f 1439 1447 1445
f 1439 1445 1437
f 1450 1442 1444
f 1450 1444 1452
f 1452 1444 1443
f 1452 1443 1451
f 1451 1443 1441
f 1451 1441 1449
f 1446 1454 1456
f 1446 1456 1448
f 1448 1456 1455
f 1448 1455 1447
f 1447 1455 1453
f 1447 1453 1445
f 1458 1450 1452
f 1458 1452 1460
f 1460 1452 1451
f 1460 1451 1459
f 1459 1451 1449
f 1459 1449 1457
f 1454 1462 1464
f 1454 1464 1456
f 1456 1464 1463
f 1456 1463 1455
f 1455 1463 1461
f 1455 1461 1453
f 1466 1458 1460
f 1466 1460 1468
f 1468 1460 1459
f 1468 1459 1467
f 1467 1459 1457
f 1467 1457 1465
f 1462 1470 1472
f 1462 1472 1464
f 1464 1472 1471
f 1464 1471 1463
f 1463 1471 1469
f 1463 1469 1461
f 1474 1466 1468
f 1474 1468 1476
f 1476 1468 1467
f 1476 1467 1475
f 1475 1467 1465
f 1475 1465 1473
f 1470 1478 1480
f 1470 1480 1472
f 1472 1480 1479
f 1472 1479 1471
f 1471 1479 1477
f 1471 1477 1469
f 1482 1474 1476
f 1482 1476 1484
f 1484 1476 1475
f 1484 1475 1483
f 1483 1475 1473
f 1483 1473 1481
f 1478 1486 1488
f 1478 1488 1480
f 1480 1488 1487
f 1480 1487 1479
f 1479 1487 1485
f 1479 1485 1477
f 1490 1482 1484
f 1490 1484 1492
f 1492 1484 1483
f 1492 1483 1491
f 1491 1483 1481
f 1491 1481 1489
f 1486 1494 1496
f 1486 1496 1488
f 1488 1496 1495
f 1488 1495 1487
f 1487 1495 1493
f 1487 1493 1485
f 1498 1490 1492
f 1498 1492 1500
f 1500 1492 1491
f 1500 1491 1499
f 1499 1491 1489
f 1499 1489 1497
f 1494 1502 1504
f 1494 1504 1496
f 1496 1504 1503
f 1496 1503 1495
f 1495 1503 1501
f 1495 1501 1493
f 1506 1498 1500
f 1506 1500 1508
f 1508 1500 1499
f 1508 1499 1507
f 1507 1499 1497
f 1507 1497 1505
f 1502 1510 1512
f 1502 1512 1504
f 1504 1512 1511
f 1504 1511 1503
f 1503 1511 1509
f 1503 1509 1501
f 1514 1506 1508
f 1514 1508 1516
f 1516 1508 1507
f 1516 1507 1515
f 1515 1507 1505
f 1515 1505 1513
f 1510 1518 1520
f 1510 1520 1512
f 1512 1520 1519
f 1512 1519 1511
f 1511 1519 1517
f 1511 1517 1509
f 1522 1514 1516
f 1522 1516 1524
f 1524 1516 1515
f 1524 1515 1523
f 1523 1515 1513
f 1523 1513 1521
f 1518 1526 1528
f 1518 1528 1520
f 1520 1528 1527
f 1520 1527 1519
f 1519 1527 1525
f 1519 1525 1517
f 1530 1522 1524
f 1530 1524 1532
f 1532 1524 1523
f 1532 1523 1531
f 1531 1523 1521
f 1531 1521 1529
f 1526 1534 1536
f 1526 1536 1528
f 1528 1536 1535
f 1528 1535 1527
f 1527 1535 1533
f 1527 1533 1525
f 1538 1530 1532
f 1538 1532 1540
f 1540 1532 1531
f 1540 1531 1539
f 1539 1531 1529
f 1539 1529 1537
f 1534 1542 1544
f 1534 1544 1536
f 1536 1544 1543
f 1536 1543 1535
f 1535 1543 1541
f 1535 1541 1533
f 1546 1538 1540
f 1546 1540 1548
f 1548 1540 1539
f 1548 1539 1547
f 1547 1539 1537
f 1547 1537 1545
f 1542 1550 1552
f 1542 1552 1544
f 1544 1552 1551
f 1544 1551 1543
f 1543 1551 1549
f 1543 1549 1541
f 1554 1546 1548
f 1554 1548 1556
f 1556 1548 1547
f 1556 1547 1555
f 1555 1547 1545
f 1555 1545 1553
f 1550 1558 1560
f 1550 1560 1552
f 1552 1560 1559
f 1552 1559 1551
f 1551 1559 1557
f 1551 1557 1549
f 1562 1554 1556
f 1562 1556 1564
f 1564 1556 1555
f 1564 1555 1563
f 1563 1555 1553
f 1563 1553 1561
f 1558 1182 1184
f 1558 1184 1560
f 1560 1184 1183
f 1560 1183 1559
f 1559 1183 1181
f 1559 1181 1557
f 1186 1562 1564
f 1186 1564 1188
f 1188 1564 1563
f 1188 1563 1187
f 1187 1563 1561
f 1187 1561 1185
f 1557 1181 1189
f 1189 1197 1205
f 1205 1213 1221
f 1221 1229 1237
f 1237 1245 1253
f 1253 1261 1269
f 1269 1277 1285
f 1285 1293 1301
f 1301 1309 1317
f 1317 1325 1333
f 1333 1341 1349
f 1349 1357 1365
f 1365 1373 1381
f 1381 1389 1397
f 1397 1405 1413
f 1413 1421 1429
f 1429 1437 1445
f 1445 1453 1461
f 1461 1469 1477
f 1477 1485 1493
f 1493 1501 1509
f 1509 1517 1525
f 1525 1533 1541
f 1541 1549 1557
f 1557 1189 1205
f 1205 1221 1237
f 1237 1253 1269
f 1269 1285 1301
f 1301 1317 1333
f 1333 1349 1365
f 1365 1381 1397
f 1397 1413 1429
f 1429 1445 1461
f 1461 1477 1493
f 1493 1509 1525
f 1525 1541 1557
f 1557 1205 1237
f 1237 1269 1301
f 1301 1333 1365
f 1365 1397 1429
f 1429 1461 1493
f 1493 1525 1557
f 1557 1237 1301
f 1301 1365 1429
f 1429 1493 1557
f 1301 1429 1557
f 1182 1186 1194
f 1182 1194 1190
f 1558 1562 1186
f 1558 1186 1182
f 1201 1193 1185
f 1185 1561 1553
f 1553 1545 1537
f 1537 1529 1521
f 1521 1513 1505
f 1505 1497 1489
f 1489 1481 1473
f 1473 1465 1457
f 1457 1449 1441
f 1441 1433 1425
f 1425 1417 1409
f 1409 1401 1393
f 1393 1385 1377
f 1377 1369 1361
f 1361 1353 1345
f 1345 1337 1329
f 1329 1321 1313
f 1313 1305 1297
f 1297 1289 1281
f 1281 1273 1265
f 1265 1257 1249
f 1249 1241 1233
f 1233 1225 1217
f 1217 1209 1201
f 1201 1185 1553
f 1553 1537 1521
f 1521 1505 1489
f 1489 1473 1457
f 1457 1441 1425
f 1425 1409 1393
f 1393 1377 1361
f 1361 1345 1329
f 1329 1313 1297
f 1297 1281 1265
f 1265 1249 1233
f 1233 1217 1201
f 1201 1553 1521
f 1521 1489 1457
f 1457 1425 1393
f 1393 1361 1329
f 1329 1297 1265
f 1265 1233 1201
f 1201 1521 1457
f 1457 1393 1329
f 1329 1265 1201
f 1457 1329 1201
f 1190 1194 1202
f 1190 1202 1198
f 1198 1202 1210
f 1198 1210 1206
f 1206 1210 1218
f 1206 1218 1214
f 1214 1218 1226
f 1214 1226 1222
f 1222 1226 1234
f 1222 1234 1230
f 1230 1234 1242
f 1230 1242 1238
f 1238 1242 1250
f 1238 1250 1246
f 1246 1250 1258
f 1246 1258 1254
f 1254 1258 1266
f 1254 1266 1262
f 1262 1266 1274
f 1262 1274 1270
f 1270 1274 1282
f 1270 1282 1278
f 1278 1282 1290
f 1278 1290 1286
f 1286 1290 1298
f 1286 1298 1294
f 1294 1298 1306
f 1294 1306 1302
f 1302 1306 1314
f 1302 1314 1310
f 1310 1314 1322
f 1310 1322 1318
f 1318 1322 1330
f 1318 1330 1326
f 1326 1330 1338
f 1326 1338 1334
f 1334 1338 1346
f 1334 1346 1342
f 1342 1346 1354
f 1342 1354 1350
f 1350 1354 1362
f 1350 1362 1358
f 1358 1362 1370
f 1358 1370 1366
f 1366 1370 1378
f 1366 1378 1374
f 1374 1378 1386
f 1374 1386 1382
f 1382 1386 1394
f 1382 1394 1390
f 1390 1394 1402
f 1390 1402 1398
f 1398 1402 1410
f 1398 1410 1406
f 1406 1410 1418
f 1406 1418 1414
f 1414 1418 1426
f 1414 1426 1422
f 1422 1426 1434
f 1422 1434 1430
f 1430 1434 1442
f 1430 1442 1438
f 1438 1442 1450
f 1438 1450 1446
f 1446 1450 1458
f 1446 1458 1454
f 1454 1458 1466
f 1454 1466 1462
f 1462 1466 1474
f 1462 1474 1470
f 1470 1474 1482
f 1470 1482 1478
f 1478 1482 1490
f 1478 1490 1486
f 1486 1490 1498
f 1486 1498 1494
f 1494 1498 1506
f 1494 1506 1502
f 1502 1506 1514
f 1502 1514 1510
f 1510 1514 1522
f 1510 1522 1518
f 1518 1522 1530
f 1518 1530 1526
f 1526 1530 1538
f 1526 1538 1534
f 1534 1538 1546
f 1534 1546 1542
f 1542 1546 1554
f 1542 1554 1550
f 1550 1554 1562
f 1550 1562 1558
f 1566 1574 1576
f 1566 1576 1568
f 1568 1576 1575
f 1568 1575 1567
f 1567 1575 1573
f 1567 1573 1565
f 1578 1570 1572
f 1578 1572 1580
f 1580 1572 1571
f 1580 1571 1579
f 1579 1571 1569
f 1579 1569 1577
f 1574 1582 1584
f 1574 1584 1576
f 1576 1584 1583
f 1576 1583 1575
f 1575 1583 1581
f 1575 1581 1573
f 1586 1578 1580
f 1586 1580 1588
f 1588 1580 1579
f 1588 1579 1587
f 1587 1579 1577
f 1587 1577 1585
f 1582 1590 1592
f 1582 1592 1584
f 1584 1592 1591
f 1584 1591 1583
f 1583 1591 1589
f 1583 1589 1581
f 1594 1586 1588
f 1594 1588 1596
f 1596 1588 1587
f 1596 1587 1595
f 1595 1587 1585
f 1595 1585 1593
f 1590 1598 1600
f 1590 1600 1592
f 1592 1600 1599
f 1592 1599 1591
f 1591 1599 1597
f 1591 1597 1589
f 1602 1594 1596
f 1602 1596 1604
f 1604 1596 1595
f 1604 1595 1603
f 1603 1595 1593
f 1603 1593 1601
f 1598 1606 1608
f 1598 1608 1600
f 1600 1608 1607
f 1600 1607 1599
f 1599 1607 1605
f 1599 1605 1597
f 1610 1602 1604
f 1610 1604 1612
f 1612 1604 1603
f 1612 1603 1611
f 1611 1603 1601
f 1611 1601 1609
f 1606 1614 1616
f 1606 1616 1608
f 1608 1616 1615
f 1608 1615 1607
f 1607 1615 1613
f 1607 1613 1605
f 1618 1610 1612
f 1618 1612 1620
f 1620 1612 1611
f 1620 1611 1619
f 1619 1611 1609
f 1619 1609 1617
f 1614 1622 1624
f 1614 1624 1616
f 1616 1624 1623
f 1616 1623 1615
f 1615 1623 1621
f 1615 1621 1613
f 1626 1618 1620
f 1626 1620 1628
f 1628 1620 1619
f 1628 1619 1627
f 1627 1619 1617
f 1627 1617 1625
f 1622 1630 1632
f 1622 1632 1624
f 1624 1632 1631
f 1624 1631 1623
f 1623 1631 1629
f 1623 1629 1621
f 1634 1626 1628
f 1634 1628 1636
f 1636 1628 1627
f 1636 1627 1635
f 1635 1627 1625
f 1635 1625 1633
f 1630 1638 1640
f 1630 1640 1632
f 1632 1640 1639
f 1632 1639 1631
f 1631 1639 1637
f 1631 1637 1629
f 1642 1634 1636
f 1642 1636 1644
f 1644 1636 1635
f 1644 1635 1643
f 1643 1635 1633
f 1643 1633 1641
f 1638 1646 1648
f 1638 1648 1640
f 1640 1648 1647
f 1640 1647 1639
f 1639 1647 1645
f 1639 1645 1637
f 1650 1642 1644
f 1650 1644 1652
f 1652 1644 1643
f 1652 1643 1651
f 1651 1643 1641
f 1651 1641 1649
f 1646 1654 1656
f 1646 1656 1648
f 1648 1656 1655
f 1648 1655 1647
f 1647 1655 1653
f 1647 1653 1645
f 1658 1650 1652
f 1658 1652 1660
f 1660 1652 1651
f 1660 1651 1659
f 1659 1651 1649
f 1659 1649 1657
f 1654 1662 1664
f 1654 1664 1656
f 1656 1664 1663
f 1656 1663 1655
f 1655 1663 1661
f 1655 1661 1653
f 1666 1658 1660
f 1666 1660 1668
f 1668 1660 1659
f 1668 1659 1667
f 1667 1659 1657
f 1667 1657 1665
f 1662 1670 1672
f 1662 1672 1664
f 1664 1672 1671
f 1664 1671 1663
f 1663 1671 1669
f 1663 1669 1661
f 1674 1666 1668
f 1674 1668 1676
f 1676 1668 1667
f 1676 1667 1675
f 1675 1667 1665
f 1675 1665 1673
f 1670 1678 1680
f 1670 1680 1672
f 1672 1680 1679
f 1672 1679 1671
f 1671 1679 1677
f 1671 1677 1669
f 1682 1674 1676
f 1682 1676 1684
f 1684 1676 1675
f 1684 1675 1683
f 1683 1675 1673
f 1683 1673 1681
f 1678 1686 1688
f 1678 1688 1680
f 1680 1688 1687
f 1680 1687 1679
f 1679 1687 1685
f 1679 1685 1677
f 1690 1682 1684
f 1690 1684 1692
f 1692 1684 1683
f 1692 1683 1691
f 1691 1683 1681
f 1691 1681 1689
f 1686 1694 1696
f 1686 1696 1688
f 1688 1696 1695
f 1688 1695 1687
f 1687 1695 1693
f 1687 1693 1685
f 1698 1690 1692
f 1698 1692 1700
f 1700 1692 1691
f 1700 1691 1699
f 1699 1691 1689
f 1699 1689 1697
f 1694 1702 1704
f 1694 1704 1696
f 1696 1704 1703
f 1696 1703 1695
f 1695 1703 1701
f 1695 1701 1693
f 1706 1698 1700
f 1706 1700 1708
f 1708 1700 1699
f 1708 1699 1707
f 1707 1699 1697
f 1707 1697 1705
f 1702 1710 1712
f 1702 1712 1704
f 1704 1712 1711
f 1704 1711 1703
f 1703 1711 1709
f 1703 1709 1701
f 1714 1706 1708
f 1714 1708 1716
f 1716 1708 1707
f 1716 1707 1715
f 1715 1707 1705
f 1715 1705 1713
f 1710 1718 1720
f 1710 1720 1712
f 1712 1720 1719
f 1712 1719 1711
f 1711 1719 1717
f 1711 1717 1709
f 1722 1714 1716
f 1722 1716 1724
f 1724 1716 1715
f 1724 1715 1723
f 1723 1715 1713
f 1723 1713 1721
f 1718 1726 1728
f 1718 1728 1720
f 1720 1728 1727
f 1720 1727 1719
f 1719 1727 1725
f 1719 1725 1717
f 1730 1722 1724
f 1730 1724 1732
f 1732 1724 1723
f 1732 1723 1731
f 1731 1723 1721
f 1731 1721 1729
f 1726 1734 1736
f 1726 1736 1728
f 1728 1736 1735
f 1728 1735 1727
f 1727 1735 1733
f 1727 1733 1725
f 1738 1730 1732
f 1738 1732 1740
f 1740 1732 1731
f 1740 1731 1739
f 1739 1731 1729
f 1739 1729 1737
f 1734 1742 1744
f 1734 1744 1736
f 1736 1744 1743
f 1736 1743 1735
f 1735 1743 1741
f 1735 1741 1733
f 1746 1738 1740
f 1746 1740 1748
f 1748 1740 1739
f 1748 1739 1747
f 1747 1739 1737
f 1747 1737 1745
f 1742 1750 1752
f 1742 1752 1744
f 1744 1752 1751
f 1744 1751 1743
f 1743 1751 1749
f 1743 1749 1741
f 1754 1746 1748
f 1754 1748 1756
f 1756 1748 1747
f 1756 1747 1755
f 1755 1747 1745
f 1755 1745 1753
f 1750 1758 1760
f 1750 1760 1752
f 1752 1760 1759
f 1752 1759 1751
f 1751 1759 1757
f 1751 1757 1749
f 1762 1754 1756
f 1762 1756 1764
f 1764 1756 1755
f 1764 1755 1763
f 1763 1755 1753
f 1763 1753 1761
f 1758 1766 1768
f 1758 1768 1760
f 1760 1768 1767
f 1760 1767 1759
f 1759 1767 1765
f 1759 1765 1757
f 1770 1762 1764
f 1770 1764 1772
f 1772 1764 1763
f 1772 1763 1771
f 1771 1763 1761
f 1771 1761 1769
f 1766 1774 1776
f 1766 1776 1768
f 1768 1776 1775
f 1768 1775 1767
f 1767 1775 1773
f 1767 1773 1765
f 1778 1770 1772
f 1778 1772 1780
f 1780 1772 1771
f 1780 1771 1779
f 1779 1771 1769
f 1779 1769 1777
f 1774 1782 1784
f 1774 1784 1776
f 1776 1784 1783
f 1776 1783 1775
f 1775 1783 1781
f 1775 1781 1773
f 1786 1778 1780
f 1786 1780 1788
f 1788 1780 1779
f 1788 1779 1787
f 1787 1779 1777
f 1787 1777 1785
f 1782 1790 1792
f 1782 1792 1784
f 1784 1792 1791
f 1784 1791 1783
f 1783 1791 1789
f 1783 1789 1781
f 1794 1786 1788
f 1794 1788 1796
f 1796 1788 1787
f 1796 1787 1795
f 1795 1787 1785
f 1795 1785 1793
f 1790 1798 1800
f 1790 1800 1792
f 1792 1800 1799
f 1792 1799 1791
f 1791 1799 1797
f 1791 1797 1789
f 1802 1794 1796
f 1802 1796 1804
f 1804 1796 1795
f 1804 1795 1803
f 1803 1795 1793
f 1803 1793 1801
f 1798 1806 1808
f 1798 1808 1800
f 1800 1808 1807
f 1800 1807 1799
f 1799 1807 1805
f 1799 1805 1797
f 1810 1802 1804
f 1810 1804 1812
f 1812 1804 1803
f 1812 1803 1811
f 1811 1803 1801
f 1811 1801 1809
f 1806 1814 1816
f 1806 1816 1808
f 1808 1816 1815
f 1808 1815 1807
f 1807 1815 1813
f 1807 1813 1805
f 1818 1810 1812
f 1818 1812 1820
f 1820 1812 1811
f 1820 1811 1819
f 1819 1811 1809
f 1819 1809 1817
f 1814 1822 1824
f 1814 1824 1816
f 1816 1824 1823
f 1816 1823 1815
f 1815 1823 1821
f 1815 1821 1813
f 1826 1818 1820
f 1826 1820 1828
f 1828 1820 1819
f 1828 1819 1827
f 1827 1819 1817
f 1827 1817 1825
f 1822 1830 1832
f 1822 1832 1824
f 1824 1832 1831
f 1824 1831 1823
f 1823 1831 1829
f 1823 1829 1821
f 1834 1826 1828
f 1834 1828 1836
f 1836 1828 1827
f 1836 1827 1835
f 1835 1827 1825
f 1835 1825 1833
f 1830 1838 1840
f 1830 1840 1832
f 1832 1840 1839
f 1832 1839 1831
f 1831 1839 1837
f 1831 1837 1829
f 1842 1834 1836
f 1842 1836 1844
f 1844 1836 1835
f 1844 1835 1843
f 1843 1835 1833
f 1843 1833 1841
f 1838 1846 1848
f 1838 1848 1840
f 1840 1848 1847
f 1840 1847 1839
f 1839 1847 1845
f 1839 1845 1837
f 1850 1842 1844
f 1850 1844 1852
f 1852 1844 1843
f 1852 1843 1851
f 1851 1843 1841
f 1851 1841 1849
f 1846 1854 1856
f 1846 1856 1848
f 1848 1856 1855
f 1848 1855 1847
f 1847 1855 1853
f 1847 1853 1845
f 1858 1850 1852
f 1858 1852 1860
f 1860 1852 1851
f 1860 1851 1859
f 1859 1851 1849
f 1859 1849 1857
f 1854 1862 1864
f 1854 1864 1856
f 1856 1864 1863
f 1856 1863 1855
f 1855 1863 1861
f 1855 1861 1853
f 1866 1858 1860
f 1866 1860 1868
f 1868 1860 1859
f 1868 1859 1867
f 1867 1859 1857
f 1867 1857 1865
f 1862 1870 1872
f 1862 1872 1864
f 1864 1872 1871
f 1864 1871 1863
f 1863 1871 1869
f 1863 1869 1861
f 1874 1866 1868
f 1874 1868 1876
f 1876 1868 1867
f 1876 1867 1875
f 1875 1867 1865
f 1875 1865 1873
f 1870 1878 1880
f 1870 1880 1872
f 1872 1880 1879
f 1872 1879 1871
f 1871 1879 1877
f 1871 1877 1869
f 1882 1874 1876
f 1882 1876 1884
f 1884 1876 1875
f 1884 1875 1883
f 1883 1875 1873
f 1883 1873 1881
f 1878 1886 1888
f 1878 1888 1880
f 1880 1888 1887
f 1880 1887 1879
f 1879 1887 1885
f 1879 1885 1877
f 1890 1882 1884
f 1890 1884 1892
f 1892 1884 1883
f 1892 1883 1891
f 1891 1883 1881
f 1891 1881 1889
f 1886 1894 1896
f 1886 1896 1888
f 1888 1896 1895
f 1888 1895 1887
f 1887 1895 1893
f 1887 1893 1885
f 1898 1890 1892
f 1898 1892 1900
f 1900 1892 1891
f 1900 1891 1899
f 1899 1891 1889
f 1899 1889 1897
f 1894 1902 1904
f 1894 1904 1896
f 1896 1904 1903
f 1896 1903 1895
f 1895 1903 1901
f 1895 1901 1893
f 1906 1898 1900
f 1906 1900 1908
f 1908 1900 1899
f 1908 1899 1907
f 1907 1899 1897
f 1907 1897 1905
f 1902 1910 1912
f 1902 1912 1904
f 1904 1912 1911
f 1904 1911 1903
f 1903 1911 1909
f 1903 1909 1901
f 1914 1906 1908
f 1914 1908 1916
f 1916 1908 1907
f 1916 1907 1915
f 1915 1907 1905
f 1915 1905 1913
f 1910 1918 1920
f 1910 1920 1912
f 1912 1920 1919
f 1912 1919 1911
f 1911 1919 1917
f 1911 1917 1909
f 1922 1914 1916
f 1922 1916 1924
f 1924 1916 1915
f 1924 1915 1923
f 1923 1915 1913
f 1923 1913 1921
f 1918 1926 1928
f 1918 1928 1920
f 1920 1928 1927
f 1920 1927 1919
f 1919 1927 1925
f 1919 1925 1917
f 1930 1922 1924
f 1930 1924 1932
f 1932 1924 1923
f 1932 1923 1931
f 1931 1923 1921
f 1931 1921 1929
f 1926 1934 1936
f 1926 1936 1928
f 1928 1936 1935
f 1928 1935 1927
f 1927 1935 1933
f 1927 1933 1925
f 1938 1930 1932
f 1938 1932 1940
f 1940 1932 1931
f 1940 1931 1939
f 1939 1931 1929
f 1939 1929 1937
f 1934 1942 1944
f 1934 1944 1936
f 1936 1944 1943
f 1936 1943 1935
f 1935 1943 1941
f 1935 1941 1933
f 1946 1938 1940
f 1946 1940 1948
f 1948 1940 1939
f 1948 1939 1947
f 1947 1939 1937
f 1947 1937 1945
f 1942 1566 1568
f 1942 1568 1944
f 1944 1568 1567
f 1944 1567 1943
f 1943 1567 1565
f 1943 1565 1941
f 1570 1946 1948
f 1570 1948 1572
f 1572 1948 1947
f 1572 1947 1571
f 1571 1947 1945
f 1571 1945 1569
f 1941 1565 1573
f 1573 1581 1589
f 1589 1597 1605
f 1605 1613 1621
f 1621 1629 1637
f 1637 1645 1653
f 1653 1661 1669
f 1669 1677 1685
f 1685 1693 1701
f 1701 1709 1717
f 1717 1725 1733
f 1733 1741 1749
f 1749 1757 1765
f 1765 1773 1781
f 1781 1789 1797
f 1797 1805 1813
f 1813 1821 1829
f 1829 1837 1845
f 1845 1853 1861
f 1861 1869 1877
f 1877 1885 1893
f 1893 1901 1909
f 1909 1917 1925
f 1925 1933 1941
f 1941 1573 1589
f 1589 1605 1621
f 1621 1637 1653
f 1653 1669 1685
f 1685 1701 1717
f 1717 1733 1749
f 1749 1765 1781
f 1781 1797 1813
f 1813 1829 1845
f 1845 1861 1877
f 1877 1893 1909
f 1909 1925 1941
f 1941 1589 1621
f 1621 1653 1685
f 1685 1717 1749
f 1749 1781 1813
f 1813 1845 1877
f 1877 1909 1941
f 1941 1621 1685
f 1685 1749 1813
f 1813 1877 1941
f 1685 1813 1941
f 1566 1570 1578
f 1566 1578 1574
f 1942 1946 1570
f 1942 1570 1566
f 1585 1577 1569
f 1569 1945 1937
f 1937 1929 1921
f 1921 1913 1905
f 1905 1897 1889
f 1889 1881 1873
f 1873 1865 1857
f 1857 1849 1841
f 1841 1833 1825
f 1825 1817 1809
f 1809 1801 1793
f 1793 1785 1777
f 1777 1769 1761
f 1761 1753 1745
f 1745 1737 1729
f 1729 1721 1713
f 1713 1705 1697
f 1697 1689 1681
f 1681 1673 1665
f 1665 1657 1649
f 1649 1641 1633
f 1633 1625 1617
f 1617 1609 1601
f 1601 1593 1585
f 1585 1569 1937
f 1937 1921 1905
f 1905 1889 1873
f 1873 1857 1841
f 1841 1825 1809
f 1809 1793 1777
f 1777 1761 1745
f 1745 1729 1713
f 1713 1697 1681
f 1681 1665 1649
f 1649 1633 1617
f 1617 1601 1585
f 1585 1937 1905
f 1905 1873 1841
f 1841 1809 1777
f 1777 1745 1713
f 1713 1681 1649
f 1649 1617 1585
f 1585 1905 1841
f 1841 1777 1713
f 1713 1649 1585
f 1841 1713 1585
f 1574 1578 1586
f 1574 1586 1582
f 1582 1586 1594
f 1582 1594 1590
f 1590 1594 1602
f 1590 1602 1598
f 1598 1602 1610
f 1598 1610 1606
f 1606 1610 1618
f 1606 1618 1614
f 1614 1618 1626
f 1614 1626 1622
f 1622 1626 1634
f 1622 1634 1630
f 1630 1634 1642
f 1630 1642 1638
f 1638 1642 1650
f 1638 1650 1646
f 1646 1650 1658
f 1646 1658 1654
f 1654 1658 1666
f 1654 1666 1662
f 1662 1666 1674
f 1662 1674 1670
f 1670 1674 1682
f 1670 1682 1678
f 1678 1682 1690
f 1678 1690 1686
f 1686 1690 1698
f 1686 1698 1694
f 1694 1698 1706
f 1694 1706 1702
f 1702 1706 1714
f 1702 1714 1710
f 1710 1714 1722
f 1710 1722 1718
f 1718 1722 1730
f 1718 1730 1726
f 1726 1730 1738
f 1726 1738 1734
f 1734 1738 1746
f 1734 1746 1742
f 1742 1746 1754
f 1742 1754 1750
f 1750 1754 1762
f 1750 1762 1758
f 1758 1762 1770
f 1758 1770 1766
f 1766 1770 1778
f 1766 1778 1774
f 1774 1778 1786
f 1774 1786 1782
f 1782 1786 1794
f 1782 1794 1790
f 1790 1794 1802
f 1790 1802 1798
f 1798 1802 1810
f 1798 1810 1806
f 1806 1810 1818
f 1806 1818 1814
f 1814 1818 1826
f 1814 1826 1822
f 1822 1826 1834
f 1822 1834 1830
f 1830 1834 1842
f 1830 1842 1838
f 1838 1842 1850
f 1838 1850 1846
f 1846 1850 1858
f 1846 1858 1854
f 1854 1858 1866
f 1854 1866 1862
f 1862 1866 1874
f 1862 1874 1870
f 1870 1874 1882
f 1870 1882 1878
f 1878 1882 1890
f 1878 1890 1886
f 1886 1890 1898
f 1886 1898 1894
f 1894 1898 1906
f 1894 1906 1902
f 1902 1906 1914
f 1902 1914 1910
f 1910 1914 1922
f 1910 1922 1918
f 1918 1922 1930
f 1918 1930 1926
f 1926 1930 1938
f 1926 1938 1934
f 1934 1938 1946
f 1934 1946 1942
f 1949 1952 1954
f 1949 1954 1953
f 1952 1956 1957
f 1952 1957 1954
f 1950 1955 1957
f 1950 1957 1956
f 1955 1959 1960
f 1955 1960 1957
f 1951 1958 1960
f 1951 1960 1959
f 1958 1953 1954
f 1958 1954 1960
f 1954 1957 1960
f 1961 1964 1966
f 1961 1966 1965
f 1964 1968 1969
f 1964 1969 1966
f 1962 1967 1969
f 1962 1969 1968
f 1967 1971 1972
f 1967 1972 1969
f 1963 1970 1972
f 1963 1972 1971
f 1970 1965 1966
f 1970 1966 1972
f 1966 1969 1972
f 1973 1976 1978
f 1973 1978 1977
f 1976 1980 1981
f 1976 1981 1978
f 1974 1979 1981
f 1974 1981 1980
f 1979 1983 1984
f 1979 1984 1981
f 1975 1982 1984
f 1975 1984 1983
f 1982 1977 1978
f 1982 1978 1984
f 1978 1981 1984
f 1985 1988 1990
f 1985 1990 1989
f 1988 1992 1993
f 1988 1993 1990
f 1986 1991 1993
f 1986 1993 1992
f 1991 1995 1996
f 1991 1996 1993
f 1987 1994 1996
f 1987 1996 1995
f 1994 1989 1990
f 1994 1990 1996
f 1990 1993 1996
f 1997 2000 2002
f 1997 2002 2001
f 2000 2004 2005
f 2000 2005 2002
f 1998 2003 2005
f 1998 2005 2004
f 2003 2007 2008
f 2003 2008 2005
f 1999 2006 2008
f 1999 2008 2007
f 2006 2001 2002
f 2006 2002 2008
f 2002 2005 2008
f 2009 2012 2014
f 2009 2014 2013
f 2012 2016 2017
f 2012 2017 2014
f 2010 2015 2017
f 2010 2017 2016
f 2015 2019 2020
f 2015 2020 2017
f 2011 2018 2020
f 2011 2020 2019
f 2018 2013 2014
f 2018 2014 2020
f 2014 2017 2020
f 2021 2024 2026
f 2021 2026 2025
f 2024 2028 2029
f 2024 2029 2026
f 2022 2027 2029
f 2022 2029 2028
f 2027 2031 2032
f 2027 2032 2029
f 2023 2030 2032
f 2023 2032 2031
f 2030 2025 2026
f 2030 2026 2032
f 2026 2029 2032
f 2033 2036 2038
f 2033 2038 2037
f 2036 2040 2041
f 2036 2041 2038
f 2034 2039 2041
f 2034 2041 2040
f 2039 2043 2044
f 2039 2044 2041
f 2035 2042 2044
f 2035 2044 2043
f 2042 2037 2038
f 2042 2038 2044
f 2038 2041 2044
f 1973 1949 1953
f 1973 1953 1976
f 1976 1953 1958
f 1976 1958 1980
f 1980 1958 1951
f 1980 1951 1974
f 1950 1961 1965
f 1950 1965 1955
f 1955 1965 1970
f 1955 1970 1959
f 1959 1970 1963
f 1959 1963 1951
f 1962 1985 1989
f 1962 1989 1967
f 1967 1989 1994
f 1967 1994 1971
f 1971 1994 1987
f 1971 1987 1963
f 1986 1975 1983
f 1986 1983 1991
f 1991 1983 1979
f 1991 1979 1995
f 1995 1979 1974
f 1995 1974 1987
f 2021 1973 1977
f 2021 1977 2024
f 2024 1977 1982
f 2024 1982 2028
f 2028 1982 1975
f 2028 1975 2022
f 1985 2033 2037
f 1985 2037 1988
f 1988 2037 2042
f 1988 2042 1992
f 1992 2042 2035
f 1992 2035 1986
f 2034 2023 2031
f 2034 2031 2039
f 2039 2031 2027
f 2039 2027 2043
f 2043 2027 2022
f 2043 2022 2035
f 1997 2021 2025
f 1997 2025 2000
f 2000 2025 2030
f 2000 2030 2004
f 2004 2030 2023
f 2004 2023 1998
f 2033 2009 2013
f 2033 2013 2036
f 2036 2013 2018
f 2036 2018 2040
f 2040 2018 2011
f 2040 2011 2034
f 2010 1999 2007
f 2010 2007 2015
f 2015 2007 2003
f 2015 2003 2019
f 2019 2003 1998
f 2019 1998 2011
f 1949 1997 2001
f 1949 2001 1952
f 1952 2001 2006
f 1952 2006 1956
f 1956 2006 1999
f 1956 1999 1950
f 2009 1962 1968
f 2009 1968 2012
f 2012 1968 1964
f 2012 1964 2016
f 2016 1964 1961
f 2016 1961 2010
f 1973 2021 1997
f 1973 1997 1949
f 1951 1963 1987
f 1951 1987 1974
f 1999 2010 1961
f 1999 1961 1950
f 2033 1985 1962
f 2033 1962 2009
f 1975 1986 2035
f 1975 2035 2022
f 2023 2034 2011
f 2023 2011 1998
f 2046 2054 2056
f 2046 2056 2048
f 2048 2056 2055
f 2048 2055 2047
f 2047 2055 2053
f 2047 2053 2045
f 2058 2050 2052
f 2058 2052 2060
f 2060 2052 2051
f 2060 2051 2059
f 2059 2051 2049
f 2059 2049 2057
f 2054 2062 2064
f 2054 2064 2056
f 2056 2064 2063
f 2056 2063 2055
f 2055 2063 2061
f 2055 2061 2053
f 2066 2058 2060
f 2066 2060 2068
f 2068 2060 2059
f 2068 2059 2067
f 2067 2059 2057
f 2067 2057 2065
f 2062 2070 2072
f 2062 2072 2064
f 2064 2072 2071
f 2064 2071 2063
f 2063 2071 2069
f 2063 2069 2061
f 2074 2066 2068
f 2074 2068 2076
f 2076 2068 2067
f 2076 2067 2075
f 2075 2067 2065
f 2075 2065 2073
f 2070 2078 2080
f 2070 2080 2072
f 2072 2080 2079
f 2072 2079 2071
f 2071 2079 2077
f 2071 2077 2069
f 2082 2074 2076
f 2082 2076 2084
f 2084 2076 2075
f 2084 2075 2083
f 2083 2075 2073
f 2083 2073 2081
f 2078 2086 2088
f 2078 2088 2080
f 2080 2088 2087
f 2080 2087 2079
f 2079 2087 2085
f 2079 2085 2077
f 2090 2082 2084
f 2090 2084 2092
f 2092 2084 2083
f 2092 2083 2091
f 2091 2083 2081
f 2091 2081 2089
f 2086 2094 2096
f 2086 2096 2088
f 2088 2096 2095
f 2088 2095 2087
f 2087 2095 2093
f 2087 2093 2085
f 2098 2090 2092
f 2098 2092 2100
f 2100 2092 2091
f 2100 2091 2099
f 2099 2091 2089
f 2099 2089 2097
f 2094 2102 2104
f 2094 2104 2096
f 2096 2104 2103
f 2096 2103 2095
f 2095 2103 2101
f 2095 2101 2093
f 2106 2098 2100
f 2106 2100 2108
f 2108 2100 2099
f 2108 2099 2107
f 2107 2099 2097
f 2107 2097 2105
f 2102 2110 2112
f 2102 2112 2104
f 2104 2112 2111
f 2104 2111 2103
f 2103 2111 2109
f 2103 2109 2101
f 2114 2106 2108
f 2114 2108 2116
f 2116 2108 2107
f 2116 2107 2115
f 2115 2107 2105
f 2115 2105 2113
f 2110 2118 2120
f 2110 2120 2112
f 2112 2120 2119
f 2112 2119 2111
f 2111 2119 2117
f 2111 2117 2109
f 2122 2114 2116
f 2122 2116 2124
f 2124 2116 2115
f 2124 2115 2123
f 2123 2115 2113
f 2123 2113 2121
f 2118 2126 2128
f 2118 2128 2120
f 2120 2128 2127
f 2120 2127 2119
f 2119 2127 2125
f 2119 2125 2117
f 2130 2122 2124
f 2130 2124 2132
f 2132 2124 2123
f 2132 2123 2131
f 2131 2123 2121
f 2131 2121 2129
f 2126 2134 2136
f 2126 2136 2128
f 2128 2136 2135
f 2128 2135 2127
f 2127 2135 2133
f 2127 2133 2125
f 2138 2130 2132
f 2138 2132 2140
f 2140 2132 2131
f 2140 2131 2139
f 2139 2131 2129
f 2139 2129 2137
f 2134 2142 2144
f 2134 2144 2136
f 2136 2144 2143
f 2136 2143 2135
f 2135 2143 2141
f 2135 2141 2133
f 2146 2138 2140
f 2146 2140 2148
f 2148 2140 2139
f 2148 2139 2147
f 2147 2139 2137
f 2147 2137 2145
f 2142 2150 2152
f 2142 2152 2144
f 2144 2152 2151
f 2144 2151 2143
f 2143 2151 2149
f 2143 2149 2141
f 2154 2146 2148
f 2154 2148 2156
f 2156 2148 2147
f 2156 2147 2155
f 2155 2147 2145
f 2155 2145 2153
f 2150 2158 2160
f 2150 2160 2152
f 2152 2160 2159
f 2152 2159 2151
f 2151 2159 2157
f 2151 2157 2149
f 2162 2154 2156
f 2162 2156 2164
f 2164 2156 2155
f 2164 2155 2163
f 2163 2155 2153
f 2163 2153 2161
f 2158 2166 2168
f 2158 2168 2160
f 2160 2168 2167
f 2160 2167 2159
f 2159 2167 2165
f 2159 2165 2157
f 2170 2162 2164
f 2170 2164 2172
f 2172 2164 2163
f 2172 2163 2171
f 2171 2163 2161
f 2171 2161 2169
f 2166 2174 2176
f 2166 2176 2168
f 2168 2176 2175
f 2168 2175 2167
f 2167 2175 2173
f 2167 2173 2165
f 2178 2170 2172
f 2178 2172 2180
f 2180 2172 2171
f 2180 2171 2179
f 2179 2171 2169
f 2179 2169 2177
f 2174 2182 2184
f 2174 2184 2176
f 2176 2184 2183
f 2176 2183 2175
f 2175 2183 2181
f 2175 2181 2173
f 2186 2178 2180
f 2186 2180 2188
f 2188 2180 2179
f 2188 2179 2187
f 2187 2179 2177
f 2187 2177 2185
f 2182 2190 2192
f 2182 2192 2184
f 2184 2192 2191
f 2184 2191 2183
f 2183 2191 2189
f 2183 2189 2181
f 2194 2186 2188
f 2194 2188 2196
f 2196 2188 2187
f 2196 2187 2195
f 2195 2187 2185
f 2195 2185 2193
f 2190 2198 2200
f 2190 2200 2192
f 2192 2200 2199
f 2192 2199 2191
f 2191 2199 2197
f 2191 2197 2189
f 2202 2194 2196
f 2202 2196 2204
f 2204 2196 2195
f 2204 2195 2203
f 2203 2195 2193
f 2203 2193 2201
f 2198 2206 2208
f 2198 2208 2200
f 2200 2208 2207
f 2200 2207 2199
f 2199 2207 2205
f 2199 2205 2197
f 2210 2202 2204
f 2210 2204 2212
f 2212 2204 2203
f 2212 2203 2211
f 2211 2203 2201
f 2211 2201 2209
f 2206 2214 2216
f 2206 2216 2208
f 2208 2216 2215
f 2208 2215 2207
f 2207 2215 2213
f 2207 2213 2205
f 2218 2210 2212
f 2218 2212 2220
f 2220 2212 2211
f 2220 2211 2219
f 2219 2211 2209
f 2219 2209 2217
f 2214 2222 2224
f 2214 2224 2216
f 2216 2224 2223
f 2216 2223 2215
f 2215 2223 2221
f 2215 2221 2213
f 2226 2218 2220
f 2226 2220 2228
f 2228 2220 2219
f 2228 2219 2227
f 2227 2219 2217
f 2227 2217 2225
f 2222 2230 2232
f 2222 2232 2224
f 2224 2232 2231
f 2224 2231 2223
f 2223 2231 2229
f 2223 2229 2221
f 2234 2226 2228
f 2234 2228 2236
f 2236 2228 2227
f 2236 2227 2235
f 2235 2227 2225
f 2235 2225 2233
f 2230 2238 2240
f 2230 2240 2232
f 2232 2240 2239
f 2232 2239 2231
f 2231 2239 2237
f 2231 2237 2229
f 2242 2234 2236
f 2242 2236 2244
f 2244 2236 2235
f 2244 2235 2243
f 2243 2235 2233
f 2243 2233 2241
f 2238 2246 2248
f 2238 2248 2240
f 2240 2248 2247
f 2240 2247 2239
f 2239 2247 2245
f 2239 2245 2237
f 2250 2242 2244
f 2250 2244 2252
f 2252 2244 2243
f 2252 2243 2251
f 2251 2243 2241
f 2251 2241 2249
f 2246 2254 2256
f 2246 2256 2248
f 2248 2256 2255
f 2248 2255 2247
f 2247 2255 2253
f 2247 2253 2245
f 2258 2250 2252
f 2258 2252 2260
f 2260 2252 2251
f 2260 2251 2259
f 2259 2251 2249
f 2259 2249 2257
f 2254 2262 2264
f 2254 2264 2256
f 2256 2264 2263
f 2256 2263 2255
f 2255 2263 2261
f 2255 2261 2253
f 2266 2258 2260
f 2266 2260 2268
f 2268 2260 2259
f 2268 2259 2267
f 2267 2259 2257
f 2267 2257 2265
f 2262 2270 2272
f 2262 2272 2264
f 2264 2272 2271
f 2264 2271 2263
f 2263 2271 2269
f 2263 2269 2261
f 2274 2266 2268
f 2274 2268 2276
f 2276 2268 2267
f 2276 2267 2275
f 2275 2267 2265
f 2275 2265 2273
f 2270 2278 2280
f 2270 2280 2272
f 2272 2280 2279
f 2272 2279 2271
f 2271 2279 2277
f 2271 2277 2269
f 2282 2274 2276
f 2282 2276 2284
f 2284 2276 2275
f 2284 2275 2283
f 2283 2275 2273
f 2283 2273 2281
f 2278 2286 2288
f 2278 2288 2280
f 2280 2288 2287
f 2280 2287 2279
f 2279 2287 2285
f 2279 2285 2277
f 2290 2282 2284
f 2290 2284 2292
f 2292 2284 2283
f 2292 2283 2291
f 2291 2283 2281
f 2291 2281 2289
f 2286 2294 2296
f 2286 2296 2288
f 2288 2296 2295
f 2288 2295 2287
f 2287 2295 2293
f 2287 2293 2285
f 2298 2290 2292
f 2298 2292 2300
f 2300 2292 2291
f 2300 2291 2299
f 2299 2291 2289
f 2299 2289 2297
f 2294 2302 2304
f 2294 2304 2296
f 2296 2304 2303
f 2296 2303 2295
f 2295 2303 2301
f 2295 2301 2293
f 2306 2298 2300
f 2306 2300 2308
f 2308 2300 2299
f 2308 2299 2307
f 2307 2299 2297
f 2307 2297 2305
f 2302 2310 2312
f 2302 2312 2304
f 2304 2312 2311
f 2304 2311 2303
f 2303 2311 2309
f 2303 2309 2301
f 2314 2306 2308
f 2314 2308 2316
f 2316 2308 2307
f 2316 2307 2315
f 2315 2307 2305
f 2315 2305 2313
f 2310 2318 2320
f 2310 2320 2312
f 2312 2320 2319
f 2312 2319 2311
f 2311 2319 2317
f 2311 2317 2309
f 2322 2314 2316
f 2322 2316 2324
f 2324 2316 2315
f 2324 2315 2323
f 2323 2315 2313
f 2323 2313 2321
f 2318 2326 2328
f 2318 2328 2320
f 2320 2328 2327
f 2320 2327 2319
f 2319 2327 2325
f 2319 2325 2317
f 2330 2322 2324
f 2330 2324 2332
f 2332 2324 2323
f 2332 2323 2331
f 2331 2323 2321
f 2331 2321 2329
f 2326 2334 2336
f 2326 2336 2328
f 2328 2336 2335
f 2328 2335 2327
f 2327 2335 2333
f 2327 2333 2325
f 2338 2330 2332
f 2338 2332 2340
f 2340 2332 2331
f 2340 2331 2339
f 2339 2331 2329
f 2339 2329 2337
f 2334 2342 2344
f 2334 2344 2336
f 2336 2344 2343
f 2336 2343 2335
f 2335 2343 2341
f 2335 2341 2333
f 2346 2338 2340
f 2346 2340 2348
f 2348 2340 2339
f 2348 2339 2347
f 2347 2339 2337
f 2347 2337 2345
f 2342 2350 2352
f 2342 2352 2344
f 2344 2352 2351
f 2344 2351 2343
f 2343 2351 2349
f 2343 2349 2341
f 2354 2346 2348
f 2354 2348 2356
f 2356 2348 2347
f 2356 2347 2355
f 2355 2347 2345
f 2355 2345 2353
f 2350 2358 2360
f 2350 2360 2352
f 2352 2360 2359
f 2352 2359 2351
f 2351 2359 2357
f 2351 2357 2349
f 2362 2354 2356
f 2362 2356 2364
f 2364 2356 2355
f 2364 2355 2363
f 2363 2355 2353
f 2363 2353 2361
f 2358 2366 2368
f 2358 2368 2360
f 2360 2368 2367
f 2360 2367 2359
f 2359 2367 2365
f 2359 2365 2357
f 2370 2362 2364
f 2370 2364 2372
f 2372 2364 2363
f 2372 2363 2371
f 2371 2363 2361
f 2371 2361 2369
f 2366 2374 2376
f 2366 2376 2368
f 2368 2376 2375
f 2368 2375 2367
f 2367 2375 2373
f 2367 2373 2365
f 2378 2370 2372
f 2378 2372 2380
f 2380 2372 2371
f 2380 2371 2379
f 2379 2371 2369
f 2379 2369 2377
f 2374 2382 2384
f 2374 2384 2376
f 2376 2384 2383
f 2376 2383 2375
f 2375 2383 2381
f 2375 2381 2373
f 2386 2378 2380
f 2386 2380 2388
f 2388 2380 2379
f 2388 2379 2387
f 2387 2379 2377
f 2387 2377 2385
f 2382 2390 2392
f 2382 2392 2384
f 2384 2392 2391
f 2384 2391 2383
f 2383 2391 2389
f 2383 2389 2381
f 2394 2386 2388
f 2394 2388 2396
f 2396 2388 2387
f 2396 2387 2395
f 2395 2387 2385
f 2395 2385 2393
f 2390 2398 2400
f 2390 2400 2392
f 2392 2400 2399
f 2392 2399 2391
f 2391 2399 2397
f 2391 2397 2389
f 2402 2394 2396
f 2402 2396 2404
f 2404 2396 2395
f 2404 2395 2403
f 2403 2395 2393
f 2403 2393 2401
f 2398 2406 2408
f 2398 2408 2400
f 2400 2408 2407
f 2400 2407 2399
f 2399 2407 2405
f 2399 2405 2397
f 2410 2402 2404
f 2410 2404 2412
f 2412 2404 2403
f 2412 2403 2411
f 2411 2403 2401
f 2411 2401 2409
f 2406 2414 2416
f 2406 2416 2408
f 2408 2416 2415
f 2408 2415 2407
f 2407 2415 2413
f 2407 2413 2405
f 2418 2410 2412
f 2418 2412 2420
f 2420 2412 2411
f 2420 2411 2419
f 2419 2411 2409
f 2419 2409 2417
f 2414 2422 2424
f 2414 2424 2416
f 2416 2424 2423
f 2416 2423 2415
f 2415 2423 2421
f 2415 2421 2413
f 2426 2418 2420
f 2426 2420 2428
f 2428 2420 2419
f 2428 2419 2427
f 2427 2419 2417
f 2427 2417 2425
f 2422 2046 2048
f 2422 2048 2424
f 2424 2048 2047
f 2424 2047 2423
f 2423 2047 2045
f 2423 2045 2421
f 2050 2426 2428
f 2050 2428 2052
f 2052 2428 2427
f 2052 2427 2051
f 2051 2427 2425
f 2051 2425 2049
f 2421 2045 2053
f 2053 2061 2069
f 2069 2077 2085
f 2085 2093 2101
f 2101 2109 2117
f 2117 2125 2133
f 2133 2141 2149
f 2149 2157 2165
f 2165 2173 2181
f 2181 2189 2197
f 2197 2205 2213
f 2213 2221 2229
f 2229 2237 2245
f 2245 2253 2261
f 2261 2269 2277
f 2277 2285 2293
f 2293 2301 2309
f 2309 2317 2325
f 2325 2333 2341
f 2341 2349 2357
f 2357 2365 2373
f 2373 2381 2389
f 2389 2397 2405
f 2405 2413 2421
f 2421 2053 2069
f 2069 2085 2101
f 2101 2117 2133
f 2133 2149 2165
f 2165 2181 2197
f 2197 2213 2229
f 2229 2245 2261
f 2261 2277 2293
f 2293 2309 2325
f 2325 2341 2357
f 2357 2373 2389
f 2389 2405 2421
f 2421 2069 2101
f 2101 2133 2165
f 2165 2197 2229
f 2229 2261 2293
f 2293 2325 2357
f 2357 2389 2421
f 2421 2101 2165
f 2165 2229 2293
f 2293 2357 2421
f 2165 2293 2421
f 2046 2050 2058
f 2046 2058 2054
f 2422 2426 2050
f 2422 2050 2046
f 2065 2057 2049
f 2049 2425 2417
f 2417 2409 2401
f 2401 2393 2385
f 2385 2377 2369
f 2369 2361 2353
f 2353 2345 2337
f 2337 2329 2321
f 2321 2313 2305
f 2305 2297 2289
f 2289 2281 2273
f 2273 2265 2257
f 2257 2249 2241
f 2241 2233 2225
f 2225 2217 2209
f 2209 2201 2193
f 2193 2185 2177
f 2177 2169 2161
f 2161 2153 2145
f 2145 2137 2129
f 2129 2121 2113
f 2113 2105 2097
f 2097 2089 2081
f 2081 2073 2065
f 2065 2049 2417
f 2417 2401 2385
f 2385 2369 2353
f 2353 2337 2321
f 2321 2305 2289
f 2289 2273 2257
f 2257 2241 2225
f 2225 2209 2193
f 2193 2177 2161
f 2161 2145 2129
f 2129 2113 2097
f 2097 2081 2065
f 2065 2417 2385
f 2385 2353 2321
f 2321 2289 2257
f 2257 2225 2193
f 2193 2161 2129
f 2129 2097 2065
f 2065 2385 2321
f 2321 2257 2193
f 2193 2129 2065
f 2321 2193 2065
f 2054 2058 2066
f 2054 2066 2062
f 2062 2066 2074
f 2062 2074 2070
f 2070 2074 2082
f 2070 2082 2078
f 2078 2082 2090
f 2078 2090 2086
f 2086 2090 2098
f 2086 2098 2094
f 2094 2098 2106
f 2094 2106 2102
f 2102 2106 2114
f 2102 2114 2110
f 2110 2114 2122
f 2110 2122 2118
f 2118 2122 2130
f 2118 2130 2126
f 2126 2130 2138
f 2126 2138 2134
f 2134 2138 2146
f 2134 2146 2142
f 2142 2146 2154
f 2142 2154 2150
f 2150 2154 2162
f 2150 2162 2158
f 2158 2162 2170
f 2158 2170 2166
f 2166 2170 2178
f 2166 2178 2174
f 2174 2178 2186
f 2174 2186 2182
f 2182 2186 2194
f 2182 2194 2190
f 2190 2194 2202
f 2190 2202 2198
f 2198 2202 2210
f 2198 2210 2206
f 2206 2210 2218
f 2206 2218 2214
f 2214 2218 2226
f 2214 2226 2222
f 2222 2226 2234
f 2222 2234 2230
f 2230 2234 2242
f 2230 2242 2238
f 2238 2242 2250
f 2238 2250 2246
f 2246 2250 2258
f 2246 2258 2254
f 2254 2258 2266
f 2254 2266 2262
f 2262 2266 2274
f 2262 2274 2270
f 2270 2274 2282
f 2270 2282 2278
f 2278 2282 2290
f 2278 2290 2286
f 2286 2290 2298
f 2286 2298 2294
f 2294 2298 2306
f 2294 2306 2302
f 2302 2306 2314
f 2302 2314 2310
f 2310 2314 2322
f 2310 2322 2318
f 2318 2322 2330
f 2318 2330 2326
f 2326 2330 2338
f 2326 2338 2334
f 2334 2338 2346
f 2334 2346 2342
f 2342 2346 2354
f 2342 2354 2350
f 2350 2354 2362
f 2350 2362 2358
f 2358 2362 2370
f 2358 2370 2366
f 2366 2370 2378
f 2366 2378 2374
f 2374 2378 2386
f 2374 2386 2382
f 2382 2386 2394
f 2382 2394 2390
f 2390 2394 2402
f 2390 2402 2398
f 2398 2402 2410
f 2398 2410 2406
f 2406 2410 2418
f 2406 2418 2414
f 2414 2418 2426
f 2414 2426 2422
f 2430 2438 2440
f 2430 2440 2432
f 2432 2440 2439
f 2432 2439 2431
f 2431 2439 2437
f 2431 2437 2429
f 2442 2434 2436
f 2442 2436 2444
f 2444 2436 2435
f 2444 2435 2443
f 2443 2435 2433
f 2443 2433 2441
f 2438 2446 2448
f 2438 2448 2440
f 2440 2448 2447
f 2440 2447 2439
f 2439 2447 2445
f 2439 2445 2437
f 2450 2442 2444
f 2450 2444 2452
f 2452 2444 2443
f 2452 2443 2451
f 2451 2443 2441
f 2451 2441 2449
f 2446 2454 2456
f 2446 2456 2448
f 2448 2456 2455
f 2448 2455 2447
f 2447 2455 2453
f 2447 2453 2445
f 2458 2450 2452
f 2458 2452 2460
f 2460 2452 2451
f 2460 2451 2459
f 2459 2451 2449
f 2459 2449 2457
f 2454 2462 2464
f 2454 2464 2456
f 2456 2464 2463
f 2456 2463 2455
f 2455 2463 2461
f 2455 2461 2453
f 2466 2458 2460
f 2466 2460 2468
f 2468 2460 2459
f 2468 2459 2467
f 2467 2459 2457
f 2467 2457 2465
f 2462 2470 2472
f 2462 2472 2464
f 2464 2472 2471
f 2464 2471 2463
f 2463 2471 2469
f 2463 2469 2461
f 2474 2466 2468
f 2474 2468 2476
f 2476 2468 2467
f 2476 2467 2475
f 2475 2467 2465
f 2475 2465 2473
f 2470 2478 2480
f 2470 2480 2472
f 2472 2480 2479
f 2472 2479 2471
f 2471 2479 2477
f 2471 2477 2469
f 2482 2474 2476
f 2482 2476 2484
f 2484 2476 2475
f 2484 2475 2483
f 2483 2475 2473
f 2483 2473 2481
f 2478 2486 2488
f 2478 2488 2480
f 2480 2488 2487
f 2480 2487 2479
f 2479 2487 2485
f 2479 2485 2477
f 2490 2482 2484
f 2490 2484 2492
f 2492 2484 2483
f 2492 2483 2491
f 2491 2483 2481
f 2491 2481 2489
f 2486 2494 2496
f 2486 2496 2488
f 2488 2496 2495
f 2488 2495 2487
f 2487 2495 2493
f 2487 2493 2485
f 2498 2490 2492
f 2498 2492 2500
f 2500 2492 2491
f 2500 2491 2499
f 2499 2491 2489
f 2499 2489 2497
f 2494 2502 2504
f 2494 2504 2496
f 2496 2504 2503
f 2496 2503 2495
f 2495 2503 2501
f 2495 2501 2493
f 2506 2498 2500
f 2506 2500 2508
f 2508 2500 2499
f 2508 2499 2507
f 2507 2499 2497
f 2507 2497 2505
f 2502 2510 2512
f 2502 2512 2504
f 2504 2512 2511
f 2504 2511 2503
f 2503 2511 2509
f 2503 2509 2501
f 2514 2506 2508
f 2514 2508 2516
f 2516 2508 2507
f 2516 2507 2515
f 2515 2507 2505
f 2515 2505 2513
f 2510 2518 2520
f 2510 2520 2512
f 2512 2520 2519
f 2512 2519 2511
f 2511 2519 2517
f 2511 2517 2509
f 2522 2514 2516
f 2522 2516 2524
f 2524 2516 2515
f 2524 2515 2523
f 2523 2515 2513
f 2523 2513 2521
f 2518 2526 2528
f 2518 2528 2520
f 2520 2528 2527
f 2520 2527 2519
f 2519 2527 2525
f 2519 2525 2517
f 2530 2522 2524
f 2530 2524 2532
f 2532 2524 2523
f 2532 2523 2531
f 2531 2523 2521
f 2531 2521 2529
f 2526 2534 2536
f 2526 2536 2528
f 2528 2536 2535
f 2528 2535 2527
f 2527 2535 2533
f 2527 2533 2525
f 2538 2530 2532
f 2538 2532 2540
f 2540 2532 2531
f 2540 2531 2539
f 2539 2531 2529
f 2539 2529 2537
f 2534 2542 2544
f 2534 2544 2536
f 2536 2544 2543
f 2536 2543 2535
f 2535 2543 2541
f 2535 2541 2533
f 2546 2538 2540
f 2546 2540 2548
f 2548 2540 2539
f 2548 2539 2547
f 2547 2539 2537
f 2547 2537 2545
f 2542 2550 2552
f 2542 2552 2544
f 2544 2552 2551
f 2544 2551 2543
f 2543 2551 2549
f 2543 2549 2541
f 2554 2546 2548
f 2554 2548 2556
f 2556 2548 2547
f 2556 2547 2555
f 2555 2547 2545
f 2555 2545 2553
f 2550 2558 2560
f 2550 2560 2552
f 2552 2560 2559
f 2552 2559 2551
f 2551 2559 2557
f 2551 2557 2549
f 2562 2554 2556
f 2562 2556 2564
f 2564 2556 2555
f 2564 2555 2563
f 2563 2555 2553
f 2563 2553 2561
f 2558 2566 2568
f 2558 2568 2560
f 2560 2568 2567
f 2560 2567 2559
f 2559 2567 2565
f 2559 2565 2557
f 2570 2562 2564
f 2570 2564 2572
f 2572 2564 2563
f 2572 2563 2571
f 2571 2563 2561
f 2571 2561 2569
f 2566 2574 2576
f 2566 2576 2568
f 2568 2576 2575
f 2568 2575 2567
f 2567 2575 2573
f 2567 2573 2565
f 2578 2570 2572
f 2578 2572 2580
f 2580 2572 2571
f 2580 2571 2579
f 2579 2571 2569
f 2579 2569 2577
f 2574 2582 2584
f 2574 2584 2576
f 2576 2584 2583
f 2576 2583 2575
f 2575 2583 2581
f 2575 2581 2573
f 2586 2578 2580
f 2586 2580 2588
f 2588 2580 2579
f 2588 2579 2587
f 2587 2579 2577
f 2587 2577 2585
f 2582 2590 2592
f 2582 2592 2584
f 2584 2592 2591
f 2584 2591 2583
f 2583 2591 2589
f 2583 2589 2581
f 2594 2586 2588
f 2594 2588 2596
f 2596 2588 2587
f 2596 2587 2595
f 2595 2587 2585
f 2595 2585 2593
f 2590 2598 2600
f 2590 2600 2592
f 2592 2600 2599
f 2592 2599 2591
f 2591 2599 2597
f 2591 2597 2589
f 2602 2594 2596
f 2602 2596 2604
f 2604 2596 2595
f 2604 2595 2603
f 2603 2595 2593
f 2603 2593 2601
f 2598 2606 2608
f 2598 2608 2600
f 2600 2608 2607
f 2600 2607 2599
f 2599 2607 2605
f 2599 2605 2597
f 2610 2602 2604
f 2610 2604 2612
f 2612 2604 2603
f 2612 2603 2611
f 2611 2603 2601
f 2611 2601 2609
f 2606 2614 2616
f 2606 2616 2608
f 2608 2616 2615
f 2608 2615 2607
f 2607 2615 2613
f 2607 2613 2605
f 2618 2610 2612
f 2618 2612 2620
f 2620 2612 2611
f 2620 2611 2619
f 2619 2611 2609
f 2619 2609 2617
f 2614 2622 2624
f 2614 2624 2616
f 2616 2624 2623
f 2616 2623 2615
f 2615 2623 2621
f 2615 2621 2613
f 2626 2618 2620
f 2626 2620 2628
f 2628 2620 2619
f 2628 2619 2627
f 2627 2619 2617
f 2627 2617 2625
f 2622 2630 2632
f 2622 2632 2624
f 2624 2632 2631
f 2624 2631 2623
f 2623 2631 2629
f 2623 2629 2621
f 2634 2626 2628
f 2634 2628 2636
f 2636 2628 2627
f 2636 2627 2635
f 2635 2627 2625
f 2635 2625 2633
f 2630 2638 2640
f 2630 2640 2632
f 2632 2640 2639
f 2632 2639 2631
f 2631 2639 2637
f 2631 2637 2629
f 2642 2634 2636
f 2642 2636 2644
f 2644 2636 2635
f 2644 2635 2643
f 2643 2635 2633
f 2643 2633 2641
f 2638 2646 2648
f 2638 2648 2640
f 2640 2648 2647
f 2640 2647 2639
f 2639 2647 2645
f 2639 2645 2637
f 2650 2642 2644
f 2650 2644 2652
f 2652 2644 2643
f 2652 2643 2651
f 2651 2643 2641
f 2651 2641 2649
f 2646 2654 2656
f 2646 2656 2648
f 2648 2656 2655
f 2648 2655 2647
f 2647 2655 2653
f 2647 2653 2645
f 2658 2650 2652
f 2658 2652 2660
f 2660 2652 2651
f 2660 2651 2659
f 2659 2651 2649
f 2659 2649 2657
f 2654 2662 2664
f 2654 2664 2656
f 2656 2664 2663
f 2656 2663 2655
f 2655 2663 2661
f 2655 2661 2653
f 2666 2658 2660
f 2666 2660 2668
f 2668 2660 2659
f 2668 2659 2667
f 2667 2659 2657
f 2667 2657 2665
f 2662 2670 2672
f 2662 2672 2664
f 2664 2672 2671
f 2664 2671 2663
f 2663 2671 2669
f 2663 2669 2661
f 2674 2666 2668
f 2674 2668 2676
f 2676 2668 2667
f 2676 2667 2675
f 2675 2667 2665
f 2675 2665 2673
f 2670 2678 2680
f 2670 2680 2672
f 2672 2680 2679
f 2672 2679 2671
f 2671 2679 2677
f 2671 2677 2669
f 2682 2674 2676
f 2682 2676 2684
f 2684 2676 2675
f 2684 2675 2683
f 2683 2675 2673
f 2683 2673 2681
f 2678 2686 2688
f 2678 2688 2680
f 2680 2688 2687
f 2680 2687 2679
f 2679 2687 2685
f 2679 2685 2677
f 2690 2682 2684
f 2690 2684 2692
f 2692 2684 2683
f 2692 2683 2691
f 2691 2683 2681
f 2691 2681 2689
f 2686 2694 2696
f 2686 2696 2688
f 2688 2696 2695
f 2688 2695 2687
f 2687 2695 2693
f 2687 2693 2685
f 2698 2690 2692
f 2698 2692 2700
f 2700 2692 2691
f 2700 2691 2699
f 2699 2691 2689
f 2699 2689 2697
f 2694 2702 2704
f 2694 2704 2696
f 2696 2704 2703
f 2696 2703 2695
f 2695 2703 2701
f 2695 2701 2693
f 2706 2698 2700
f 2706 2700 2708
f 2708 2700 2699
f 2708 2699 2707
f 2707 2699 2697
f 2707 2697 2705
f 2702 2710 2712
f 2702 2712 2704
f 2704 2712 2711
f 2704 2711 2703
f 2703 2711 2709
f 2703 2709 2701
f 2714 2706 2708
f 2714 2708 2716
f 2716 2708 2707
f 2716 2707 2715
f 2715 2707 2705
f 2715 2705 2713
f 2710 2718 2720
f 2710 2720 2712
f 2712 2720 2719
f 2712 2719 2711
f 2711 2719 2717
f 2711 2717 2709
f 2722 2714 2716
f 2722 2716 2724
f 2724 2716 2715
f 2724 2715 2723
f 2723 2715 2713
f 2723 2713 2721
f 2718 2726 2728
f 2718 2728 2720
f 2720 2728 2727
f 2720 2727 2719
f 2719 2727 2725
f 2719 2725 2717
f 2730 2722 2724
f 2730 2724 2732
f 2732 2724 2723
f 2732 2723 2731
f 2731 2723 2721
f 2731 2721 2729
f 2726 2734 2736
f 2726 2736 2728
f 2728 2736 2735
f 2728 2735 2727
f 2727 2735 2733
f 2727 2733 2725
f 2738 2730 2732
f 2738 2732 2740
f 2740 2732 2731
f 2740 2731 2739
f 2739 2731 2729
f 2739 2729 2737
f 2734 2742 2744
f 2734 2744 2736
f 2736 2744 2743
f 2736 2743 2735
f 2735 2743 2741
f 2735 2741 2733
f 2746 2738 2740
f 2746 2740 2748
f 2748 2740 2739
f 2748 2739 2747
f 2747 2739 2737
f 2747 2737 2745
f 2742 2750 2752
f 2742 2752 2744
f 2744 2752 2751
f 2744 2751 2743
f 2743 2751 2749
f 2743 2749 2741
f 2754 2746 2748
f 2754 2748 2756
f 2756 2748 2747
f 2756 2747 2755
f 2755 2747 2745
f 2755 2745 2753
f 2750 2758 2760
f 2750 2760 2752
f 2752 2760 2759
f 2752 2759 2751
f 2751 2759 2757
f 2751 2757 2749
f 2762 2754 2756
f 2762 2756 2764
f 2764 2756 2755
f 2764 2755 2763
f 2763 2755 2753
f 2763 2753 2761
f 2758 2766 2768
f 2758 2768 2760
f 2760 2768 2767
f 2760 2767 2759
f 2759 2767 2765
f 2759 2765 2757
f 2770 2762 2764
f 2770 2764 2772
f 2772 2764 2763
f 2772 2763 2771
f 2771 2763 2761
f 2771 2761 2769
f 2766 2774 2776
f 2766 2776 2768
f 2768 2776 2775
f 2768 2775 2767
f 2767 2775 2773
f 2767 2773 2765
f 2778 2770 2772
f 2778 2772 2780
f 2780 2772 2771
f 2780 2771 2779
f 2779 2771 2769
f 2779 2769 2777
f 2774 2782 2784
f 2774 2784 2776
f 2776 2784 2783
f 2776 2783 2775
f 2775 2783 2781
f 2775 2781 2773
f 2786 2778 2780
f 2786 2780 2788
f 2788 2780 2779
f 2788 2779 2787
f 2787 2779 2777
f 2787 2777 2785
f 2782 2790 2792
f 2782 2792 2784
f 2784 2792 2791
f 2784 2791 2783
f 2783 2791 2789
f 2783 2789 2781
f 2794 2786 2788
f 2794 2788 2796
f 2796 2788 2787
f 2796 2787 2795
f 2795 2787 2785
f 2795 2785 2793
f 2790 2798 2800
f 2790 2800 2792
f 2792 2800 2799
f 2792 2799 2791
f 2791 2799 2797
f 2791 2797 2789
f 2802 2794 2796
f 2802 2796 2804
f 2804 2796 2795
f 2804 2795 2803
f 2803 2795 2793
f 2803 2793 2801
f 2798 2806 2808
f 2798 2808 2800
f 2800 2808 2807
f 2800 2807 2799
f 2799 2807 2805
f 2799 2805 2797
f 2810 2802 2804
f 2810 2804 2812
f 2812 2804 2803
f 2812 2803 2811
f 2811 2803 2801
f 2811 2801 2809
f 2806 2430 2432
f 2806 2432 2808
f 2808 2432 2431
f 2808 2431 2807
f 2807 2431 2429
f 2807 2429 2805
f 2434 2810 2812
f 2434 2812 2436
f 2436 2812 2811
f 2436 2811 2435
f 2435 2811 2809
f 2435 2809 2433
f 2805 2429 2437
f 2437 2445 2453
f 2453 2461 2469
f 2469 2477 2485
f 2485 2493 2501
f 2501 2509 2517
f 2517 2525 2533
f 2533 2541 2549
f 2549 2557 2565
f 2565 2573 2581
f 2581 2589 2597
f 2597 2605 2613
f 2613 2621 2629
f 2629 2637 2645
f 2645 2653 2661
f 2661 2669 2677
f 2677 2685 2693
f 2693 2701 2709
f 2709 2717 2725
f 2725 2733 2741
f 2741 2749 2757
f 2757 2765 2773
f 2773 2781 2789
f 2789 2797 2805
f 2805 2437 2453
f 2453 2469 2485
f 2485 2501 2517
f 2517 2533 2549
f 2549 2565 2581
f 2581 2597 2613
f 2613 2629 2645
f 2645 2661 2677
f 2677 2693 2709
f 2709 2725 2741
f 2741 2757 2773
f 2773 2789 2805
f 2805 2453 2485
f 2485 2517 2549
f 2549 2581 2613
f 2613 2645 2677
f 2677 2709 2741
f 2741 2773 2805
f 2805 2485 2549
f 2549 2613 2677
f 2677 2741 2805
f 2549 2677 2805
f 2430 2434 2442
f 2430 2442 2438
f 2806 2810 2434
f 2806 2434 2430
f 2449 2441 2433
f 2433 2809 2801
f 2801 2793 2785
f 2785 2777 2769
f 2769 2761 2753
f 2753 2745 2737
f 2737 2729 2721
f 2721 2713 2705
f 2705 2697 2689
f 2689 2681 2673
f 2673 2665 2657
f 2657 2649 2641
f 2641 2633 2625
f 2625 2617 2609
f 2609 2601 2593
f 2593 2585 2577
f 2577 2569 2561
f 2561 2553 2545
f 2545 2537 2529
f 2529 2521 2513
f 2513 2505 2497
f 2497 2489 2481
f 2481 2473 2465
f 2465 2457 2449
f 2449 2433 2801
f 2801 2785 2769
f 2769 2753 2737
f 2737 2721 2705
f 2705 2689 2673
f 2673 2657 2641
f 2641 2625 2609
f 2609 2593 2577
f 2577 2561 2545
f 2545 2529 2513
f 2513 2497 2481
f 2481 2465 2449
f 2449 2801 2769
f 2769 2737 2705
f 2705 2673 2641
f 2641 2609 2577
f 2577 2545 2513
f 2513 2481 2449
f 2449 2769 2705
f 2705 2641 2577
f 2577 2513 2449
f 2705 2577 2449
f 2438 2442 2450
f 2438 2450 2446
f 2446 2450 2458
f 2446 2458 2454
f 2454 2458 2466
f 2454 2466 2462
f 2462 2466 2474
f 2462 2474 2470
f 2470 2474 2482
f 2470 2482 2478
f 2478 2482 2490
f 2478 2490 2486
f 2486 2490 2498
f 2486 2498 2494
f 2494 2498 2506
f 2494 2506 2502
f 2502 2506 2514
f 2502 2514 2510
f 2510 2514 2522
f 2510 2522 2518
f 2518 2522 2530
f 2518 2530 2526
f 2526 2530 2538
f 2526 2538 2534
f 2534 2538 2546
f 2534 2546 2542
f 2542 2546 2554
f 2542 2554 2550
f 2550 2554 2562
f 2550 2562 2558
f 2558 2562 2570
f 2558 2570 2566
f 2566 2570 2578
f 2566 2578 2574
f 2574 2578 2586
f 2574 2586 2582
f 2582 2586 2594
f 2582 2594 2590
f 2590 2594 2602
f 2590 2602 2598
f 2598 2602 2610
f 2598 2610 2606
f 2606 2610 2618
f 2606 2618 2614
f 2614 2618 2626
f 2614 2626 2622
f 2622 2626 2634
f 2622 2634 2630
f 2630 2634 2642
f 2630 2642 2638
f 2638 2642 2650
f 2638 2650 2646
f 2646 2650 2658
f 2646 2658 2654
f 2654 2658 2666
f 2654 2666 2662
f 2662 2666 2674
f 2662 2674 2670
f 2670 2674 2682
f 2670 2682 2678
f 2678 2682 2690
f 2678 2690 2686
f 2686 2690 2698
f 2686 2698 2694
f 2694 2698 2706
f 2694 2706 2702
f 2702 2706 2714
f 2702 2714 2710
f 2710 2714 2722
f 2710 2722 2718
f 2718 2722 2730
f 2718 2730 2726
f 2726 2730 2738
f 2726 2738 2734
f 2734 2738 2746
f 2734 2746 2742
f 2742 2746 2754
f 2742 2754 2750
f 2750 2754 2762
f 2750 2762 2758
f 2758 2762 2770
f 2758 2770 2766
f 2766 2770 2778
f 2766 2778 2774
f 2774 2778 2786
f 2774 2786 2782
f 2782 2786 2794
f 2782 2794 2790
f 2790 2794 2802
f 2790 2802 2798
f 2798 2802 2810
f 2798 2810 2806
f 2813 2816 2818
f 2813 2818 2817
f 2816 2820 2821
f 2816 2821 2818
f 2814 2819 2821
f 2814 2821 2820
f 2819 2823 2824
f 2819 2824 2821
f 2815 2822 2824
f 2815 2824 2823
f 2822 2817 2818
f 2822 2818 2824
f 2818 2821 2824
f 2825 2828 2830
f 2825 2830 2829
f 2828 2832 2833
f 2828 2833 2830
f 2826 2831 2833
f 2826 2833 2832
f 2831 2835 2836
f 2831 2836 2833
f 2827 2834 2836
f 2827 2836 2835
f 2834 2829 2830
f 2834 2830 2836
f 2830 2833 2836
f 2837 2840 2842
f 2837 2842 2841
f 2840 2844 2845
f 2840 2845 2842
f 2838 2843 2845
f 2838 2845 2844
f 2843 2847 2848
f 2843 2848 2845
f 2839 2846 2848
f 2839 2848 2847
f 2846 2841 2842
f 2846 2842 2848
f 2842 2845 2848
f 2849 2852 2854
f 2849 2854 2853
f 2852 2856 2857
f 2852 2857 2854
f 2850 2855 2857
f 2850 2857 2856
f 2855 2859 2860
f 2855 2860 2857
f 2851 2858 2860
f 2851 2860 2859
f 2858 2853 2854
f 2858 2854 2860
f 2854 2857 2860
f 2861 2864 2866
f 2861 2866 2865
f 2864 2868 2869
f 2864 2869 2866
f 2862 2867 2869
f 2862 2869 2868
f 2867 2871 2872
f 2867 2872 2869
f 2863 2870 2872
f 2863 2872 2871
f 2870 2865 2866
f 2870 2866 2872
f 2866 2869 2872
f 2873 2876 2878
f 2873 2878 2877
f 2876 2880 2881
f 2876 2881 2878
f 2874 2879 2881
f 2874 2881 2880
f 2879 2883 2884
f 2879 2884 2881
f 2875 2882 2884
f 2875 2884 2883
f 2882 2877 2878
f 2882 2878 2884
f 2878 2881 2884
f 2885 2888 2890
f 2885 2890 2889
f 2888 2892 2893
f 2888 2893 2890
f 2886 2891 2893
f 2886 2893 2892
f 2891 2895 2896
f 2891 2896 2893
f 2887 2894 2896
f 2887 2896 2895
f 2894 2889 2890
f 2894 2890 2896
f 2890 2893 2896
f 2897 2900 2902
f 2897 2902 2901
f 2900 2904 2905
f 2900 2905 2902
f 2898 2903 2905
f 2898 2905 2904
f 2903 2907 2908
f 2903 2908 2905
f 2899 2906 2908
f 2899 2908 2907
f 2906 2901 2902
f 2906 2902 2908
f 2902 2905 2908
f 2837 2813 2817
f 2837 2817 2840
f 2840 2817 2822
f 2840 2822 2844
f 2844 2822 2815
f 2844 2815 2838
f 2814 2825 2829
f 2814 2829 2819
f 2819 2829 2834
f 2819 2834 2823
f 2823 2834 2827
f 2823 2827 2815
f 2826 2849 2853
f 2826 2853 2831
f 2831 2853 2858
f 2831 2858 2835
f 2835 2858 2851
f 2835 2851 2827
f 2850 2839 2847
f 2850 2847 2855
f 2855 2847 2843
f 2855 2843 2859
f 2859 2843 2838
f 2859 2838 2851
f 2885 2837 2841
f 2885 2841 2888
f 2888 2841 2846
f 2888 2846 2892
f 2892 2846 2839
f 2892 2839 2886
f 2849 2897 2901
f 2849 2901 2852
f 2852 2901 2906
f 2852 2906 2856
f 2856 2906 2899
f 2856 2899 2850
f 2898 2887 2895
f 2898 2895 2903
f 2903 2895 2891
f 2903 2891 2907
f 2907 2891 2886
f 2907 2886 2899
f 2861 2885 2889
f 2861 2889 2864
f 2864 2889 2894
f 2864 2894 2868
f 2868 2894 2887
f 2868 2887 2862
f 2897 2873 2877
f 2897 2877 2900
f 2900 2877 2882
f 2900 2882 2904
f 2904 2882 2875
f 2904 2875 2898
f 2874 2863 2871
f 2874 2871 2879
f 2879 2871 2867
f 2879 2867 2883
f 2883 2867 2862
f 2883 2862 2875
f 2813 2861 2865
f 2813 2865 2816
f 2816 2865 2870
f 2816 2870 2820
f 2820 2870 2863
f 2820 2863 2814
f 2873 2826 2832
f 2873 2832 2876
f 2876 2832 2828
f 2876 2828 2880
f 2880 2828 2825
f 2880 2825 2874
f 2837 2885 2861
f 2837 2861 2813
f 2815 2827 2851
f 2815 2851 2838
f 2863 2874 2825
f 2863 2825 2814
f 2897 2849 2826
f 2897 2826 2873
f 2839 2850 2899
f 2839 2899 2886
f 2887 2898 2875
f 2887 2875 2862
