# Zoomer visual mesh, local link coordinates in metres
v -0.0100191 0.0069198 -0.0000000
v -0.0096374 0.0073981 -0.0000000
v -0.0099679 0.0071589 -0.0000000
v -0.0098282 0.0073340 -0.0000000
v 0.0100191 0.0069198 0.0000000
v 0.0096374 0.0073981 0.0000000
v 0.0099679 0.0071589 0.0000000
v 0.0098282 0.0073340 0.0000000
v -0.0100191 0.0068606 -0.0009032
v -0.0096374 0.0073348 -0.0009656
v -0.0099679 0.0070977 -0.0009344
v -0.0098282 0.0072713 -0.0009573
v 0.0100191 0.0068606 -0.0009032
v 0.0096374 0.0073348 -0.0009656
v 0.0099679 0.0070977 -0.0009344
v 0.0098282 0.0072713 -0.0009573
v -0.0100191 0.0066840 -0.0017910
v -0.0096374 0.0071460 -0.0019148
v -0.0099679 0.0069150 -0.0018529
v -0.0098282 0.0070841 -0.0018982
v 0.0100191 0.0066840 -0.0017910
v 0.0096374 0.0071460 -0.0019148
v 0.0099679 0.0069150 -0.0018529
v 0.0098282 0.0070841 -0.0018982
v -0.0100191 0.0063930 -0.0026481
v -0.0096374 0.0068349 -0.0028311
v -0.0099679 0.0066140 -0.0027396
v -0.0098282 0.0067757 -0.0028066
v 0.0100191 0.0063930 -0.0026481
v 0.0096374 0.0068349 -0.0028311
v 0.0099679 0.0066140 -0.0027396
v 0.0098282 0.0067757 -0.0028066
v -0.0100191 0.0059927 -0.0034599
v -0.0096374 0.0064069 -0.0036990
v -0.0099679 0.0061998 -0.0035795
v -0.0098282 0.0063514 -0.0036670
v 0.0100191 0.0059927 -0.0034599
v 0.0096374 0.0064069 -0.0036990
v 0.0099679 0.0061998 -0.0035795
v 0.0098282 0.0063514 -0.0036670
v -0.0100191 0.0054898 -0.0042125
v -0.0096374 0.0058693 -0.0045037
v -0.0099679 0.0056796 -0.0043581
v -0.0098282 0.0058184 -0.0044647
v 0.0100191 0.0054898 -0.0042125
v 0.0096374 0.0058693 -0.0045037
v 0.0099679 0.0056796 -0.0043581
v 0.0098282 0.0058184 -0.0044647
v -0.0100191 0.0048930 -0.0048930
v -0.0096374 0.0052312 -0.0052312
v -0.0099679 0.0050621 -0.0050621
v -0.0098282 0.0051859 -0.0051859
v 0.0100191 0.0048930 -0.0048930
v 0.0096374 0.0052312 -0.0052312
v 0.0099679 0.0050621 -0.0050621
v 0.0098282 0.0051859 -0.0051859
v -0.0100191 0.0042125 -0.0054898
v -0.0096374 0.0045037 -0.0058693
v -0.0099679 0.0043581 -0.0056796
v -0.0098282 0.0044647 -0.0058185
v 0.0100191 0.0042125 -0.0054898
v 0.0096374 0.0045037 -0.0058693
v 0.0099679 0.0043581 -0.0056796
v 0.0098282 0.0044647 -0.0058184
v -0.0100191 0.0034599 -0.0059927
v -0.0096374 0.0036990 -0.0064069
v -0.0099679 0.0035795 -0.0061998
v -0.0098282 0.0036670 -0.0063514
v 0.0100191 0.0034599 -0.0059927
v 0.0096374 0.0036990 -0.0064069
v 0.0099680 0.0035795 -0.0061998
v 0.0098282 0.0036670 -0.0063514
v -0.0100191 0.0026481 -0.0063930
v -0.0096374 0.0028311 -0.0068349
v -0.0099679 0.0027396 -0.0066140
v -0.0098282 0.0028066 -0.0067757
v 0.0100191 0.0026481 -0.0063930
v 0.0096374 0.0028311 -0.0068349
v 0.0099680 0.0027396 -0.0066140
v 0.0098282 0.0028066 -0.0067757
v -0.0100191 0.0017910 -0.0066840
v -0.0096374 0.0019148 -0.0071460
v -0.0099679 0.0018529 -0.0069150
v -0.0098282 0.0018982 -0.0070841
v 0.0100191 0.0017910 -0.0066840
v 0.0096374 0.0019148 -0.0071460
v 0.0099680 0.0018529 -0.0069150
v 0.0098282 0.0018982 -0.0070841
v -0.0100191 0.0009032 -0.0068606
v -0.0096374 0.0009656 -0.0073348
v -0.0099679 0.0009344 -0.0070977
v -0.0098282 0.0009573 -0.0072713
v 0.0100191 0.0009032 -0.0068606
v 0.0096374 0.0009656 -0.0073348
v 0.0099680 0.0009344 -0.0070977
v 0.0098282 0.0009573 -0.0072713
v -0.0100191 0.0000000 -0.0069198
v -0.0096374 0.0000000 -0.0073981
v -0.0099679 0.0000000 -0.0071589
v -0.0098282 0.0000000 -0.0073340
v 0.0100191 -0.0000000 -0.0069198
v 0.0096374 0.0000000 -0.0073981
v 0.0099680 -0.0000000 -0.0071589
v 0.0098282 -0.0000000 -0.0073340
v -0.0100191 -0.0009032 -0.0068606
v -0.0096374 -0.0009656 -0.0073348
v -0.0099679 -0.0009344 -0.0070977
v -0.0098282 -0.0009573 -0.0072713
v 0.0100191 -0.0009032 -0.0068606
v 0.0096374 -0.0009656 -0.0073348
v 0.0099680 -0.0009344 -0.0070977
v 0.0098282 -0.0009573 -0.0072713
v -0.0100191 -0.0017910 -0.0066840
v -0.0096374 -0.0019148 -0.0071460
v -0.0099679 -0.0018529 -0.0069150
v -0.0098282 -0.0018982 -0.0070841
v 0.0100191 -0.0017910 -0.0066840
v 0.0096374 -0.0019148 -0.0071460
v 0.0099680 -0.0018529 -0.0069150
v 0.0098282 -0.0018982 -0.0070841
v -0.0100191 -0.0026481 -0.0063930
v -0.0096374 -0.0028311 -0.0068349
v -0.0099679 -0.0027396 -0.0066140
v -0.0098282 -0.0028066 -0.0067757
v 0.0100191 -0.0026481 -0.0063930
v 0.0096374 -0.0028311 -0.0068349
v 0.0099680 -0.0027396 -0.0066140
v 0.0098282 -0.0028066 -0.0067757
v -0.0100191 -0.0034599 -0.0059927
v -0.0096374 -0.0036990 -0.0064069
v -0.0099679 -0.0035795 -0.0061998
v -0.0098282 -0.0036670 -0.0063514
v 0.0100191 -0.0034599 -0.0059927
v 0.0096374 -0.0036990 -0.0064069
v 0.0099680 -0.0035795 -0.0061998
v 0.0098282 -0.0036670 -0.0063514
v -0.0100191 -0.0042125 -0.0054898
v -0.0096374 -0.0045037 -0.0058693
v -0.0099679 -0.0043581 -0.0056796
v -0.0098282 -0.0044647 -0.0058185
v 0.0100191 -0.0042125 -0.0054898
v 0.0096374 -0.0045037 -0.0058693
v 0.0099679 -0.0043581 -0.0056796
v 0.0098282 -0.0044647 -0.0058184
v -0.0100191 -0.0048930 -0.0048930
v -0.0096374 -0.0052312 -0.0052312
v -0.0099679 -0.0050621 -0.0050621
v -0.0098282 -0.0051859 -0.0051859
v 0.0100191 -0.0048930 -0.0048930
v 0.0096374 -0.0052312 -0.0052312
v 0.0099679 -0.0050621 -0.0050621
v 0.0098282 -0.0051859 -0.0051859
v -0.0100191 -0.0054898 -0.0042125
v -0.0096374 -0.0058693 -0.0045037
v -0.0099679 -0.0056796 -0.0043581
v -0.0098282 -0.0058184 -0.0044647
v 0.0100191 -0.0054898 -0.0042125
v 0.0096374 -0.0058693 -0.0045037
v 0.0099679 -0.0056796 -0.0043581
v 0.0098282 -0.0058184 -0.0044647
v -0.0100191 -0.0059927 -0.0034599
v -0.0096374 -0.0064069 -0.0036990
v -0.0099679 -0.0061998 -0.0035795
v -0.0098282 -0.0063514 -0.0036670
v 0.0100191 -0.0059927 -0.0034599
v 0.0096374 -0.0064069 -0.0036990
v 0.0099679 -0.0061998 -0.0035795
v 0.0098282 -0.0063514 -0.0036670
v -0.0100191 -0.0063930 -0.0026481
v -0.0096374 -0.0068349 -0.0028311
v -0.0099679 -0.0066140 -0.0027396
v -0.0098282 -0.0067757 -0.0028066
v 0.0100191 -0.0063930 -0.0026481
v 0.0096374 -0.0068349 -0.0028311
v 0.0099679 -0.0066140 -0.0027396
v 0.0098282 -0.0067757 -0.0028066
v -0.0100191 -0.0066840 -0.0017910
v -0.0096374 -0.0071460 -0.0019148
v -0.0099679 -0.0069150 -0.0018529
v -0.0098282 -0.0070841 -0.0018982
v 0.0100191 -0.0066840 -0.0017910
v 0.0096374 -0.0071460 -0.0019148
v 0.0099679 -0.0069150 -0.0018529
v 0.0098282 -0.0070841 -0.0018982
v -0.0100191 -0.0068606 -0.0009032
v -0.0096374 -0.0073348 -0.0009656
v -0.0099679 -0.0070977 -0.0009344
v -0.0098282 -0.0072713 -0.0009573
v 0.0100191 -0.0068606 -0.0009032
v 0.0096374 -0.0073348 -0.0009656
v 0.0099679 -0.0070977 -0.0009344
v 0.0098282 -0.0072713 -0.0009573
v -0.0100191 -0.0069198 -0.0000000
v -0.0096374 -0.0073981 -0.0000000
v -0.0099679 -0.0071589 -0.0000000
v -0.0098282 -0.0073340 -0.0000000
v 0.0100191 -0.0069198 0.0000000
v 0.0096374 -0.0073981 0.0000000
v 0.0099679 -0.0071589 0.0000000
v 0.0098282 -0.0073340 0.0000000
v -0.0100191 -0.0068606 0.0009032
v -0.0096374 -0.0073348 0.0009656
v -0.0099679 -0.0070977 0.0009344
v -0.0098282 -0.0072713 0.0009573
v 0.0100191 -0.0068606 0.0009032
v 0.0096374 -0.0073348 0.0009656
v 0.0099679 -0.0070977 0.0009344
v 0.0098282 -0.0072713 0.0009573
v -0.0100191 -0.0066840 0.0017910
v -0.0096374 -0.0071460 0.0019148
v -0.0099679 -0.0069150 0.0018529
v -0.0098282 -0.0070841 0.0018982
v 0.0100191 -0.0066840 0.0017910
v 0.0096374 -0.0071460 0.0019148
v 0.0099679 -0.0069150 0.0018529
v 0.0098282 -0.0070841 0.0018982
v -0.0100191 -0.0063930 0.0026481
v -0.0096374 -0.0068349 0.0028311
v -0.0099679 -0.0066140 0.0027396
v -0.0098282 -0.0067757 0.0028066
v 0.0100191 -0.0063930 0.0026481
v 0.0096374 -0.0068349 0.0028311
v 0.0099679 -0.0066140 0.0027396
v 0.0098282 -0.0067757 0.0028066
v -0.0100191 -0.0059927 0.0034599
v -0.0096374 -0.0064069 0.0036990
v -0.0099679 -0.0061998 0.0035795
v -0.0098282 -0.0063514 0.0036670
v 0.0100191 -0.0059927 0.0034599
v 0.0096374 -0.0064069 0.0036990
v 0.0099679 -0.0061998 0.0035795
v 0.0098282 -0.0063514 0.0036670
v -0.0100191 -0.0054898 0.0042125
v -0.0096374 -0.0058693 0.0045037
v -0.0099679 -0.0056796 0.0043581
v -0.0098282 -0.0058184 0.0044647
v 0.0100191 -0.0054898 0.0042125
v 0.0096374 -0.0058693 0.0045037
v 0.0099679 -0.0056796 0.0043581
v 0.0098282 -0.0058184 0.0044647
v -0.0100191 -0.0048930 0.0048930
v -0.0096374 -0.0052312 0.0052312
v -0.0099679 -0.0050621 0.0050621
v -0.0098282 -0.0051859 0.0051859
v 0.0100191 -0.0048930 0.0048930
v 0.0096374 -0.0052312 0.0052312
v 0.0099679 -0.0050621 0.0050621
v 0.0098282 -0.0051859 0.0051859
v -0.0100191 -0.0042125 0.0054898
v -0.0096374 -0.0045037 0.0058693
v -0.0099679 -0.0043581 0.0056796
v -0.0098282 -0.0044647 0.0058184
v 0.0100191 -0.0042125 0.0054898
v 0.0096374 -0.0045037 0.0058693
v 0.0099679 -0.0043581 0.0056796
v 0.0098282 -0.0044647 0.0058185
v -0.0100191 -0.0034599 0.0059927
v -0.0096374 -0.0036990 0.0064069
v -0.0099680 -0.0035795 0.0061998
v -0.0098282 -0.0036670 0.0063514
v 0.0100191 -0.0034599 0.0059927
v 0.0096374 -0.0036990 0.0064069
v 0.0099679 -0.0035795 0.0061998
v 0.0098282 -0.0036670 0.0063514
v -0.0100191 -0.0026481 0.0063930
v -0.0096374 -0.0028311 0.0068349
v -0.0099680 -0.0027396 0.0066140
v -0.0098282 -0.0028066 0.0067757
v 0.0100191 -0.0026481 0.0063930
v 0.0096374 -0.0028311 0.0068349
v 0.0099679 -0.0027396 0.0066140
v 0.0098282 -0.0028066 0.0067757
v -0.0100191 -0.0017910 0.0066840
v -0.0096374 -0.0019148 0.0071460
v -0.0099680 -0.0018529 0.0069150
v -0.0098282 -0.0018982 0.0070841
v 0.0100191 -0.0017910 0.0066840
v 0.0096374 -0.0019148 0.0071460
v 0.0099679 -0.0018529 0.0069150
v 0.0098282 -0.0018982 0.0070841
v -0.0100191 -0.0009032 0.0068606
v -0.0096374 -0.0009656 0.0073348
v -0.0099680 -0.0009344 0.0070977
v -0.0098282 -0.0009573 0.0072713
v 0.0100191 -0.0009032 0.0068606
v 0.0096374 -0.0009656 0.0073348
v 0.0099679 -0.0009344 0.0070977
v 0.0098282 -0.0009573 0.0072713
v -0.0100191 -0.0000000 0.0069198
v -0.0096374 0.0000000 0.0073981
v -0.0099680 -0.0000000 0.0071589
v -0.0098282 -0.0000000 0.0073340
v 0.0100191 0.0000000 0.0069198
v 0.0096374 0.0000000 0.0073981
v 0.0099679 0.0000000 0.0071589
v 0.0098282 0.0000000 0.0073340
v -0.0100191 0.0009032 0.0068606
v -0.0096374 0.0009656 0.0073348
v -0.0099680 0.0009344 0.0070977
v -0.0098282 0.0009573 0.0072713
v 0.0100191 0.0009032 0.0068606
v 0.0096374 0.0009656 0.0073348
v 0.0099679 0.0009344 0.0070977
v 0.0098282 0.0009573 0.0072713
v -0.0100191 0.0017910 0.0066840
v -0.0096374 0.0019148 0.0071460
v -0.0099680 0.0018529 0.0069150
v -0.0098282 0.0018982 0.0070841
v 0.0100191 0.0017910 0.0066840
v 0.0096374 0.0019148 0.0071460
v 0.0099679 0.0018529 0.0069150
v 0.0098282 0.0018982 0.0070841
v -0.0100191 0.0026481 0.0063930
v -0.0096374 0.0028311 0.0068349
v -0.0099680 0.0027396 0.0066140
v -0.0098282 0.0028066 0.0067757
v 0.0100191 0.0026481 0.0063930
v 0.0096374 0.0028311 0.0068349
v 0.0099679 0.0027396 0.0066140
v 0.0098282 0.0028066 0.0067757
v -0.0100191 0.0034599 0.0059927
v -0.0096374 0.0036990 0.0064069
v -0.0099680 0.0035795 0.0061998
v -0.0098282 0.0036670 0.0063514
v 0.0100191 0.0034599 0.0059927
v 0.0096374 0.0036990 0.0064069
v 0.0099679 0.0035795 0.0061998
v 0.0098282 0.0036670 0.0063514
v -0.0100191 0.0042125 0.0054898
v -0.0096374 0.0045037 0.0058693
v -0.0099679 0.0043581 0.0056796
v -0.0098282 0.0044647 0.0058184
v 0.0100191 0.0042125 0.0054898
v 0.0096374 0.0045037 0.0058693
v 0.0099679 0.0043581 0.0056796
v 0.0098282 0.0044647 0.0058185
v -0.0100191 0.0048930 0.0048930
v -0.0096374 0.0052312 0.0052312
v -0.0099679 0.0050621 0.0050621
v -0.0098282 0.0051859 0.0051859
v 0.0100191 0.0048930 0.0048930
v 0.0096374 0.0052312 0.0052312
v 0.0099679 0.0050621 0.0050621
v 0.0098282 0.0051859 0.0051859
v -0.0100191 0.0054898 0.0042125
v -0.0096374 0.0058693 0.0045037
v -0.0099679 0.0056796 0.0043581
v -0.0098282 0.0058184 0.0044647
v 0.0100191 0.0054898 0.0042125
v 0.0096374 0.0058693 0.0045037
v 0.0099679 0.0056796 0.0043581
v 0.0098282 0.0058184 0.0044647
v -0.0100191 0.0059927 0.0034599
v -0.0096374 0.0064069 0.0036990
v -0.0099679 0.0061998 0.0035795
v -0.0098282 0.0063514 0.0036670
v 0.0100191 0.0059927 0.0034599
v 0.0096374 0.0064069 0.0036990
v 0.0099679 0.0061998 0.0035795
v 0.0098282 0.0063514 0.0036670
v -0.0100191 0.0063930 0.0026481
v -0.0096374 0.0068349 0.0028311
v -0.0099679 0.0066140 0.0027396
v -0.0098282 0.0067757 0.0028066
v 0.0100191 0.0063930 0.0026481
v 0.0096374 0.0068349 0.0028311
v 0.0099679 0.0066140 0.0027396
v 0.0098282 0.0067757 0.0028066
v -0.0100191 0.0066840 0.0017910
v -0.0096374 0.0071460 0.0019148
v -0.0099679 0.0069150 0.0018529
v -0.0098282 0.0070841 0.0018982
v 0.0100191 0.0066840 0.0017910
v 0.0096374 0.0071460 0.0019148
v 0.0099679 0.0069150 0.0018529
v 0.0098282 0.0070841 0.0018982
v -0.0100191 0.0068606 0.0009032
v -0.0096374 0.0073348 0.0009656
v -0.0099679 0.0070977 0.0009344
v -0.0098282 0.0072713 0.0009573
v 0.0100191 0.0068606 0.0009032
v 0.0096374 0.0073348 0.0009656
v 0.0099679 0.0070977 0.0009344
v 0.0098282 0.0072713 0.0009573
v -0.0079198 -0.0081140 0.0038184
v -0.0079198 -0.0095459 0.0052502
v -0.0090649 -0.0081140 0.0052502
v -0.0079198 -0.0088290 0.0040097
v -0.0084916 -0.0081140 0.0040097
v -0.0084674 -0.0087988 0.0041955
v -0.0084916 -0.0093546 0.0052502
v -0.0079198 -0.0093546 0.0045352
v -0.0084674 -0.0091688 0.0045655
v -0.0089119 -0.0081140 0.0045352
v -0.0089119 -0.0088290 0.0052502
v -0.0087633 -0.0087988 0.0045655
v -0.0079198 -0.0095459 0.0133643
v -0.0079198 -0.0081140 0.0147962
v -0.0090649 -0.0081140 0.0133643
v -0.0079198 -0.0093546 0.0140793
v -0.0084916 -0.0093546 0.0133643
v -0.0084674 -0.0091688 0.0140490
v -0.0084916 -0.0081140 0.0146049
v -0.0079198 -0.0088290 0.0146049
v -0.0084674 -0.0087988 0.0144190
v -0.0089119 -0.0088290 0.0133643
v -0.0089119 -0.0081140 0.0140793
v -0.0087633 -0.0087988 0.0140490
v -0.0079198 0.0081140 0.0038184
v -0.0090649 0.0081140 0.0052502
v -0.0079198 0.0095459 0.0052502
v -0.0084916 0.0081140 0.0040097
v -0.0079198 0.0088290 0.0040097
v -0.0084674 0.0087988 0.0041955
v -0.0089119 0.0088290 0.0052502
v -0.0089119 0.0081140 0.0045352
v -0.0087633 0.0087988 0.0045655
v -0.0079198 0.0093546 0.0045352
v -0.0084916 0.0093546 0.0052502
v -0.0084674 0.0091688 0.0045655
v -0.0079198 0.0081140 0.0147962
v -0.0079198 0.0095459 0.0133643
v -0.0090649 0.0081140 0.0133643
v -0.0079198 0.0088290 0.0146049
v -0.0084916 0.0081140 0.0146049
v -0.0084674 0.0087988 0.0144190
v -0.0084916 0.0093546 0.0133643
v -0.0079198 0.0093546 0.0140793
v -0.0084674 0.0091688 0.0140490
v -0.0089119 0.0081140 0.0140793
v -0.0089119 0.0088290 0.0133643
v -0.0087633 0.0087988 0.0140490
v 0.0079198 -0.0081140 0.0038184
v 0.0090649 -0.0081140 0.0052502
v 0.0079198 -0.0095459 0.0052502
v 0.0084916 -0.0081140 0.0040097
v 0.0079198 -0.0088290 0.0040097
v 0.0084674 -0.0087988 0.0041955
v 0.0089119 -0.0088290 0.0052502
v 0.0089119 -0.0081140 0.0045352
v 0.0087633 -0.0087988 0.0045655
v 0.0079198 -0.0093546 0.0045352
v 0.0084916 -0.0093546 0.0052502
v 0.0084674 -0.0091688 0.0045655
v 0.0079198 -0.0081140 0.0147962
v 0.0079198 -0.0095459 0.0133643
v 0.0090649 -0.0081140 0.0133643
v 0.0079198 -0.0088290 0.0146049
v 0.0084916 -0.0081140 0.0146049
v 0.0084674 -0.0087988 0.0144190
v 0.0084916 -0.0093546 0.0133643
v 0.0079198 -0.0093546 0.0140793
v 0.0084674 -0.0091688 0.0140490
v 0.0089119 -0.0081140 0.0140793
v 0.0089119 -0.0088290 0.0133643
v 0.0087633 -0.0087988 0.0140490
v 0.0079198 0.0081140 0.0038184
v 0.0079198 0.0095459 0.0052502
v 0.0090649 0.0081140 0.0052502
v 0.0079198 0.0088290 0.0040097
v 0.0084916 0.0081140 0.0040097
v 0.0084674 0.0087988 0.0041955
v 0.0084916 0.0093546 0.0052502
v 0.0079198 0.0093546 0.0045352
v 0.0084674 0.0091688 0.0045655
v 0.0089119 0.0081140 0.0045352
v 0.0089119 0.0088290 0.0052502
v 0.0087633 0.0087988 0.0045655
v 0.0079198 0.0081140 0.0147962
v 0.0090649 0.0081140 0.0133643
v 0.0079198 0.0095459 0.0133643
v 0.0084916 0.0081140 0.0146049
v 0.0079198 0.0088290 0.0146049
v 0.0084674 0.0087988 0.0144190
v 0.0089119 0.0088290 0.0133643
v 0.0089119 0.0081140 0.0140793
v 0.0087633 0.0087988 0.0140490
v 0.0079198 0.0093546 0.0140793
v 0.0084916 0.0093546 0.0133643
v 0.0084674 0.0091688 0.0140490
v -0.0224237 -0.0178986 0.0376338
v -0.0224237 -0.0183281 0.0380643
v -0.0224237 -0.0179561 0.0378491
v -0.0224237 -0.0181134 0.0380066
v -0.0224237 -0.0200464 0.0376338
v -0.0224237 -0.0196168 0.0380643
v -0.0224237 -0.0199889 0.0378491
v -0.0224237 -0.0198316 0.0380066
v -0.0218957 -0.0178986 0.0375906
v -0.0218507 -0.0183281 0.0380174
v -0.0218732 -0.0179561 0.0378040
v -0.0218568 -0.0181134 0.0379602
v -0.0218957 -0.0200464 0.0375906
v -0.0218507 -0.0196168 0.0380174
v -0.0218732 -0.0199889 0.0378040
v -0.0218568 -0.0198316 0.0379602
v -0.0213767 -0.0178986 0.0374615
v -0.0212876 -0.0183281 0.0378773
v -0.0213322 -0.0179561 0.0376694
v -0.0212996 -0.0181134 0.0378216
v -0.0213767 -0.0200464 0.0374615
v -0.0212876 -0.0196168 0.0378773
v -0.0213322 -0.0199889 0.0376694
v -0.0212996 -0.0198316 0.0378216
v -0.0208757 -0.0178986 0.0372488
v -0.0207439 -0.0183281 0.0376465
v -0.0208098 -0.0179561 0.0374476
v -0.0207616 -0.0181134 0.0375932
v -0.0208757 -0.0200464 0.0372488
v -0.0207439 -0.0196168 0.0376465
v -0.0208098 -0.0199889 0.0374476
v -0.0207616 -0.0198316 0.0375932
v -0.0204011 -0.0178986 0.0369561
v -0.0202290 -0.0183281 0.0373289
v -0.0203151 -0.0179561 0.0371425
v -0.0202521 -0.0181134 0.0372790
v -0.0204011 -0.0200464 0.0369561
v -0.0202290 -0.0196168 0.0373289
v -0.0203151 -0.0199889 0.0371425
v -0.0202521 -0.0198316 0.0372790
v -0.0199612 -0.0178986 0.0365885
v -0.0197516 -0.0183281 0.0369301
v -0.0198564 -0.0179561 0.0367593
v -0.0197797 -0.0181134 0.0368843
v -0.0199612 -0.0200464 0.0365885
v -0.0197516 -0.0196168 0.0369301
v -0.0198564 -0.0199889 0.0367593
v -0.0197797 -0.0198316 0.0368843
v -0.0195634 -0.0178986 0.0361523
v -0.0193200 -0.0183281 0.0364567
v -0.0194417 -0.0179561 0.0363045
v -0.0193526 -0.0181134 0.0364159
v -0.0195634 -0.0200464 0.0361523
v -0.0193200 -0.0196168 0.0364567
v -0.0194417 -0.0199889 0.0363045
v -0.0193526 -0.0198316 0.0364159
v -0.0192145 -0.0178986 0.0356548
v -0.0189414 -0.0183281 0.0359168
v -0.0190779 -0.0179561 0.0357858
v -0.0189780 -0.0181134 0.0358817
v -0.0192145 -0.0200464 0.0356548
v -0.0189414 -0.0196168 0.0359168
v -0.0190779 -0.0199889 0.0357858
v -0.0189780 -0.0198316 0.0358817
v -0.0189205 -0.0178986 0.0351046
v -0.0186224 -0.0183281 0.0353199
v -0.0187715 -0.0179561 0.0352122
v -0.0186623 -0.0181134 0.0352910
v -0.0189205 -0.0200464 0.0351046
v -0.0186224 -0.0196168 0.0353199
v -0.0187715 -0.0199889 0.0352122
v -0.0186623 -0.0198316 0.0352910
v -0.0186865 -0.0178986 0.0345112
v -0.0183685 -0.0183281 0.0346759
v -0.0185275 -0.0179561 0.0345936
v -0.0184111 -0.0181134 0.0346539
v -0.0186865 -0.0200464 0.0345112
v -0.0183685 -0.0196168 0.0346759
v -0.0185275 -0.0199889 0.0345936
v -0.0184111 -0.0198316 0.0346539
v -0.0185164 -0.0178986 0.0338846
v -0.0181839 -0.0183281 0.0339961
v -0.0183502 -0.0179561 0.0339403
v -0.0182285 -0.0181134 0.0339811
v -0.0185164 -0.0200464 0.0338846
v -0.0181839 -0.0196168 0.0339961
v -0.0183502 -0.0199889 0.0339403
v -0.0182285 -0.0198316 0.0339811
v -0.0184132 -0.0178986 0.0332357
v -0.0180719 -0.0183281 0.0332919
v -0.0182426 -0.0179561 0.0332638
v -0.0181176 -0.0181134 0.0332843
v -0.0184132 -0.0200464 0.0332357
v -0.0180719 -0.0196168 0.0332919
v -0.0182426 -0.0199889 0.0332638
v -0.0181176 -0.0198316 0.0332843
v -0.0183786 -0.0178986 0.0325754
v -0.0180344 -0.0183281 0.0325754
v -0.0182065 -0.0179561 0.0325754
v -0.0180805 -0.0181134 0.0325754
v -0.0183786 -0.0200464 0.0325754
v -0.0180344 -0.0196168 0.0325754
v -0.0182065 -0.0199889 0.0325754
v -0.0180805 -0.0198316 0.0325754
v -0.0184132 -0.0178986 0.0319152
v -0.0180719 -0.0183281 0.0318590
v -0.0182426 -0.0179561 0.0318871
v -0.0181176 -0.0181134 0.0318665
v -0.0184132 -0.0200464 0.0319152
v -0.0180719 -0.0196168 0.0318590
v -0.0182426 -0.0199889 0.0318871
v -0.0181176 -0.0198316 0.0318665
v -0.0185164 -0.0178986 0.0312662
v -0.0181839 -0.0183281 0.0311548
v -0.0183502 -0.0179561 0.0312105
v -0.0182285 -0.0181134 0.0311697
v -0.0185164 -0.0200464 0.0312662
v -0.0181839 -0.0196168 0.0311548
v -0.0183502 -0.0199889 0.0312105
v -0.0182285 -0.0198316 0.0311697
v -0.0186865 -0.0178986 0.0306397
v -0.0183685 -0.0183281 0.0304749
v -0.0185275 -0.0179561 0.0305573
v -0.0184111 -0.0181134 0.0304970
v -0.0186865 -0.0200464 0.0306397
v -0.0183685 -0.0196168 0.0304749
v -0.0185275 -0.0199889 0.0305573
v -0.0184111 -0.0198316 0.0304970
v -0.0189205 -0.0178986 0.0300462
v -0.0186224 -0.0183281 0.0298310
v -0.0187715 -0.0179561 0.0299386
v -0.0186623 -0.0181134 0.0298598
v -0.0189205 -0.0200464 0.0300462
v -0.0186224 -0.0196168 0.0298310
v -0.0187715 -0.0199889 0.0299386
v -0.0186623 -0.0198316 0.0298598
v -0.0192145 -0.0178986 0.0294961
v -0.0189414 -0.0183281 0.0292340
v -0.0190779 -0.0179561 0.0293650
v -0.0189780 -0.0181134 0.0292691
v -0.0192145 -0.0200464 0.0294961
v -0.0189414 -0.0196168 0.0292340
v -0.0190779 -0.0199889 0.0293650
v -0.0189780 -0.0198316 0.0292691
v -0.0195634 -0.0178986 0.0289986
v -0.0193200 -0.0183281 0.0286942
v -0.0194417 -0.0179561 0.0288464
v -0.0193526 -0.0181134 0.0287350
v -0.0195634 -0.0200464 0.0289986
v -0.0193200 -0.0196168 0.0286942
v -0.0194417 -0.0199889 0.0288464
v -0.0193526 -0.0198316 0.0287350
v -0.0199612 -0.0178986 0.0285623
v -0.0197516 -0.0183281 0.0282208
v -0.0198564 -0.0179561 0.0283916
v -0.0197797 -0.0181134 0.0282665
v -0.0199612 -0.0200464 0.0285623
v -0.0197516 -0.0196168 0.0282208
v -0.0198564 -0.0199889 0.0283916
v -0.0197797 -0.0198316 0.0282665
v -0.0204011 -0.0178986 0.0281947
v -0.0202290 -0.0183281 0.0278219
v -0.0203151 -0.0179561 0.0280083
v -0.0202521 -0.0181134 0.0278718
v -0.0204011 -0.0200464 0.0281947
v -0.0202290 -0.0196168 0.0278219
v -0.0203151 -0.0199889 0.0280083
v -0.0202521 -0.0198316 0.0278718
v -0.0208757 -0.0178986 0.0279021
v -0.0207439 -0.0183281 0.0275043
v -0.0208098 -0.0179561 0.0277032
v -0.0207616 -0.0181134 0.0275576
v -0.0208757 -0.0200464 0.0279021
v -0.0207439 -0.0196168 0.0275043
v -0.0208098 -0.0199889 0.0277032
v -0.0207616 -0.0198316 0.0275576
v -0.0213767 -0.0178986 0.0276894
v -0.0212876 -0.0183281 0.0272736
v -0.0213322 -0.0179561 0.0274815
v -0.0212996 -0.0181134 0.0273293
v -0.0213767 -0.0200464 0.0276894
v -0.0212876 -0.0196168 0.0272736
v -0.0213322 -0.0199889 0.0274815
v -0.0212996 -0.0198316 0.0273293
v -0.0218957 -0.0178986 0.0275603
v -0.0218507 -0.0183281 0.0271335
v -0.0218732 -0.0179561 0.0273469
v -0.0218568 -0.0181134 0.0271907
v -0.0218957 -0.0200464 0.0275603
v -0.0218507 -0.0196168 0.0271335
v -0.0218732 -0.0199889 0.0273469
v -0.0218568 -0.0198316 0.0271907
v -0.0224237 -0.0178986 0.0275170
v -0.0224237 -0.0183281 0.0270865
v -0.0224237 -0.0179561 0.0273018
v -0.0224237 -0.0181134 0.0271442
v -0.0224237 -0.0200464 0.0275170
v -0.0224237 -0.0196168 0.0270865
v -0.0224237 -0.0199889 0.0273018
v -0.0224237 -0.0198316 0.0271442
v -0.0229516 -0.0178986 0.0275603
v -0.0229966 -0.0183281 0.0271335
v -0.0229741 -0.0179561 0.0273469
v -0.0229906 -0.0181134 0.0271907
v -0.0229516 -0.0200464 0.0275603
v -0.0229966 -0.0196168 0.0271335
v -0.0229741 -0.0199889 0.0273469
v -0.0229906 -0.0198316 0.0271907
v -0.0234706 -0.0178986 0.0276894
v -0.0235597 -0.0183281 0.0272736
v -0.0235152 -0.0179561 0.0274815
v -0.0235478 -0.0181134 0.0273293
v -0.0234706 -0.0200464 0.0276894
v -0.0235597 -0.0196168 0.0272736
v -0.0235152 -0.0199889 0.0274815
v -0.0235478 -0.0198316 0.0273293
v -0.0239716 -0.0178986 0.0279021
v -0.0241034 -0.0183281 0.0275043
v -0.0240375 -0.0179561 0.0277032
v -0.0240857 -0.0181134 0.0275576
v -0.0239716 -0.0200464 0.0279021
v -0.0241034 -0.0196168 0.0275043
v -0.0240375 -0.0199889 0.0277032
v -0.0240857 -0.0198316 0.0275576
v -0.0244462 -0.0178986 0.0281947
v -0.0246183 -0.0183281 0.0278219
v -0.0245323 -0.0179561 0.0280083
v -0.0245953 -0.0181134 0.0278718
v -0.0244462 -0.0200464 0.0281947
v -0.0246183 -0.0196168 0.0278219
v -0.0245323 -0.0199889 0.0280083
v -0.0245953 -0.0198316 0.0278718
v -0.0248861 -0.0178986 0.0285623
v -0.0250957 -0.0183281 0.0282208
v -0.0249909 -0.0179561 0.0283916
v -0.0250676 -0.0181134 0.0282665
v -0.0248861 -0.0200464 0.0285623
v -0.0250957 -0.0196168 0.0282208
v -0.0249909 -0.0199889 0.0283916
v -0.0250676 -0.0198316 0.0282665
v -0.0252840 -0.0178986 0.0289986
v -0.0255274 -0.0183281 0.0286942
v -0.0254057 -0.0179561 0.0288464
v -0.0254948 -0.0181134 0.0287350
v -0.0252840 -0.0200464 0.0289986
v -0.0255274 -0.0196168 0.0286942
v -0.0254057 -0.0199889 0.0288464
v -0.0254948 -0.0198316 0.0287350
v -0.0256328 -0.0178986 0.0294961
v -0.0259059 -0.0183281 0.0292340
v -0.0257694 -0.0179561 0.0293650
v -0.0258694 -0.0181134 0.0292691
v -0.0256328 -0.0200464 0.0294961
v -0.0259059 -0.0196168 0.0292340
v -0.0257694 -0.0199889 0.0293650
v -0.0258694 -0.0198316 0.0292691
v -0.0259268 -0.0178986 0.0300462
v -0.0262249 -0.0183281 0.0298310
v -0.0260759 -0.0179561 0.0299386
v -0.0261850 -0.0181134 0.0298598
v -0.0259268 -0.0200464 0.0300462
v -0.0262249 -0.0196168 0.0298310
v -0.0260759 -0.0199889 0.0299386
v -0.0261850 -0.0198316 0.0298598
v -0.0261608 -0.0178986 0.0306397
v -0.0264789 -0.0183281 0.0304749
v -0.0263198 -0.0179561 0.0305573
v -0.0264363 -0.0181134 0.0304970
v -0.0261608 -0.0200464 0.0306397
v -0.0264789 -0.0196168 0.0304749
v -0.0263198 -0.0199889 0.0305573
v -0.0264363 -0.0198316 0.0304970
v -0.0263309 -0.0178986 0.0312662
v -0.0266634 -0.0183281 0.0311548
v -0.0264972 -0.0179561 0.0312105
v -0.0266189 -0.0181134 0.0311697
v -0.0263309 -0.0200464 0.0312662
v -0.0266634 -0.0196168 0.0311548
v -0.0264972 -0.0199889 0.0312105
v -0.0266189 -0.0198316 0.0311697
v -0.0264341 -0.0178986 0.0319152
v -0.0267754 -0.0183281 0.0318590
v -0.0266048 -0.0179561 0.0318871
v -0.0267297 -0.0181134 0.0318665
v -0.0264341 -0.0200464 0.0319152
v -0.0267754 -0.0196168 0.0318590
v -0.0266048 -0.0199889 0.0318871
v -0.0267297 -0.0198316 0.0318665
v -0.0264687 -0.0178986 0.0325754
v -0.0268130 -0.0183281 0.0325754
v -0.0266409 -0.0179561 0.0325754
v -0.0267669 -0.0181134 0.0325754
v -0.0264687 -0.0200464 0.0325754
v -0.0268130 -0.0196168 0.0325754
v -0.0266409 -0.0199889 0.0325754
v -0.0267669 -0.0198316 0.0325754
v -0.0264341 -0.0178986 0.0332357
v -0.0267754 -0.0183281 0.0332919
v -0.0266048 -0.0179561 0.0332638
v -0.0267297 -0.0181134 0.0332843
v -0.0264341 -0.0200464 0.0332357
v -0.0267754 -0.0196168 0.0332919
v -0.0266048 -0.0199889 0.0332638
v -0.0267297 -0.0198316 0.0332843
v -0.0263309 -0.0178986 0.0338846
v -0.0266634 -0.0183281 0.0339961
v -0.0264972 -0.0179561 0.0339403
v -0.0266189 -0.0181134 0.0339811
v -0.0263309 -0.0200464 0.0338846
v -0.0266634 -0.0196168 0.0339961
v -0.0264972 -0.0199889 0.0339403
v -0.0266189 -0.0198316 0.0339811
v -0.0261608 -0.0178986 0.0345112
v -0.0264789 -0.0183281 0.0346759
v -0.0263198 -0.0179561 0.0345936
v -0.0264363 -0.0181134 0.0346539
v -0.0261608 -0.0200464 0.0345112
v -0.0264789 -0.0196168 0.0346759
v -0.0263198 -0.0199889 0.0345936
v -0.0264363 -0.0198316 0.0346539
v -0.0259268 -0.0178986 0.0351046
v -0.0262249 -0.0183281 0.0353199
v -0.0260759 -0.0179561 0.0352122
v -0.0261850 -0.0181134 0.0352910
v -0.0259268 -0.0200464 0.0351046
v -0.0262249 -0.0196168 0.0353199
v -0.0260759 -0.0199889 0.0352122
v -0.0261850 -0.0198316 0.0352910
v -0.0256328 -0.0178986 0.0356548
v -0.0259059 -0.0183281 0.0359168
v -0.0257694 -0.0179561 0.0357858
v -0.0258694 -0.0181134 0.0358817
v -0.0256328 -0.0200464 0.0356548
v -0.0259059 -0.0196168 0.0359168
v -0.0257694 -0.0199889 0.0357858
v -0.0258694 -0.0198316 0.0358817
v -0.0252840 -0.0178986 0.0361523
v -0.0255274 -0.0183281 0.0364567
v -0.0254057 -0.0179561 0.0363045
v -0.0254948 -0.0181134 0.0364159
v -0.0252840 -0.0200464 0.0361523
v -0.0255274 -0.0196168 0.0364567
v -0.0254057 -0.0199889 0.0363045
v -0.0254948 -0.0198316 0.0364159
v -0.0248861 -0.0178986 0.0365885
v -0.0250957 -0.0183281 0.0369301
v -0.0249909 -0.0179561 0.0367593
v -0.0250676 -0.0181134 0.0368843
v -0.0248861 -0.0200464 0.0365885
v -0.0250957 -0.0196168 0.0369301
v -0.0249909 -0.0199889 0.0367593
v -0.0250676 -0.0198316 0.0368843
v -0.0244462 -0.0178986 0.0369561
v -0.0246183 -0.0183281 0.0373289
v -0.0245323 -0.0179561 0.0371425
v -0.0245953 -0.0181134 0.0372790
v -0.0244462 -0.0200464 0.0369561
v -0.0246183 -0.0196168 0.0373289
v -0.0245323 -0.0199889 0.0371425
v -0.0245953 -0.0198316 0.0372790
v -0.0239716 -0.0178986 0.0372488
v -0.0241034 -0.0183281 0.0376465
v -0.0240375 -0.0179561 0.0374476
v -0.0240857 -0.0181134 0.0375932
v -0.0239716 -0.0200464 0.0372488
v -0.0241034 -0.0196168 0.0376465
v -0.0240375 -0.0199889 0.0374476
v -0.0240857 -0.0198316 0.0375932
v -0.0234706 -0.0178986 0.0374615
v -0.0235597 -0.0183281 0.0378773
v -0.0235152 -0.0179561 0.0376694
v -0.0235478 -0.0181134 0.0378216
v -0.0234706 -0.0200464 0.0374615
v -0.0235597 -0.0196168 0.0378773
v -0.0235152 -0.0199889 0.0376694
v -0.0235478 -0.0198316 0.0378216
v -0.0229516 -0.0178986 0.0375906
v -0.0229966 -0.0183281 0.0380174
v -0.0229741 -0.0179561 0.0378040
v -0.0229906 -0.0181134 0.0379602
v -0.0229516 -0.0200464 0.0375906
v -0.0229966 -0.0196168 0.0380174
v -0.0229741 -0.0199889 0.0378040
v -0.0229906 -0.0198316 0.0379602
v -0.0224237 -0.0178986 0.0222410
v -0.0224237 -0.0183281 0.0226715
v -0.0224237 -0.0179561 0.0224563
v -0.0224237 -0.0181134 0.0226139
v -0.0224237 -0.0200464 0.0222410
v -0.0224237 -0.0196168 0.0226715
v -0.0224237 -0.0199889 0.0224563
v -0.0224237 -0.0198316 0.0226139
v -0.0220202 -0.0178986 0.0222080
v -0.0219753 -0.0183281 0.0226348
v -0.0219978 -0.0179561 0.0224214
v -0.0219813 -0.0181134 0.0225776
v -0.0220202 -0.0200464 0.0222080
v -0.0219753 -0.0196168 0.0226348
v -0.0219978 -0.0199889 0.0224214
v -0.0219813 -0.0198316 0.0225776
v -0.0216237 -0.0178986 0.0221093
v -0.0215346 -0.0183281 0.0225252
v -0.0215791 -0.0179561 0.0223173
v -0.0215465 -0.0181134 0.0224695
v -0.0216237 -0.0200464 0.0221093
v -0.0215346 -0.0196168 0.0225252
v -0.0215791 -0.0199889 0.0223173
v -0.0215465 -0.0198316 0.0224695
v -0.0212408 -0.0178986 0.0219468
v -0.0211091 -0.0183281 0.0223445
v -0.0211750 -0.0179561 0.0221457
v -0.0211268 -0.0181134 0.0222913
v -0.0212408 -0.0200464 0.0219468
v -0.0211091 -0.0196168 0.0223445
v -0.0211750 -0.0199889 0.0221457
v -0.0211268 -0.0198316 0.0222913
v -0.0208782 -0.0178986 0.0217232
v -0.0207061 -0.0183281 0.0220960
v -0.0207922 -0.0179561 0.0219096
v -0.0207292 -0.0181134 0.0220461
v -0.0208782 -0.0200464 0.0217232
v -0.0207061 -0.0196168 0.0220960
v -0.0207922 -0.0199889 0.0219096
v -0.0207292 -0.0198316 0.0220461
v -0.0205421 -0.0178986 0.0214423
v -0.0203325 -0.0183281 0.0217838
v -0.0204373 -0.0179561 0.0216131
v -0.0203606 -0.0181134 0.0217381
v -0.0205421 -0.0200464 0.0214423
v -0.0203325 -0.0196168 0.0217838
v -0.0204373 -0.0199889 0.0216131
v -0.0203606 -0.0198316 0.0217381
v -0.0202381 -0.0178986 0.0211090
v -0.0199947 -0.0183281 0.0214134
v -0.0201164 -0.0179561 0.0212612
v -0.0200273 -0.0181134 0.0213726
v -0.0202381 -0.0200464 0.0211090
v -0.0199947 -0.0196168 0.0214134
v -0.0201164 -0.0199889 0.0212612
v -0.0200273 -0.0198316 0.0213726
v -0.0199715 -0.0178986 0.0207288
v -0.0196984 -0.0183281 0.0209909
v -0.0198350 -0.0179561 0.0208599
v -0.0197350 -0.0181134 0.0209558
v -0.0199715 -0.0200464 0.0207288
v -0.0196984 -0.0196168 0.0209909
v -0.0198350 -0.0199889 0.0208599
v -0.0197350 -0.0198316 0.0209558
v -0.0197469 -0.0178986 0.0203085
v -0.0194488 -0.0183281 0.0205237
v -0.0195978 -0.0179561 0.0204161
v -0.0194887 -0.0181134 0.0204949
v -0.0197469 -0.0200464 0.0203085
v -0.0194488 -0.0196168 0.0205237
v -0.0195978 -0.0199889 0.0204161
v -0.0194887 -0.0198316 0.0204949
v -0.0195681 -0.0178986 0.0198550
v -0.0192500 -0.0183281 0.0200198
v -0.0194091 -0.0179561 0.0199374
v -0.0192926 -0.0181134 0.0199977
v -0.0195681 -0.0200464 0.0198550
v -0.0192500 -0.0196168 0.0200198
v -0.0194091 -0.0199889 0.0199374
v -0.0192926 -0.0198316 0.0199977
v -0.0194381 -0.0178986 0.0193763
v -0.0191056 -0.0183281 0.0194877
v -0.0192719 -0.0179561 0.0194320
v -0.0191501 -0.0181134 0.0194727
v -0.0194381 -0.0200464 0.0193763
v -0.0191056 -0.0196168 0.0194877
v -0.0192719 -0.0199889 0.0194320
v -0.0191501 -0.0198316 0.0194727
v -0.0193592 -0.0178986 0.0188804
v -0.0190179 -0.0183281 0.0189366
v -0.0191886 -0.0179561 0.0189085
v -0.0190637 -0.0181134 0.0189290
v -0.0193592 -0.0200464 0.0188804
v -0.0190179 -0.0196168 0.0189366
v -0.0191886 -0.0199889 0.0189085
v -0.0190637 -0.0198316 0.0189290
v -0.0193328 -0.0178986 0.0183759
v -0.0189885 -0.0183281 0.0183759
v -0.0191607 -0.0179561 0.0183759
v -0.0190347 -0.0181134 0.0183759
v -0.0193328 -0.0200464 0.0183759
v -0.0189885 -0.0196168 0.0183759
v -0.0191607 -0.0199889 0.0183759
v -0.0190347 -0.0198316 0.0183759
v -0.0193592 -0.0178986 0.0178714
v -0.0190179 -0.0183281 0.0178152
v -0.0191886 -0.0179561 0.0178433
v -0.0190637 -0.0181134 0.0178227
v -0.0193592 -0.0200464 0.0178714
v -0.0190179 -0.0196168 0.0178152
v -0.0191886 -0.0199889 0.0178433
v -0.0190637 -0.0198316 0.0178227
v -0.0194381 -0.0178986 0.0173755
v -0.0191056 -0.0183281 0.0172641
v -0.0192719 -0.0179561 0.0173198
v -0.0191501 -0.0181134 0.0172790
v -0.0194381 -0.0200464 0.0173755
v -0.0191056 -0.0196168 0.0172641
v -0.0192719 -0.0199889 0.0173198
v -0.0191501 -0.0198316 0.0172790
v -0.0195681 -0.0178986 0.0168967
v -0.0192500 -0.0183281 0.0167320
v -0.0194091 -0.0179561 0.0168144
v -0.0192926 -0.0181134 0.0167541
v -0.0195681 -0.0200464 0.0168967
v -0.0192500 -0.0196168 0.0167320
v -0.0194091 -0.0199889 0.0168144
v -0.0192926 -0.0198316 0.0167541
v -0.0197469 -0.0178986 0.0164433
v -0.0194488 -0.0183281 0.0162280
v -0.0195978 -0.0179561 0.0163357
v -0.0194887 -0.0181134 0.0162569
v -0.0197469 -0.0200464 0.0164433
v -0.0194488 -0.0196168 0.0162280
v -0.0195978 -0.0199889 0.0163357
v -0.0194887 -0.0198316 0.0162569
v -0.0199715 -0.0178986 0.0160229
v -0.0196984 -0.0183281 0.0157608
v -0.0198350 -0.0179561 0.0158919
v -0.0197350 -0.0181134 0.0157960
v -0.0199715 -0.0200464 0.0160229
v -0.0196984 -0.0196168 0.0157608
v -0.0198350 -0.0199889 0.0158919
v -0.0197350 -0.0198316 0.0157960
v -0.0202381 -0.0178986 0.0156428
v -0.0199947 -0.0183281 0.0153384
v -0.0201164 -0.0179561 0.0154906
v -0.0200273 -0.0181134 0.0153792
v -0.0202381 -0.0200464 0.0156428
v -0.0199947 -0.0196168 0.0153384
v -0.0201164 -0.0199889 0.0154906
v -0.0200273 -0.0198316 0.0153792
v -0.0205421 -0.0178986 0.0153094
v -0.0203325 -0.0183281 0.0149679
v -0.0204373 -0.0179561 0.0151387
v -0.0203606 -0.0181134 0.0150137
v -0.0205421 -0.0200464 0.0153094
v -0.0203325 -0.0196168 0.0149679
v -0.0204373 -0.0199889 0.0151387
v -0.0203606 -0.0198316 0.0150137
v -0.0208782 -0.0178986 0.0150285
v -0.0207061 -0.0183281 0.0146557
v -0.0207922 -0.0179561 0.0148421
v -0.0207292 -0.0181134 0.0147057
v -0.0208782 -0.0200464 0.0150285
v -0.0207061 -0.0196168 0.0146557
v -0.0207922 -0.0199889 0.0148421
v -0.0207292 -0.0198316 0.0147057
v -0.0212408 -0.0178986 0.0148049
v -0.0211091 -0.0183281 0.0144072
v -0.0211750 -0.0179561 0.0146061
v -0.0211268 -0.0181134 0.0144605
v -0.0212408 -0.0200464 0.0148049
v -0.0211091 -0.0196168 0.0144072
v -0.0211750 -0.0199889 0.0146061
v -0.0211268 -0.0198316 0.0144605
v -0.0216237 -0.0178986 0.0146424
v -0.0215346 -0.0183281 0.0142266
v -0.0215791 -0.0179561 0.0144345
v -0.0215465 -0.0181134 0.0142823
v -0.0216237 -0.0200464 0.0146424
v -0.0215346 -0.0196168 0.0142266
v -0.0215791 -0.0199889 0.0144345
v -0.0215465 -0.0198316 0.0142823
v -0.0220202 -0.0178986 0.0145438
v -0.0219753 -0.0183281 0.0141170
v -0.0219978 -0.0179561 0.0143304
v -0.0219813 -0.0181134 0.0141741
v -0.0220202 -0.0200464 0.0145438
v -0.0219753 -0.0196168 0.0141170
v -0.0219978 -0.0199889 0.0143304
v -0.0219813 -0.0198316 0.0141741
v -0.0224237 -0.0178986 0.0145107
v -0.0224237 -0.0183281 0.0140802
v -0.0224237 -0.0179561 0.0142955
v -0.0224237 -0.0181134 0.0141379
v -0.0224237 -0.0200464 0.0145107
v -0.0224237 -0.0196168 0.0140802
v -0.0224237 -0.0199889 0.0142955
v -0.0224237 -0.0198316 0.0141379
v -0.0228271 -0.0178986 0.0145438
v -0.0228720 -0.0183281 0.0141170
v -0.0228496 -0.0179561 0.0143304
v -0.0228660 -0.0181134 0.0141741
v -0.0228271 -0.0200464 0.0145438
v -0.0228720 -0.0196168 0.0141170
v -0.0228496 -0.0199889 0.0143304
v -0.0228660 -0.0198316 0.0141741
v -0.0232236 -0.0178986 0.0146424
v -0.0233127 -0.0183281 0.0142266
v -0.0232682 -0.0179561 0.0144345
v -0.0233008 -0.0181134 0.0142823
v -0.0232236 -0.0200464 0.0146424
v -0.0233127 -0.0196168 0.0142266
v -0.0232682 -0.0199889 0.0144345
v -0.0233008 -0.0198316 0.0142823
v -0.0236065 -0.0178986 0.0148049
v -0.0237382 -0.0183281 0.0144072
v -0.0236724 -0.0179561 0.0146061
v -0.0237206 -0.0181134 0.0144605
v -0.0236065 -0.0200464 0.0148049
v -0.0237382 -0.0196168 0.0144072
v -0.0236724 -0.0199889 0.0146061
v -0.0237206 -0.0198316 0.0144605
v -0.0239691 -0.0178986 0.0150285
v -0.0241412 -0.0183281 0.0146557
v -0.0240552 -0.0179561 0.0148421
v -0.0241182 -0.0181134 0.0147057
v -0.0239691 -0.0200464 0.0150285
v -0.0241412 -0.0196168 0.0146557
v -0.0240552 -0.0199889 0.0148421
v -0.0241182 -0.0198316 0.0147057
v -0.0243053 -0.0178986 0.0153094
v -0.0245148 -0.0183281 0.0149679
v -0.0244100 -0.0179561 0.0151387
v -0.0244868 -0.0181134 0.0150137
v -0.0243053 -0.0200464 0.0153094
v -0.0245148 -0.0196168 0.0149679
v -0.0244100 -0.0199889 0.0151387
v -0.0244868 -0.0198316 0.0150137
v -0.0246092 -0.0178986 0.0156428
v -0.0248527 -0.0183281 0.0153384
v -0.0247309 -0.0179561 0.0154906
v -0.0248200 -0.0181134 0.0153792
v -0.0246092 -0.0200464 0.0156428
v -0.0248527 -0.0196168 0.0153384
v -0.0247309 -0.0199889 0.0154906
v -0.0248200 -0.0198316 0.0153792
v -0.0248758 -0.0178986 0.0160229
v -0.0251489 -0.0183281 0.0157608
v -0.0250124 -0.0179561 0.0158919
v -0.0251123 -0.0181134 0.0157960
v -0.0248758 -0.0200464 0.0160229
v -0.0251489 -0.0196168 0.0157608
v -0.0250124 -0.0199889 0.0158919
v -0.0251123 -0.0198316 0.0157960
v -0.0251004 -0.0178986 0.0164433
v -0.0253986 -0.0183281 0.0162280
v -0.0252495 -0.0179561 0.0163357
v -0.0253586 -0.0181134 0.0162569
v -0.0251004 -0.0200464 0.0164433
v -0.0253986 -0.0196168 0.0162280
v -0.0252495 -0.0199889 0.0163357
v -0.0253586 -0.0198316 0.0162569
v -0.0252793 -0.0178986 0.0168967
v -0.0255973 -0.0183281 0.0167320
v -0.0254383 -0.0179561 0.0168144
v -0.0255547 -0.0181134 0.0167541
v -0.0252793 -0.0200464 0.0168967
v -0.0255973 -0.0196168 0.0167320
v -0.0254383 -0.0199889 0.0168144
v -0.0255547 -0.0198316 0.0167541
v -0.0254092 -0.0178986 0.0173755
v -0.0257417 -0.0183281 0.0172641
v -0.0255755 -0.0179561 0.0173198
v -0.0256972 -0.0181134 0.0172790
v -0.0254092 -0.0200464 0.0173755
v -0.0257417 -0.0196168 0.0172641
v -0.0255755 -0.0199889 0.0173198
v -0.0256972 -0.0198316 0.0172790
v -0.0254881 -0.0178986 0.0178714
v -0.0258294 -0.0183281 0.0178152
v -0.0256587 -0.0179561 0.0178433
v -0.0257837 -0.0181134 0.0178227
v -0.0254881 -0.0200464 0.0178714
v -0.0258294 -0.0196168 0.0178152
v -0.0256587 -0.0199889 0.0178433
v -0.0257837 -0.0198316 0.0178227
v -0.0255145 -0.0178986 0.0183759
v -0.0258588 -0.0183281 0.0183759
v -0.0256867 -0.0179561 0.0183759
v -0.0258127 -0.0181134 0.0183759
v -0.0255145 -0.0200464 0.0183759
v -0.0258588 -0.0196168 0.0183759
v -0.0256867 -0.0199889 0.0183759
v -0.0258127 -0.0198316 0.0183759
v -0.0254881 -0.0178986 0.0188804
v -0.0258294 -0.0183281 0.0189366
v -0.0256587 -0.0179561 0.0189085
v -0.0257837 -0.0181134 0.0189290
v -0.0254881 -0.0200464 0.0188804
v -0.0258294 -0.0196168 0.0189366
v -0.0256587 -0.0199889 0.0189085
v -0.0257837 -0.0198316 0.0189290
v -0.0254092 -0.0178986 0.0193763
v -0.0257417 -0.0183281 0.0194877
v -0.0255755 -0.0179561 0.0194320
v -0.0256972 -0.0181134 0.0194727
v -0.0254092 -0.0200464 0.0193763
v -0.0257417 -0.0196168 0.0194877
v -0.0255755 -0.0199889 0.0194320
v -0.0256972 -0.0198316 0.0194727
v -0.0252793 -0.0178986 0.0198550
v -0.0255973 -0.0183281 0.0200198
v -0.0254383 -0.0179561 0.0199374
v -0.0255547 -0.0181134 0.0199977
v -0.0252793 -0.0200464 0.0198550
v -0.0255973 -0.0196168 0.0200198
v -0.0254383 -0.0199889 0.0199374
v -0.0255547 -0.0198316 0.0199977
v -0.0251004 -0.0178986 0.0203085
v -0.0253986 -0.0183281 0.0205237
v -0.0252495 -0.0179561 0.0204161
v -0.0253586 -0.0181134 0.0204949
v -0.0251004 -0.0200464 0.0203085
v -0.0253986 -0.0196168 0.0205237
v -0.0252495 -0.0199889 0.0204161
v -0.0253586 -0.0198316 0.0204949
v -0.0248758 -0.0178986 0.0207288
v -0.0251489 -0.0183281 0.0209909
v -0.0250124 -0.0179561 0.0208599
v -0.0251123 -0.0181134 0.0209558
v -0.0248758 -0.0200464 0.0207288
v -0.0251489 -0.0196168 0.0209909
v -0.0250124 -0.0199889 0.0208599
v -0.0251123 -0.0198316 0.0209558
v -0.0246092 -0.0178986 0.0211090
v -0.0248527 -0.0183281 0.0214134
v -0.0247309 -0.0179561 0.0212612
v -0.0248200 -0.0181134 0.0213726
v -0.0246092 -0.0200464 0.0211090
v -0.0248527 -0.0196168 0.0214134
v -0.0247309 -0.0199889 0.0212612
v -0.0248200 -0.0198316 0.0213726
v -0.0243053 -0.0178986 0.0214423
v -0.0245148 -0.0183281 0.0217838
v -0.0244100 -0.0179561 0.0216131
v -0.0244868 -0.0181134 0.0217381
v -0.0243053 -0.0200464 0.0214423
v -0.0245148 -0.0196168 0.0217838
v -0.0244100 -0.0199889 0.0216131
v -0.0244868 -0.0198316 0.0217381
v -0.0239691 -0.0178986 0.0217232
v -0.0241412 -0.0183281 0.0220960
v -0.0240552 -0.0179561 0.0219096
v -0.0241182 -0.0181134 0.0220461
v -0.0239691 -0.0200464 0.0217232
v -0.0241412 -0.0196168 0.0220960
v -0.0240552 -0.0199889 0.0219096
v -0.0241182 -0.0198316 0.0220461
v -0.0236065 -0.0178986 0.0219468
v -0.0237382 -0.0183281 0.0223445
v -0.0236724 -0.0179561 0.0221457
v -0.0237206 -0.0181134 0.0222913
v -0.0236065 -0.0200464 0.0219468
v -0.0237382 -0.0196168 0.0223445
v -0.0236724 -0.0199889 0.0221457
v -0.0237206 -0.0198316 0.0222913
v -0.0232236 -0.0178986 0.0221093
v -0.0233127 -0.0183281 0.0225252
v -0.0232682 -0.0179561 0.0223173
v -0.0233008 -0.0181134 0.0224695
v -0.0232236 -0.0200464 0.0221093
v -0.0233127 -0.0196168 0.0225252
v -0.0232682 -0.0199889 0.0223173
v -0.0233008 -0.0198316 0.0224695
v -0.0228271 -0.0178986 0.0222080
v -0.0228720 -0.0183281 0.0226348
v -0.0228496 -0.0179561 0.0224214
v -0.0228660 -0.0181134 0.0225776
v -0.0228271 -0.0200464 0.0222080
v -0.0228720 -0.0196168 0.0226348
v -0.0228496 -0.0199889 0.0224214
v -0.0228660 -0.0198316 0.0225776
v -0.0282443 -0.0200464 0.0045343
v -0.0282443 -0.0201657 0.0046536
v -0.0283397 -0.0200464 0.0046536
v -0.0282443 -0.0201060 0.0045502
v -0.0282919 -0.0200464 0.0045502
v -0.0282899 -0.0201035 0.0045657
v -0.0282919 -0.0201498 0.0046536
v -0.0282443 -0.0201498 0.0045940
v -0.0282899 -0.0201343 0.0045966
v -0.0283269 -0.0200464 0.0045940
v -0.0283269 -0.0201060 0.0046536
v -0.0283146 -0.0201035 0.0045966
v -0.0282443 -0.0201657 0.0048923
v -0.0282443 -0.0200464 0.0050116
v -0.0283397 -0.0200464 0.0048923
v -0.0282443 -0.0201498 0.0049519
v -0.0282919 -0.0201498 0.0048923
v -0.0282899 -0.0201343 0.0049493
v -0.0282919 -0.0200464 0.0049957
v -0.0282443 -0.0201060 0.0049957
v -0.0282899 -0.0201035 0.0049802
v -0.0283269 -0.0201060 0.0048923
v -0.0283269 -0.0200464 0.0049519
v -0.0283146 -0.0201035 0.0049493
v -0.0282443 -0.0193305 0.0045343
v -0.0283397 -0.0193305 0.0046536
v -0.0282443 -0.0192111 0.0046536
v -0.0282919 -0.0193305 0.0045502
v -0.0282443 -0.0192709 0.0045502
v -0.0282899 -0.0192734 0.0045657
v -0.0283269 -0.0192709 0.0046536
v -0.0283269 -0.0193305 0.0045940
v -0.0283146 -0.0192734 0.0045966
v -0.0282443 -0.0192271 0.0045940
v -0.0282919 -0.0192271 0.0046536
v -0.0282899 -0.0192426 0.0045966
v -0.0282443 -0.0193305 0.0050116
v -0.0282443 -0.0192111 0.0048923
v -0.0283397 -0.0193305 0.0048923
v -0.0282443 -0.0192709 0.0049957
v -0.0282919 -0.0193305 0.0049957
v -0.0282899 -0.0192734 0.0049802
v -0.0282919 -0.0192271 0.0048923
v -0.0282443 -0.0192271 0.0049519
v -0.0282899 -0.0192426 0.0049493
v -0.0283269 -0.0193305 0.0049519
v -0.0283269 -0.0192709 0.0048923
v -0.0283146 -0.0192734 0.0049493
v -0.0204198 -0.0200464 0.0045343
v -0.0203244 -0.0200464 0.0046536
v -0.0204198 -0.0201657 0.0046536
v -0.0203722 -0.0200464 0.0045502
v -0.0204198 -0.0201060 0.0045502
v -0.0203742 -0.0201035 0.0045657
v -0.0203372 -0.0201060 0.0046536
v -0.0203372 -0.0200464 0.0045940
v -0.0203496 -0.0201035 0.0045966
v -0.0204198 -0.0201498 0.0045940
v -0.0203722 -0.0201498 0.0046536
v -0.0203742 -0.0201343 0.0045966
v -0.0204198 -0.0200464 0.0050116
v -0.0204198 -0.0201657 0.0048923
v -0.0203244 -0.0200464 0.0048923
v -0.0204198 -0.0201060 0.0049957
v -0.0203722 -0.0200464 0.0049957
v -0.0203742 -0.0201035 0.0049802
v -0.0203722 -0.0201498 0.0048923
v -0.0204198 -0.0201498 0.0049519
v -0.0203742 -0.0201343 0.0049493
v -0.0203372 -0.0200464 0.0049519
v -0.0203372 -0.0201060 0.0048923
v -0.0203496 -0.0201035 0.0049493
v -0.0204198 -0.0193305 0.0045343
v -0.0204198 -0.0192111 0.0046536
v -0.0203244 -0.0193305 0.0046536
v -0.0204198 -0.0192709 0.0045502
v -0.0203722 -0.0193305 0.0045502
v -0.0203742 -0.0192734 0.0045657
v -0.0203722 -0.0192271 0.0046536
v -0.0204198 -0.0192271 0.0045940
v -0.0203742 -0.0192426 0.0045966
v -0.0203372 -0.0193305 0.0045940
v -0.0203372 -0.0192709 0.0046536
v -0.0203496 -0.0192734 0.0045966
v -0.0204198 -0.0193305 0.0050116
v -0.0203244 -0.0193305 0.0048923
v -0.0204198 -0.0192111 0.0048923
v -0.0203722 -0.0193305 0.0049957
v -0.0204198 -0.0192709 0.0049957
v -0.0203742 -0.0192734 0.0049802
v -0.0203372 -0.0192709 0.0048923
v -0.0203372 -0.0193305 0.0049519
v -0.0203496 -0.0192734 0.0049493
v -0.0204198 -0.0192271 0.0049519
v -0.0203722 -0.0192271 0.0048923
v -0.0203742 -0.0192426 0.0049493
v -0.0282443 -0.0200464 0.0058469
v -0.0282443 -0.0201657 0.0059662
v -0.0283397 -0.0200464 0.0059662
v -0.0282443 -0.0201060 0.0058628
v -0.0282919 -0.0200464 0.0058628
v -0.0282899 -0.0201035 0.0058783
v -0.0282919 -0.0201498 0.0059662
v -0.0282443 -0.0201498 0.0059066
v -0.0282899 -0.0201343 0.0059091
v -0.0283269 -0.0200464 0.0059066
v -0.0283269 -0.0201060 0.0059662
v -0.0283146 -0.0201035 0.0059091
v -0.0282443 -0.0201657 0.0062048
v -0.0282443 -0.0200464 0.0063242
v -0.0283397 -0.0200464 0.0062048
v -0.0282443 -0.0201498 0.0062644
v -0.0282919 -0.0201498 0.0062048
v -0.0282899 -0.0201343 0.0062619
v -0.0282919 -0.0200464 0.0063082
v -0.0282443 -0.0201060 0.0063082
v -0.0282899 -0.0201035 0.0062927
v -0.0283269 -0.0201060 0.0062048
v -0.0283269 -0.0200464 0.0062644
v -0.0283146 -0.0201035 0.0062619
v -0.0282443 -0.0193305 0.0058469
v -0.0283397 -0.0193305 0.0059662
v -0.0282443 -0.0192111 0.0059662
v -0.0282919 -0.0193305 0.0058628
v -0.0282443 -0.0192709 0.0058628
v -0.0282899 -0.0192734 0.0058783
v -0.0283269 -0.0192709 0.0059662
v -0.0283269 -0.0193305 0.0059066
v -0.0283146 -0.0192734 0.0059091
v -0.0282443 -0.0192271 0.0059066
v -0.0282919 -0.0192271 0.0059662
v -0.0282899 -0.0192426 0.0059091
v -0.0282443 -0.0193305 0.0063242
v -0.0282443 -0.0192111 0.0062048
v -0.0283397 -0.0193305 0.0062048
v -0.0282443 -0.0192709 0.0063082
v -0.0282919 -0.0193305 0.0063082
v -0.0282899 -0.0192734 0.0062927
v -0.0282919 -0.0192271 0.0062048
v -0.0282443 -0.0192271 0.0062644
v -0.0282899 -0.0192426 0.0062619
v -0.0283269 -0.0193305 0.0062644
v -0.0283269 -0.0192709 0.0062048
v -0.0283146 -0.0192734 0.0062619
v -0.0204198 -0.0200464 0.0058469
v -0.0203244 -0.0200464 0.0059662
v -0.0204198 -0.0201657 0.0059662
v -0.0203722 -0.0200464 0.0058628
v -0.0204198 -0.0201060 0.0058628
v -0.0203742 -0.0201035 0.0058783
v -0.0203372 -0.0201060 0.0059662
v -0.0203372 -0.0200464 0.0059066
v -0.0203496 -0.0201035 0.0059091
v -0.0204198 -0.0201498 0.0059066
v -0.0203722 -0.0201498 0.0059662
v -0.0203742 -0.0201343 0.0059091
v -0.0204198 -0.0200464 0.0063242
v -0.0204198 -0.0201657 0.0062048
v -0.0203244 -0.0200464 0.0062048
v -0.0204198 -0.0201060 0.0063082
v -0.0203722 -0.0200464 0.0063082
v -0.0203742 -0.0201035 0.0062927
v -0.0203722 -0.0201498 0.0062048
v -0.0204198 -0.0201498 0.0062644
v -0.0203742 -0.0201343 0.0062619
v -0.0203372 -0.0200464 0.0062644
v -0.0203372 -0.0201060 0.0062048
v -0.0203496 -0.0201035 0.0062619
v -0.0204198 -0.0193305 0.0058469
v -0.0204198 -0.0192111 0.0059662
v -0.0203244 -0.0193305 0.0059662
v -0.0204198 -0.0192709 0.0058628
v -0.0203722 -0.0193305 0.0058628
v -0.0203742 -0.0192734 0.0058783
v -0.0203722 -0.0192271 0.0059662
v -0.0204198 -0.0192271 0.0059066
v -0.0203742 -0.0192426 0.0059091
v -0.0203372 -0.0193305 0.0059066
v -0.0203372 -0.0192709 0.0059662
v -0.0203496 -0.0192734 0.0059091
v -0.0204198 -0.0193305 0.0063242
v -0.0203244 -0.0193305 0.0062048
v -0.0204198 -0.0192111 0.0062048
v -0.0203722 -0.0193305 0.0063082
v -0.0204198 -0.0192709 0.0063082
v -0.0203742 -0.0192734 0.0062927
v -0.0203372 -0.0192709 0.0062048
v -0.0203372 -0.0193305 0.0062644
v -0.0203496 -0.0192734 0.0062619
v -0.0204198 -0.0192271 0.0062644
v -0.0203722 -0.0192271 0.0062048
v -0.0203742 -0.0192426 0.0062619
v -0.0282443 -0.0200464 0.0071594
v -0.0282443 -0.0201657 0.0072788
v -0.0283397 -0.0200464 0.0072788
v -0.0282443 -0.0201060 0.0071754
v -0.0282919 -0.0200464 0.0071754
v -0.0282899 -0.0201035 0.0071909
v -0.0282919 -0.0201498 0.0072788
v -0.0282443 -0.0201498 0.0072192
v -0.0282899 -0.0201343 0.0072217
v -0.0283269 -0.0200464 0.0072192
v -0.0283269 -0.0201060 0.0072788
v -0.0283146 -0.0201035 0.0072217
v -0.0282443 -0.0201657 0.0075174
v -0.0282443 -0.0200464 0.0076367
v -0.0283397 -0.0200464 0.0075174
v -0.0282443 -0.0201498 0.0075770
v -0.0282919 -0.0201498 0.0075174
v -0.0282899 -0.0201343 0.0075745
v -0.0282919 -0.0200464 0.0076208
v -0.0282443 -0.0201060 0.0076208
v -0.0282899 -0.0201035 0.0076053
v -0.0283269 -0.0201060 0.0075174
v -0.0283269 -0.0200464 0.0075770
v -0.0283146 -0.0201035 0.0075745
v -0.0282443 -0.0193305 0.0071594
v -0.0283397 -0.0193305 0.0072788
v -0.0282443 -0.0192111 0.0072788
v -0.0282919 -0.0193305 0.0071754
v -0.0282443 -0.0192709 0.0071754
v -0.0282899 -0.0192734 0.0071909
v -0.0283269 -0.0192709 0.0072788
v -0.0283269 -0.0193305 0.0072192
v -0.0283146 -0.0192734 0.0072217
v -0.0282443 -0.0192271 0.0072192
v -0.0282919 -0.0192271 0.0072788
v -0.0282899 -0.0192426 0.0072217
v -0.0282443 -0.0193305 0.0076367
v -0.0282443 -0.0192111 0.0075174
v -0.0283397 -0.0193305 0.0075174
v -0.0282443 -0.0192709 0.0076208
v -0.0282919 -0.0193305 0.0076208
v -0.0282899 -0.0192734 0.0076053
v -0.0282919 -0.0192271 0.0075174
v -0.0282443 -0.0192271 0.0075770
v -0.0282899 -0.0192426 0.0075745
v -0.0283269 -0.0193305 0.0075770
v -0.0283269 -0.0192709 0.0075174
v -0.0283146 -0.0192734 0.0075745
v -0.0204198 -0.0200464 0.0071594
v -0.0203244 -0.0200464 0.0072788
v -0.0204198 -0.0201657 0.0072788
v -0.0203722 -0.0200464 0.0071754
v -0.0204198 -0.0201060 0.0071754
v -0.0203742 -0.0201035 0.0071909
v -0.0203372 -0.0201060 0.0072788
v -0.0203372 -0.0200464 0.0072192
v -0.0203496 -0.0201035 0.0072217
v -0.0204198 -0.0201498 0.0072192
v -0.0203722 -0.0201498 0.0072788
v -0.0203742 -0.0201343 0.0072217
v -0.0204198 -0.0200464 0.0076367
v -0.0204198 -0.0201657 0.0075174
v -0.0203244 -0.0200464 0.0075174
v -0.0204198 -0.0201060 0.0076208
v -0.0203722 -0.0200464 0.0076208
v -0.0203742 -0.0201035 0.0076053
v -0.0203722 -0.0201498 0.0075174
v -0.0204198 -0.0201498 0.0075770
v -0.0203742 -0.0201343 0.0075745
v -0.0203372 -0.0200464 0.0075770
v -0.0203372 -0.0201060 0.0075174
v -0.0203496 -0.0201035 0.0075745
v -0.0204198 -0.0193305 0.0071594
v -0.0204198 -0.0192111 0.0072788
v -0.0203244 -0.0193305 0.0072788
v -0.0204198 -0.0192709 0.0071754
v -0.0203722 -0.0193305 0.0071754
v -0.0203742 -0.0192734 0.0071909
v -0.0203722 -0.0192271 0.0072788
v -0.0204198 -0.0192271 0.0072192
v -0.0203742 -0.0192426 0.0072217
v -0.0203372 -0.0193305 0.0072192
v -0.0203372 -0.0192709 0.0072788
v -0.0203496 -0.0192734 0.0072217
v -0.0204198 -0.0193305 0.0076367
v -0.0203244 -0.0193305 0.0075174
v -0.0204198 -0.0192111 0.0075174
v -0.0203722 -0.0193305 0.0076208
v -0.0204198 -0.0192709 0.0076208
v -0.0203742 -0.0192734 0.0076053
v -0.0203372 -0.0192709 0.0075174
v -0.0203372 -0.0193305 0.0075770
v -0.0203496 -0.0192734 0.0075745
v -0.0204198 -0.0192271 0.0075770
v -0.0203722 -0.0192271 0.0075174
v -0.0203742 -0.0192426 0.0075745
v -0.0282443 -0.0200464 0.0084720
v -0.0282443 -0.0201657 0.0085913
v -0.0283397 -0.0200464 0.0085913
v -0.0282443 -0.0201060 0.0084879
v -0.0282919 -0.0200464 0.0084879
v -0.0282899 -0.0201035 0.0085034
v -0.0282919 -0.0201498 0.0085913
v -0.0282443 -0.0201498 0.0085317
v -0.0282899 -0.0201343 0.0085343
v -0.0283269 -0.0200464 0.0085317
v -0.0283269 -0.0201060 0.0085913
v -0.0283146 -0.0201035 0.0085343
v -0.0282443 -0.0201657 0.0088300
v -0.0282443 -0.0200464 0.0089493
v -0.0283397 -0.0200464 0.0088300
v -0.0282443 -0.0201498 0.0088895
v -0.0282919 -0.0201498 0.0088300
v -0.0282899 -0.0201343 0.0088870
v -0.0282919 -0.0200464 0.0089333
v -0.0282443 -0.0201060 0.0089333
v -0.0282899 -0.0201035 0.0089179
v -0.0283269 -0.0201060 0.0088300
v -0.0283269 -0.0200464 0.0088895
v -0.0283146 -0.0201035 0.0088870
v -0.0282443 -0.0193305 0.0084720
v -0.0283397 -0.0193305 0.0085913
v -0.0282443 -0.0192111 0.0085913
v -0.0282919 -0.0193305 0.0084879
v -0.0282443 -0.0192709 0.0084879
v -0.0282899 -0.0192734 0.0085034
v -0.0283269 -0.0192709 0.0085913
v -0.0283269 -0.0193305 0.0085317
v -0.0283146 -0.0192734 0.0085343
v -0.0282443 -0.0192271 0.0085317
v -0.0282919 -0.0192271 0.0085913
v -0.0282899 -0.0192426 0.0085343
v -0.0282443 -0.0193305 0.0089493
v -0.0282443 -0.0192111 0.0088300
v -0.0283397 -0.0193305 0.0088300
v -0.0282443 -0.0192709 0.0089333
v -0.0282919 -0.0193305 0.0089333
v -0.0282899 -0.0192734 0.0089179
v -0.0282919 -0.0192271 0.0088300
v -0.0282443 -0.0192271 0.0088895
v -0.0282899 -0.0192426 0.0088870
v -0.0283269 -0.0193305 0.0088895
v -0.0283269 -0.0192709 0.0088300
v -0.0283146 -0.0192734 0.0088870
v -0.0204198 -0.0200464 0.0084720
v -0.0203244 -0.0200464 0.0085913
v -0.0204198 -0.0201657 0.0085913
v -0.0203722 -0.0200464 0.0084879
v -0.0204198 -0.0201060 0.0084879
v -0.0203742 -0.0201035 0.0085034
v -0.0203372 -0.0201060 0.0085913
v -0.0203372 -0.0200464 0.0085317
v -0.0203496 -0.0201035 0.0085343
v -0.0204198 -0.0201498 0.0085317
v -0.0203722 -0.0201498 0.0085913
v -0.0203742 -0.0201343 0.0085343
v -0.0204198 -0.0200464 0.0089493
v -0.0204198 -0.0201657 0.0088300
v -0.0203244 -0.0200464 0.0088300
v -0.0204198 -0.0201060 0.0089333
v -0.0203722 -0.0200464 0.0089333
v -0.0203742 -0.0201035 0.0089179
v -0.0203722 -0.0201498 0.0088300
v -0.0204198 -0.0201498 0.0088895
v -0.0203742 -0.0201343 0.0088870
v -0.0203372 -0.0200464 0.0088895
v -0.0203372 -0.0201060 0.0088300
v -0.0203496 -0.0201035 0.0088870
v -0.0204198 -0.0193305 0.0084720
v -0.0204198 -0.0192111 0.0085913
v -0.0203244 -0.0193305 0.0085913
v -0.0204198 -0.0192709 0.0084879
v -0.0203722 -0.0193305 0.0084879
v -0.0203742 -0.0192734 0.0085034
v -0.0203722 -0.0192271 0.0085913
v -0.0204198 -0.0192271 0.0085317
v -0.0203742 -0.0192426 0.0085343
v -0.0203372 -0.0193305 0.0085317
v -0.0203372 -0.0192709 0.0085913
v -0.0203496 -0.0192734 0.0085343
v -0.0204198 -0.0193305 0.0089493
v -0.0203244 -0.0193305 0.0088300
v -0.0204198 -0.0192111 0.0088300
v -0.0203722 -0.0193305 0.0089333
v -0.0204198 -0.0192709 0.0089333
v -0.0203742 -0.0192734 0.0089179
v -0.0203372 -0.0192709 0.0088300
v -0.0203372 -0.0193305 0.0088895
v -0.0203496 -0.0192734 0.0088870
v -0.0204198 -0.0192271 0.0088895
v -0.0203722 -0.0192271 0.0088300
v -0.0203742 -0.0192426 0.0088870
v -0.0282443 -0.0200464 0.0097846
v -0.0282443 -0.0201657 0.0099039
v -0.0283397 -0.0200464 0.0099039
v -0.0282443 -0.0201060 0.0098005
v -0.0282919 -0.0200464 0.0098005
v -0.0282899 -0.0201035 0.0098160
v -0.0282919 -0.0201498 0.0099039
v -0.0282443 -0.0201498 0.0098443
v -0.0282899 -0.0201343 0.0098468
v -0.0283269 -0.0200464 0.0098443
v -0.0283269 -0.0201060 0.0099039
v -0.0283146 -0.0201035 0.0098468
v -0.0282443 -0.0201657 0.0101425
v -0.0282443 -0.0200464 0.0102619
v -0.0283397 -0.0200464 0.0101425
v -0.0282443 -0.0201498 0.0102021
v -0.0282919 -0.0201498 0.0101425
v -0.0282899 -0.0201343 0.0101996
v -0.0282919 -0.0200464 0.0102459
v -0.0282443 -0.0201060 0.0102459
v -0.0282899 -0.0201035 0.0102304
v -0.0283269 -0.0201060 0.0101425
v -0.0283269 -0.0200464 0.0102021
v -0.0283146 -0.0201035 0.0101996
v -0.0282443 -0.0193305 0.0097846
v -0.0283397 -0.0193305 0.0099039
v -0.0282443 -0.0192111 0.0099039
v -0.0282919 -0.0193305 0.0098005
v -0.0282443 -0.0192709 0.0098005
v -0.0282899 -0.0192734 0.0098160
v -0.0283269 -0.0192709 0.0099039
v -0.0283269 -0.0193305 0.0098443
v -0.0283146 -0.0192734 0.0098468
v -0.0282443 -0.0192271 0.0098443
v -0.0282919 -0.0192271 0.0099039
v -0.0282899 -0.0192426 0.0098468
v -0.0282443 -0.0193305 0.0102619
v -0.0282443 -0.0192111 0.0101425
v -0.0283397 -0.0193305 0.0101425
v -0.0282443 -0.0192709 0.0102459
v -0.0282919 -0.0193305 0.0102459
v -0.0282899 -0.0192734 0.0102304
v -0.0282919 -0.0192271 0.0101425
v -0.0282443 -0.0192271 0.0102021
v -0.0282899 -0.0192426 0.0101996
v -0.0283269 -0.0193305 0.0102021
v -0.0283269 -0.0192709 0.0101425
v -0.0283146 -0.0192734 0.0101996
v -0.0204198 -0.0200464 0.0097846
v -0.0203244 -0.0200464 0.0099039
v -0.0204198 -0.0201657 0.0099039
v -0.0203722 -0.0200464 0.0098005
v -0.0204198 -0.0201060 0.0098005
v -0.0203742 -0.0201035 0.0098160
v -0.0203372 -0.0201060 0.0099039
v -0.0203372 -0.0200464 0.0098443
v -0.0203496 -0.0201035 0.0098468
v -0.0204198 -0.0201498 0.0098443
v -0.0203722 -0.0201498 0.0099039
v -0.0203742 -0.0201343 0.0098468
v -0.0204198 -0.0200464 0.0102619
v -0.0204198 -0.0201657 0.0101425
v -0.0203244 -0.0200464 0.0101425
v -0.0204198 -0.0201060 0.0102459
v -0.0203722 -0.0200464 0.0102459
v -0.0203742 -0.0201035 0.0102304
v -0.0203722 -0.0201498 0.0101425
v -0.0204198 -0.0201498 0.0102021
v -0.0203742 -0.0201343 0.0101996
v -0.0203372 -0.0200464 0.0102021
v -0.0203372 -0.0201060 0.0101425
v -0.0203496 -0.0201035 0.0101996
v -0.0204198 -0.0193305 0.0097846
v -0.0204198 -0.0192111 0.0099039
v -0.0203244 -0.0193305 0.0099039
v -0.0204198 -0.0192709 0.0098005
v -0.0203722 -0.0193305 0.0098005
v -0.0203742 -0.0192734 0.0098160
v -0.0203722 -0.0192271 0.0099039
v -0.0204198 -0.0192271 0.0098443
v -0.0203742 -0.0192426 0.0098468
v -0.0203372 -0.0193305 0.0098443
v -0.0203372 -0.0192709 0.0099039
v -0.0203496 -0.0192734 0.0098468
v -0.0204198 -0.0193305 0.0102619
v -0.0203244 -0.0193305 0.0101425
v -0.0204198 -0.0192111 0.0101425
v -0.0203722 -0.0193305 0.0102459
v -0.0204198 -0.0192709 0.0102459
v -0.0203742 -0.0192734 0.0102304
v -0.0203372 -0.0192709 0.0101425
v -0.0203372 -0.0193305 0.0102021
v -0.0203496 -0.0192734 0.0101996
v -0.0204198 -0.0192271 0.0102021
v -0.0203722 -0.0192271 0.0101425
v -0.0203742 -0.0192426 0.0101996
v -0.0292939 -0.0181372 0.0031976
v -0.0292939 -0.0182804 0.0033411
v -0.0292939 -0.0181564 0.0032693
v -0.0292939 -0.0182088 0.0033218
v -0.0292939 -0.0188532 0.0031976
v -0.0292939 -0.0187100 0.0033411
v -0.0292939 -0.0188340 0.0032693
v -0.0292939 -0.0187816 0.0033218
v -0.0292092 -0.0181372 0.0031906
v -0.0291943 -0.0182804 0.0033329
v -0.0292017 -0.0181564 0.0032618
v -0.0291963 -0.0182088 0.0033138
v -0.0292092 -0.0188532 0.0031906
v -0.0291943 -0.0187100 0.0033329
v -0.0292017 -0.0188340 0.0032618
v -0.0291963 -0.0187816 0.0033138
v -0.0291260 -0.0181372 0.0031699
v -0.0290963 -0.0182804 0.0033085
v -0.0291112 -0.0181564 0.0032392
v -0.0291003 -0.0182088 0.0032900
v -0.0291260 -0.0188532 0.0031699
v -0.0290963 -0.0187100 0.0033085
v -0.0291112 -0.0188340 0.0032392
v -0.0291003 -0.0187816 0.0032900
v -0.0290457 -0.0181372 0.0031358
v -0.0290018 -0.0182804 0.0032684
v -0.0290237 -0.0181564 0.0032021
v -0.0290077 -0.0182088 0.0032506
v -0.0290457 -0.0188532 0.0031358
v -0.0290018 -0.0187100 0.0032684
v -0.0290237 -0.0188340 0.0032021
v -0.0290077 -0.0187816 0.0032506
v -0.0289696 -0.0181372 0.0030889
v -0.0289122 -0.0182804 0.0032132
v -0.0289409 -0.0181564 0.0031510
v -0.0289199 -0.0182088 0.0031965
v -0.0289696 -0.0188532 0.0030889
v -0.0289122 -0.0187100 0.0032132
v -0.0289409 -0.0188340 0.0031510
v -0.0289199 -0.0187816 0.0031965
v -0.0288990 -0.0181372 0.0030300
v -0.0288292 -0.0182804 0.0031438
v -0.0288641 -0.0181564 0.0030869
v -0.0288386 -0.0182088 0.0031286
v -0.0288990 -0.0188532 0.0030300
v -0.0288292 -0.0187100 0.0031438
v -0.0288641 -0.0188340 0.0030869
v -0.0288386 -0.0187816 0.0031286
v -0.0288353 -0.0181372 0.0029600
v -0.0287541 -0.0182804 0.0030615
v -0.0287947 -0.0181564 0.0030107
v -0.0287650 -0.0182088 0.0030479
v -0.0288353 -0.0188532 0.0029600
v -0.0287541 -0.0187100 0.0030615
v -0.0287947 -0.0188340 0.0030107
v -0.0287650 -0.0187816 0.0030479
v -0.0287793 -0.0181372 0.0028802
v -0.0286883 -0.0182804 0.0029676
v -0.0287338 -0.0181564 0.0029239
v -0.0287005 -0.0182088 0.0029559
v -0.0287793 -0.0188532 0.0028802
v -0.0286883 -0.0187100 0.0029676
v -0.0287338 -0.0188340 0.0029239
v -0.0287005 -0.0187816 0.0029559
v -0.0287322 -0.0181372 0.0027920
v -0.0286328 -0.0182804 0.0028638
v -0.0286825 -0.0181564 0.0028279
v -0.0286461 -0.0182088 0.0028542
v -0.0287322 -0.0188532 0.0027920
v -0.0286328 -0.0187100 0.0028638
v -0.0286825 -0.0188340 0.0028279
v -0.0286461 -0.0187816 0.0028542
v -0.0286947 -0.0181372 0.0026969
v -0.0285886 -0.0182804 0.0027518
v -0.0286417 -0.0181564 0.0027243
v -0.0286028 -0.0182088 0.0027444
v -0.0286947 -0.0188532 0.0026969
v -0.0285886 -0.0187100 0.0027518
v -0.0286417 -0.0188340 0.0027243
v -0.0286028 -0.0187816 0.0027444
v -0.0286674 -0.0181372 0.0025964
v -0.0285565 -0.0182804 0.0026335
v -0.0286120 -0.0181564 0.0026150
v -0.0285714 -0.0182088 0.0026286
v -0.0286674 -0.0188532 0.0025964
v -0.0285565 -0.0187100 0.0026335
v -0.0286120 -0.0188340 0.0026150
v -0.0285714 -0.0187816 0.0026286
v -0.0286508 -0.0181372 0.0024923
v -0.0285371 -0.0182804 0.0025111
v -0.0285939 -0.0181564 0.0025017
v -0.0285523 -0.0182088 0.0025086
v -0.0286508 -0.0188532 0.0024923
v -0.0285371 -0.0187100 0.0025111
v -0.0285939 -0.0188340 0.0025017
v -0.0285523 -0.0187816 0.0025086
v -0.0286453 -0.0181372 0.0023865
v -0.0285305 -0.0182804 0.0023865
v -0.0285879 -0.0181564 0.0023865
v -0.0285459 -0.0182088 0.0023865
v -0.0286453 -0.0188532 0.0023865
v -0.0285305 -0.0187100 0.0023865
v -0.0285879 -0.0188340 0.0023865
v -0.0285459 -0.0187816 0.0023865
v -0.0286508 -0.0181372 0.0022806
v -0.0285371 -0.0182804 0.0022619
v -0.0285939 -0.0181564 0.0022712
v -0.0285523 -0.0182088 0.0022644
v -0.0286508 -0.0188532 0.0022806
v -0.0285371 -0.0187100 0.0022619
v -0.0285939 -0.0188340 0.0022712
v -0.0285523 -0.0187816 0.0022644
v -0.0286674 -0.0181372 0.0021766
v -0.0285565 -0.0182804 0.0021394
v -0.0286120 -0.0181564 0.0021580
v -0.0285714 -0.0182088 0.0021444
v -0.0286674 -0.0188532 0.0021766
v -0.0285565 -0.0187100 0.0021394
v -0.0286120 -0.0188340 0.0021580
v -0.0285714 -0.0187816 0.0021444
v -0.0286947 -0.0181372 0.0020761
v -0.0285886 -0.0182804 0.0020212
v -0.0286417 -0.0181564 0.0020486
v -0.0286028 -0.0182088 0.0020285
v -0.0286947 -0.0188532 0.0020761
v -0.0285886 -0.0187100 0.0020212
v -0.0286417 -0.0188340 0.0020486
v -0.0286028 -0.0187816 0.0020285
v -0.0287322 -0.0181372 0.0019809
v -0.0286328 -0.0182804 0.0019092
v -0.0286825 -0.0181564 0.0019451
v -0.0286461 -0.0182088 0.0019188
v -0.0287322 -0.0188532 0.0019809
v -0.0286328 -0.0187100 0.0019092
v -0.0286825 -0.0188340 0.0019451
v -0.0286461 -0.0187816 0.0019188
v -0.0287793 -0.0181372 0.0018927
v -0.0286883 -0.0182804 0.0018054
v -0.0287338 -0.0181564 0.0018490
v -0.0287005 -0.0182088 0.0018171
v -0.0287793 -0.0188532 0.0018927
v -0.0286883 -0.0187100 0.0018054
v -0.0287338 -0.0188340 0.0018490
v -0.0287005 -0.0187816 0.0018171
v -0.0288353 -0.0181372 0.0018129
v -0.0287541 -0.0182804 0.0017115
v -0.0287947 -0.0181564 0.0017622
v -0.0287650 -0.0182088 0.0017251
v -0.0288353 -0.0188532 0.0018129
v -0.0287541 -0.0187100 0.0017115
v -0.0287947 -0.0188340 0.0017622
v -0.0287650 -0.0187816 0.0017251
v -0.0288990 -0.0181372 0.0017430
v -0.0288292 -0.0182804 0.0016292
v -0.0288641 -0.0181564 0.0016861
v -0.0288386 -0.0182088 0.0016444
v -0.0288990 -0.0188532 0.0017430
v -0.0288292 -0.0187100 0.0016292
v -0.0288641 -0.0188340 0.0016861
v -0.0288386 -0.0187816 0.0016444
v -0.0289696 -0.0181372 0.0016841
v -0.0289122 -0.0182804 0.0015598
v -0.0289409 -0.0181564 0.0016219
v -0.0289199 -0.0182088 0.0015764
v -0.0289696 -0.0188532 0.0016841
v -0.0289122 -0.0187100 0.0015598
v -0.0289409 -0.0188340 0.0016219
v -0.0289199 -0.0187816 0.0015764
v -0.0290457 -0.0181372 0.0016371
v -0.0290018 -0.0182804 0.0015046
v -0.0290237 -0.0181564 0.0015708
v -0.0290077 -0.0182088 0.0015223
v -0.0290457 -0.0188532 0.0016371
v -0.0290018 -0.0187100 0.0015046
v -0.0290237 -0.0188340 0.0015708
v -0.0290077 -0.0187816 0.0015223
v -0.0291260 -0.0181372 0.0016030
v -0.0290963 -0.0182804 0.0014644
v -0.0291112 -0.0181564 0.0015337
v -0.0291003 -0.0182088 0.0014830
v -0.0291260 -0.0188532 0.0016030
v -0.0290963 -0.0187100 0.0014644
v -0.0291112 -0.0188340 0.0015337
v -0.0291003 -0.0187816 0.0014830
v -0.0292092 -0.0181372 0.0015823
v -0.0291943 -0.0182804 0.0014401
v -0.0292017 -0.0181564 0.0015112
v -0.0291963 -0.0182088 0.0014591
v -0.0292092 -0.0188532 0.0015823
v -0.0291943 -0.0187100 0.0014401
v -0.0292017 -0.0188340 0.0015112
v -0.0291963 -0.0187816 0.0014591
v -0.0292939 -0.0181372 0.0015754
v -0.0292939 -0.0182804 0.0014319
v -0.0292939 -0.0181564 0.0015036
v -0.0292939 -0.0182088 0.0014511
v -0.0292939 -0.0188532 0.0015754
v -0.0292939 -0.0187100 0.0014319
v -0.0292939 -0.0188340 0.0015036
v -0.0292939 -0.0187816 0.0014511
v -0.0293786 -0.0181372 0.0015823
v -0.0293935 -0.0182804 0.0014401
v -0.0293860 -0.0181564 0.0015112
v -0.0293915 -0.0182088 0.0014591
v -0.0293786 -0.0188532 0.0015823
v -0.0293935 -0.0187100 0.0014401
v -0.0293860 -0.0188340 0.0015112
v -0.0293915 -0.0187816 0.0014591
v -0.0294618 -0.0181372 0.0016030
v -0.0294915 -0.0182804 0.0014644
v -0.0294766 -0.0181564 0.0015337
v -0.0294875 -0.0182088 0.0014830
v -0.0294618 -0.0188532 0.0016030
v -0.0294915 -0.0187100 0.0014644
v -0.0294766 -0.0188340 0.0015337
v -0.0294875 -0.0187816 0.0014830
v -0.0295421 -0.0181372 0.0016371
v -0.0295860 -0.0182804 0.0015046
v -0.0295641 -0.0181564 0.0015708
v -0.0295801 -0.0182088 0.0015223
v -0.0295421 -0.0188532 0.0016371
v -0.0295860 -0.0187100 0.0015046
v -0.0295641 -0.0188340 0.0015708
v -0.0295801 -0.0187816 0.0015223
v -0.0296182 -0.0181372 0.0016841
v -0.0296756 -0.0182804 0.0015598
v -0.0296469 -0.0181564 0.0016219
v -0.0296679 -0.0182088 0.0015764
v -0.0296182 -0.0188532 0.0016841
v -0.0296756 -0.0187100 0.0015598
v -0.0296469 -0.0188340 0.0016219
v -0.0296679 -0.0187816 0.0015764
v -0.0296887 -0.0181372 0.0017430
v -0.0297586 -0.0182804 0.0016292
v -0.0297237 -0.0181564 0.0016861
v -0.0297492 -0.0182088 0.0016444
v -0.0296887 -0.0188532 0.0017430
v -0.0297586 -0.0187100 0.0016292
v -0.0297237 -0.0188340 0.0016861
v -0.0297492 -0.0187816 0.0016444
v -0.0297525 -0.0181372 0.0018129
v -0.0298337 -0.0182804 0.0017115
v -0.0297931 -0.0181564 0.0017622
v -0.0298228 -0.0182088 0.0017251
v -0.0297525 -0.0188532 0.0018129
v -0.0298337 -0.0187100 0.0017115
v -0.0297931 -0.0188340 0.0017622
v -0.0298228 -0.0187816 0.0017251
v -0.0298085 -0.0181372 0.0018927
v -0.0298995 -0.0182804 0.0018054
v -0.0298540 -0.0181564 0.0018490
v -0.0298873 -0.0182088 0.0018171
v -0.0298085 -0.0188532 0.0018927
v -0.0298995 -0.0187100 0.0018054
v -0.0298540 -0.0188340 0.0018490
v -0.0298873 -0.0187816 0.0018171
v -0.0298556 -0.0181372 0.0019809
v -0.0299550 -0.0182804 0.0019092
v -0.0299053 -0.0181564 0.0019451
v -0.0299417 -0.0182088 0.0019188
v -0.0298556 -0.0188532 0.0019809
v -0.0299550 -0.0187100 0.0019092
v -0.0299053 -0.0188340 0.0019451
v -0.0299417 -0.0187816 0.0019188
v -0.0298931 -0.0181372 0.0020761
v -0.0299991 -0.0182804 0.0020212
v -0.0299461 -0.0181564 0.0020486
v -0.0299849 -0.0182088 0.0020285
v -0.0298931 -0.0188532 0.0020761
v -0.0299991 -0.0187100 0.0020212
v -0.0299461 -0.0188340 0.0020486
v -0.0299849 -0.0187816 0.0020285
v -0.0299204 -0.0181372 0.0021766
v -0.0300312 -0.0182804 0.0021394
v -0.0299758 -0.0181564 0.0021580
v -0.0300164 -0.0182088 0.0021444
v -0.0299204 -0.0188532 0.0021766
v -0.0300312 -0.0187100 0.0021394
v -0.0299758 -0.0188340 0.0021580
v -0.0300164 -0.0187816 0.0021444
v -0.0299370 -0.0181372 0.0022806
v -0.0300507 -0.0182804 0.0022619
v -0.0299938 -0.0181564 0.0022712
v -0.0300355 -0.0182088 0.0022644
v -0.0299370 -0.0188532 0.0022806
v -0.0300507 -0.0187100 0.0022619
v -0.0299938 -0.0188340 0.0022712
v -0.0300355 -0.0187816 0.0022644
v -0.0299425 -0.0181372 0.0023865
v -0.0300573 -0.0182804 0.0023865
v -0.0299999 -0.0181564 0.0023865
v -0.0300419 -0.0182088 0.0023865
v -0.0299425 -0.0188532 0.0023865
v -0.0300573 -0.0187100 0.0023865
v -0.0299999 -0.0188340 0.0023865
v -0.0300419 -0.0187816 0.0023865
v -0.0299370 -0.0181372 0.0024923
v -0.0300507 -0.0182804 0.0025111
v -0.0299938 -0.0181564 0.0025017
v -0.0300355 -0.0182088 0.0025086
v -0.0299370 -0.0188532 0.0024923
v -0.0300507 -0.0187100 0.0025111
v -0.0299938 -0.0188340 0.0025017
v -0.0300355 -0.0187816 0.0025086
v -0.0299204 -0.0181372 0.0025964
v -0.0300312 -0.0182804 0.0026335
v -0.0299758 -0.0181564 0.0026150
v -0.0300164 -0.0182088 0.0026286
v -0.0299204 -0.0188532 0.0025964
v -0.0300312 -0.0187100 0.0026335
v -0.0299758 -0.0188340 0.0026150
v -0.0300164 -0.0187816 0.0026286
v -0.0298931 -0.0181372 0.0026969
v -0.0299991 -0.0182804 0.0027518
v -0.0299461 -0.0181564 0.0027243
v -0.0299849 -0.0182088 0.0027444
v -0.0298931 -0.0188532 0.0026969
v -0.0299991 -0.0187100 0.0027518
v -0.0299461 -0.0188340 0.0027243
v -0.0299849 -0.0187816 0.0027444
v -0.0298556 -0.0181372 0.0027920
v -0.0299550 -0.0182804 0.0028638
v -0.0299053 -0.0181564 0.0028279
v -0.0299417 -0.0182088 0.0028542
v -0.0298556 -0.0188532 0.0027920
v -0.0299550 -0.0187100 0.0028638
v -0.0299053 -0.0188340 0.0028279
v -0.0299417 -0.0187816 0.0028542
v -0.0298085 -0.0181372 0.0028802
v -0.0298995 -0.0182804 0.0029676
v -0.0298540 -0.0181564 0.0029239
v -0.0298873 -0.0182088 0.0029559
v -0.0298085 -0.0188532 0.0028802
v -0.0298995 -0.0187100 0.0029676
v -0.0298540 -0.0188340 0.0029239
v -0.0298873 -0.0187816 0.0029559
v -0.0297525 -0.0181372 0.0029600
v -0.0298337 -0.0182804 0.0030615
v -0.0297931 -0.0181564 0.0030107
v -0.0298228 -0.0182088 0.0030479
v -0.0297525 -0.0188532 0.0029600
v -0.0298337 -0.0187100 0.0030615
v -0.0297931 -0.0188340 0.0030107
v -0.0298228 -0.0187816 0.0030479
v -0.0296887 -0.0181372 0.0030300
v -0.0297586 -0.0182804 0.0031438
v -0.0297237 -0.0181564 0.0030869
v -0.0297492 -0.0182088 0.0031286
v -0.0296887 -0.0188532 0.0030300
v -0.0297586 -0.0187100 0.0031438
v -0.0297237 -0.0188340 0.0030869
v -0.0297492 -0.0187816 0.0031286
v -0.0296182 -0.0181372 0.0030889
v -0.0296756 -0.0182804 0.0032132
v -0.0296469 -0.0181564 0.0031510
v -0.0296679 -0.0182088 0.0031965
v -0.0296182 -0.0188532 0.0030889
v -0.0296756 -0.0187100 0.0032132
v -0.0296469 -0.0188340 0.0031510
v -0.0296679 -0.0187816 0.0031965
v -0.0295421 -0.0181372 0.0031358
v -0.0295860 -0.0182804 0.0032684
v -0.0295641 -0.0181564 0.0032021
v -0.0295801 -0.0182088 0.0032506
v -0.0295421 -0.0188532 0.0031358
v -0.0295860 -0.0187100 0.0032684
v -0.0295641 -0.0188340 0.0032021
v -0.0295801 -0.0187816 0.0032506
v -0.0294618 -0.0181372 0.0031699
v -0.0294915 -0.0182804 0.0033085
v -0.0294766 -0.0181564 0.0032392
v -0.0294875 -0.0182088 0.0032900
v -0.0294618 -0.0188532 0.0031699
v -0.0294915 -0.0187100 0.0033085
v -0.0294766 -0.0188340 0.0032392
v -0.0294875 -0.0187816 0.0032900
v -0.0293786 -0.0181372 0.0031906
v -0.0293935 -0.0182804 0.0033329
v -0.0293860 -0.0181564 0.0032618
v -0.0293915 -0.0182088 0.0033138
v -0.0293786 -0.0188532 0.0031906
v -0.0293935 -0.0187100 0.0033329
v -0.0293860 -0.0188340 0.0032618
v -0.0293915 -0.0187816 0.0033138
v -0.0292939 -0.0181372 0.0416199
v -0.0292939 -0.0182804 0.0417634
v -0.0292939 -0.0181564 0.0416916
v -0.0292939 -0.0182088 0.0417441
v -0.0292939 -0.0188532 0.0416199
v -0.0292939 -0.0187100 0.0417634
v -0.0292939 -0.0188340 0.0416916
v -0.0292939 -0.0187816 0.0417441
v -0.0292092 -0.0181372 0.0416129
v -0.0291943 -0.0182804 0.0417552
v -0.0292017 -0.0181564 0.0416841
v -0.0291963 -0.0182088 0.0417361
v -0.0292092 -0.0188532 0.0416129
v -0.0291943 -0.0187100 0.0417552
v -0.0292017 -0.0188340 0.0416841
v -0.0291963 -0.0187816 0.0417361
v -0.0291260 -0.0181372 0.0415922
v -0.0290963 -0.0182804 0.0417308
v -0.0291112 -0.0181564 0.0416615
v -0.0291003 -0.0182088 0.0417123
v -0.0291260 -0.0188532 0.0415922
v -0.0290963 -0.0187100 0.0417308
v -0.0291112 -0.0188340 0.0416615
v -0.0291003 -0.0187816 0.0417123
v -0.0290457 -0.0181372 0.0415581
v -0.0290018 -0.0182804 0.0416907
v -0.0290237 -0.0181564 0.0416244
v -0.0290077 -0.0182088 0.0416729
v -0.0290457 -0.0188532 0.0415581
v -0.0290018 -0.0187100 0.0416907
v -0.0290237 -0.0188340 0.0416244
v -0.0290077 -0.0187816 0.0416729
v -0.0289696 -0.0181372 0.0415112
v -0.0289122 -0.0182804 0.0416355
v -0.0289409 -0.0181564 0.0415733
v -0.0289199 -0.0182088 0.0416188
v -0.0289696 -0.0188532 0.0415112
v -0.0289122 -0.0187100 0.0416355
v -0.0289409 -0.0188340 0.0415733
v -0.0289199 -0.0187816 0.0416188
v -0.0288990 -0.0181372 0.0414522
v -0.0288292 -0.0182804 0.0415661
v -0.0288641 -0.0181564 0.0415092
v -0.0288386 -0.0182088 0.0415508
v -0.0288990 -0.0188532 0.0414522
v -0.0288292 -0.0187100 0.0415661
v -0.0288641 -0.0188340 0.0415092
v -0.0288386 -0.0187816 0.0415508
v -0.0288353 -0.0181372 0.0413823
v -0.0287541 -0.0182804 0.0414838
v -0.0287947 -0.0181564 0.0414330
v -0.0287650 -0.0182088 0.0414702
v -0.0288353 -0.0188532 0.0413823
v -0.0287541 -0.0187100 0.0414838
v -0.0287947 -0.0188340 0.0414330
v -0.0287650 -0.0187816 0.0414702
v -0.0287793 -0.0181372 0.0413025
v -0.0286883 -0.0182804 0.0413899
v -0.0287338 -0.0181564 0.0413462
v -0.0287005 -0.0182088 0.0413782
v -0.0287793 -0.0188532 0.0413025
v -0.0286883 -0.0187100 0.0413899
v -0.0287338 -0.0188340 0.0413462
v -0.0287005 -0.0187816 0.0413782
v -0.0287322 -0.0181372 0.0412143
v -0.0286328 -0.0182804 0.0412861
v -0.0286825 -0.0181564 0.0412502
v -0.0286461 -0.0182088 0.0412764
v -0.0287322 -0.0188532 0.0412143
v -0.0286328 -0.0187100 0.0412861
v -0.0286825 -0.0188340 0.0412502
v -0.0286461 -0.0187816 0.0412764
v -0.0286947 -0.0181372 0.0411192
v -0.0285886 -0.0182804 0.0411741
v -0.0286417 -0.0181564 0.0411466
v -0.0286028 -0.0182088 0.0411667
v -0.0286947 -0.0188532 0.0411192
v -0.0285886 -0.0187100 0.0411741
v -0.0286417 -0.0188340 0.0411466
v -0.0286028 -0.0187816 0.0411667
v -0.0286674 -0.0181372 0.0410187
v -0.0285565 -0.0182804 0.0410558
v -0.0286120 -0.0181564 0.0410373
v -0.0285714 -0.0182088 0.0410509
v -0.0286674 -0.0188532 0.0410187
v -0.0285565 -0.0187100 0.0410558
v -0.0286120 -0.0188340 0.0410373
v -0.0285714 -0.0187816 0.0410509
v -0.0286508 -0.0181372 0.0409146
v -0.0285371 -0.0182804 0.0409334
v -0.0285939 -0.0181564 0.0409240
v -0.0285523 -0.0182088 0.0409308
v -0.0286508 -0.0188532 0.0409146
v -0.0285371 -0.0187100 0.0409334
v -0.0285939 -0.0188340 0.0409240
v -0.0285523 -0.0187816 0.0409308
v -0.0286453 -0.0181372 0.0408088
v -0.0285305 -0.0182804 0.0408088
v -0.0285879 -0.0181564 0.0408088
v -0.0285459 -0.0182088 0.0408088
v -0.0286453 -0.0188532 0.0408088
v -0.0285305 -0.0187100 0.0408088
v -0.0285879 -0.0188340 0.0408088
v -0.0285459 -0.0187816 0.0408088
v -0.0286508 -0.0181372 0.0407029
v -0.0285371 -0.0182804 0.0406842
v -0.0285939 -0.0181564 0.0406935
v -0.0285523 -0.0182088 0.0406867
v -0.0286508 -0.0188532 0.0407029
v -0.0285371 -0.0187100 0.0406842
v -0.0285939 -0.0188340 0.0406935
v -0.0285523 -0.0187816 0.0406867
v -0.0286674 -0.0181372 0.0405988
v -0.0285565 -0.0182804 0.0405617
v -0.0286120 -0.0181564 0.0405803
v -0.0285714 -0.0182088 0.0405667
v -0.0286674 -0.0188532 0.0405988
v -0.0285565 -0.0187100 0.0405617
v -0.0286120 -0.0188340 0.0405803
v -0.0285714 -0.0187816 0.0405667
v -0.0286947 -0.0181372 0.0404984
v -0.0285886 -0.0182804 0.0404435
v -0.0286417 -0.0181564 0.0404709
v -0.0286028 -0.0182088 0.0404508
v -0.0286947 -0.0188532 0.0404984
v -0.0285886 -0.0187100 0.0404435
v -0.0286417 -0.0188340 0.0404709
v -0.0286028 -0.0187816 0.0404508
v -0.0287322 -0.0181372 0.0404032
v -0.0286328 -0.0182804 0.0403315
v -0.0286825 -0.0181564 0.0403673
v -0.0286461 -0.0182088 0.0403411
v -0.0287322 -0.0188532 0.0404032
v -0.0286328 -0.0187100 0.0403315
v -0.0286825 -0.0188340 0.0403673
v -0.0286461 -0.0187816 0.0403411
v -0.0287793 -0.0181372 0.0403150
v -0.0286883 -0.0182804 0.0402276
v -0.0287338 -0.0181564 0.0402713
v -0.0287005 -0.0182088 0.0402393
v -0.0287793 -0.0188532 0.0403150
v -0.0286883 -0.0187100 0.0402276
v -0.0287338 -0.0188340 0.0402713
v -0.0287005 -0.0187816 0.0402393
v -0.0288353 -0.0181372 0.0402352
v -0.0287541 -0.0182804 0.0401338
v -0.0287947 -0.0181564 0.0401845
v -0.0287650 -0.0182088 0.0401474
v -0.0288353 -0.0188532 0.0402352
v -0.0287541 -0.0187100 0.0401338
v -0.0287947 -0.0188340 0.0401845
v -0.0287650 -0.0187816 0.0401474
v -0.0288990 -0.0181372 0.0401653
v -0.0288292 -0.0182804 0.0400514
v -0.0288641 -0.0181564 0.0401084
v -0.0288386 -0.0182088 0.0400667
v -0.0288990 -0.0188532 0.0401653
v -0.0288292 -0.0187100 0.0400514
v -0.0288641 -0.0188340 0.0401084
v -0.0288386 -0.0187816 0.0400667
v -0.0289696 -0.0181372 0.0401063
v -0.0289122 -0.0182804 0.0399821
v -0.0289409 -0.0181564 0.0400442
v -0.0289199 -0.0182088 0.0399987
v -0.0289696 -0.0188532 0.0401063
v -0.0289122 -0.0187100 0.0399821
v -0.0289409 -0.0188340 0.0400442
v -0.0289199 -0.0187816 0.0399987
v -0.0290457 -0.0181372 0.0400594
v -0.0290018 -0.0182804 0.0399268
v -0.0290237 -0.0181564 0.0399931
v -0.0290077 -0.0182088 0.0399446
v -0.0290457 -0.0188532 0.0400594
v -0.0290018 -0.0187100 0.0399268
v -0.0290237 -0.0188340 0.0399931
v -0.0290077 -0.0187816 0.0399446
v -0.0291260 -0.0181372 0.0400253
v -0.0290963 -0.0182804 0.0398867
v -0.0291112 -0.0181564 0.0399560
v -0.0291003 -0.0182088 0.0399053
v -0.0291260 -0.0188532 0.0400253
v -0.0290963 -0.0187100 0.0398867
v -0.0291112 -0.0188340 0.0399560
v -0.0291003 -0.0187816 0.0399053
v -0.0292092 -0.0181372 0.0400046
v -0.0291943 -0.0182804 0.0398623
v -0.0292017 -0.0181564 0.0399335
v -0.0291963 -0.0182088 0.0398814
v -0.0292092 -0.0188532 0.0400046
v -0.0291943 -0.0187100 0.0398623
v -0.0292017 -0.0188340 0.0399335
v -0.0291963 -0.0187816 0.0398814
v -0.0292939 -0.0181372 0.0399977
v -0.0292939 -0.0182804 0.0398542
v -0.0292939 -0.0181564 0.0399259
v -0.0292939 -0.0182088 0.0398734
v -0.0292939 -0.0188532 0.0399977
v -0.0292939 -0.0187100 0.0398542
v -0.0292939 -0.0188340 0.0399259
v -0.0292939 -0.0187816 0.0398734
v -0.0293786 -0.0181372 0.0400046
v -0.0293935 -0.0182804 0.0398623
v -0.0293860 -0.0181564 0.0399335
v -0.0293915 -0.0182088 0.0398814
v -0.0293786 -0.0188532 0.0400046
v -0.0293935 -0.0187100 0.0398623
v -0.0293860 -0.0188340 0.0399335
v -0.0293915 -0.0187816 0.0398814
v -0.0294618 -0.0181372 0.0400253
v -0.0294915 -0.0182804 0.0398867
v -0.0294766 -0.0181564 0.0399560
v -0.0294875 -0.0182088 0.0399053
v -0.0294618 -0.0188532 0.0400253
v -0.0294915 -0.0187100 0.0398867
v -0.0294766 -0.0188340 0.0399560
v -0.0294875 -0.0187816 0.0399053
v -0.0295421 -0.0181372 0.0400594
v -0.0295860 -0.0182804 0.0399268
v -0.0295641 -0.0181564 0.0399931
v -0.0295801 -0.0182088 0.0399446
v -0.0295421 -0.0188532 0.0400594
v -0.0295860 -0.0187100 0.0399268
v -0.0295641 -0.0188340 0.0399931
v -0.0295801 -0.0187816 0.0399446
v -0.0296182 -0.0181372 0.0401063
v -0.0296756 -0.0182804 0.0399821
v -0.0296469 -0.0181564 0.0400442
v -0.0296679 -0.0182088 0.0399987
v -0.0296182 -0.0188532 0.0401063
v -0.0296756 -0.0187100 0.0399821
v -0.0296469 -0.0188340 0.0400442
v -0.0296679 -0.0187816 0.0399987
v -0.0296887 -0.0181372 0.0401653
v -0.0297586 -0.0182804 0.0400514
v -0.0297237 -0.0181564 0.0401084
v -0.0297492 -0.0182088 0.0400667
v -0.0296887 -0.0188532 0.0401653
v -0.0297586 -0.0187100 0.0400514
v -0.0297237 -0.0188340 0.0401084
v -0.0297492 -0.0187816 0.0400667
v -0.0297525 -0.0181372 0.0402352
v -0.0298337 -0.0182804 0.0401338
v -0.0297931 -0.0181564 0.0401845
v -0.0298228 -0.0182088 0.0401474
v -0.0297525 -0.0188532 0.0402352
v -0.0298337 -0.0187100 0.0401338
v -0.0297931 -0.0188340 0.0401845
v -0.0298228 -0.0187816 0.0401474
v -0.0298085 -0.0181372 0.0403150
v -0.0298995 -0.0182804 0.0402276
v -0.0298540 -0.0181564 0.0402713
v -0.0298873 -0.0182088 0.0402393
v -0.0298085 -0.0188532 0.0403150
v -0.0298995 -0.0187100 0.0402276
v -0.0298540 -0.0188340 0.0402713
v -0.0298873 -0.0187816 0.0402393
v -0.0298556 -0.0181372 0.0404032
v -0.0299550 -0.0182804 0.0403315
v -0.0299053 -0.0181564 0.0403673
v -0.0299417 -0.0182088 0.0403411
v -0.0298556 -0.0188532 0.0404032
v -0.0299550 -0.0187100 0.0403315
v -0.0299053 -0.0188340 0.0403673
v -0.0299417 -0.0187816 0.0403411
v -0.0298931 -0.0181372 0.0404984
v -0.0299991 -0.0182804 0.0404435
v -0.0299461 -0.0181564 0.0404709
v -0.0299849 -0.0182088 0.0404508
v -0.0298931 -0.0188532 0.0404984
v -0.0299991 -0.0187100 0.0404435
v -0.0299461 -0.0188340 0.0404709
v -0.0299849 -0.0187816 0.0404508
v -0.0299204 -0.0181372 0.0405988
v -0.0300312 -0.0182804 0.0405617
v -0.0299758 -0.0181564 0.0405803
v -0.0300164 -0.0182088 0.0405667
v -0.0299204 -0.0188532 0.0405988
v -0.0300312 -0.0187100 0.0405617
v -0.0299758 -0.0188340 0.0405803
v -0.0300164 -0.0187816 0.0405667
v -0.0299370 -0.0181372 0.0407029
v -0.0300507 -0.0182804 0.0406842
v -0.0299938 -0.0181564 0.0406935
v -0.0300355 -0.0182088 0.0406867
v -0.0299370 -0.0188532 0.0407029
v -0.0300507 -0.0187100 0.0406842
v -0.0299938 -0.0188340 0.0406935
v -0.0300355 -0.0187816 0.0406867
v -0.0299425 -0.0181372 0.0408088
v -0.0300573 -0.0182804 0.0408088
v -0.0299999 -0.0181564 0.0408088
v -0.0300419 -0.0182088 0.0408088
v -0.0299425 -0.0188532 0.0408088
v -0.0300573 -0.0187100 0.0408088
v -0.0299999 -0.0188340 0.0408088
v -0.0300419 -0.0187816 0.0408088
v -0.0299370 -0.0181372 0.0409146
v -0.0300507 -0.0182804 0.0409334
v -0.0299938 -0.0181564 0.0409240
v -0.0300355 -0.0182088 0.0409308
v -0.0299370 -0.0188532 0.0409146
v -0.0300507 -0.0187100 0.0409334
v -0.0299938 -0.0188340 0.0409240
v -0.0300355 -0.0187816 0.0409308
v -0.0299204 -0.0181372 0.0410187
v -0.0300312 -0.0182804 0.0410558
v -0.0299758 -0.0181564 0.0410373
v -0.0300164 -0.0182088 0.0410509
v -0.0299204 -0.0188532 0.0410187
v -0.0300312 -0.0187100 0.0410558
v -0.0299758 -0.0188340 0.0410373
v -0.0300164 -0.0187816 0.0410509
v -0.0298931 -0.0181372 0.0411192
v -0.0299991 -0.0182804 0.0411741
v -0.0299461 -0.0181564 0.0411466
v -0.0299849 -0.0182088 0.0411667
v -0.0298931 -0.0188532 0.0411192
v -0.0299991 -0.0187100 0.0411741
v -0.0299461 -0.0188340 0.0411466
v -0.0299849 -0.0187816 0.0411667
v -0.0298556 -0.0181372 0.0412143
v -0.0299550 -0.0182804 0.0412861
v -0.0299053 -0.0181564 0.0412502
v -0.0299417 -0.0182088 0.0412764
v -0.0298556 -0.0188532 0.0412143
v -0.0299550 -0.0187100 0.0412861
v -0.0299053 -0.0188340 0.0412502
v -0.0299417 -0.0187816 0.0412764
v -0.0298085 -0.0181372 0.0413025
v -0.0298995 -0.0182804 0.0413899
v -0.0298540 -0.0181564 0.0413462
v -0.0298873 -0.0182088 0.0413782
v -0.0298085 -0.0188532 0.0413025
v -0.0298995 -0.0187100 0.0413899
v -0.0298540 -0.0188340 0.0413462
v -0.0298873 -0.0187816 0.0413782
v -0.0297525 -0.0181372 0.0413823
v -0.0298337 -0.0182804 0.0414838
v -0.0297931 -0.0181564 0.0414330
v -0.0298228 -0.0182088 0.0414702
v -0.0297525 -0.0188532 0.0413823
v -0.0298337 -0.0187100 0.0414838
v -0.0297931 -0.0188340 0.0414330
v -0.0298228 -0.0187816 0.0414702
v -0.0296887 -0.0181372 0.0414522
v -0.0297586 -0.0182804 0.0415661
v -0.0297237 -0.0181564 0.0415092
v -0.0297492 -0.0182088 0.0415508
v -0.0296887 -0.0188532 0.0414522
v -0.0297586 -0.0187100 0.0415661
v -0.0297237 -0.0188340 0.0415092
v -0.0297492 -0.0187816 0.0415508
v -0.0296182 -0.0181372 0.0415112
v -0.0296756 -0.0182804 0.0416355
v -0.0296469 -0.0181564 0.0415733
v -0.0296679 -0.0182088 0.0416188
v -0.0296182 -0.0188532 0.0415112
v -0.0296756 -0.0187100 0.0416355
v -0.0296469 -0.0188340 0.0415733
v -0.0296679 -0.0187816 0.0416188
v -0.0295421 -0.0181372 0.0415581
v -0.0295860 -0.0182804 0.0416907
v -0.0295641 -0.0181564 0.0416244
v -0.0295801 -0.0182088 0.0416729
v -0.0295421 -0.0188532 0.0415581
v -0.0295860 -0.0187100 0.0416907
v -0.0295641 -0.0188340 0.0416244
v -0.0295801 -0.0187816 0.0416729
v -0.0294618 -0.0181372 0.0415922
v -0.0294915 -0.0182804 0.0417308
v -0.0294766 -0.0181564 0.0416615
v -0.0294875 -0.0182088 0.0417123
v -0.0294618 -0.0188532 0.0415922
v -0.0294915 -0.0187100 0.0417308
v -0.0294766 -0.0188340 0.0416615
v -0.0294875 -0.0187816 0.0417123
v -0.0293786 -0.0181372 0.0416129
v -0.0293935 -0.0182804 0.0417552
v -0.0293860 -0.0181564 0.0416841
v -0.0293915 -0.0182088 0.0417361
v -0.0293786 -0.0188532 0.0416129
v -0.0293935 -0.0187100 0.0417552
v -0.0293860 -0.0188340 0.0416841
v -0.0293915 -0.0187816 0.0417361
v 0.0224237 -0.0178986 0.0376338
v 0.0224237 -0.0183281 0.0380643
v 0.0224237 -0.0179561 0.0378491
v 0.0224237 -0.0181134 0.0380066
v 0.0224237 -0.0200464 0.0376338
v 0.0224237 -0.0196168 0.0380643
v 0.0224237 -0.0199889 0.0378491
v 0.0224237 -0.0198316 0.0380066
v 0.0229516 -0.0178986 0.0375906
v 0.0229966 -0.0183281 0.0380174
v 0.0229741 -0.0179561 0.0378040
v 0.0229906 -0.0181134 0.0379602
v 0.0229516 -0.0200464 0.0375906
v 0.0229966 -0.0196168 0.0380174
v 0.0229741 -0.0199889 0.0378040
v 0.0229906 -0.0198316 0.0379602
v 0.0234706 -0.0178986 0.0374615
v 0.0235597 -0.0183281 0.0378773
v 0.0235152 -0.0179561 0.0376694
v 0.0235478 -0.0181134 0.0378216
v 0.0234706 -0.0200464 0.0374615
v 0.0235597 -0.0196168 0.0378773
v 0.0235152 -0.0199889 0.0376694
v 0.0235478 -0.0198316 0.0378216
v 0.0239716 -0.0178986 0.0372488
v 0.0241034 -0.0183281 0.0376465
v 0.0240375 -0.0179561 0.0374476
v 0.0240857 -0.0181134 0.0375932
v 0.0239716 -0.0200464 0.0372488
v 0.0241034 -0.0196168 0.0376465
v 0.0240375 -0.0199889 0.0374476
v 0.0240857 -0.0198316 0.0375932
v 0.0244462 -0.0178986 0.0369561
v 0.0246183 -0.0183281 0.0373289
v 0.0245323 -0.0179561 0.0371425
v 0.0245953 -0.0181134 0.0372790
v 0.0244462 -0.0200464 0.0369561
v 0.0246183 -0.0196168 0.0373289
v 0.0245323 -0.0199889 0.0371425
v 0.0245953 -0.0198316 0.0372790
v 0.0248861 -0.0178986 0.0365885
v 0.0250957 -0.0183281 0.0369301
v 0.0249909 -0.0179561 0.0367593
v 0.0250676 -0.0181134 0.0368843
v 0.0248861 -0.0200464 0.0365885
v 0.0250957 -0.0196168 0.0369301
v 0.0249909 -0.0199889 0.0367593
v 0.0250676 -0.0198316 0.0368843
v 0.0252840 -0.0178986 0.0361523
v 0.0255274 -0.0183281 0.0364567
v 0.0254057 -0.0179561 0.0363045
v 0.0254948 -0.0181134 0.0364159
v 0.0252840 -0.0200464 0.0361523
v 0.0255274 -0.0196168 0.0364567
v 0.0254057 -0.0199889 0.0363045
v 0.0254948 -0.0198316 0.0364159
v 0.0256328 -0.0178986 0.0356548
v 0.0259059 -0.0183281 0.0359168
v 0.0257694 -0.0179561 0.0357858
v 0.0258694 -0.0181134 0.0358817
v 0.0256328 -0.0200464 0.0356548
v 0.0259059 -0.0196168 0.0359168
v 0.0257694 -0.0199889 0.0357858
v 0.0258694 -0.0198316 0.0358817
v 0.0259268 -0.0178986 0.0351046
v 0.0262249 -0.0183281 0.0353199
v 0.0260759 -0.0179561 0.0352122
v 0.0261850 -0.0181134 0.0352910
v 0.0259268 -0.0200464 0.0351046
v 0.0262249 -0.0196168 0.0353199
v 0.0260759 -0.0199889 0.0352122
v 0.0261850 -0.0198316 0.0352910
v 0.0261608 -0.0178986 0.0345112
v 0.0264789 -0.0183281 0.0346759
v 0.0263198 -0.0179561 0.0345936
v 0.0264363 -0.0181134 0.0346539
v 0.0261608 -0.0200464 0.0345112
v 0.0264789 -0.0196168 0.0346759
v 0.0263198 -0.0199889 0.0345936
v 0.0264363 -0.0198316 0.0346539
v 0.0263309 -0.0178986 0.0338846
v 0.0266634 -0.0183281 0.0339961
v 0.0264972 -0.0179561 0.0339403
v 0.0266189 -0.0181134 0.0339811
v 0.0263309 -0.0200464 0.0338846
v 0.0266634 -0.0196168 0.0339961
v 0.0264972 -0.0199889 0.0339403
v 0.0266189 -0.0198316 0.0339811
v 0.0264341 -0.0178986 0.0332357
v 0.0267754 -0.0183281 0.0332919
v 0.0266048 -0.0179561 0.0332638
v 0.0267297 -0.0181134 0.0332843
v 0.0264341 -0.0200464 0.0332357
v 0.0267754 -0.0196168 0.0332919
v 0.0266048 -0.0199889 0.0332638
v 0.0267297 -0.0198316 0.0332843
v 0.0264687 -0.0178986 0.0325754
v 0.0268130 -0.0183281 0.0325754
v 0.0266409 -0.0179561 0.0325754
v 0.0267669 -0.0181134 0.0325754
v 0.0264687 -0.0200464 0.0325754
v 0.0268130 -0.0196168 0.0325754
v 0.0266409 -0.0199889 0.0325754
v 0.0267669 -0.0198316 0.0325754
v 0.0264341 -0.0178986 0.0319152
v 0.0267754 -0.0183281 0.0318590
v 0.0266048 -0.0179561 0.0318871
v 0.0267297 -0.0181134 0.0318665
v 0.0264341 -0.0200464 0.0319152
v 0.0267754 -0.0196168 0.0318590
v 0.0266048 -0.0199889 0.0318871
v 0.0267297 -0.0198316 0.0318665
v 0.0263309 -0.0178986 0.0312662
v 0.0266634 -0.0183281 0.0311548
v 0.0264972 -0.0179561 0.0312105
v 0.0266189 -0.0181134 0.0311697
v 0.0263309 -0.0200464 0.0312662
v 0.0266634 -0.0196168 0.0311548
v 0.0264972 -0.0199889 0.0312105
v 0.0266189 -0.0198316 0.0311697
v 0.0261608 -0.0178986 0.0306397
v 0.0264789 -0.0183281 0.0304749
v 0.0263198 -0.0179561 0.0305573
v 0.0264363 -0.0181134 0.0304970
v 0.0261608 -0.0200464 0.0306397
v 0.0264789 -0.0196168 0.0304749
v 0.0263198 -0.0199889 0.0305573
v 0.0264363 -0.0198316 0.0304970
v 0.0259268 -0.0178986 0.0300462
v 0.0262249 -0.0183281 0.0298310
v 0.0260759 -0.0179561 0.0299386
v 0.0261850 -0.0181134 0.0298598
v 0.0259268 -0.0200464 0.0300462
v 0.0262249 -0.0196168 0.0298310
v 0.0260759 -0.0199889 0.0299386
v 0.0261850 -0.0198316 0.0298598
v 0.0256328 -0.0178986 0.0294961
v 0.0259059 -0.0183281 0.0292340
v 0.0257694 -0.0179561 0.0293650
v 0.0258694 -0.0181134 0.0292691
v 0.0256328 -0.0200464 0.0294961
v 0.0259059 -0.0196168 0.0292340
v 0.0257694 -0.0199889 0.0293650
v 0.0258694 -0.0198316 0.0292691
v 0.0252840 -0.0178986 0.0289986
v 0.0255274 -0.0183281 0.0286942
v 0.0254057 -0.0179561 0.0288464
v 0.0254948 -0.0181134 0.0287350
v 0.0252840 -0.0200464 0.0289986
v 0.0255274 -0.0196168 0.0286942
v 0.0254057 -0.0199889 0.0288464
v 0.0254948 -0.0198316 0.0287350
v 0.0248861 -0.0178986 0.0285623
v 0.0250957 -0.0183281 0.0282208
v 0.0249909 -0.0179561 0.0283916
v 0.0250676 -0.0181134 0.0282665
v 0.0248861 -0.0200464 0.0285623
v 0.0250957 -0.0196168 0.0282208
v 0.0249909 -0.0199889 0.0283916
v 0.0250676 -0.0198316 0.0282665
v 0.0244462 -0.0178986 0.0281947
v 0.0246183 -0.0183281 0.0278219
v 0.0245323 -0.0179561 0.0280083
v 0.0245953 -0.0181134 0.0278718
v 0.0244462 -0.0200464 0.0281947
v 0.0246183 -0.0196168 0.0278219
v 0.0245323 -0.0199889 0.0280083
v 0.0245953 -0.0198316 0.0278718
v 0.0239716 -0.0178986 0.0279021
v 0.0241034 -0.0183281 0.0275043
v 0.0240375 -0.0179561 0.0277032
v 0.0240857 -0.0181134 0.0275576
v 0.0239716 -0.0200464 0.0279021
v 0.0241034 -0.0196168 0.0275043
v 0.0240375 -0.0199889 0.0277032
v 0.0240857 -0.0198316 0.0275576
v 0.0234706 -0.0178986 0.0276894
v 0.0235597 -0.0183281 0.0272736
v 0.0235152 -0.0179561 0.0274815
v 0.0235478 -0.0181134 0.0273293
v 0.0234706 -0.0200464 0.0276894
v 0.0235597 -0.0196168 0.0272736
v 0.0235152 -0.0199889 0.0274815
v 0.0235478 -0.0198316 0.0273293
v 0.0229516 -0.0178986 0.0275603
v 0.0229966 -0.0183281 0.0271335
v 0.0229741 -0.0179561 0.0273469
v 0.0229906 -0.0181134 0.0271907
v 0.0229516 -0.0200464 0.0275603
v 0.0229966 -0.0196168 0.0271335
v 0.0229741 -0.0199889 0.0273469
v 0.0229906 -0.0198316 0.0271907
v 0.0224237 -0.0178986 0.0275170
v 0.0224237 -0.0183281 0.0270865
v 0.0224237 -0.0179561 0.0273018
v 0.0224237 -0.0181134 0.0271442
v 0.0224237 -0.0200464 0.0275170
v 0.0224237 -0.0196168 0.0270865
v 0.0224237 -0.0199889 0.0273018
v 0.0224237 -0.0198316 0.0271442
v 0.0218957 -0.0178986 0.0275603
v 0.0218507 -0.0183281 0.0271335
v 0.0218732 -0.0179561 0.0273469
v 0.0218568 -0.0181134 0.0271907
v 0.0218957 -0.0200464 0.0275603
v 0.0218507 -0.0196168 0.0271335
v 0.0218732 -0.0199889 0.0273469
v 0.0218568 -0.0198316 0.0271907
v 0.0213767 -0.0178986 0.0276894
v 0.0212876 -0.0183281 0.0272736
v 0.0213322 -0.0179561 0.0274815
v 0.0212996 -0.0181134 0.0273293
v 0.0213767 -0.0200464 0.0276894
v 0.0212876 -0.0196168 0.0272736
v 0.0213322 -0.0199889 0.0274815
v 0.0212996 -0.0198316 0.0273293
v 0.0208757 -0.0178986 0.0279021
v 0.0207439 -0.0183281 0.0275043
v 0.0208098 -0.0179561 0.0277032
v 0.0207616 -0.0181134 0.0275576
v 0.0208757 -0.0200464 0.0279021
v 0.0207439 -0.0196168 0.0275043
v 0.0208098 -0.0199889 0.0277032
v 0.0207616 -0.0198316 0.0275576
v 0.0204011 -0.0178986 0.0281947
v 0.0202290 -0.0183281 0.0278219
v 0.0203151 -0.0179561 0.0280083
v 0.0202521 -0.0181134 0.0278718
v 0.0204011 -0.0200464 0.0281947
v 0.0202290 -0.0196168 0.0278219
v 0.0203151 -0.0199889 0.0280083
v 0.0202521 -0.0198316 0.0278718
v 0.0199612 -0.0178986 0.0285623
v 0.0197516 -0.0183281 0.0282208
v 0.0198564 -0.0179561 0.0283916
v 0.0197797 -0.0181134 0.0282665
v 0.0199612 -0.0200464 0.0285623
v 0.0197516 -0.0196168 0.0282208
v 0.0198564 -0.0199889 0.0283916
v 0.0197797 -0.0198316 0.0282665
v 0.0195634 -0.0178986 0.0289986
v 0.0193200 -0.0183281 0.0286942
v 0.0194417 -0.0179561 0.0288464
v 0.0193526 -0.0181134 0.0287350
v 0.0195634 -0.0200464 0.0289986
v 0.0193200 -0.0196168 0.0286942
v 0.0194417 -0.0199889 0.0288464
v 0.0193526 -0.0198316 0.0287350
v 0.0192145 -0.0178986 0.0294961
v 0.0189414 -0.0183281 0.0292340
v 0.0190779 -0.0179561 0.0293650
v 0.0189780 -0.0181134 0.0292691
v 0.0192145 -0.0200464 0.0294961
v 0.0189414 -0.0196168 0.0292340
v 0.0190779 -0.0199889 0.0293650
v 0.0189780 -0.0198316 0.0292691
v 0.0189205 -0.0178986 0.0300462
v 0.0186224 -0.0183281 0.0298310
v 0.0187715 -0.0179561 0.0299386
v 0.0186623 -0.0181134 0.0298598
v 0.0189205 -0.0200464 0.0300462
v 0.0186224 -0.0196168 0.0298310
v 0.0187715 -0.0199889 0.0299386
v 0.0186623 -0.0198316 0.0298598
v 0.0186865 -0.0178986 0.0306397
v 0.0183685 -0.0183281 0.0304749
v 0.0185275 -0.0179561 0.0305573
v 0.0184111 -0.0181134 0.0304970
v 0.0186865 -0.0200464 0.0306397
v 0.0183685 -0.0196168 0.0304749
v 0.0185275 -0.0199889 0.0305573
v 0.0184111 -0.0198316 0.0304970
v 0.0185164 -0.0178986 0.0312662
v 0.0181839 -0.0183281 0.0311548
v 0.0183502 -0.0179561 0.0312105
v 0.0182285 -0.0181134 0.0311697
v 0.0185164 -0.0200464 0.0312662
v 0.0181839 -0.0196168 0.0311548
v 0.0183502 -0.0199889 0.0312105
v 0.0182285 -0.0198316 0.0311697
v 0.0184132 -0.0178986 0.0319152
v 0.0180719 -0.0183281 0.0318590
v 0.0182426 -0.0179561 0.0318871
v 0.0181176 -0.0181134 0.0318665
v 0.0184132 -0.0200464 0.0319152
v 0.0180719 -0.0196168 0.0318590
v 0.0182426 -0.0199889 0.0318871
v 0.0181176 -0.0198316 0.0318665
v 0.0183786 -0.0178986 0.0325754
v 0.0180344 -0.0183281 0.0325754
v 0.0182065 -0.0179561 0.0325754
v 0.0180805 -0.0181134 0.0325754
v 0.0183786 -0.0200464 0.0325754
v 0.0180344 -0.0196168 0.0325754
v 0.0182065 -0.0199889 0.0325754
v 0.0180805 -0.0198316 0.0325754
v 0.0184132 -0.0178986 0.0332357
v 0.0180719 -0.0183281 0.0332919
v 0.0182426 -0.0179561 0.0332638
v 0.0181176 -0.0181134 0.0332843
v 0.0184132 -0.0200464 0.0332357
v 0.0180719 -0.0196168 0.0332919
v 0.0182426 -0.0199889 0.0332638
v 0.0181176 -0.0198316 0.0332843
v 0.0185164 -0.0178986 0.0338846
v 0.0181839 -0.0183281 0.0339961
v 0.0183502 -0.0179561 0.0339403
v 0.0182285 -0.0181134 0.0339811
v 0.0185164 -0.0200464 0.0338846
v 0.0181839 -0.0196168 0.0339961
v 0.0183502 -0.0199889 0.0339403
v 0.0182285 -0.0198316 0.0339811
v 0.0186865 -0.0178986 0.0345112
v 0.0183685 -0.0183281 0.0346759
v 0.0185275 -0.0179561 0.0345936
v 0.0184111 -0.0181134 0.0346539
v 0.0186865 -0.0200464 0.0345112
v 0.0183685 -0.0196168 0.0346759
v 0.0185275 -0.0199889 0.0345936
v 0.0184111 -0.0198316 0.0346539
v 0.0189205 -0.0178986 0.0351046
v 0.0186224 -0.0183281 0.0353199
v 0.0187715 -0.0179561 0.0352122
v 0.0186623 -0.0181134 0.0352910
v 0.0189205 -0.0200464 0.0351046
v 0.0186224 -0.0196168 0.0353199
v 0.0187715 -0.0199889 0.0352122
v 0.0186623 -0.0198316 0.0352910
v 0.0192145 -0.0178986 0.0356548
v 0.0189414 -0.0183281 0.0359168
v 0.0190779 -0.0179561 0.0357858
v 0.0189780 -0.0181134 0.0358817
v 0.0192145 -0.0200464 0.0356548
v 0.0189414 -0.0196168 0.0359168
v 0.0190779 -0.0199889 0.0357858
v 0.0189780 -0.0198316 0.0358817
v 0.0195634 -0.0178986 0.0361523
v 0.0193200 -0.0183281 0.0364567
v 0.0194417 -0.0179561 0.0363045
v 0.0193526 -0.0181134 0.0364159
v 0.0195634 -0.0200464 0.0361523
v 0.0193200 -0.0196168 0.0364567
v 0.0194417 -0.0199889 0.0363045
v 0.0193526 -0.0198316 0.0364159
v 0.0199612 -0.0178986 0.0365885
v 0.0197516 -0.0183281 0.0369301
v 0.0198564 -0.0179561 0.0367593
v 0.0197797 -0.0181134 0.0368843
v 0.0199612 -0.0200464 0.0365885
v 0.0197516 -0.0196168 0.0369301
v 0.0198564 -0.0199889 0.0367593
v 0.0197797 -0.0198316 0.0368843
v 0.0204011 -0.0178986 0.0369561
v 0.0202290 -0.0183281 0.0373289
v 0.0203151 -0.0179561 0.0371425
v 0.0202521 -0.0181134 0.0372790
v 0.0204011 -0.0200464 0.0369561
v 0.0202290 -0.0196168 0.0373289
v 0.0203151 -0.0199889 0.0371425
v 0.0202521 -0.0198316 0.0372790
v 0.0208757 -0.0178986 0.0372488
v 0.0207439 -0.0183281 0.0376465
v 0.0208098 -0.0179561 0.0374476
v 0.0207616 -0.0181134 0.0375932
v 0.0208757 -0.0200464 0.0372488
v 0.0207439 -0.0196168 0.0376465
v 0.0208098 -0.0199889 0.0374476
v 0.0207616 -0.0198316 0.0375932
v 0.0213767 -0.0178986 0.0374615
v 0.0212876 -0.0183281 0.0378773
v 0.0213322 -0.0179561 0.0376694
v 0.0212996 -0.0181134 0.0378216
v 0.0213767 -0.0200464 0.0374615
v 0.0212876 -0.0196168 0.0378773
v 0.0213322 -0.0199889 0.0376694
v 0.0212996 -0.0198316 0.0378216
v 0.0218957 -0.0178986 0.0375906
v 0.0218507 -0.0183281 0.0380174
v 0.0218732 -0.0179561 0.0378040
v 0.0218568 -0.0181134 0.0379602
v 0.0218957 -0.0200464 0.0375906
v 0.0218507 -0.0196168 0.0380174
v 0.0218732 -0.0199889 0.0378040
v 0.0218568 -0.0198316 0.0379602
v 0.0224237 -0.0178986 0.0222410
v 0.0224237 -0.0183281 0.0226715
v 0.0224237 -0.0179561 0.0224563
v 0.0224237 -0.0181134 0.0226139
v 0.0224237 -0.0200464 0.0222410
v 0.0224237 -0.0196168 0.0226715
v 0.0224237 -0.0199889 0.0224563
v 0.0224237 -0.0198316 0.0226139
v 0.0228271 -0.0178986 0.0222080
v 0.0228720 -0.0183281 0.0226348
v 0.0228496 -0.0179561 0.0224214
v 0.0228660 -0.0181134 0.0225776
v 0.0228271 -0.0200464 0.0222080
v 0.0228720 -0.0196168 0.0226348
v 0.0228496 -0.0199889 0.0224214
v 0.0228660 -0.0198316 0.0225776
v 0.0232236 -0.0178986 0.0221093
v 0.0233127 -0.0183281 0.0225252
v 0.0232682 -0.0179561 0.0223173
v 0.0233008 -0.0181134 0.0224695
v 0.0232236 -0.0200464 0.0221093
v 0.0233127 -0.0196168 0.0225252
v 0.0232682 -0.0199889 0.0223173
v 0.0233008 -0.0198316 0.0224695
v 0.0236065 -0.0178986 0.0219468
v 0.0237382 -0.0183281 0.0223445
v 0.0236724 -0.0179561 0.0221457
v 0.0237206 -0.0181134 0.0222913
v 0.0236065 -0.0200464 0.0219468
v 0.0237382 -0.0196168 0.0223445
v 0.0236724 -0.0199889 0.0221457
v 0.0237206 -0.0198316 0.0222913
v 0.0239691 -0.0178986 0.0217232
v 0.0241412 -0.0183281 0.0220960
v 0.0240552 -0.0179561 0.0219096
v 0.0241182 -0.0181134 0.0220461
v 0.0239691 -0.0200464 0.0217232
v 0.0241412 -0.0196168 0.0220960
v 0.0240552 -0.0199889 0.0219096
v 0.0241182 -0.0198316 0.0220461
v 0.0243053 -0.0178986 0.0214423
v 0.0245148 -0.0183281 0.0217838
v 0.0244100 -0.0179561 0.0216131
v 0.0244868 -0.0181134 0.0217381
v 0.0243053 -0.0200464 0.0214423
v 0.0245148 -0.0196168 0.0217838
v 0.0244100 -0.0199889 0.0216131
v 0.0244868 -0.0198316 0.0217381
v 0.0246092 -0.0178986 0.0211090
v 0.0248527 -0.0183281 0.0214134
v 0.0247309 -0.0179561 0.0212612
v 0.0248200 -0.0181134 0.0213726
v 0.0246092 -0.0200464 0.0211090
v 0.0248527 -0.0196168 0.0214134
v 0.0247309 -0.0199889 0.0212612
v 0.0248200 -0.0198316 0.0213726
v 0.0248758 -0.0178986 0.0207288
v 0.0251489 -0.0183281 0.0209909
v 0.0250124 -0.0179561 0.0208599
v 0.0251123 -0.0181134 0.0209558
v 0.0248758 -0.0200464 0.0207288
v 0.0251489 -0.0196168 0.0209909
v 0.0250124 -0.0199889 0.0208599
v 0.0251123 -0.0198316 0.0209558
v 0.0251004 -0.0178986 0.0203085
v 0.0253986 -0.0183281 0.0205237
v 0.0252495 -0.0179561 0.0204161
v 0.0253586 -0.0181134 0.0204949
v 0.0251004 -0.0200464 0.0203085
v 0.0253986 -0.0196168 0.0205237
v 0.0252495 -0.0199889 0.0204161
v 0.0253586 -0.0198316 0.0204949
v 0.0252793 -0.0178986 0.0198550
v 0.0255973 -0.0183281 0.0200198
v 0.0254383 -0.0179561 0.0199374
v 0.0255547 -0.0181134 0.0199977
v 0.0252793 -0.0200464 0.0198550
v 0.0255973 -0.0196168 0.0200198
v 0.0254383 -0.0199889 0.0199374
v 0.0255547 -0.0198316 0.0199977
v 0.0254092 -0.0178986 0.0193763
v 0.0257417 -0.0183281 0.0194877
v 0.0255755 -0.0179561 0.0194320
v 0.0256972 -0.0181134 0.0194727
v 0.0254092 -0.0200464 0.0193763
v 0.0257417 -0.0196168 0.0194877
v 0.0255755 -0.0199889 0.0194320
v 0.0256972 -0.0198316 0.0194727
v 0.0254881 -0.0178986 0.0188804
v 0.0258294 -0.0183281 0.0189366
v 0.0256587 -0.0179561 0.0189085
v 0.0257837 -0.0181134 0.0189290
v 0.0254881 -0.0200464 0.0188804
v 0.0258294 -0.0196168 0.0189366
v 0.0256587 -0.0199889 0.0189085
v 0.0257837 -0.0198316 0.0189290
v 0.0255145 -0.0178986 0.0183759
v 0.0258588 -0.0183281 0.0183759
v 0.0256867 -0.0179561 0.0183759
v 0.0258127 -0.0181134 0.0183759
v 0.0255145 -0.0200464 0.0183759
v 0.0258588 -0.0196168 0.0183759
v 0.0256867 -0.0199889 0.0183759
v 0.0258127 -0.0198316 0.0183759
v 0.0254881 -0.0178986 0.0178714
v 0.0258294 -0.0183281 0.0178152
v 0.0256587 -0.0179561 0.0178433
v 0.0257837 -0.0181134 0.0178227
v 0.0254881 -0.0200464 0.0178714
v 0.0258294 -0.0196168 0.0178152
v 0.0256587 -0.0199889 0.0178433
v 0.0257837 -0.0198316 0.0178227
v 0.0254092 -0.0178986 0.0173755
v 0.0257417 -0.0183281 0.0172641
v 0.0255755 -0.0179561 0.0173198
v 0.0256972 -0.0181134 0.0172790
v 0.0254092 -0.0200464 0.0173755
v 0.0257417 -0.0196168 0.0172641
v 0.0255755 -0.0199889 0.0173198
v 0.0256972 -0.0198316 0.0172790
v 0.0252793 -0.0178986 0.0168967
v 0.0255973 -0.0183281 0.0167320
v 0.0254383 -0.0179561 0.0168144
v 0.0255547 -0.0181134 0.0167541
v 0.0252793 -0.0200464 0.0168967
v 0.0255973 -0.0196168 0.0167320
v 0.0254383 -0.0199889 0.0168144
v 0.0255547 -0.0198316 0.0167541
v 0.0251004 -0.0178986 0.0164433
v 0.0253986 -0.0183281 0.0162280
v 0.0252495 -0.0179561 0.0163357
v 0.0253586 -0.0181134 0.0162569
v 0.0251004 -0.0200464 0.0164433
v 0.0253986 -0.0196168 0.0162280
v 0.0252495 -0.0199889 0.0163357
v 0.0253586 -0.0198316 0.0162569
v 0.0248758 -0.0178986 0.0160229
v 0.0251489 -0.0183281 0.0157608
v 0.0250124 -0.0179561 0.0158919
v 0.0251123 -0.0181134 0.0157960
v 0.0248758 -0.0200464 0.0160229
v 0.0251489 -0.0196168 0.0157608
v 0.0250124 -0.0199889 0.0158919
v 0.0251123 -0.0198316 0.0157960
v 0.0246092 -0.0178986 0.0156428
v 0.0248527 -0.0183281 0.0153384
v 0.0247309 -0.0179561 0.0154906
v 0.0248200 -0.0181134 0.0153792
v 0.0246092 -0.0200464 0.0156428
v 0.0248527 -0.0196168 0.0153384
v 0.0247309 -0.0199889 0.0154906
v 0.0248200 -0.0198316 0.0153792
v 0.0243053 -0.0178986 0.0153094
v 0.0245148 -0.0183281 0.0149679
v 0.0244100 -0.0179561 0.0151387
v 0.0244868 -0.0181134 0.0150137
v 0.0243053 -0.0200464 0.0153094
v 0.0245148 -0.0196168 0.0149679
v 0.0244100 -0.0199889 0.0151387
v 0.0244868 -0.0198316 0.0150137
v 0.0239691 -0.0178986 0.0150285
v 0.0241412 -0.0183281 0.0146557
v 0.0240552 -0.0179561 0.0148421
v 0.0241182 -0.0181134 0.0147057
v 0.0239691 -0.0200464 0.0150285
v 0.0241412 -0.0196168 0.0146557
v 0.0240552 -0.0199889 0.0148421
v 0.0241182 -0.0198316 0.0147057
v 0.0236065 -0.0178986 0.0148049
v 0.0237382 -0.0183281 0.0144072
v 0.0236724 -0.0179561 0.0146061
v 0.0237206 -0.0181134 0.0144605
v 0.0236065 -0.0200464 0.0148049
v 0.0237382 -0.0196168 0.0144072
v 0.0236724 -0.0199889 0.0146061
v 0.0237206 -0.0198316 0.0144605
v 0.0232236 -0.0178986 0.0146424
v 0.0233127 -0.0183281 0.0142266
v 0.0232682 -0.0179561 0.0144345
v 0.0233008 -0.0181134 0.0142823
v 0.0232236 -0.0200464 0.0146424
v 0.0233127 -0.0196168 0.0142266
v 0.0232682 -0.0199889 0.0144345
v 0.0233008 -0.0198316 0.0142823
v 0.0228271 -0.0178986 0.0145438
v 0.0228720 -0.0183281 0.0141170
v 0.0228496 -0.0179561 0.0143304
v 0.0228660 -0.0181134 0.0141741
v 0.0228271 -0.0200464 0.0145438
v 0.0228720 -0.0196168 0.0141170
v 0.0228496 -0.0199889 0.0143304
v 0.0228660 -0.0198316 0.0141741
v 0.0224237 -0.0178986 0.0145107
v 0.0224237 -0.0183281 0.0140802
v 0.0224237 -0.0179561 0.0142955
v 0.0224237 -0.0181134 0.0141379
v 0.0224237 -0.0200464 0.0145107
v 0.0224237 -0.0196168 0.0140802
v 0.0224237 -0.0199889 0.0142955
v 0.0224237 -0.0198316 0.0141379
v 0.0220202 -0.0178986 0.0145438
v 0.0219753 -0.0183281 0.0141170
v 0.0219978 -0.0179561 0.0143304
v 0.0219813 -0.0181134 0.0141741
v 0.0220202 -0.0200464 0.0145438
v 0.0219753 -0.0196168 0.0141170
v 0.0219978 -0.0199889 0.0143304
v 0.0219813 -0.0198316 0.0141741
v 0.0216237 -0.0178986 0.0146424
v 0.0215346 -0.0183281 0.0142266
v 0.0215791 -0.0179561 0.0144345
v 0.0215465 -0.0181134 0.0142823
v 0.0216237 -0.0200464 0.0146424
v 0.0215346 -0.0196168 0.0142266
v 0.0215791 -0.0199889 0.0144345
v 0.0215465 -0.0198316 0.0142823
v 0.0212408 -0.0178986 0.0148049
v 0.0211091 -0.0183281 0.0144072
v 0.0211750 -0.0179561 0.0146061
v 0.0211268 -0.0181134 0.0144605
v 0.0212408 -0.0200464 0.0148049
v 0.0211091 -0.0196168 0.0144072
v 0.0211750 -0.0199889 0.0146061
v 0.0211268 -0.0198316 0.0144605
v 0.0208782 -0.0178986 0.0150285
v 0.0207061 -0.0183281 0.0146557
v 0.0207922 -0.0179561 0.0148421
v 0.0207292 -0.0181134 0.0147057
v 0.0208782 -0.0200464 0.0150285
v 0.0207061 -0.0196168 0.0146557
v 0.0207922 -0.0199889 0.0148421
v 0.0207292 -0.0198316 0.0147057
v 0.0205421 -0.0178986 0.0153094
v 0.0203325 -0.0183281 0.0149679
v 0.0204373 -0.0179561 0.0151387
v 0.0203606 -0.0181134 0.0150137
v 0.0205421 -0.0200464 0.0153094
v 0.0203325 -0.0196168 0.0149679
v 0.0204373 -0.0199889 0.0151387
v 0.0203606 -0.0198316 0.0150137
v 0.0202381 -0.0178986 0.0156428
v 0.0199947 -0.0183281 0.0153384
v 0.0201164 -0.0179561 0.0154906
v 0.0200273 -0.0181134 0.0153792
v 0.0202381 -0.0200464 0.0156428
v 0.0199947 -0.0196168 0.0153384
v 0.0201164 -0.0199889 0.0154906
v 0.0200273 -0.0198316 0.0153792
v 0.0199715 -0.0178986 0.0160229
v 0.0196984 -0.0183281 0.0157608
v 0.0198350 -0.0179561 0.0158919
v 0.0197350 -0.0181134 0.0157960
v 0.0199715 -0.0200464 0.0160229
v 0.0196984 -0.0196168 0.0157608
v 0.0198350 -0.0199889 0.0158919
v 0.0197350 -0.0198316 0.0157960
v 0.0197469 -0.0178986 0.0164433
v 0.0194488 -0.0183281 0.0162280
v 0.0195978 -0.0179561 0.0163357
v 0.0194887 -0.0181134 0.0162569
v 0.0197469 -0.0200464 0.0164433
v 0.0194488 -0.0196168 0.0162280
v 0.0195978 -0.0199889 0.0163357
v 0.0194887 -0.0198316 0.0162569
v 0.0195681 -0.0178986 0.0168967
v 0.0192500 -0.0183281 0.0167320
v 0.0194091 -0.0179561 0.0168144
v 0.0192926 -0.0181134 0.0167541
v 0.0195681 -0.0200464 0.0168967
v 0.0192500 -0.0196168 0.0167320
v 0.0194091 -0.0199889 0.0168144
v 0.0192926 -0.0198316 0.0167541
v 0.0194381 -0.0178986 0.0173755
v 0.0191056 -0.0183281 0.0172641
v 0.0192719 -0.0179561 0.0173198
v 0.0191501 -0.0181134 0.0172790
v 0.0194381 -0.0200464 0.0173755
v 0.0191056 -0.0196168 0.0172641
v 0.0192719 -0.0199889 0.0173198
v 0.0191501 -0.0198316 0.0172790
v 0.0193592 -0.0178986 0.0178714
v 0.0190179 -0.0183281 0.0178152
v 0.0191886 -0.0179561 0.0178433
v 0.0190637 -0.0181134 0.0178227
v 0.0193592 -0.0200464 0.0178714
v 0.0190179 -0.0196168 0.0178152
v 0.0191886 -0.0199889 0.0178433
v 0.0190637 -0.0198316 0.0178227
v 0.0193328 -0.0178986 0.0183759
v 0.0189885 -0.0183281 0.0183759
v 0.0191607 -0.0179561 0.0183759
v 0.0190347 -0.0181134 0.0183759
v 0.0193328 -0.0200464 0.0183759
v 0.0189885 -0.0196168 0.0183759
v 0.0191607 -0.0199889 0.0183759
v 0.0190347 -0.0198316 0.0183759
v 0.0193592 -0.0178986 0.0188804
v 0.0190179 -0.0183281 0.0189366
v 0.0191886 -0.0179561 0.0189085
v 0.0190637 -0.0181134 0.0189290
v 0.0193592 -0.0200464 0.0188804
v 0.0190179 -0.0196168 0.0189366
v 0.0191886 -0.0199889 0.0189085
v 0.0190637 -0.0198316 0.0189290
v 0.0194381 -0.0178986 0.0193763
v 0.0191056 -0.0183281 0.0194877
v 0.0192719 -0.0179561 0.0194320
v 0.0191501 -0.0181134 0.0194727
v 0.0194381 -0.0200464 0.0193763
v 0.0191056 -0.0196168 0.0194877
v 0.0192719 -0.0199889 0.0194320
v 0.0191501 -0.0198316 0.0194727
v 0.0195681 -0.0178986 0.0198550
v 0.0192500 -0.0183281 0.0200198
v 0.0194091 -0.0179561 0.0199374
v 0.0192926 -0.0181134 0.0199977
v 0.0195681 -0.0200464 0.0198550
v 0.0192500 -0.0196168 0.0200198
v 0.0194091 -0.0199889 0.0199374
v 0.0192926 -0.0198316 0.0199977
v 0.0197469 -0.0178986 0.0203085
v 0.0194488 -0.0183281 0.0205237
v 0.0195978 -0.0179561 0.0204161
v 0.0194887 -0.0181134 0.0204949
v 0.0197469 -0.0200464 0.0203085
v 0.0194488 -0.0196168 0.0205237
v 0.0195978 -0.0199889 0.0204161
v 0.0194887 -0.0198316 0.0204949
v 0.0199715 -0.0178986 0.0207288
v 0.0196984 -0.0183281 0.0209909
v 0.0198350 -0.0179561 0.0208599
v 0.0197350 -0.0181134 0.0209558
v 0.0199715 -0.0200464 0.0207288
v 0.0196984 -0.0196168 0.0209909
v 0.0198350 -0.0199889 0.0208599
v 0.0197350 -0.0198316 0.0209558
v 0.0202381 -0.0178986 0.0211090
v 0.0199947 -0.0183281 0.0214134
v 0.0201164 -0.0179561 0.0212612
v 0.0200273 -0.0181134 0.0213726
v 0.0202381 -0.0200464 0.0211090
v 0.0199947 -0.0196168 0.0214134
v 0.0201164 -0.0199889 0.0212612
v 0.0200273 -0.0198316 0.0213726
v 0.0205421 -0.0178986 0.0214423
v 0.0203325 -0.0183281 0.0217838
v 0.0204373 -0.0179561 0.0216131
v 0.0203606 -0.0181134 0.0217381
v 0.0205421 -0.0200464 0.0214423
v 0.0203325 -0.0196168 0.0217838
v 0.0204373 -0.0199889 0.0216131
v 0.0203606 -0.0198316 0.0217381
v 0.0208782 -0.0178986 0.0217232
v 0.0207061 -0.0183281 0.0220960
v 0.0207922 -0.0179561 0.0219096
v 0.0207292 -0.0181134 0.0220461
v 0.0208782 -0.0200464 0.0217232
v 0.0207061 -0.0196168 0.0220960
v 0.0207922 -0.0199889 0.0219096
v 0.0207292 -0.0198316 0.0220461
v 0.0212408 -0.0178986 0.0219468
v 0.0211091 -0.0183281 0.0223445
v 0.0211750 -0.0179561 0.0221457
v 0.0211268 -0.0181134 0.0222913
v 0.0212408 -0.0200464 0.0219468
v 0.0211091 -0.0196168 0.0223445
v 0.0211750 -0.0199889 0.0221457
v 0.0211268 -0.0198316 0.0222913
v 0.0216237 -0.0178986 0.0221093
v 0.0215346 -0.0183281 0.0225252
v 0.0215791 -0.0179561 0.0223173
v 0.0215465 -0.0181134 0.0224695
v 0.0216237 -0.0200464 0.0221093
v 0.0215346 -0.0196168 0.0225252
v 0.0215791 -0.0199889 0.0223173
v 0.0215465 -0.0198316 0.0224695
v 0.0220202 -0.0178986 0.0222080
v 0.0219753 -0.0183281 0.0226348
v 0.0219978 -0.0179561 0.0224214
v 0.0219813 -0.0181134 0.0225776
v 0.0220202 -0.0200464 0.0222080
v 0.0219753 -0.0196168 0.0226348
v 0.0219978 -0.0199889 0.0224214
v 0.0219813 -0.0198316 0.0225776
v 0.0204198 -0.0200464 0.0045343
v 0.0204198 -0.0201657 0.0046536
v 0.0203244 -0.0200464 0.0046536
v 0.0204198 -0.0201060 0.0045502
v 0.0203722 -0.0200464 0.0045502
v 0.0203742 -0.0201035 0.0045657
v 0.0203722 -0.0201498 0.0046536
v 0.0204198 -0.0201498 0.0045940
v 0.0203742 -0.0201343 0.0045966
v 0.0203372 -0.0200464 0.0045940
v 0.0203372 -0.0201060 0.0046536
v 0.0203496 -0.0201035 0.0045966
v 0.0204198 -0.0201657 0.0048923
v 0.0204198 -0.0200464 0.0050116
v 0.0203244 -0.0200464 0.0048923
v 0.0204198 -0.0201498 0.0049519
v 0.0203722 -0.0201498 0.0048923
v 0.0203742 -0.0201343 0.0049493
v 0.0203722 -0.0200464 0.0049957
v 0.0204198 -0.0201060 0.0049957
v 0.0203742 -0.0201035 0.0049802
v 0.0203372 -0.0201060 0.0048923
v 0.0203372 -0.0200464 0.0049519
v 0.0203496 -0.0201035 0.0049493
v 0.0204198 -0.0193305 0.0045343
v 0.0203244 -0.0193305 0.0046536
v 0.0204198 -0.0192111 0.0046536
v 0.0203722 -0.0193305 0.0045502
v 0.0204198 -0.0192709 0.0045502
v 0.0203742 -0.0192734 0.0045657
v 0.0203372 -0.0192709 0.0046536
v 0.0203372 -0.0193305 0.0045940
v 0.0203496 -0.0192734 0.0045966
v 0.0204198 -0.0192271 0.0045940
v 0.0203722 -0.0192271 0.0046536
v 0.0203742 -0.0192426 0.0045966
v 0.0204198 -0.0193305 0.0050116
v 0.0204198 -0.0192111 0.0048923
v 0.0203244 -0.0193305 0.0048923
v 0.0204198 -0.0192709 0.0049957
v 0.0203722 -0.0193305 0.0049957
v 0.0203742 -0.0192734 0.0049802
v 0.0203722 -0.0192271 0.0048923
v 0.0204198 -0.0192271 0.0049519
v 0.0203742 -0.0192426 0.0049493
v 0.0203372 -0.0193305 0.0049519
v 0.0203372 -0.0192709 0.0048923
v 0.0203496 -0.0192734 0.0049493
v 0.0282443 -0.0200464 0.0045343
v 0.0283397 -0.0200464 0.0046536
v 0.0282443 -0.0201657 0.0046536
v 0.0282919 -0.0200464 0.0045502
v 0.0282443 -0.0201060 0.0045502
v 0.0282899 -0.0201035 0.0045657
v 0.0283269 -0.0201060 0.0046536
v 0.0283269 -0.0200464 0.0045940
v 0.0283146 -0.0201035 0.0045966
v 0.0282443 -0.0201498 0.0045940
v 0.0282919 -0.0201498 0.0046536
v 0.0282899 -0.0201343 0.0045966
v 0.0282443 -0.0200464 0.0050116
v 0.0282443 -0.0201657 0.0048923
v 0.0283397 -0.0200464 0.0048923
v 0.0282443 -0.0201060 0.0049957
v 0.0282919 -0.0200464 0.0049957
v 0.0282899 -0.0201035 0.0049802
v 0.0282919 -0.0201498 0.0048923
v 0.0282443 -0.0201498 0.0049519
v 0.0282899 -0.0201343 0.0049493
v 0.0283269 -0.0200464 0.0049519
v 0.0283269 -0.0201060 0.0048923
v 0.0283146 -0.0201035 0.0049493
v 0.0282443 -0.0193305 0.0045343
v 0.0282443 -0.0192111 0.0046536
v 0.0283397 -0.0193305 0.0046536
v 0.0282443 -0.0192709 0.0045502
v 0.0282919 -0.0193305 0.0045502
v 0.0282899 -0.0192734 0.0045657
v 0.0282919 -0.0192271 0.0046536
v 0.0282443 -0.0192271 0.0045940
v 0.0282899 -0.0192426 0.0045966
v 0.0283269 -0.0193305 0.0045940
v 0.0283269 -0.0192709 0.0046536
v 0.0283146 -0.0192734 0.0045966
v 0.0282443 -0.0193305 0.0050116
v 0.0283397 -0.0193305 0.0048923
v 0.0282443 -0.0192111 0.0048923
v 0.0282919 -0.0193305 0.0049957
v 0.0282443 -0.0192709 0.0049957
v 0.0282899 -0.0192734 0.0049802
v 0.0283269 -0.0192709 0.0048923
v 0.0283269 -0.0193305 0.0049519
v 0.0283146 -0.0192734 0.0049493
v 0.0282443 -0.0192271 0.0049519
v 0.0282919 -0.0192271 0.0048923
v 0.0282899 -0.0192426 0.0049493
v 0.0204198 -0.0200464 0.0058469
v 0.0204198 -0.0201657 0.0059662
v 0.0203244 -0.0200464 0.0059662
v 0.0204198 -0.0201060 0.0058628
v 0.0203722 -0.0200464 0.0058628
v 0.0203742 -0.0201035 0.0058783
v 0.0203722 -0.0201498 0.0059662
v 0.0204198 -0.0201498 0.0059066
v 0.0203742 -0.0201343 0.0059091
v 0.0203372 -0.0200464 0.0059066
v 0.0203372 -0.0201060 0.0059662
v 0.0203496 -0.0201035 0.0059091
v 0.0204198 -0.0201657 0.0062048
v 0.0204198 -0.0200464 0.0063242
v 0.0203244 -0.0200464 0.0062048
v 0.0204198 -0.0201498 0.0062644
v 0.0203722 -0.0201498 0.0062048
v 0.0203742 -0.0201343 0.0062619
v 0.0203722 -0.0200464 0.0063082
v 0.0204198 -0.0201060 0.0063082
v 0.0203742 -0.0201035 0.0062927
v 0.0203372 -0.0201060 0.0062048
v 0.0203372 -0.0200464 0.0062644
v 0.0203496 -0.0201035 0.0062619
v 0.0204198 -0.0193305 0.0058469
v 0.0203244 -0.0193305 0.0059662
v 0.0204198 -0.0192111 0.0059662
v 0.0203722 -0.0193305 0.0058628
v 0.0204198 -0.0192709 0.0058628
v 0.0203742 -0.0192734 0.0058783
v 0.0203372 -0.0192709 0.0059662
v 0.0203372 -0.0193305 0.0059066
v 0.0203496 -0.0192734 0.0059091
v 0.0204198 -0.0192271 0.0059066
v 0.0203722 -0.0192271 0.0059662
v 0.0203742 -0.0192426 0.0059091
v 0.0204198 -0.0193305 0.0063242
v 0.0204198 -0.0192111 0.0062048
v 0.0203244 -0.0193305 0.0062048
v 0.0204198 -0.0192709 0.0063082
v 0.0203722 -0.0193305 0.0063082
v 0.0203742 -0.0192734 0.0062927
v 0.0203722 -0.0192271 0.0062048
v 0.0204198 -0.0192271 0.0062644
v 0.0203742 -0.0192426 0.0062619
v 0.0203372 -0.0193305 0.0062644
v 0.0203372 -0.0192709 0.0062048
v 0.0203496 -0.0192734 0.0062619
v 0.0282443 -0.0200464 0.0058469
v 0.0283397 -0.0200464 0.0059662
v 0.0282443 -0.0201657 0.0059662
v 0.0282919 -0.0200464 0.0058628
v 0.0282443 -0.0201060 0.0058628
v 0.0282899 -0.0201035 0.0058783
v 0.0283269 -0.0201060 0.0059662
v 0.0283269 -0.0200464 0.0059066
v 0.0283146 -0.0201035 0.0059091
v 0.0282443 -0.0201498 0.0059066
v 0.0282919 -0.0201498 0.0059662
v 0.0282899 -0.0201343 0.0059091
v 0.0282443 -0.0200464 0.0063242
v 0.0282443 -0.0201657 0.0062048
v 0.0283397 -0.0200464 0.0062048
v 0.0282443 -0.0201060 0.0063082
v 0.0282919 -0.0200464 0.0063082
v 0.0282899 -0.0201035 0.0062927
v 0.0282919 -0.0201498 0.0062048
v 0.0282443 -0.0201498 0.0062644
v 0.0282899 -0.0201343 0.0062619
v 0.0283269 -0.0200464 0.0062644
v 0.0283269 -0.0201060 0.0062048
v 0.0283146 -0.0201035 0.0062619
v 0.0282443 -0.0193305 0.0058469
v 0.0282443 -0.0192111 0.0059662
v 0.0283397 -0.0193305 0.0059662
v 0.0282443 -0.0192709 0.0058628
v 0.0282919 -0.0193305 0.0058628
v 0.0282899 -0.0192734 0.0058783
v 0.0282919 -0.0192271 0.0059662
v 0.0282443 -0.0192271 0.0059066
v 0.0282899 -0.0192426 0.0059091
v 0.0283269 -0.0193305 0.0059066
v 0.0283269 -0.0192709 0.0059662
v 0.0283146 -0.0192734 0.0059091
v 0.0282443 -0.0193305 0.0063242
v 0.0283397 -0.0193305 0.0062048
v 0.0282443 -0.0192111 0.0062048
v 0.0282919 -0.0193305 0.0063082
v 0.0282443 -0.0192709 0.0063082
v 0.0282899 -0.0192734 0.0062927
v 0.0283269 -0.0192709 0.0062048
v 0.0283269 -0.0193305 0.0062644
v 0.0283146 -0.0192734 0.0062619
v 0.0282443 -0.0192271 0.0062644
v 0.0282919 -0.0192271 0.0062048
v 0.0282899 -0.0192426 0.0062619
v 0.0204198 -0.0200464 0.0071594
v 0.0204198 -0.0201657 0.0072788
v 0.0203244 -0.0200464 0.0072788
v 0.0204198 -0.0201060 0.0071754
v 0.0203722 -0.0200464 0.0071754
v 0.0203742 -0.0201035 0.0071909
v 0.0203722 -0.0201498 0.0072788
v 0.0204198 -0.0201498 0.0072192
v 0.0203742 -0.0201343 0.0072217
v 0.0203372 -0.0200464 0.0072192
v 0.0203372 -0.0201060 0.0072788
v 0.0203496 -0.0201035 0.0072217
v 0.0204198 -0.0201657 0.0075174
v 0.0204198 -0.0200464 0.0076367
v 0.0203244 -0.0200464 0.0075174
v 0.0204198 -0.0201498 0.0075770
v 0.0203722 -0.0201498 0.0075174
v 0.0203742 -0.0201343 0.0075745
v 0.0203722 -0.0200464 0.0076208
v 0.0204198 -0.0201060 0.0076208
v 0.0203742 -0.0201035 0.0076053
v 0.0203372 -0.0201060 0.0075174
v 0.0203372 -0.0200464 0.0075770
v 0.0203496 -0.0201035 0.0075745
v 0.0204198 -0.0193305 0.0071594
v 0.0203244 -0.0193305 0.0072788
v 0.0204198 -0.0192111 0.0072788
v 0.0203722 -0.0193305 0.0071754
v 0.0204198 -0.0192709 0.0071754
v 0.0203742 -0.0192734 0.0071909
v 0.0203372 -0.0192709 0.0072788
v 0.0203372 -0.0193305 0.0072192
v 0.0203496 -0.0192734 0.0072217
v 0.0204198 -0.0192271 0.0072192
v 0.0203722 -0.0192271 0.0072788
v 0.0203742 -0.0192426 0.0072217
v 0.0204198 -0.0193305 0.0076367
v 0.0204198 -0.0192111 0.0075174
v 0.0203244 -0.0193305 0.0075174
v 0.0204198 -0.0192709 0.0076208
v 0.0203722 -0.0193305 0.0076208
v 0.0203742 -0.0192734 0.0076053
v 0.0203722 -0.0192271 0.0075174
v 0.0204198 -0.0192271 0.0075770
v 0.0203742 -0.0192426 0.0075745
v 0.0203372 -0.0193305 0.0075770
v 0.0203372 -0.0192709 0.0075174
v 0.0203496 -0.0192734 0.0075745
v 0.0282443 -0.0200464 0.0071594
v 0.0283397 -0.0200464 0.0072788
v 0.0282443 -0.0201657 0.0072788
v 0.0282919 -0.0200464 0.0071754
v 0.0282443 -0.0201060 0.0071754
v 0.0282899 -0.0201035 0.0071909
v 0.0283269 -0.0201060 0.0072788
v 0.0283269 -0.0200464 0.0072192
v 0.0283146 -0.0201035 0.0072217
v 0.0282443 -0.0201498 0.0072192
v 0.0282919 -0.0201498 0.0072788
v 0.0282899 -0.0201343 0.0072217
v 0.0282443 -0.0200464 0.0076367
v 0.0282443 -0.0201657 0.0075174
v 0.0283397 -0.0200464 0.0075174
v 0.0282443 -0.0201060 0.0076208
v 0.0282919 -0.0200464 0.0076208
v 0.0282899 -0.0201035 0.0076053
v 0.0282919 -0.0201498 0.0075174
v 0.0282443 -0.0201498 0.0075770
v 0.0282899 -0.0201343 0.0075745
v 0.0283269 -0.0200464 0.0075770
v 0.0283269 -0.0201060 0.0075174
v 0.0283146 -0.0201035 0.0075745
v 0.0282443 -0.0193305 0.0071594
v 0.0282443 -0.0192111 0.0072788
v 0.0283397 -0.0193305 0.0072788
v 0.0282443 -0.0192709 0.0071754
v 0.0282919 -0.0193305 0.0071754
v 0.0282899 -0.0192734 0.0071909
v 0.0282919 -0.0192271 0.0072788
v 0.0282443 -0.0192271 0.0072192
v 0.0282899 -0.0192426 0.0072217
v 0.0283269 -0.0193305 0.0072192
v 0.0283269 -0.0192709 0.0072788
v 0.0283146 -0.0192734 0.0072217
v 0.0282443 -0.0193305 0.0076367
v 0.0283397 -0.0193305 0.0075174
v 0.0282443 -0.0192111 0.0075174
v 0.0282919 -0.0193305 0.0076208
v 0.0282443 -0.0192709 0.0076208
v 0.0282899 -0.0192734 0.0076053
v 0.0283269 -0.0192709 0.0075174
v 0.0283269 -0.0193305 0.0075770
v 0.0283146 -0.0192734 0.0075745
v 0.0282443 -0.0192271 0.0075770
v 0.0282919 -0.0192271 0.0075174
v 0.0282899 -0.0192426 0.0075745
v 0.0204198 -0.0200464 0.0084720
v 0.0204198 -0.0201657 0.0085913
v 0.0203244 -0.0200464 0.0085913
v 0.0204198 -0.0201060 0.0084879
v 0.0203722 -0.0200464 0.0084879
v 0.0203742 -0.0201035 0.0085034
v 0.0203722 -0.0201498 0.0085913
v 0.0204198 -0.0201498 0.0085317
v 0.0203742 -0.0201343 0.0085343
v 0.0203372 -0.0200464 0.0085317
v 0.0203372 -0.0201060 0.0085913
v 0.0203496 -0.0201035 0.0085343
v 0.0204198 -0.0201657 0.0088300
v 0.0204198 -0.0200464 0.0089493
v 0.0203244 -0.0200464 0.0088300
v 0.0204198 -0.0201498 0.0088895
v 0.0203722 -0.0201498 0.0088300
v 0.0203742 -0.0201343 0.0088870
v 0.0203722 -0.0200464 0.0089333
v 0.0204198 -0.0201060 0.0089333
v 0.0203742 -0.0201035 0.0089179
v 0.0203372 -0.0201060 0.0088300
v 0.0203372 -0.0200464 0.0088895
v 0.0203496 -0.0201035 0.0088870
v 0.0204198 -0.0193305 0.0084720
v 0.0203244 -0.0193305 0.0085913
v 0.0204198 -0.0192111 0.0085913
v 0.0203722 -0.0193305 0.0084879
v 0.0204198 -0.0192709 0.0084879
v 0.0203742 -0.0192734 0.0085034
v 0.0203372 -0.0192709 0.0085913
v 0.0203372 -0.0193305 0.0085317
v 0.0203496 -0.0192734 0.0085343
v 0.0204198 -0.0192271 0.0085317
v 0.0203722 -0.0192271 0.0085913
v 0.0203742 -0.0192426 0.0085343
v 0.0204198 -0.0193305 0.0089493
v 0.0204198 -0.0192111 0.0088300
v 0.0203244 -0.0193305 0.0088300
v 0.0204198 -0.0192709 0.0089333
v 0.0203722 -0.0193305 0.0089333
v 0.0203742 -0.0192734 0.0089179
v 0.0203722 -0.0192271 0.0088300
v 0.0204198 -0.0192271 0.0088895
v 0.0203742 -0.0192426 0.0088870
v 0.0203372 -0.0193305 0.0088895
v 0.0203372 -0.0192709 0.0088300
v 0.0203496 -0.0192734 0.0088870
v 0.0282443 -0.0200464 0.0084720
v 0.0283397 -0.0200464 0.0085913
v 0.0282443 -0.0201657 0.0085913
v 0.0282919 -0.0200464 0.0084879
v 0.0282443 -0.0201060 0.0084879
v 0.0282899 -0.0201035 0.0085034
v 0.0283269 -0.0201060 0.0085913
v 0.0283269 -0.0200464 0.0085317
v 0.0283146 -0.0201035 0.0085343
v 0.0282443 -0.0201498 0.0085317
v 0.0282919 -0.0201498 0.0085913
v 0.0282899 -0.0201343 0.0085343
v 0.0282443 -0.0200464 0.0089493
v 0.0282443 -0.0201657 0.0088300
v 0.0283397 -0.0200464 0.0088300
v 0.0282443 -0.0201060 0.0089333
v 0.0282919 -0.0200464 0.0089333
v 0.0282899 -0.0201035 0.0089179
v 0.0282919 -0.0201498 0.0088300
v 0.0282443 -0.0201498 0.0088895
v 0.0282899 -0.0201343 0.0088870
v 0.0283269 -0.0200464 0.0088895
v 0.0283269 -0.0201060 0.0088300
v 0.0283146 -0.0201035 0.0088870
v 0.0282443 -0.0193305 0.0084720
v 0.0282443 -0.0192111 0.0085913
v 0.0283397 -0.0193305 0.0085913
v 0.0282443 -0.0192709 0.0084879
v 0.0282919 -0.0193305 0.0084879
v 0.0282899 -0.0192734 0.0085034
v 0.0282919 -0.0192271 0.0085913
v 0.0282443 -0.0192271 0.0085317
v 0.0282899 -0.0192426 0.0085343
v 0.0283269 -0.0193305 0.0085317
v 0.0283269 -0.0192709 0.0085913
v 0.0283146 -0.0192734 0.0085343
v 0.0282443 -0.0193305 0.0089493
v 0.0283397 -0.0193305 0.0088300
v 0.0282443 -0.0192111 0.0088300
v 0.0282919 -0.0193305 0.0089333
v 0.0282443 -0.0192709 0.0089333
v 0.0282899 -0.0192734 0.0089179
v 0.0283269 -0.0192709 0.0088300
v 0.0283269 -0.0193305 0.0088895
v 0.0283146 -0.0192734 0.0088870
v 0.0282443 -0.0192271 0.0088895
v 0.0282919 -0.0192271 0.0088300
v 0.0282899 -0.0192426 0.0088870
v 0.0204198 -0.0200464 0.0097846
v 0.0204198 -0.0201657 0.0099039
v 0.0203244 -0.0200464 0.0099039
v 0.0204198 -0.0201060 0.0098005
v 0.0203722 -0.0200464 0.0098005
v 0.0203742 -0.0201035 0.0098160
v 0.0203722 -0.0201498 0.0099039
v 0.0204198 -0.0201498 0.0098443
v 0.0203742 -0.0201343 0.0098468
v 0.0203372 -0.0200464 0.0098443
v 0.0203372 -0.0201060 0.0099039
v 0.0203496 -0.0201035 0.0098468
v 0.0204198 -0.0201657 0.0101425
v 0.0204198 -0.0200464 0.0102619
v 0.0203244 -0.0200464 0.0101425
v 0.0204198 -0.0201498 0.0102021
v 0.0203722 -0.0201498 0.0101425
v 0.0203742 -0.0201343 0.0101996
v 0.0203722 -0.0200464 0.0102459
v 0.0204198 -0.0201060 0.0102459
v 0.0203742 -0.0201035 0.0102304
v 0.0203372 -0.0201060 0.0101425
v 0.0203372 -0.0200464 0.0102021
v 0.0203496 -0.0201035 0.0101996
v 0.0204198 -0.0193305 0.0097846
v 0.0203244 -0.0193305 0.0099039
v 0.0204198 -0.0192111 0.0099039
v 0.0203722 -0.0193305 0.0098005
v 0.0204198 -0.0192709 0.0098005
v 0.0203742 -0.0192734 0.0098160
v 0.0203372 -0.0192709 0.0099039
v 0.0203372 -0.0193305 0.0098443
v 0.0203496 -0.0192734 0.0098468
v 0.0204198 -0.0192271 0.0098443
v 0.0203722 -0.0192271 0.0099039
v 0.0203742 -0.0192426 0.0098468
v 0.0204198 -0.0193305 0.0102619
v 0.0204198 -0.0192111 0.0101425
v 0.0203244 -0.0193305 0.0101425
v 0.0204198 -0.0192709 0.0102459
v 0.0203722 -0.0193305 0.0102459
v 0.0203742 -0.0192734 0.0102304
v 0.0203722 -0.0192271 0.0101425
v 0.0204198 -0.0192271 0.0102021
v 0.0203742 -0.0192426 0.0101996
v 0.0203372 -0.0193305 0.0102021
v 0.0203372 -0.0192709 0.0101425
v 0.0203496 -0.0192734 0.0101996
v 0.0282443 -0.0200464 0.0097846
v 0.0283397 -0.0200464 0.0099039
v 0.0282443 -0.0201657 0.0099039
v 0.0282919 -0.0200464 0.0098005
v 0.0282443 -0.0201060 0.0098005
v 0.0282899 -0.0201035 0.0098160
v 0.0283269 -0.0201060 0.0099039
v 0.0283269 -0.0200464 0.0098443
v 0.0283146 -0.0201035 0.0098468
v 0.0282443 -0.0201498 0.0098443
v 0.0282919 -0.0201498 0.0099039
v 0.0282899 -0.0201343 0.0098468
v 0.0282443 -0.0200464 0.0102619
v 0.0282443 -0.0201657 0.0101425
v 0.0283397 -0.0200464 0.0101425
v 0.0282443 -0.0201060 0.0102459
v 0.0282919 -0.0200464 0.0102459
v 0.0282899 -0.0201035 0.0102304
v 0.0282919 -0.0201498 0.0101425
v 0.0282443 -0.0201498 0.0102021
v 0.0282899 -0.0201343 0.0101996
v 0.0283269 -0.0200464 0.0102021
v 0.0283269 -0.0201060 0.0101425
v 0.0283146 -0.0201035 0.0101996
v 0.0282443 -0.0193305 0.0097846
v 0.0282443 -0.0192111 0.0099039
v 0.0283397 -0.0193305 0.0099039
v 0.0282443 -0.0192709 0.0098005
v 0.0282919 -0.0193305 0.0098005
v 0.0282899 -0.0192734 0.0098160
v 0.0282919 -0.0192271 0.0099039
v 0.0282443 -0.0192271 0.0098443
v 0.0282899 -0.0192426 0.0098468
v 0.0283269 -0.0193305 0.0098443
v 0.0283269 -0.0192709 0.0099039
v 0.0283146 -0.0192734 0.0098468
v 0.0282443 -0.0193305 0.0102619
v 0.0283397 -0.0193305 0.0101425
v 0.0282443 -0.0192111 0.0101425
v 0.0282919 -0.0193305 0.0102459
v 0.0282443 -0.0192709 0.0102459
v 0.0282899 -0.0192734 0.0102304
v 0.0283269 -0.0192709 0.0101425
v 0.0283269 -0.0193305 0.0102021
v 0.0283146 -0.0192734 0.0101996
v 0.0282443 -0.0192271 0.0102021
v 0.0282919 -0.0192271 0.0101425
v 0.0282899 -0.0192426 0.0101996
v 0.0292939 -0.0181372 0.0031976
v 0.0292939 -0.0182804 0.0033411
v 0.0292939 -0.0181564 0.0032693
v 0.0292939 -0.0182088 0.0033218
v 0.0292939 -0.0188532 0.0031976
v 0.0292939 -0.0187100 0.0033411
v 0.0292939 -0.0188340 0.0032693
v 0.0292939 -0.0187816 0.0033218
v 0.0293786 -0.0181372 0.0031906
v 0.0293935 -0.0182804 0.0033329
v 0.0293860 -0.0181564 0.0032618
v 0.0293915 -0.0182088 0.0033138
v 0.0293786 -0.0188532 0.0031906
v 0.0293935 -0.0187100 0.0033329
v 0.0293860 -0.0188340 0.0032618
v 0.0293915 -0.0187816 0.0033138
v 0.0294618 -0.0181372 0.0031699
v 0.0294915 -0.0182804 0.0033085
v 0.0294766 -0.0181564 0.0032392
v 0.0294875 -0.0182088 0.0032900
v 0.0294618 -0.0188532 0.0031699
v 0.0294915 -0.0187100 0.0033085
v 0.0294766 -0.0188340 0.0032392
v 0.0294875 -0.0187816 0.0032900
v 0.0295421 -0.0181372 0.0031358
v 0.0295860 -0.0182804 0.0032684
v 0.0295641 -0.0181564 0.0032021
v 0.0295801 -0.0182088 0.0032506
v 0.0295421 -0.0188532 0.0031358
v 0.0295860 -0.0187100 0.0032684
v 0.0295641 -0.0188340 0.0032021
v 0.0295801 -0.0187816 0.0032506
v 0.0296182 -0.0181372 0.0030889
v 0.0296756 -0.0182804 0.0032132
v 0.0296469 -0.0181564 0.0031510
v 0.0296679 -0.0182088 0.0031965
v 0.0296182 -0.0188532 0.0030889
v 0.0296756 -0.0187100 0.0032132
v 0.0296469 -0.0188340 0.0031510
v 0.0296679 -0.0187816 0.0031965
v 0.0296887 -0.0181372 0.0030300
v 0.0297586 -0.0182804 0.0031438
v 0.0297237 -0.0181564 0.0030869
v 0.0297492 -0.0182088 0.0031286
v 0.0296887 -0.0188532 0.0030300
v 0.0297586 -0.0187100 0.0031438
v 0.0297237 -0.0188340 0.0030869
v 0.0297492 -0.0187816 0.0031286
v 0.0297525 -0.0181372 0.0029600
v 0.0298337 -0.0182804 0.0030615
v 0.0297931 -0.0181564 0.0030107
v 0.0298228 -0.0182088 0.0030479
v 0.0297525 -0.0188532 0.0029600
v 0.0298337 -0.0187100 0.0030615
v 0.0297931 -0.0188340 0.0030107
v 0.0298228 -0.0187816 0.0030479
v 0.0298085 -0.0181372 0.0028802
v 0.0298995 -0.0182804 0.0029676
v 0.0298540 -0.0181564 0.0029239
v 0.0298873 -0.0182088 0.0029559
v 0.0298085 -0.0188532 0.0028802
v 0.0298995 -0.0187100 0.0029676
v 0.0298540 -0.0188340 0.0029239
v 0.0298873 -0.0187816 0.0029559
v 0.0298556 -0.0181372 0.0027920
v 0.0299550 -0.0182804 0.0028638
v 0.0299053 -0.0181564 0.0028279
v 0.0299417 -0.0182088 0.0028542
v 0.0298556 -0.0188532 0.0027920
v 0.0299550 -0.0187100 0.0028638
v 0.0299053 -0.0188340 0.0028279
v 0.0299417 -0.0187816 0.0028542
v 0.0298931 -0.0181372 0.0026969
v 0.0299991 -0.0182804 0.0027518
v 0.0299461 -0.0181564 0.0027243
v 0.0299849 -0.0182088 0.0027444
v 0.0298931 -0.0188532 0.0026969
v 0.0299991 -0.0187100 0.0027518
v 0.0299461 -0.0188340 0.0027243
v 0.0299849 -0.0187816 0.0027444
v 0.0299204 -0.0181372 0.0025964
v 0.0300312 -0.0182804 0.0026335
v 0.0299758 -0.0181564 0.0026150
v 0.0300164 -0.0182088 0.0026286
v 0.0299204 -0.0188532 0.0025964
v 0.0300312 -0.0187100 0.0026335
v 0.0299758 -0.0188340 0.0026150
v 0.0300164 -0.0187816 0.0026286
v 0.0299370 -0.0181372 0.0024923
v 0.0300507 -0.0182804 0.0025111
v 0.0299938 -0.0181564 0.0025017
v 0.0300355 -0.0182088 0.0025086
v 0.0299370 -0.0188532 0.0024923
v 0.0300507 -0.0187100 0.0025111
v 0.0299938 -0.0188340 0.0025017
v 0.0300355 -0.0187816 0.0025086
v 0.0299425 -0.0181372 0.0023865
v 0.0300573 -0.0182804 0.0023865
v 0.0299999 -0.0181564 0.0023865
v 0.0300419 -0.0182088 0.0023865
v 0.0299425 -0.0188532 0.0023865
v 0.0300573 -0.0187100 0.0023865
v 0.0299999 -0.0188340 0.0023865
v 0.0300419 -0.0187816 0.0023865
v 0.0299370 -0.0181372 0.0022806
v 0.0300507 -0.0182804 0.0022619
v 0.0299938 -0.0181564 0.0022712
v 0.0300355 -0.0182088 0.0022644
v 0.0299370 -0.0188532 0.0022806
v 0.0300507 -0.0187100 0.0022619
v 0.0299938 -0.0188340 0.0022712
v 0.0300355 -0.0187816 0.0022644
v 0.0299204 -0.0181372 0.0021766
v 0.0300312 -0.0182804 0.0021394
v 0.0299758 -0.0181564 0.0021580
v 0.0300164 -0.0182088 0.0021444
v 0.0299204 -0.0188532 0.0021766
v 0.0300312 -0.0187100 0.0021394
v 0.0299758 -0.0188340 0.0021580
v 0.0300164 -0.0187816 0.0021444
v 0.0298931 -0.0181372 0.0020761
v 0.0299991 -0.0182804 0.0020212
v 0.0299461 -0.0181564 0.0020486
v 0.0299849 -0.0182088 0.0020285
v 0.0298931 -0.0188532 0.0020761
v 0.0299991 -0.0187100 0.0020212
v 0.0299461 -0.0188340 0.0020486
v 0.0299849 -0.0187816 0.0020285
v 0.0298556 -0.0181372 0.0019809
v 0.0299550 -0.0182804 0.0019092
v 0.0299053 -0.0181564 0.0019451
v 0.0299417 -0.0182088 0.0019188
v 0.0298556 -0.0188532 0.0019809
v 0.0299550 -0.0187100 0.0019092
v 0.0299053 -0.0188340 0.0019451
v 0.0299417 -0.0187816 0.0019188
v 0.0298085 -0.0181372 0.0018927
v 0.0298995 -0.0182804 0.0018054
v 0.0298540 -0.0181564 0.0018490
v 0.0298873 -0.0182088 0.0018171
v 0.0298085 -0.0188532 0.0018927
v 0.0298995 -0.0187100 0.0018054
v 0.0298540 -0.0188340 0.0018490
v 0.0298873 -0.0187816 0.0018171
v 0.0297525 -0.0181372 0.0018129
v 0.0298337 -0.0182804 0.0017115
v 0.0297931 -0.0181564 0.0017622
v 0.0298228 -0.0182088 0.0017251
v 0.0297525 -0.0188532 0.0018129
v 0.0298337 -0.0187100 0.0017115
v 0.0297931 -0.0188340 0.0017622
v 0.0298228 -0.0187816 0.0017251
v 0.0296887 -0.0181372 0.0017430
v 0.0297586 -0.0182804 0.0016292
v 0.0297237 -0.0181564 0.0016861
v 0.0297492 -0.0182088 0.0016444
v 0.0296887 -0.0188532 0.0017430
v 0.0297586 -0.0187100 0.0016292
v 0.0297237 -0.0188340 0.0016861
v 0.0297492 -0.0187816 0.0016444
v 0.0296182 -0.0181372 0.0016841
v 0.0296756 -0.0182804 0.0015598
v 0.0296469 -0.0181564 0.0016219
v 0.0296679 -0.0182088 0.0015764
v 0.0296182 -0.0188532 0.0016841
v 0.0296756 -0.0187100 0.0015598
v 0.0296469 -0.0188340 0.0016219
v 0.0296679 -0.0187816 0.0015764
v 0.0295421 -0.0181372 0.0016371
v 0.0295860 -0.0182804 0.0015046
v 0.0295641 -0.0181564 0.0015708
v 0.0295801 -0.0182088 0.0015223
v 0.0295421 -0.0188532 0.0016371
v 0.0295860 -0.0187100 0.0015046
v 0.0295641 -0.0188340 0.0015708
v 0.0295801 -0.0187816 0.0015223
v 0.0294618 -0.0181372 0.0016030
v 0.0294915 -0.0182804 0.0014644
v 0.0294766 -0.0181564 0.0015337
v 0.0294875 -0.0182088 0.0014830
v 0.0294618 -0.0188532 0.0016030
v 0.0294915 -0.0187100 0.0014644
v 0.0294766 -0.0188340 0.0015337
v 0.0294875 -0.0187816 0.0014830
v 0.0293786 -0.0181372 0.0015823
v 0.0293935 -0.0182804 0.0014401
v 0.0293860 -0.0181564 0.0015112
v 0.0293915 -0.0182088 0.0014591
v 0.0293786 -0.0188532 0.0015823
v 0.0293935 -0.0187100 0.0014401
v 0.0293860 -0.0188340 0.0015112
v 0.0293915 -0.0187816 0.0014591
v 0.0292939 -0.0181372 0.0015754
v 0.0292939 -0.0182804 0.0014319
v 0.0292939 -0.0181564 0.0015036
v 0.0292939 -0.0182088 0.0014511
v 0.0292939 -0.0188532 0.0015754
v 0.0292939 -0.0187100 0.0014319
v 0.0292939 -0.0188340 0.0015036
v 0.0292939 -0.0187816 0.0014511
v 0.0292092 -0.0181372 0.0015823
v 0.0291943 -0.0182804 0.0014401
v 0.0292017 -0.0181564 0.0015112
v 0.0291963 -0.0182088 0.0014591
v 0.0292092 -0.0188532 0.0015823
v 0.0291943 -0.0187100 0.0014401
v 0.0292017 -0.0188340 0.0015112
v 0.0291963 -0.0187816 0.0014591
v 0.0291260 -0.0181372 0.0016030
v 0.0290963 -0.0182804 0.0014644
v 0.0291112 -0.0181564 0.0015337
v 0.0291003 -0.0182088 0.0014830
v 0.0291260 -0.0188532 0.0016030
v 0.0290963 -0.0187100 0.0014644
v 0.0291112 -0.0188340 0.0015337
v 0.0291003 -0.0187816 0.0014830
v 0.0290457 -0.0181372 0.0016371
v 0.0290018 -0.0182804 0.0015046
v 0.0290237 -0.0181564 0.0015708
v 0.0290077 -0.0182088 0.0015223
v 0.0290457 -0.0188532 0.0016371
v 0.0290018 -0.0187100 0.0015046
v 0.0290237 -0.0188340 0.0015708
v 0.0290077 -0.0187816 0.0015223
v 0.0289696 -0.0181372 0.0016841
v 0.0289122 -0.0182804 0.0015598
v 0.0289409 -0.0181564 0.0016219
v 0.0289199 -0.0182088 0.0015764
v 0.0289696 -0.0188532 0.0016841
v 0.0289122 -0.0187100 0.0015598
v 0.0289409 -0.0188340 0.0016219
v 0.0289199 -0.0187816 0.0015764
v 0.0288990 -0.0181372 0.0017430
v 0.0288292 -0.0182804 0.0016292
v 0.0288641 -0.0181564 0.0016861
v 0.0288386 -0.0182088 0.0016444
v 0.0288990 -0.0188532 0.0017430
v 0.0288292 -0.0187100 0.0016292
v 0.0288641 -0.0188340 0.0016861
v 0.0288386 -0.0187816 0.0016444
v 0.0288353 -0.0181372 0.0018129
v 0.0287541 -0.0182804 0.0017115
v 0.0287947 -0.0181564 0.0017622
v 0.0287650 -0.0182088 0.0017251
v 0.0288353 -0.0188532 0.0018129
v 0.0287541 -0.0187100 0.0017115
v 0.0287947 -0.0188340 0.0017622
v 0.0287650 -0.0187816 0.0017251
v 0.0287793 -0.0181372 0.0018927
v 0.0286883 -0.0182804 0.0018054
v 0.0287338 -0.0181564 0.0018490
v 0.0287005 -0.0182088 0.0018171
v 0.0287793 -0.0188532 0.0018927
v 0.0286883 -0.0187100 0.0018054
v 0.0287338 -0.0188340 0.0018490
v 0.0287005 -0.0187816 0.0018171
v 0.0287322 -0.0181372 0.0019809
v 0.0286328 -0.0182804 0.0019092
v 0.0286825 -0.0181564 0.0019451
v 0.0286461 -0.0182088 0.0019188
v 0.0287322 -0.0188532 0.0019809
v 0.0286328 -0.0187100 0.0019092
v 0.0286825 -0.0188340 0.0019451
v 0.0286461 -0.0187816 0.0019188
v 0.0286947 -0.0181372 0.0020761
v 0.0285886 -0.0182804 0.0020212
v 0.0286417 -0.0181564 0.0020486
v 0.0286028 -0.0182088 0.0020285
v 0.0286947 -0.0188532 0.0020761
v 0.0285886 -0.0187100 0.0020212
v 0.0286417 -0.0188340 0.0020486
v 0.0286028 -0.0187816 0.0020285
v 0.0286674 -0.0181372 0.0021766
v 0.0285565 -0.0182804 0.0021394
v 0.0286120 -0.0181564 0.0021580
v 0.0285714 -0.0182088 0.0021444
v 0.0286674 -0.0188532 0.0021766
v 0.0285565 -0.0187100 0.0021394
v 0.0286120 -0.0188340 0.0021580
v 0.0285714 -0.0187816 0.0021444
v 0.0286508 -0.0181372 0.0022806
v 0.0285371 -0.0182804 0.0022619
v 0.0285939 -0.0181564 0.0022712
v 0.0285523 -0.0182088 0.0022644
v 0.0286508 -0.0188532 0.0022806
v 0.0285371 -0.0187100 0.0022619
v 0.0285939 -0.0188340 0.0022712
v 0.0285523 -0.0187816 0.0022644
v 0.0286453 -0.0181372 0.0023865
v 0.0285305 -0.0182804 0.0023865
v 0.0285879 -0.0181564 0.0023865
v 0.0285459 -0.0182088 0.0023865
v 0.0286453 -0.0188532 0.0023865
v 0.0285305 -0.0187100 0.0023865
v 0.0285879 -0.0188340 0.0023865
v 0.0285459 -0.0187816 0.0023865
v 0.0286508 -0.0181372 0.0024923
v 0.0285371 -0.0182804 0.0025111
v 0.0285939 -0.0181564 0.0025017
v 0.0285523 -0.0182088 0.0025086
v 0.0286508 -0.0188532 0.0024923
v 0.0285371 -0.0187100 0.0025111
v 0.0285939 -0.0188340 0.0025017
v 0.0285523 -0.0187816 0.0025086
v 0.0286674 -0.0181372 0.0025964
v 0.0285565 -0.0182804 0.0026335
v 0.0286120 -0.0181564 0.0026150
v 0.0285714 -0.0182088 0.0026286
v 0.0286674 -0.0188532 0.0025964
v 0.0285565 -0.0187100 0.0026335
v 0.0286120 -0.0188340 0.0026150
v 0.0285714 -0.0187816 0.0026286
v 0.0286947 -0.0181372 0.0026969
v 0.0285886 -0.0182804 0.0027518
v 0.0286417 -0.0181564 0.0027243
v 0.0286028 -0.0182088 0.0027444
v 0.0286947 -0.0188532 0.0026969
v 0.0285886 -0.0187100 0.0027518
v 0.0286417 -0.0188340 0.0027243
v 0.0286028 -0.0187816 0.0027444
v 0.0287322 -0.0181372 0.0027920
v 0.0286328 -0.0182804 0.0028638
v 0.0286825 -0.0181564 0.0028279
v 0.0286461 -0.0182088 0.0028542
v 0.0287322 -0.0188532 0.0027920
v 0.0286328 -0.0187100 0.0028638
v 0.0286825 -0.0188340 0.0028279
v 0.0286461 -0.0187816 0.0028542
v 0.0287793 -0.0181372 0.0028802
v 0.0286883 -0.0182804 0.0029676
v 0.0287338 -0.0181564 0.0029239
v 0.0287005 -0.0182088 0.0029559
v 0.0287793 -0.0188532 0.0028802
v 0.0286883 -0.0187100 0.0029676
v 0.0287338 -0.0188340 0.0029239
v 0.0287005 -0.0187816 0.0029559
v 0.0288353 -0.0181372 0.0029600
v 0.0287541 -0.0182804 0.0030615
v 0.0287947 -0.0181564 0.0030107
v 0.0287650 -0.0182088 0.0030479
v 0.0288353 -0.0188532 0.0029600
v 0.0287541 -0.0187100 0.0030615
v 0.0287947 -0.0188340 0.0030107
v 0.0287650 -0.0187816 0.0030479
v 0.0288990 -0.0181372 0.0030300
v 0.0288292 -0.0182804 0.0031438
v 0.0288641 -0.0181564 0.0030869
v 0.0288386 -0.0182088 0.0031286
v 0.0288990 -0.0188532 0.0030300
v 0.0288292 -0.0187100 0.0031438
v 0.0288641 -0.0188340 0.0030869
v 0.0288386 -0.0187816 0.0031286
v 0.0289696 -0.0181372 0.0030889
v 0.0289122 -0.0182804 0.0032132
v 0.0289409 -0.0181564 0.0031510
v 0.0289199 -0.0182088 0.0031965
v 0.0289696 -0.0188532 0.0030889
v 0.0289122 -0.0187100 0.0032132
v 0.0289409 -0.0188340 0.0031510
v 0.0289199 -0.0187816 0.0031965
v 0.0290457 -0.0181372 0.0031358
v 0.0290018 -0.0182804 0.0032684
v 0.0290237 -0.0181564 0.0032021
v 0.0290077 -0.0182088 0.0032506
v 0.0290457 -0.0188532 0.0031358
v 0.0290018 -0.0187100 0.0032684
v 0.0290237 -0.0188340 0.0032021
v 0.0290077 -0.0187816 0.0032506
v 0.0291260 -0.0181372 0.0031699
v 0.0290963 -0.0182804 0.0033085
v 0.0291112 -0.0181564 0.0032392
v 0.0291003 -0.0182088 0.0032900
v 0.0291260 -0.0188532 0.0031699
v 0.0290963 -0.0187100 0.0033085
v 0.0291112 -0.0188340 0.0032392
v 0.0291003 -0.0187816 0.0032900
v 0.0292092 -0.0181372 0.0031906
v 0.0291943 -0.0182804 0.0033329
v 0.0292017 -0.0181564 0.0032618
v 0.0291963 -0.0182088 0.0033138
v 0.0292092 -0.0188532 0.0031906
v 0.0291943 -0.0187100 0.0033329
v 0.0292017 -0.0188340 0.0032618
v 0.0291963 -0.0187816 0.0033138
v 0.0292939 -0.0181372 0.0416199
v 0.0292939 -0.0182804 0.0417634
v 0.0292939 -0.0181564 0.0416916
v 0.0292939 -0.0182088 0.0417441
v 0.0292939 -0.0188532 0.0416199
v 0.0292939 -0.0187100 0.0417634
v 0.0292939 -0.0188340 0.0416916
v 0.0292939 -0.0187816 0.0417441
v 0.0293786 -0.0181372 0.0416129
v 0.0293935 -0.0182804 0.0417552
v 0.0293860 -0.0181564 0.0416841
v 0.0293915 -0.0182088 0.0417361
v 0.0293786 -0.0188532 0.0416129
v 0.0293935 -0.0187100 0.0417552
v 0.0293860 -0.0188340 0.0416841
v 0.0293915 -0.0187816 0.0417361
v 0.0294618 -0.0181372 0.0415922
v 0.0294915 -0.0182804 0.0417308
v 0.0294766 -0.0181564 0.0416615
v 0.0294875 -0.0182088 0.0417123
v 0.0294618 -0.0188532 0.0415922
v 0.0294915 -0.0187100 0.0417308
v 0.0294766 -0.0188340 0.0416615
v 0.0294875 -0.0187816 0.0417123
v 0.0295421 -0.0181372 0.0415581
v 0.0295860 -0.0182804 0.0416907
v 0.0295641 -0.0181564 0.0416244
v 0.0295801 -0.0182088 0.0416729
v 0.0295421 -0.0188532 0.0415581
v 0.0295860 -0.0187100 0.0416907
v 0.0295641 -0.0188340 0.0416244
v 0.0295801 -0.0187816 0.0416729
v 0.0296182 -0.0181372 0.0415112
v 0.0296756 -0.0182804 0.0416355
v 0.0296469 -0.0181564 0.0415733
v 0.0296679 -0.0182088 0.0416188
v 0.0296182 -0.0188532 0.0415112
v 0.0296756 -0.0187100 0.0416355
v 0.0296469 -0.0188340 0.0415733
v 0.0296679 -0.0187816 0.0416188
v 0.0296887 -0.0181372 0.0414522
v 0.0297586 -0.0182804 0.0415661
v 0.0297237 -0.0181564 0.0415092
v 0.0297492 -0.0182088 0.0415508
v 0.0296887 -0.0188532 0.0414522
v 0.0297586 -0.0187100 0.0415661
v 0.0297237 -0.0188340 0.0415092
v 0.0297492 -0.0187816 0.0415508
v 0.0297525 -0.0181372 0.0413823
v 0.0298337 -0.0182804 0.0414838
v 0.0297931 -0.0181564 0.0414330
v 0.0298228 -0.0182088 0.0414702
v 0.0297525 -0.0188532 0.0413823
v 0.0298337 -0.0187100 0.0414838
v 0.0297931 -0.0188340 0.0414330
v 0.0298228 -0.0187816 0.0414702
v 0.0298085 -0.0181372 0.0413025
v 0.0298995 -0.0182804 0.0413899
v 0.0298540 -0.0181564 0.0413462
v 0.0298873 -0.0182088 0.0413782
v 0.0298085 -0.0188532 0.0413025
v 0.0298995 -0.0187100 0.0413899
v 0.0298540 -0.0188340 0.0413462
v 0.0298873 -0.0187816 0.0413782
v 0.0298556 -0.0181372 0.0412143
v 0.0299550 -0.0182804 0.0412861
v 0.0299053 -0.0181564 0.0412502
v 0.0299417 -0.0182088 0.0412764
v 0.0298556 -0.0188532 0.0412143
v 0.0299550 -0.0187100 0.0412861
v 0.0299053 -0.0188340 0.0412502
v 0.0299417 -0.0187816 0.0412764
v 0.0298931 -0.0181372 0.0411192
v 0.0299991 -0.0182804 0.0411741
v 0.0299461 -0.0181564 0.0411466
v 0.0299849 -0.0182088 0.0411667
v 0.0298931 -0.0188532 0.0411192
v 0.0299991 -0.0187100 0.0411741
v 0.0299461 -0.0188340 0.0411466
v 0.0299849 -0.0187816 0.0411667
v 0.0299204 -0.0181372 0.0410187
v 0.0300312 -0.0182804 0.0410558
v 0.0299758 -0.0181564 0.0410373
v 0.0300164 -0.0182088 0.0410509
v 0.0299204 -0.0188532 0.0410187
v 0.0300312 -0.0187100 0.0410558
v 0.0299758 -0.0188340 0.0410373
v 0.0300164 -0.0187816 0.0410509
v 0.0299370 -0.0181372 0.0409146
v 0.0300507 -0.0182804 0.0409334
v 0.0299938 -0.0181564 0.0409240
v 0.0300355 -0.0182088 0.0409308
v 0.0299370 -0.0188532 0.0409146
v 0.0300507 -0.0187100 0.0409334
v 0.0299938 -0.0188340 0.0409240
v 0.0300355 -0.0187816 0.0409308
v 0.0299425 -0.0181372 0.0408088
v 0.0300573 -0.0182804 0.0408088
v 0.0299999 -0.0181564 0.0408088
v 0.0300419 -0.0182088 0.0408088
v 0.0299425 -0.0188532 0.0408088
v 0.0300573 -0.0187100 0.0408088
v 0.0299999 -0.0188340 0.0408088
v 0.0300419 -0.0187816 0.0408088
v 0.0299370 -0.0181372 0.0407029
v 0.0300507 -0.0182804 0.0406842
v 0.0299938 -0.0181564 0.0406935
v 0.0300355 -0.0182088 0.0406867
v 0.0299370 -0.0188532 0.0407029
v 0.0300507 -0.0187100 0.0406842
v 0.0299938 -0.0188340 0.0406935
v 0.0300355 -0.0187816 0.0406867
v 0.0299204 -0.0181372 0.0405988
v 0.0300312 -0.0182804 0.0405617
v 0.0299758 -0.0181564 0.0405803
v 0.0300164 -0.0182088 0.0405667
v 0.0299204 -0.0188532 0.0405988
v 0.0300312 -0.0187100 0.0405617
v 0.0299758 -0.0188340 0.0405803
v 0.0300164 -0.0187816 0.0405667
v 0.0298931 -0.0181372 0.0404984
v 0.0299991 -0.0182804 0.0404435
v 0.0299461 -0.0181564 0.0404709
v 0.0299849 -0.0182088 0.0404508
v 0.0298931 -0.0188532 0.0404984
v 0.0299991 -0.0187100 0.0404435
v 0.0299461 -0.0188340 0.0404709
v 0.0299849 -0.0187816 0.0404508
v 0.0298556 -0.0181372 0.0404032
v 0.0299550 -0.0182804 0.0403315
v 0.0299053 -0.0181564 0.0403673
v 0.0299417 -0.0182088 0.0403411
v 0.0298556 -0.0188532 0.0404032
v 0.0299550 -0.0187100 0.0403315
v 0.0299053 -0.0188340 0.0403673
v 0.0299417 -0.0187816 0.0403411
v 0.0298085 -0.0181372 0.0403150
v 0.0298995 -0.0182804 0.0402276
v 0.0298540 -0.0181564 0.0402713
v 0.0298873 -0.0182088 0.0402393
v 0.0298085 -0.0188532 0.0403150
v 0.0298995 -0.0187100 0.0402276
v 0.0298540 -0.0188340 0.0402713
v 0.0298873 -0.0187816 0.0402393
v 0.0297525 -0.0181372 0.0402352
v 0.0298337 -0.0182804 0.0401338
v 0.0297931 -0.0181564 0.0401845
v 0.0298228 -0.0182088 0.0401474
v 0.0297525 -0.0188532 0.0402352
v 0.0298337 -0.0187100 0.0401338
v 0.0297931 -0.0188340 0.0401845
v 0.0298228 -0.0187816 0.0401474
v 0.0296887 -0.0181372 0.0401653
v 0.0297586 -0.0182804 0.0400514
v 0.0297237 -0.0181564 0.0401084
v 0.0297492 -0.0182088 0.0400667
v 0.0296887 -0.0188532 0.0401653
v 0.0297586 -0.0187100 0.0400514
v 0.0297237 -0.0188340 0.0401084
v 0.0297492 -0.0187816 0.0400667
v 0.0296182 -0.0181372 0.0401063
v 0.0296756 -0.0182804 0.0399821
v 0.0296469 -0.0181564 0.0400442
v 0.0296679 -0.0182088 0.0399987
v 0.0296182 -0.0188532 0.0401063
v 0.0296756 -0.0187100 0.0399821
v 0.0296469 -0.0188340 0.0400442
v 0.0296679 -0.0187816 0.0399987
v 0.0295421 -0.0181372 0.0400594
v 0.0295860 -0.0182804 0.0399268
v 0.0295641 -0.0181564 0.0399931
v 0.0295801 -0.0182088 0.0399446
v 0.0295421 -0.0188532 0.0400594
v 0.0295860 -0.0187100 0.0399268
v 0.0295641 -0.0188340 0.0399931
v 0.0295801 -0.0187816 0.0399446
v 0.0294618 -0.0181372 0.0400253
v 0.0294915 -0.0182804 0.0398867
v 0.0294766 -0.0181564 0.0399560
v 0.0294875 -0.0182088 0.0399053
v 0.0294618 -0.0188532 0.0400253
v 0.0294915 -0.0187100 0.0398867
v 0.0294766 -0.0188340 0.0399560
v 0.0294875 -0.0187816 0.0399053
v 0.0293786 -0.0181372 0.0400046
v 0.0293935 -0.0182804 0.0398623
v 0.0293860 -0.0181564 0.0399335
v 0.0293915 -0.0182088 0.0398814
v 0.0293786 -0.0188532 0.0400046
v 0.0293935 -0.0187100 0.0398623
v 0.0293860 -0.0188340 0.0399335
v 0.0293915 -0.0187816 0.0398814
v 0.0292939 -0.0181372 0.0399977
v 0.0292939 -0.0182804 0.0398542
v 0.0292939 -0.0181564 0.0399259
v 0.0292939 -0.0182088 0.0398734
v 0.0292939 -0.0188532 0.0399977
v 0.0292939 -0.0187100 0.0398542
v 0.0292939 -0.0188340 0.0399259
v 0.0292939 -0.0187816 0.0398734
v 0.0292092 -0.0181372 0.0400046
v 0.0291943 -0.0182804 0.0398623
v 0.0292017 -0.0181564 0.0399335
v 0.0291963 -0.0182088 0.0398814
v 0.0292092 -0.0188532 0.0400046
v 0.0291943 -0.0187100 0.0398623
v 0.0292017 -0.0188340 0.0399335
v 0.0291963 -0.0187816 0.0398814
v 0.0291260 -0.0181372 0.0400253
v 0.0290963 -0.0182804 0.0398867
v 0.0291112 -0.0181564 0.0399560
v 0.0291003 -0.0182088 0.0399053
v 0.0291260 -0.0188532 0.0400253
v 0.0290963 -0.0187100 0.0398867
v 0.0291112 -0.0188340 0.0399560
v 0.0291003 -0.0187816 0.0399053
v 0.0290457 -0.0181372 0.0400594
v 0.0290018 -0.0182804 0.0399268
v 0.0290237 -0.0181564 0.0399931
v 0.0290077 -0.0182088 0.0399446
v 0.0290457 -0.0188532 0.0400594
v 0.0290018 -0.0187100 0.0399268
v 0.0290237 -0.0188340 0.0399931
v 0.0290077 -0.0187816 0.0399446
v 0.0289696 -0.0181372 0.0401063
v 0.0289122 -0.0182804 0.0399821
v 0.0289409 -0.0181564 0.0400442
v 0.0289199 -0.0182088 0.0399987
v 0.0289696 -0.0188532 0.0401063
v 0.0289122 -0.0187100 0.0399821
v 0.0289409 -0.0188340 0.0400442
v 0.0289199 -0.0187816 0.0399987
v 0.0288990 -0.0181372 0.0401653
v 0.0288292 -0.0182804 0.0400514
v 0.0288641 -0.0181564 0.0401084
v 0.0288386 -0.0182088 0.0400667
v 0.0288990 -0.0188532 0.0401653
v 0.0288292 -0.0187100 0.0400514
v 0.0288641 -0.0188340 0.0401084
v 0.0288386 -0.0187816 0.0400667
v 0.0288353 -0.0181372 0.0402352
v 0.0287541 -0.0182804 0.0401338
v 0.0287947 -0.0181564 0.0401845
v 0.0287650 -0.0182088 0.0401474
v 0.0288353 -0.0188532 0.0402352
v 0.0287541 -0.0187100 0.0401338
v 0.0287947 -0.0188340 0.0401845
v 0.0287650 -0.0187816 0.0401474
v 0.0287793 -0.0181372 0.0403150
v 0.0286883 -0.0182804 0.0402276
v 0.0287338 -0.0181564 0.0402713
v 0.0287005 -0.0182088 0.0402393
v 0.0287793 -0.0188532 0.0403150
v 0.0286883 -0.0187100 0.0402276
v 0.0287338 -0.0188340 0.0402713
v 0.0287005 -0.0187816 0.0402393
v 0.0287322 -0.0181372 0.0404032
v 0.0286328 -0.0182804 0.0403315
v 0.0286825 -0.0181564 0.0403673
v 0.0286461 -0.0182088 0.0403411
v 0.0287322 -0.0188532 0.0404032
v 0.0286328 -0.0187100 0.0403315
v 0.0286825 -0.0188340 0.0403673
v 0.0286461 -0.0187816 0.0403411
v 0.0286947 -0.0181372 0.0404984
v 0.0285886 -0.0182804 0.0404435
v 0.0286417 -0.0181564 0.0404709
v 0.0286028 -0.0182088 0.0404508
v 0.0286947 -0.0188532 0.0404984
v 0.0285886 -0.0187100 0.0404435
v 0.0286417 -0.0188340 0.0404709
v 0.0286028 -0.0187816 0.0404508
v 0.0286674 -0.0181372 0.0405988
v 0.0285565 -0.0182804 0.0405617
v 0.0286120 -0.0181564 0.0405803
v 0.0285714 -0.0182088 0.0405667
v 0.0286674 -0.0188532 0.0405988
v 0.0285565 -0.0187100 0.0405617
v 0.0286120 -0.0188340 0.0405803
v 0.0285714 -0.0187816 0.0405667
v 0.0286508 -0.0181372 0.0407029
v 0.0285371 -0.0182804 0.0406842
v 0.0285939 -0.0181564 0.0406935
v 0.0285523 -0.0182088 0.0406867
v 0.0286508 -0.0188532 0.0407029
v 0.0285371 -0.0187100 0.0406842
v 0.0285939 -0.0188340 0.0406935
v 0.0285523 -0.0187816 0.0406867
v 0.0286453 -0.0181372 0.0408088
v 0.0285305 -0.0182804 0.0408088
v 0.0285879 -0.0181564 0.0408088
v 0.0285459 -0.0182088 0.0408088
v 0.0286453 -0.0188532 0.0408088
v 0.0285305 -0.0187100 0.0408088
v 0.0285879 -0.0188340 0.0408088
v 0.0285459 -0.0187816 0.0408088
v 0.0286508 -0.0181372 0.0409146
v 0.0285371 -0.0182804 0.0409334
v 0.0285939 -0.0181564 0.0409240
v 0.0285523 -0.0182088 0.0409308
v 0.0286508 -0.0188532 0.0409146
v 0.0285371 -0.0187100 0.0409334
v 0.0285939 -0.0188340 0.0409240
v 0.0285523 -0.0187816 0.0409308
v 0.0286674 -0.0181372 0.0410187
v 0.0285565 -0.0182804 0.0410558
v 0.0286120 -0.0181564 0.0410373
v 0.0285714 -0.0182088 0.0410509
v 0.0286674 -0.0188532 0.0410187
v 0.0285565 -0.0187100 0.0410558
v 0.0286120 -0.0188340 0.0410373
v 0.0285714 -0.0187816 0.0410509
v 0.0286947 -0.0181372 0.0411192
v 0.0285886 -0.0182804 0.0411741
v 0.0286417 -0.0181564 0.0411466
v 0.0286028 -0.0182088 0.0411667
v 0.0286947 -0.0188532 0.0411192
v 0.0285886 -0.0187100 0.0411741
v 0.0286417 -0.0188340 0.0411466
v 0.0286028 -0.0187816 0.0411667
v 0.0287322 -0.0181372 0.0412143
v 0.0286328 -0.0182804 0.0412861
v 0.0286825 -0.0181564 0.0412502
v 0.0286461 -0.0182088 0.0412764
v 0.0287322 -0.0188532 0.0412143
v 0.0286328 -0.0187100 0.0412861
v 0.0286825 -0.0188340 0.0412502
v 0.0286461 -0.0187816 0.0412764
v 0.0287793 -0.0181372 0.0413025
v 0.0286883 -0.0182804 0.0413899
v 0.0287338 -0.0181564 0.0413462
v 0.0287005 -0.0182088 0.0413782
v 0.0287793 -0.0188532 0.0413025
v 0.0286883 -0.0187100 0.0413899
v 0.0287338 -0.0188340 0.0413462
v 0.0287005 -0.0187816 0.0413782
v 0.0288353 -0.0181372 0.0413823
v 0.0287541 -0.0182804 0.0414838
v 0.0287947 -0.0181564 0.0414330
v 0.0287650 -0.0182088 0.0414702
v 0.0288353 -0.0188532 0.0413823
v 0.0287541 -0.0187100 0.0414838
v 0.0287947 -0.0188340 0.0414330
v 0.0287650 -0.0187816 0.0414702
v 0.0288990 -0.0181372 0.0414522
v 0.0288292 -0.0182804 0.0415661
v 0.0288641 -0.0181564 0.0415092
v 0.0288386 -0.0182088 0.0415508
v 0.0288990 -0.0188532 0.0414522
v 0.0288292 -0.0187100 0.0415661
v 0.0288641 -0.0188340 0.0415092
v 0.0288386 -0.0187816 0.0415508
v 0.0289696 -0.0181372 0.0415112
v 0.0289122 -0.0182804 0.0416355
v 0.0289409 -0.0181564 0.0415733
v 0.0289199 -0.0182088 0.0416188
v 0.0289696 -0.0188532 0.0415112
v 0.0289122 -0.0187100 0.0416355
v 0.0289409 -0.0188340 0.0415733
v 0.0289199 -0.0187816 0.0416188
v 0.0290457 -0.0181372 0.0415581
v 0.0290018 -0.0182804 0.0416907
v 0.0290237 -0.0181564 0.0416244
v 0.0290077 -0.0182088 0.0416729
v 0.0290457 -0.0188532 0.0415581
v 0.0290018 -0.0187100 0.0416907
v 0.0290237 -0.0188340 0.0416244
v 0.0290077 -0.0187816 0.0416729
v 0.0291260 -0.0181372 0.0415922
v 0.0290963 -0.0182804 0.0417308
v 0.0291112 -0.0181564 0.0416615
v 0.0291003 -0.0182088 0.0417123
v 0.0291260 -0.0188532 0.0415922
v 0.0290963 -0.0187100 0.0417308
v 0.0291112 -0.0188340 0.0416615
v 0.0291003 -0.0187816 0.0417123
v 0.0292092 -0.0181372 0.0416129
v 0.0291943 -0.0182804 0.0417552
v 0.0292017 -0.0181564 0.0416841
v 0.0291963 -0.0182088 0.0417361
v 0.0292092 -0.0188532 0.0416129
v 0.0291943 -0.0187100 0.0417552
v 0.0292017 -0.0188340 0.0416841
v 0.0291963 -0.0187816 0.0417361
v -0.0392176 0.0051299 0.0362745
v -0.0388359 0.0056082 0.0362745
v -0.0391664 0.0053691 0.0362745
v -0.0390267 0.0055441 0.0362745
v -0.0287214 0.0051299 0.0362745
v -0.0291031 0.0056082 0.0362745
v -0.0287725 0.0053691 0.0362745
v -0.0289122 0.0055441 0.0362745
v -0.0392176 0.0050860 0.0356049
v -0.0388359 0.0055602 0.0355424
v -0.0391664 0.0053231 0.0355737
v -0.0390267 0.0054967 0.0355508
v -0.0287214 0.0050860 0.0356049
v -0.0291031 0.0055602 0.0355424
v -0.0287725 0.0053231 0.0355737
v -0.0289122 0.0054967 0.0355508
v -0.0392176 0.0049551 0.0349467
v -0.0388359 0.0054171 0.0348229
v -0.0391664 0.0051861 0.0348848
v -0.0390267 0.0053552 0.0348395
v -0.0287214 0.0049551 0.0349467
v -0.0291031 0.0054171 0.0348229
v -0.0287725 0.0051861 0.0348848
v -0.0289122 0.0053552 0.0348395
v -0.0392176 0.0047394 0.0343113
v -0.0388359 0.0051813 0.0341283
v -0.0391664 0.0049604 0.0342198
v -0.0390267 0.0051221 0.0341528
v -0.0287214 0.0047394 0.0343113
v -0.0291031 0.0051813 0.0341283
v -0.0287725 0.0049604 0.0342198
v -0.0289122 0.0051221 0.0341528
v -0.0392176 0.0044426 0.0337095
v -0.0388359 0.0048569 0.0334703
v -0.0391664 0.0046497 0.0335899
v -0.0390267 0.0048014 0.0335024
v -0.0287214 0.0044426 0.0337095
v -0.0291031 0.0048569 0.0334703
v -0.0287725 0.0046497 0.0335899
v -0.0289122 0.0048014 0.0335024
v -0.0392176 0.0040698 0.0331516
v -0.0388359 0.0044493 0.0328604
v -0.0391664 0.0042596 0.0330060
v -0.0390267 0.0043985 0.0328994
v -0.0287214 0.0040698 0.0331516
v -0.0291031 0.0044493 0.0328604
v -0.0287725 0.0042596 0.0330060
v -0.0289122 0.0043985 0.0328994
v -0.0392176 0.0036274 0.0326471
v -0.0388359 0.0039656 0.0323088
v -0.0391664 0.0037965 0.0324780
v -0.0390267 0.0039203 0.0323542
v -0.0287214 0.0036274 0.0326471
v -0.0291031 0.0039656 0.0323088
v -0.0287725 0.0037965 0.0324780
v -0.0289122 0.0039203 0.0323542
v -0.0392176 0.0031229 0.0322046
v -0.0388359 0.0034141 0.0318252
v -0.0391664 0.0032685 0.0320149
v -0.0390267 0.0033751 0.0318760
v -0.0287214 0.0031229 0.0322046
v -0.0291031 0.0034141 0.0318252
v -0.0287725 0.0032685 0.0320149
v -0.0289122 0.0033751 0.0318760
v -0.0392176 0.0025649 0.0318318
v -0.0388359 0.0028041 0.0314176
v -0.0391664 0.0026845 0.0316247
v -0.0390267 0.0027721 0.0314731
v -0.0287214 0.0025649 0.0318318
v -0.0291031 0.0028041 0.0314176
v -0.0287725 0.0026845 0.0316247
v -0.0289122 0.0027721 0.0314731
v -0.0392176 0.0019631 0.0315350
v -0.0388359 0.0021462 0.0310931
v -0.0391664 0.0020546 0.0313141
v -0.0390267 0.0021216 0.0311523
v -0.0287214 0.0019631 0.0315350
v -0.0291031 0.0021462 0.0310931
v -0.0287725 0.0020546 0.0313141
v -0.0289122 0.0021216 0.0311523
v -0.0392176 0.0013277 0.0313194
v -0.0388359 0.0014515 0.0308573
v -0.0391664 0.0013896 0.0310883
v -0.0390267 0.0014349 0.0309192
v -0.0287214 0.0013277 0.0313194
v -0.0291031 0.0014515 0.0308573
v -0.0287725 0.0013896 0.0310883
v -0.0289122 0.0014349 0.0309192
v -0.0392176 0.0006696 0.0311884
v -0.0388359 0.0007320 0.0307142
v -0.0391664 0.0007008 0.0309513
v -0.0390267 0.0007237 0.0307777
v -0.0287214 0.0006696 0.0311884
v -0.0291031 0.0007320 0.0307142
v -0.0287725 0.0007008 0.0309513
v -0.0289122 0.0007237 0.0307777
v -0.0392176 0.0000000 0.0311446
v -0.0388359 0.0000000 0.0306662
v -0.0391664 0.0000000 0.0309054
v -0.0390267 0.0000000 0.0307303
v -0.0287214 -0.0000000 0.0311446
v -0.0291031 0.0000000 0.0306662
v -0.0287725 -0.0000000 0.0309054
v -0.0289122 -0.0000000 0.0307303
v -0.0392176 -0.0006696 0.0311884
v -0.0388359 -0.0007320 0.0307142
v -0.0391664 -0.0007008 0.0309513
v -0.0390267 -0.0007237 0.0307777
v -0.0287214 -0.0006696 0.0311884
v -0.0291031 -0.0007320 0.0307142
v -0.0287725 -0.0007008 0.0309513
v -0.0289122 -0.0007237 0.0307777
v -0.0392176 -0.0013277 0.0313194
v -0.0388359 -0.0014515 0.0308573
v -0.0391664 -0.0013896 0.0310883
v -0.0390267 -0.0014349 0.0309192
v -0.0287214 -0.0013277 0.0313194
v -0.0291031 -0.0014515 0.0308573
v -0.0287725 -0.0013896 0.0310883
v -0.0289122 -0.0014349 0.0309192
v -0.0392176 -0.0019631 0.0315350
v -0.0388359 -0.0021462 0.0310931
v -0.0391664 -0.0020546 0.0313141
v -0.0390267 -0.0021216 0.0311523
v -0.0287214 -0.0019631 0.0315350
v -0.0291031 -0.0021462 0.0310931
v -0.0287725 -0.0020546 0.0313141
v -0.0289122 -0.0021216 0.0311523
v -0.0392176 -0.0025649 0.0318318
v -0.0388359 -0.0028041 0.0314176
v -0.0391664 -0.0026845 0.0316247
v -0.0390267 -0.0027721 0.0314731
v -0.0287214 -0.0025649 0.0318318
v -0.0291031 -0.0028041 0.0314176
v -0.0287725 -0.0026845 0.0316247
v -0.0289122 -0.0027721 0.0314731
v -0.0392176 -0.0031229 0.0322046
v -0.0388359 -0.0034141 0.0318252
v -0.0391664 -0.0032685 0.0320149
v -0.0390267 -0.0033751 0.0318760
v -0.0287214 -0.0031229 0.0322046
v -0.0291031 -0.0034141 0.0318252
v -0.0287725 -0.0032685 0.0320149
v -0.0289122 -0.0033751 0.0318760
v -0.0392176 -0.0036274 0.0326471
v -0.0388359 -0.0039656 0.0323088
v -0.0391664 -0.0037965 0.0324780
v -0.0390267 -0.0039203 0.0323542
v -0.0287214 -0.0036274 0.0326471
v -0.0291031 -0.0039656 0.0323088
v -0.0287725 -0.0037965 0.0324780
v -0.0289122 -0.0039203 0.0323542
v -0.0392176 -0.0040698 0.0331516
v -0.0388359 -0.0044493 0.0328604
v -0.0391664 -0.0042596 0.0330060
v -0.0390267 -0.0043985 0.0328994
v -0.0287214 -0.0040698 0.0331516
v -0.0291031 -0.0044493 0.0328604
v -0.0287725 -0.0042596 0.0330060
v -0.0289122 -0.0043985 0.0328994
v -0.0392176 -0.0044426 0.0337095
v -0.0388359 -0.0048569 0.0334703
v -0.0391664 -0.0046497 0.0335899
v -0.0390267 -0.0048014 0.0335024
v -0.0287214 -0.0044426 0.0337095
v -0.0291031 -0.0048569 0.0334703
v -0.0287725 -0.0046497 0.0335899
v -0.0289122 -0.0048014 0.0335024
v -0.0392176 -0.0047394 0.0343113
v -0.0388359 -0.0051813 0.0341283
v -0.0391664 -0.0049604 0.0342198
v -0.0390267 -0.0051221 0.0341528
v -0.0287214 -0.0047394 0.0343113
v -0.0291031 -0.0051813 0.0341283
v -0.0287725 -0.0049604 0.0342198
v -0.0289122 -0.0051221 0.0341528
v -0.0392176 -0.0049551 0.0349467
v -0.0388359 -0.0054171 0.0348229
v -0.0391664 -0.0051861 0.0348848
v -0.0390267 -0.0053552 0.0348395
v -0.0287214 -0.0049551 0.0349467
v -0.0291031 -0.0054171 0.0348229
v -0.0287725 -0.0051861 0.0348848
v -0.0289122 -0.0053552 0.0348395
v -0.0392176 -0.0050860 0.0356049
v -0.0388359 -0.0055602 0.0355424
v -0.0391664 -0.0053231 0.0355737
v -0.0390267 -0.0054967 0.0355508
v -0.0287214 -0.0050860 0.0356049
v -0.0291031 -0.0055602 0.0355424
v -0.0287725 -0.0053231 0.0355737
v -0.0289122 -0.0054967 0.0355508
v -0.0392176 -0.0051299 0.0362745
v -0.0388359 -0.0056082 0.0362745
v -0.0391664 -0.0053691 0.0362745
v -0.0390267 -0.0055441 0.0362745
v -0.0287214 -0.0051299 0.0362745
v -0.0291031 -0.0056082 0.0362745
v -0.0287725 -0.0053691 0.0362745
v -0.0289122 -0.0055441 0.0362745
v -0.0392176 -0.0050860 0.0369440
v -0.0388359 -0.0055602 0.0370065
v -0.0391664 -0.0053231 0.0369753
v -0.0390267 -0.0054967 0.0369981
v -0.0287214 -0.0050860 0.0369440
v -0.0291031 -0.0055602 0.0370065
v -0.0287725 -0.0053231 0.0369753
v -0.0289122 -0.0054967 0.0369981
v -0.0392176 -0.0049551 0.0376022
v -0.0388359 -0.0054171 0.0377260
v -0.0391664 -0.0051861 0.0376641
v -0.0390267 -0.0053552 0.0377094
v -0.0287214 -0.0049551 0.0376022
v -0.0291031 -0.0054171 0.0377260
v -0.0287725 -0.0051861 0.0376641
v -0.0289122 -0.0053552 0.0377094
v -0.0392176 -0.0047394 0.0382376
v -0.0388359 -0.0051813 0.0384206
v -0.0391664 -0.0049604 0.0383291
v -0.0390267 -0.0051221 0.0383961
v -0.0287214 -0.0047394 0.0382376
v -0.0291031 -0.0051813 0.0384206
v -0.0287725 -0.0049604 0.0383291
v -0.0289122 -0.0051221 0.0383961
v -0.0392176 -0.0044426 0.0388394
v -0.0388359 -0.0048569 0.0390786
v -0.0391664 -0.0046497 0.0389590
v -0.0390267 -0.0048014 0.0390465
v -0.0287214 -0.0044426 0.0388394
v -0.0291031 -0.0048569 0.0390786
v -0.0287725 -0.0046497 0.0389590
v -0.0289122 -0.0048014 0.0390465
v -0.0392176 -0.0040698 0.0393973
v -0.0388359 -0.0044493 0.0396885
v -0.0391664 -0.0042596 0.0395429
v -0.0390267 -0.0043985 0.0396495
v -0.0287214 -0.0040698 0.0393973
v -0.0291031 -0.0044493 0.0396885
v -0.0287725 -0.0042596 0.0395429
v -0.0289122 -0.0043985 0.0396495
v -0.0392176 -0.0036274 0.0399018
v -0.0388359 -0.0039656 0.0402401
v -0.0391664 -0.0037965 0.0400710
v -0.0390267 -0.0039203 0.0401948
v -0.0287214 -0.0036274 0.0399018
v -0.0291031 -0.0039656 0.0402401
v -0.0287725 -0.0037965 0.0400710
v -0.0289122 -0.0039203 0.0401948
v -0.0392176 -0.0031229 0.0403443
v -0.0388359 -0.0034141 0.0407238
v -0.0391664 -0.0032685 0.0405340
v -0.0390267 -0.0033751 0.0406729
v -0.0287214 -0.0031229 0.0403443
v -0.0291031 -0.0034141 0.0407238
v -0.0287725 -0.0032685 0.0405340
v -0.0289122 -0.0033751 0.0406729
v -0.0392176 -0.0025649 0.0407171
v -0.0388359 -0.0028041 0.0411313
v -0.0391664 -0.0026845 0.0409242
v -0.0390267 -0.0027721 0.0410758
v -0.0287214 -0.0025649 0.0407171
v -0.0291031 -0.0028041 0.0411313
v -0.0287725 -0.0026845 0.0409242
v -0.0289122 -0.0027721 0.0410758
v -0.0392176 -0.0019631 0.0410139
v -0.0388359 -0.0021462 0.0414558
v -0.0391664 -0.0020546 0.0412348
v -0.0390267 -0.0021216 0.0413966
v -0.0287214 -0.0019631 0.0410139
v -0.0291031 -0.0021462 0.0414558
v -0.0287725 -0.0020546 0.0412348
v -0.0289122 -0.0021216 0.0413966
v -0.0392176 -0.0013277 0.0412296
v -0.0388359 -0.0014515 0.0416916
v -0.0391664 -0.0013896 0.0414606
v -0.0390267 -0.0014349 0.0416297
v -0.0287214 -0.0013277 0.0412296
v -0.0291031 -0.0014515 0.0416916
v -0.0287725 -0.0013896 0.0414606
v -0.0289122 -0.0014349 0.0416297
v -0.0392176 -0.0006696 0.0413605
v -0.0388359 -0.0007320 0.0418347
v -0.0391664 -0.0007008 0.0415976
v -0.0390267 -0.0007237 0.0417712
v -0.0287214 -0.0006696 0.0413605
v -0.0291031 -0.0007320 0.0418347
v -0.0287725 -0.0007008 0.0415976
v -0.0289122 -0.0007237 0.0417712
v -0.0392176 -0.0000000 0.0414044
v -0.0388359 0.0000000 0.0418827
v -0.0391664 -0.0000000 0.0416435
v -0.0390267 -0.0000000 0.0418186
v -0.0287214 0.0000000 0.0414044
v -0.0291031 0.0000000 0.0418827
v -0.0287725 0.0000000 0.0416435
v -0.0289122 0.0000000 0.0418186
v -0.0392176 0.0006696 0.0413605
v -0.0388359 0.0007320 0.0418347
v -0.0391664 0.0007008 0.0415976
v -0.0390267 0.0007237 0.0417712
v -0.0287214 0.0006696 0.0413605
v -0.0291031 0.0007320 0.0418347
v -0.0287725 0.0007008 0.0415976
v -0.0289122 0.0007237 0.0417712
v -0.0392176 0.0013277 0.0412296
v -0.0388359 0.0014515 0.0416916
v -0.0391664 0.0013896 0.0414606
v -0.0390267 0.0014349 0.0416297
v -0.0287214 0.0013277 0.0412296
v -0.0291031 0.0014515 0.0416916
v -0.0287725 0.0013896 0.0414606
v -0.0289122 0.0014349 0.0416297
v -0.0392176 0.0019631 0.0410139
v -0.0388359 0.0021462 0.0414558
v -0.0391664 0.0020546 0.0412348
v -0.0390267 0.0021216 0.0413966
v -0.0287214 0.0019631 0.0410139
v -0.0291031 0.0021462 0.0414558
v -0.0287725 0.0020546 0.0412348
v -0.0289122 0.0021216 0.0413966
v -0.0392176 0.0025649 0.0407171
v -0.0388359 0.0028041 0.0411313
v -0.0391664 0.0026845 0.0409242
v -0.0390267 0.0027721 0.0410758
v -0.0287214 0.0025649 0.0407171
v -0.0291031 0.0028041 0.0411313
v -0.0287725 0.0026845 0.0409242
v -0.0289122 0.0027721 0.0410758
v -0.0392176 0.0031229 0.0403443
v -0.0388359 0.0034141 0.0407238
v -0.0391664 0.0032685 0.0405340
v -0.0390267 0.0033751 0.0406729
v -0.0287214 0.0031229 0.0403443
v -0.0291031 0.0034141 0.0407238
v -0.0287725 0.0032685 0.0405340
v -0.0289122 0.0033751 0.0406729
v -0.0392176 0.0036274 0.0399018
v -0.0388359 0.0039656 0.0402401
v -0.0391664 0.0037965 0.0400710
v -0.0390267 0.0039203 0.0401948
v -0.0287214 0.0036274 0.0399018
v -0.0291031 0.0039656 0.0402401
v -0.0287725 0.0037965 0.0400710
v -0.0289122 0.0039203 0.0401948
v -0.0392176 0.0040698 0.0393973
v -0.0388359 0.0044493 0.0396885
v -0.0391664 0.0042596 0.0395429
v -0.0390267 0.0043985 0.0396495
v -0.0287214 0.0040698 0.0393973
v -0.0291031 0.0044493 0.0396885
v -0.0287725 0.0042596 0.0395429
v -0.0289122 0.0043985 0.0396495
v -0.0392176 0.0044426 0.0388394
v -0.0388359 0.0048569 0.0390786
v -0.0391664 0.0046497 0.0389590
v -0.0390267 0.0048014 0.0390465
v -0.0287214 0.0044426 0.0388394
v -0.0291031 0.0048569 0.0390786
v -0.0287725 0.0046497 0.0389590
v -0.0289122 0.0048014 0.0390465
v -0.0392176 0.0047394 0.0382376
v -0.0388359 0.0051813 0.0384206
v -0.0391664 0.0049604 0.0383291
v -0.0390267 0.0051221 0.0383961
v -0.0287214 0.0047394 0.0382376
v -0.0291031 0.0051813 0.0384206
v -0.0287725 0.0049604 0.0383291
v -0.0289122 0.0051221 0.0383961
v -0.0392176 0.0049551 0.0376022
v -0.0388359 0.0054171 0.0377260
v -0.0391664 0.0051861 0.0376641
v -0.0390267 0.0053552 0.0377094
v -0.0287214 0.0049551 0.0376022
v -0.0291031 0.0054171 0.0377260
v -0.0287725 0.0051861 0.0376641
v -0.0289122 0.0053552 0.0377094
v -0.0392176 0.0050860 0.0369440
v -0.0388359 0.0055602 0.0370065
v -0.0391664 0.0053231 0.0369753
v -0.0390267 0.0054967 0.0369981
v -0.0287214 0.0050860 0.0369440
v -0.0291031 0.0055602 0.0370065
v -0.0287725 0.0053231 0.0369753
v -0.0289122 0.0054967 0.0369981
v 0.0287214 0.0051299 0.0362745
v 0.0291031 0.0056082 0.0362745
v 0.0287725 0.0053691 0.0362745
v 0.0289122 0.0055441 0.0362745
v 0.0392176 0.0051299 0.0362745
v 0.0388359 0.0056082 0.0362745
v 0.0391664 0.0053691 0.0362745
v 0.0390267 0.0055441 0.0362745
v 0.0287214 0.0050860 0.0356049
v 0.0291031 0.0055602 0.0355424
v 0.0287725 0.0053231 0.0355737
v 0.0289122 0.0054967 0.0355508
v 0.0392176 0.0050860 0.0356049
v 0.0388359 0.0055602 0.0355424
v 0.0391664 0.0053231 0.0355737
v 0.0390267 0.0054967 0.0355508
v 0.0287214 0.0049551 0.0349467
v 0.0291031 0.0054171 0.0348229
v 0.0287725 0.0051861 0.0348848
v 0.0289122 0.0053552 0.0348395
v 0.0392176 0.0049551 0.0349467
v 0.0388359 0.0054171 0.0348229
v 0.0391664 0.0051861 0.0348848
v 0.0390267 0.0053552 0.0348395
v 0.0287214 0.0047394 0.0343113
v 0.0291031 0.0051813 0.0341283
v 0.0287725 0.0049604 0.0342198
v 0.0289122 0.0051221 0.0341528
v 0.0392176 0.0047394 0.0343113
v 0.0388359 0.0051813 0.0341283
v 0.0391664 0.0049604 0.0342198
v 0.0390267 0.0051221 0.0341528
v 0.0287214 0.0044426 0.0337095
v 0.0291031 0.0048569 0.0334703
v 0.0287725 0.0046497 0.0335899
v 0.0289122 0.0048014 0.0335024
v 0.0392176 0.0044426 0.0337095
v 0.0388359 0.0048569 0.0334703
v 0.0391664 0.0046497 0.0335899
v 0.0390267 0.0048014 0.0335024
v 0.0287214 0.0040698 0.0331516
v 0.0291031 0.0044493 0.0328604
v 0.0287725 0.0042596 0.0330060
v 0.0289122 0.0043985 0.0328994
v 0.0392176 0.0040698 0.0331516
v 0.0388359 0.0044493 0.0328604
v 0.0391664 0.0042596 0.0330060
v 0.0390267 0.0043985 0.0328994
v 0.0287214 0.0036274 0.0326471
v 0.0291031 0.0039656 0.0323088
v 0.0287725 0.0037965 0.0324780
v 0.0289122 0.0039203 0.0323542
v 0.0392176 0.0036274 0.0326471
v 0.0388359 0.0039656 0.0323088
v 0.0391664 0.0037965 0.0324780
v 0.0390267 0.0039203 0.0323542
v 0.0287214 0.0031229 0.0322046
v 0.0291031 0.0034141 0.0318252
v 0.0287725 0.0032685 0.0320149
v 0.0289122 0.0033751 0.0318760
v 0.0392176 0.0031229 0.0322046
v 0.0388359 0.0034141 0.0318252
v 0.0391664 0.0032685 0.0320149
v 0.0390267 0.0033751 0.0318760
v 0.0287214 0.0025649 0.0318318
v 0.0291031 0.0028041 0.0314176
v 0.0287725 0.0026845 0.0316247
v 0.0289122 0.0027721 0.0314731
v 0.0392176 0.0025649 0.0318318
v 0.0388359 0.0028041 0.0314176
v 0.0391664 0.0026845 0.0316247
v 0.0390267 0.0027721 0.0314731
v 0.0287214 0.0019631 0.0315350
v 0.0291031 0.0021462 0.0310931
v 0.0287725 0.0020546 0.0313141
v 0.0289122 0.0021216 0.0311523
v 0.0392176 0.0019631 0.0315350
v 0.0388359 0.0021462 0.0310931
v 0.0391664 0.0020546 0.0313141
v 0.0390267 0.0021216 0.0311523
v 0.0287214 0.0013277 0.0313194
v 0.0291031 0.0014515 0.0308573
v 0.0287725 0.0013896 0.0310883
v 0.0289122 0.0014349 0.0309192
v 0.0392176 0.0013277 0.0313194
v 0.0388359 0.0014515 0.0308573
v 0.0391664 0.0013896 0.0310883
v 0.0390267 0.0014349 0.0309192
v 0.0287214 0.0006696 0.0311884
v 0.0291031 0.0007320 0.0307142
v 0.0287725 0.0007008 0.0309513
v 0.0289122 0.0007237 0.0307777
v 0.0392176 0.0006696 0.0311884
v 0.0388359 0.0007320 0.0307142
v 0.0391664 0.0007008 0.0309513
v 0.0390267 0.0007237 0.0307777
v 0.0287214 0.0000000 0.0311446
v 0.0291031 0.0000000 0.0306662
v 0.0287725 0.0000000 0.0309054
v 0.0289122 0.0000000 0.0307303
v 0.0392176 -0.0000000 0.0311446
v 0.0388359 0.0000000 0.0306662
v 0.0391664 -0.0000000 0.0309054
v 0.0390267 -0.0000000 0.0307303
v 0.0287214 -0.0006696 0.0311884
v 0.0291031 -0.0007320 0.0307142
v 0.0287725 -0.0007008 0.0309513
v 0.0289122 -0.0007237 0.0307777
v 0.0392176 -0.0006696 0.0311884
v 0.0388359 -0.0007320 0.0307142
v 0.0391664 -0.0007008 0.0309513
v 0.0390267 -0.0007237 0.0307777
v 0.0287214 -0.0013277 0.0313194
v 0.0291031 -0.0014515 0.0308573
v 0.0287725 -0.0013896 0.0310883
v 0.0289122 -0.0014349 0.0309192
v 0.0392176 -0.0013277 0.0313194
v 0.0388359 -0.0014515 0.0308573
v 0.0391664 -0.0013896 0.0310883
v 0.0390267 -0.0014349 0.0309192
v 0.0287214 -0.0019631 0.0315350
v 0.0291031 -0.0021462 0.0310931
v 0.0287725 -0.0020546 0.0313141
v 0.0289122 -0.0021216 0.0311523
v 0.0392176 -0.0019631 0.0315350
v 0.0388359 -0.0021462 0.0310931
v 0.0391664 -0.0020546 0.0313141
v 0.0390267 -0.0021216 0.0311523
v 0.0287214 -0.0025649 0.0318318
v 0.0291031 -0.0028041 0.0314176
v 0.0287725 -0.0026845 0.0316247
v 0.0289122 -0.0027721 0.0314731
v 0.0392176 -0.0025649 0.0318318
v 0.0388359 -0.0028041 0.0314176
v 0.0391664 -0.0026845 0.0316247
v 0.0390267 -0.0027721 0.0314731
v 0.0287214 -0.0031229 0.0322046
v 0.0291031 -0.0034141 0.0318252
v 0.0287725 -0.0032685 0.0320149
v 0.0289122 -0.0033751 0.0318760
v 0.0392176 -0.0031229 0.0322046
v 0.0388359 -0.0034141 0.0318252
v 0.0391664 -0.0032685 0.0320149
v 0.0390267 -0.0033751 0.0318760
v 0.0287214 -0.0036274 0.0326471
v 0.0291031 -0.0039656 0.0323088
v 0.0287725 -0.0037965 0.0324780
v 0.0289122 -0.0039203 0.0323542
v 0.0392176 -0.0036274 0.0326471
v 0.0388359 -0.0039656 0.0323088
v 0.0391664 -0.0037965 0.0324780
v 0.0390267 -0.0039203 0.0323542
v 0.0287214 -0.0040698 0.0331516
v 0.0291031 -0.0044493 0.0328604
v 0.0287725 -0.0042596 0.0330060
v 0.0289122 -0.0043985 0.0328994
v 0.0392176 -0.0040698 0.0331516
v 0.0388359 -0.0044493 0.0328604
v 0.0391664 -0.0042596 0.0330060
v 0.0390267 -0.0043985 0.0328994
v 0.0287214 -0.0044426 0.0337095
v 0.0291031 -0.0048569 0.0334703
v 0.0287725 -0.0046497 0.0335899
v 0.0289122 -0.0048014 0.0335024
v 0.0392176 -0.0044426 0.0337095
v 0.0388359 -0.0048569 0.0334703
v 0.0391664 -0.0046497 0.0335899
v 0.0390267 -0.0048014 0.0335024
v 0.0287214 -0.0047394 0.0343113
v 0.0291031 -0.0051813 0.0341283
v 0.0287725 -0.0049604 0.0342198
v 0.0289122 -0.0051221 0.0341528
v 0.0392176 -0.0047394 0.0343113
v 0.0388359 -0.0051813 0.0341283
v 0.0391664 -0.0049604 0.0342198
v 0.0390267 -0.0051221 0.0341528
v 0.0287214 -0.0049551 0.0349467
v 0.0291031 -0.0054171 0.0348229
v 0.0287725 -0.0051861 0.0348848
v 0.0289122 -0.0053552 0.0348395
v 0.0392176 -0.0049551 0.0349467
v 0.0388359 -0.0054171 0.0348229
v 0.0391664 -0.0051861 0.0348848
v 0.0390267 -0.0053552 0.0348395
v 0.0287214 -0.0050860 0.0356049
v 0.0291031 -0.0055602 0.0355424
v 0.0287725 -0.0053231 0.0355737
v 0.0289122 -0.0054967 0.0355508
v 0.0392176 -0.0050860 0.0356049
v 0.0388359 -0.0055602 0.0355424
v 0.0391664 -0.0053231 0.0355737
v 0.0390267 -0.0054967 0.0355508
v 0.0287214 -0.0051299 0.0362745
v 0.0291031 -0.0056082 0.0362745
v 0.0287725 -0.0053691 0.0362745
v 0.0289122 -0.0055441 0.0362745
v 0.0392176 -0.0051299 0.0362745
v 0.0388359 -0.0056082 0.0362745
v 0.0391664 -0.0053691 0.0362745
v 0.0390267 -0.0055441 0.0362745
v 0.0287214 -0.0050860 0.0369440
v 0.0291031 -0.0055602 0.0370065
v 0.0287725 -0.0053231 0.0369753
v 0.0289122 -0.0054967 0.0369981
v 0.0392176 -0.0050860 0.0369440
v 0.0388359 -0.0055602 0.0370065
v 0.0391664 -0.0053231 0.0369753
v 0.0390267 -0.0054967 0.0369981
v 0.0287214 -0.0049551 0.0376022
v 0.0291031 -0.0054171 0.0377260
v 0.0287725 -0.0051861 0.0376641
v 0.0289122 -0.0053552 0.0377094
v 0.0392176 -0.0049551 0.0376022
v 0.0388359 -0.0054171 0.0377260
v 0.0391664 -0.0051861 0.0376641
v 0.0390267 -0.0053552 0.0377094
v 0.0287214 -0.0047394 0.0382376
v 0.0291031 -0.0051813 0.0384206
v 0.0287725 -0.0049604 0.0383291
v 0.0289122 -0.0051221 0.0383961
v 0.0392176 -0.0047394 0.0382376
v 0.0388359 -0.0051813 0.0384206
v 0.0391664 -0.0049604 0.0383291
v 0.0390267 -0.0051221 0.0383961
v 0.0287214 -0.0044426 0.0388394
v 0.0291031 -0.0048569 0.0390786
v 0.0287725 -0.0046497 0.0389590
v 0.0289122 -0.0048014 0.0390465
v 0.0392176 -0.0044426 0.0388394
v 0.0388359 -0.0048569 0.0390786
v 0.0391664 -0.0046497 0.0389590
v 0.0390267 -0.0048014 0.0390465
v 0.0287214 -0.0040698 0.0393973
v 0.0291031 -0.0044493 0.0396885
v 0.0287725 -0.0042596 0.0395429
v 0.0289122 -0.0043985 0.0396495
v 0.0392176 -0.0040698 0.0393973
v 0.0388359 -0.0044493 0.0396885
v 0.0391664 -0.0042596 0.0395429
v 0.0390267 -0.0043985 0.0396495
v 0.0287214 -0.0036274 0.0399018
v 0.0291031 -0.0039656 0.0402401
v 0.0287725 -0.0037965 0.0400710
v 0.0289122 -0.0039203 0.0401948
v 0.0392176 -0.0036274 0.0399018
v 0.0388359 -0.0039656 0.0402401
v 0.0391664 -0.0037965 0.0400710
v 0.0390267 -0.0039203 0.0401948
v 0.0287214 -0.0031229 0.0403443
v 0.0291031 -0.0034141 0.0407238
v 0.0287725 -0.0032685 0.0405340
v 0.0289122 -0.0033751 0.0406729
v 0.0392176 -0.0031229 0.0403443
v 0.0388359 -0.0034141 0.0407238
v 0.0391664 -0.0032685 0.0405340
v 0.0390267 -0.0033751 0.0406729
v 0.0287214 -0.0025649 0.0407171
v 0.0291031 -0.0028041 0.0411313
v 0.0287725 -0.0026845 0.0409242
v 0.0289122 -0.0027721 0.0410758
v 0.0392176 -0.0025649 0.0407171
v 0.0388359 -0.0028041 0.0411313
v 0.0391664 -0.0026845 0.0409242
v 0.0390267 -0.0027721 0.0410758
v 0.0287214 -0.0019631 0.0410139
v 0.0291031 -0.0021462 0.0414558
v 0.0287725 -0.0020546 0.0412348
v 0.0289122 -0.0021216 0.0413966
v 0.0392176 -0.0019631 0.0410139
v 0.0388359 -0.0021462 0.0414558
v 0.0391664 -0.0020546 0.0412348
v 0.0390267 -0.0021216 0.0413966
v 0.0287214 -0.0013277 0.0412296
v 0.0291031 -0.0014515 0.0416916
v 0.0287725 -0.0013896 0.0414606
v 0.0289122 -0.0014349 0.0416297
v 0.0392176 -0.0013277 0.0412296
v 0.0388359 -0.0014515 0.0416916
v 0.0391664 -0.0013896 0.0414606
v 0.0390267 -0.0014349 0.0416297
v 0.0287214 -0.0006696 0.0413605
v 0.0291031 -0.0007320 0.0418347
v 0.0287725 -0.0007008 0.0415976
v 0.0289122 -0.0007237 0.0417712
v 0.0392176 -0.0006696 0.0413605
v 0.0388359 -0.0007320 0.0418347
v 0.0391664 -0.0007008 0.0415976
v 0.0390267 -0.0007237 0.0417712
v 0.0287214 -0.0000000 0.0414044
v 0.0291031 0.0000000 0.0418827
v 0.0287725 -0.0000000 0.0416435
v 0.0289122 -0.0000000 0.0418186
v 0.0392176 0.0000000 0.0414044
v 0.0388359 0.0000000 0.0418827
v 0.0391664 0.0000000 0.0416435
v 0.0390267 0.0000000 0.0418186
v 0.0287214 0.0006696 0.0413605
v 0.0291031 0.0007320 0.0418347
v 0.0287725 0.0007008 0.0415976
v 0.0289122 0.0007237 0.0417712
v 0.0392176 0.0006696 0.0413605
v 0.0388359 0.0007320 0.0418347
v 0.0391664 0.0007008 0.0415976
v 0.0390267 0.0007237 0.0417712
v 0.0287214 0.0013277 0.0412296
v 0.0291031 0.0014515 0.0416916
v 0.0287725 0.0013896 0.0414606
v 0.0289122 0.0014349 0.0416297
v 0.0392176 0.0013277 0.0412296
v 0.0388359 0.0014515 0.0416916
v 0.0391664 0.0013896 0.0414606
v 0.0390267 0.0014349 0.0416297
v 0.0287214 0.0019631 0.0410139
v 0.0291031 0.0021462 0.0414558
v 0.0287725 0.0020546 0.0412348
v 0.0289122 0.0021216 0.0413966
v 0.0392176 0.0019631 0.0410139
v 0.0388359 0.0021462 0.0414558
v 0.0391664 0.0020546 0.0412348
v 0.0390267 0.0021216 0.0413966
v 0.0287214 0.0025649 0.0407171
v 0.0291031 0.0028041 0.0411313
v 0.0287725 0.0026845 0.0409242
v 0.0289122 0.0027721 0.0410758
v 0.0392176 0.0025649 0.0407171
v 0.0388359 0.0028041 0.0411313
v 0.0391664 0.0026845 0.0409242
v 0.0390267 0.0027721 0.0410758
v 0.0287214 0.0031229 0.0403443
v 0.0291031 0.0034141 0.0407238
v 0.0287725 0.0032685 0.0405340
v 0.0289122 0.0033751 0.0406729
v 0.0392176 0.0031229 0.0403443
v 0.0388359 0.0034141 0.0407238
v 0.0391664 0.0032685 0.0405340
v 0.0390267 0.0033751 0.0406729
v 0.0287214 0.0036274 0.0399018
v 0.0291031 0.0039656 0.0402401
v 0.0287725 0.0037965 0.0400710
v 0.0289122 0.0039203 0.0401948
v 0.0392176 0.0036274 0.0399018
v 0.0388359 0.0039656 0.0402401
v 0.0391664 0.0037965 0.0400710
v 0.0390267 0.0039203 0.0401948
v 0.0287214 0.0040698 0.0393973
v 0.0291031 0.0044493 0.0396885
v 0.0287725 0.0042596 0.0395429
v 0.0289122 0.0043985 0.0396495
v 0.0392176 0.0040698 0.0393973
v 0.0388359 0.0044493 0.0396885
v 0.0391664 0.0042596 0.0395429
v 0.0390267 0.0043985 0.0396495
v 0.0287214 0.0044426 0.0388394
v 0.0291031 0.0048569 0.0390786
v 0.0287725 0.0046497 0.0389590
v 0.0289122 0.0048014 0.0390465
v 0.0392176 0.0044426 0.0388394
v 0.0388359 0.0048569 0.0390786
v 0.0391664 0.0046497 0.0389590
v 0.0390267 0.0048014 0.0390465
v 0.0287214 0.0047394 0.0382376
v 0.0291031 0.0051813 0.0384206
v 0.0287725 0.0049604 0.0383291
v 0.0289122 0.0051221 0.0383961
v 0.0392176 0.0047394 0.0382376
v 0.0388359 0.0051813 0.0384206
v 0.0391664 0.0049604 0.0383291
v 0.0390267 0.0051221 0.0383961
v 0.0287214 0.0049551 0.0376022
v 0.0291031 0.0054171 0.0377260
v 0.0287725 0.0051861 0.0376641
v 0.0289122 0.0053552 0.0377094
v 0.0392176 0.0049551 0.0376022
v 0.0388359 0.0054171 0.0377260
v 0.0391664 0.0051861 0.0376641
v 0.0390267 0.0053552 0.0377094
v 0.0287214 0.0050860 0.0369440
v 0.0291031 0.0055602 0.0370065
v 0.0287725 0.0053231 0.0369753
v 0.0289122 0.0054967 0.0369981
v 0.0392176 0.0050860 0.0369440
v 0.0388359 0.0055602 0.0370065
v 0.0391664 0.0053231 0.0369753
v 0.0390267 0.0054967 0.0369981
f 2 10 12
f 2 12 4
f 4 12 11
f 4 11 3
f 3 11 9
f 3 9 1
f 14 6 8
f 14 8 16
f 16 8 7
f 16 7 15
f 15 7 5
f 15 5 13
f 10 18 20
f 10 20 12
f 12 20 19
f 12 19 11
f 11 19 17
f 11 17 9
f 22 14 16
f 22 16 24
f 24 16 15
f 24 15 23
f 23 15 13
f 23 13 21
f 18 26 28
f 18 28 20
f 20 28 27
f 20 27 19
f 19 27 25
f 19 25 17
f 30 22 24
f 30 24 32
f 32 24 23
f 32 23 31
f 31 23 21
f 31 21 29
f 26 34 36
f 26 36 28
f 28 36 35
f 28 35 27
f 27 35 33
f 27 33 25
f 38 30 32
f 38 32 40
f 40 32 31
f 40 31 39
f 39 31 29
f 39 29 37
f 34 42 44
f 34 44 36
f 36 44 43
f 36 43 35
f 35 43 41
f 35 41 33
f 46 38 40
f 46 40 48
f 48 40 39
f 48 39 47
f 47 39 37
f 47 37 45
f 42 50 52
f 42 52 44
f 44 52 51
f 44 51 43
f 43 51 49
f 43 49 41
f 54 46 48
f 54 48 56
f 56 48 47
f 56 47 55
f 55 47 45
f 55 45 53
f 50 58 60
f 50 60 52
f 52 60 59
f 52 59 51
f 51 59 57
f 51 57 49
f 62 54 56
f 62 56 64
f 64 56 55
f 64 55 63
f 63 55 53
f 63 53 61
f 58 66 68
f 58 68 60
f 60 68 67
f 60 67 59
f 59 67 65
f 59 65 57
f 70 62 64
f 70 64 72
f 72 64 63
f 72 63 71
f 71 63 61
f 71 61 69
f 66 74 76
f 66 76 68
f 68 76 75
f 68 75 67
f 67 75 73
f 67 73 65
f 78 70 72
f 78 72 80
f 80 72 71
f 80 71 79
f 79 71 69
f 79 69 77
f 74 82 84
f 74 84 76
f 76 84 83
f 76 83 75
f 75 83 81
f 75 81 73
f 86 78 80
f 86 80 88
f 88 80 79
f 88 79 87
f 87 79 77
f 87 77 85
f 82 90 92
f 82 92 84
f 84 92 91
f 84 91 83
f 83 91 89
f 83 89 81
f 94 86 88
f 94 88 96
f 96 88 87
f 96 87 95
f 95 87 85
f 95 85 93
f 90 98 100
f 90 100 92
f 92 100 99
f 92 99 91
f 91 99 97
f 91 97 89
f 102 94 96
f 102 96 104
f 104 96 95
f 104 95 103
f 103 95 93
f 103 93 101
f 98 106 108
f 98 108 100
f 100 108 107
f 100 107 99
f 99 107 105
f 99 105 97
f 110 102 104
f 110 104 112
f 112 104 103
f 112 103 111
f 111 103 101
f 111 101 109
f 106 114 116
f 106 116 108
f 108 116 115
f 108 115 107
f 107 115 113
f 107 113 105
f 118 110 112
f 118 112 120
f 120 112 111
f 120 111 119
f 119 111 109
f 119 109 117
f 114 122 124
f 114 124 116
f 116 124 123
f 116 123 115
f 115 123 121
f 115 121 113
f 126 118 120
f 126 120 128
f 128 120 119
f 128 119 127
f 127 119 117
f 127 117 125
f 122 130 132
f 122 132 124
f 124 132 131
f 124 131 123
f 123 131 129
f 123 129 121
f 134 126 128
f 134 128 136
f 136 128 127
f 136 127 135
f 135 127 125
f 135 125 133
f 130 138 140
f 130 140 132
f 132 140 139
f 132 139 131
f 131 139 137
f 131 137 129
f 142 134 136
f 142 136 144
f 144 136 135
f 144 135 143
f 143 135 133
f 143 133 141
f 138 146 148
f 138 148 140
f 140 148 147
f 140 147 139
f 139 147 145
f 139 145 137
f 150 142 144
f 150 144 152
f 152 144 143
f 152 143 151
f 151 143 141
f 151 141 149
f 146 154 156
f 146 156 148
f 148 156 155
f 148 155 147
f 147 155 153
f 147 153 145
f 158 150 152
f 158 152 160
f 160 152 151
f 160 151 159
f 159 151 149
f 159 149 157
f 154 162 164
f 154 164 156
f 156 164 163
f 156 163 155
f 155 163 161
f 155 161 153
f 166 158 160
f 166 160 168
f 168 160 159
f 168 159 167
f 167 159 157
f 167 157 165
f 162 170 172
f 162 172 164
f 164 172 171
f 164 171 163
f 163 171 169
f 163 169 161
f 174 166 168
f 174 168 176
f 176 168 167
f 176 167 175
f 175 167 165
f 175 165 173
f 170 178 180
f 170 180 172
f 172 180 179
f 172 179 171
f 171 179 177
f 171 177 169
f 182 174 176
f 182 176 184
f 184 176 175
f 184 175 183
f 183 175 173
f 183 173 181
f 178 186 188
f 178 188 180
f 180 188 187
f 180 187 179
f 179 187 185
f 179 185 177
f 190 182 184
f 190 184 192
f 192 184 183
f 192 183 191
f 191 183 181
f 191 181 189
f 186 194 196
f 186 196 188
f 188 196 195
f 188 195 187
f 187 195 193
f 187 193 185
f 198 190 192
f 198 192 200
f 200 192 191
f 200 191 199
f 199 191 189
f 199 189 197
f 194 202 204
f 194 204 196
f 196 204 203
f 196 203 195
f 195 203 201
f 195 201 193
f 206 198 200
f 206 200 208
f 208 200 199
f 208 199 207
f 207 199 197
f 207 197 205
f 202 210 212
f 202 212 204
f 204 212 211
f 204 211 203
f 203 211 209
f 203 209 201
f 214 206 208
f 214 208 216
f 216 208 207
f 216 207 215
f 215 207 205
f 215 205 213
f 210 218 220
f 210 220 212
f 212 220 219
f 212 219 211
f 211 219 217
f 211 217 209
f 222 214 216
f 222 216 224
f 224 216 215
f 224 215 223
f 223 215 213
f 223 213 221
f 218 226 228
f 218 228 220
f 220 228 227
f 220 227 219
f 219 227 225
f 219 225 217
f 230 222 224
f 230 224 232
f 232 224 223
f 232 223 231
f 231 223 221
f 231 221 229
f 226 234 236
f 226 236 228
f 228 236 235
f 228 235 227
f 227 235 233
f 227 233 225
f 238 230 232
f 238 232 240
f 240 232 231
f 240 231 239
f 239 231 229
f 239 229 237
f 234 242 244
f 234 244 236
f 236 244 243
f 236 243 235
f 235 243 241
f 235 241 233
f 246 238 240
f 246 240 248
f 248 240 239
f 248 239 247
f 247 239 237
f 247 237 245
f 242 250 252
f 242 252 244
f 244 252 251
f 244 251 243
f 243 251 249
f 243 249 241
f 254 246 248
f 254 248 256
f 256 248 247
f 256 247 255
f 255 247 245
f 255 245 253
f 250 258 260
f 250 260 252
f 252 260 259
f 252 259 251
f 251 259 257
f 251 257 249
f 262 254 256
f 262 256 264
f 264 256 255
f 264 255 263
f 263 255 253
f 263 253 261
f 258 266 268
f 258 268 260
f 260 268 267
f 260 267 259
f 259 267 265
f 259 265 257
f 270 262 264
f 270 264 272
f 272 264 263
f 272 263 271
f 271 263 261
f 271 261 269
f 266 274 276
f 266 276 268
f 268 276 275
f 268 275 267
f 267 275 273
f 267 273 265
f 278 270 272
f 278 272 280
f 280 272 271
f 280 271 279
f 279 271 269
f 279 269 277
f 274 282 284
f 274 284 276
f 276 284 283
f 276 283 275
f 275 283 281
f 275 281 273
f 286 278 280
f 286 280 288
f 288 280 279
f 288 279 287
f 287 279 277
f 287 277 285
f 282 290 292
f 282 292 284
f 284 292 291
f 284 291 283
f 283 291 289
f 283 289 281
f 294 286 288
f 294 288 296
f 296 288 287
f 296 287 295
f 295 287 285
f 295 285 293
f 290 298 300
f 290 300 292
f 292 300 299
f 292 299 291
f 291 299 297
f 291 297 289
f 302 294 296
f 302 296 304
f 304 296 295
f 304 295 303
f 303 295 293
f 303 293 301
f 298 306 308
f 298 308 300
f 300 308 307
f 300 307 299
f 299 307 305
f 299 305 297
f 310 302 304
f 310 304 312
f 312 304 303
f 312 303 311
f 311 303 301
f 311 301 309
f 306 314 316
f 306 316 308
f 308 316 315
f 308 315 307
f 307 315 313
f 307 313 305
f 318 310 312
f 318 312 320
f 320 312 311
f 320 311 319
f 319 311 309
f 319 309 317
f 314 322 324
f 314 324 316
f 316 324 323
f 316 323 315
f 315 323 321
f 315 321 313
f 326 318 320
f 326 320 328
f 328 320 319
f 328 319 327
f 327 319 317
f 327 317 325
f 322 330 332
f 322 332 324
f 324 332 331
f 324 331 323
f 323 331 329
f 323 329 321
f 334 326 328
f 334 328 336
f 336 328 327
f 336 327 335
f 335 327 325
f 335 325 333
f 330 338 340
f 330 340 332
f 332 340 339
f 332 339 331
f 331 339 337
f 331 337 329
f 342 334 336
f 342 336 344
f 344 336 335
f 344 335 343
f 343 335 333
f 343 333 341
f 338 346 348
f 338 348 340
f 340 348 347
f 340 347 339
f 339 347 345
f 339 345 337
f 350 342 344
f 350 344 352
f 352 344 343
f 352 343 351
f 351 343 341
f 351 341 349
f 346 354 356
f 346 356 348
f 348 356 355
f 348 355 347
f 347 355 353
f 347 353 345
f 358 350 352
f 358 352 360
f 360 352 351
f 360 351 359
f 359 351 349
f 359 349 357
f 354 362 364
f 354 364 356
f 356 364 363
f 356 363 355
f 355 363 361
f 355 361 353
f 366 358 360
f 366 360 368
f 368 360 359
f 368 359 367
f 367 359 357
f 367 357 365
f 362 370 372
f 362 372 364
f 364 372 371
f 364 371 363
f 363 371 369
f 363 369 361
f 374 366 368
f 374 368 376
f 376 368 367
f 376 367 375
f 375 367 365
f 375 365 373
f 370 378 380
f 370 380 372
f 372 380 379
f 372 379 371
f 371 379 377
f 371 377 369
f 382 374 376
f 382 376 384
f 384 376 375
f 384 375 383
f 383 375 373
f 383 373 381
f 378 2 4
f 378 4 380
f 380 4 3
f 380 3 379
f 379 3 1
f 379 1 377
f 6 382 384
f 6 384 8
f 8 384 383
f 8 383 7
f 7 383 381
f 7 381 5
f 377 1 9
f 9 17 25
f 25 33 41
f 41 49 57
f 57 65 73
f 73 81 89
f 89 97 105
f 105 113 121
f 121 129 137
f 137 145 153
f 153 161 169
f 169 177 185
f 185 193 201
f 201 209 217
f 217 225 233
f 233 241 249
f 249 257 265
f 265 273 281
f 281 289 297
f 297 305 313
f 313 321 329
f 329 337 345
f 345 353 361
f 361 369 377
f 377 9 25
f 25 41 57
f 57 73 89
f 89 105 121
f 121 137 153
f 153 169 185
f 185 201 217
f 217 233 249
f 249 265 281
f 281 297 313
f 313 329 345
f 345 361 377
f 377 25 57
f 57 89 121
f 121 153 185
f 185 217 249
f 249 281 313
f 313 345 377
f 377 57 121
f 121 185 249
f 249 313 377
f 121 249 377
f 2 6 14
f 2 14 10
f 378 382 6
f 378 6 2
f 21 13 5
f 5 381 373
f 373 365 357
f 357 349 341
f 341 333 325
f 325 317 309
f 309 301 293
f 293 285 277
f 277 269 261
f 261 253 245
f 245 237 229
f 229 221 213
f 213 205 197
f 197 189 181
f 181 173 165
f 165 157 149
f 149 141 133
f 133 125 117
f 117 109 101
f 101 93 85
f 85 77 69
f 69 61 53
f 53 45 37
f 37 29 21
f 21 5 373
f 373 357 341
f 341 325 309
f 309 293 277
f 277 261 245
f 245 229 213
f 213 197 181
f 181 165 149
f 149 133 117
f 117 101 85
f 85 69 53
f 53 37 21
f 21 373 341
f 341 309 277
f 277 245 213
f 213 181 149
f 149 117 85
f 85 53 21
f 21 341 277
f 277 213 149
f 149 85 21
f 277 149 21
f 10 14 22
f 10 22 18
f 18 22 30
f 18 30 26
f 26 30 38
f 26 38 34
f 34 38 46
f 34 46 42
f 42 46 54
f 42 54 50
f 50 54 62
f 50 62 58
f 58 62 70
f 58 70 66
f 66 70 78
f 66 78 74
f 74 78 86
f 74 86 82
f 82 86 94
f 82 94 90
f 90 94 102
f 90 102 98
f 98 102 110
f 98 110 106
f 106 110 118
f 106 118 114
f 114 118 126
f 114 126 122
f 122 126 134
f 122 134 130
f 130 134 142
f 130 142 138
f 138 142 150
f 138 150 146
f 146 150 158
f 146 158 154
f 154 158 166
f 154 166 162
f 162 166 174
f 162 174 170
f 170 174 182
f 170 182 178
f 178 182 190
f 178 190 186
f 186 190 198
f 186 198 194
f 194 198 206
f 194 206 202
f 202 206 214
f 202 214 210
f 210 214 222
f 210 222 218
f 218 222 230
f 218 230 226
f 226 230 238
f 226 238 234
f 234 238 246
f 234 246 242
f 242 246 254
f 242 254 250
f 250 254 262
f 250 262 258
f 258 262 270
f 258 270 266
f 266 270 278
f 266 278 274
f 274 278 286
f 274 286 282
f 282 286 294
f 282 294 290
f 290 294 302
f 290 302 298
f 298 302 310
f 298 310 306
f 306 310 318
f 306 318 314
f 314 318 326
f 314 326 322
f 322 326 334
f 322 334 330
f 330 334 342
f 330 342 338
f 338 342 350
f 338 350 346
f 346 350 358
f 346 358 354
f 354 358 366
f 354 366 362
f 362 366 374
f 362 374 370
f 370 374 382
f 370 382 378
f 385 388 390
f 385 390 389
f 388 392 393
f 388 393 390
f 386 391 393
f 386 393 392
f 391 395 396
f 391 396 393
f 387 394 396
f 387 396 395
f 394 389 390
f 394 390 396
f 390 393 396
f 397 400 402
f 397 402 401
f 400 404 405
f 400 405 402
f 398 403 405
f 398 405 404
f 403 407 408
f 403 408 405
f 399 406 408
f 399 408 407
f 406 401 402
f 406 402 408
f 402 405 408
f 409 412 414
f 409 414 413
f 412 416 417
f 412 417 414
f 410 415 417
f 410 417 416
f 415 419 420
f 415 420 417
f 411 418 420
f 411 420 419
f 418 413 414
f 418 414 420
f 414 417 420
f 421 424 426
f 421 426 425
f 424 428 429
f 424 429 426
f 422 427 429
f 422 429 428
f 427 431 432
f 427 432 429
f 423 430 432
f 423 432 431
f 430 425 426
f 430 426 432
f 426 429 432
f 433 436 438
f 433 438 437
f 436 440 441
f 436 441 438
f 434 439 441
f 434 441 440
f 439 443 444
f 439 444 441
f 435 442 444
f 435 444 443
f 442 437 438
f 442 438 444
f 438 441 444
f 445 448 450
f 445 450 449
f 448 452 453
f 448 453 450
f 446 451 453
f 446 453 452
f 451 455 456
f 451 456 453
f 447 454 456
f 447 456 455
f 454 449 450
f 454 450 456
f 450 453 456
f 457 460 462
f 457 462 461
f 460 464 465
f 460 465 462
f 458 463 465
f 458 465 464
f 463 467 468
f 463 468 465
f 459 466 468
f 459 468 467
f 466 461 462
f 466 462 468
f 462 465 468
f 469 472 474
f 469 474 473
f 472 476 477
f 472 477 474
f 470 475 477
f 470 477 476
f 475 479 480
f 475 480 477
f 471 478 480
f 471 480 479
f 478 473 474
f 478 474 480
f 474 477 480
f 409 385 389
f 409 389 412
f 412 389 394
f 412 394 416
f 416 394 387
f 416 387 410
f 386 397 401
f 386 401 391
f 391 401 406
f 391 406 395
f 395 406 399
f 395 399 387
f 398 421 425
f 398 425 403
f 403 425 430
f 403 430 407
f 407 430 423
f 407 423 399
f 422 411 419
f 422 419 427
f 427 419 415
f 427 415 431
f 431 415 410
f 431 410 423
f 457 409 413
f 457 413 460
f 460 413 418
f 460 418 464
f 464 418 411
f 464 411 458
f 421 469 473
f 421 473 424
f 424 473 478
f 424 478 428
f 428 478 471
f 428 471 422
f 470 459 467
f 470 467 475
f 475 467 463
f 475 463 479
f 479 463 458
f 479 458 471
f 433 457 461
f 433 461 436
f 436 461 466
f 436 466 440
f 440 466 459
f 440 459 434
f 469 445 449
f 469 449 472
f 472 449 454
f 472 454 476
f 476 454 447
f 476 447 470
f 446 435 443
f 446 443 451
f 451 443 439
f 451 439 455
f 455 439 434
f 455 434 447
f 385 433 437
f 385 437 388
f 388 437 442
f 388 442 392
f 392 442 435
f 392 435 386
f 445 398 404
f 445 404 448
f 448 404 400
f 448 400 452
f 452 400 397
f 452 397 446
f 409 457 433
f 409 433 385
f 387 399 423
f 387 423 410
f 435 446 397
f 435 397 386
f 469 421 398
f 469 398 445
f 411 422 471
f 411 471 458
f 459 470 447
f 459 447 434
f 482 490 492
f 482 492 484
f 484 492 491
f 484 491 483
f 483 491 489
f 483 489 481
f 494 486 488
f 494 488 496
f 496 488 487
f 496 487 495
f 495 487 485
f 495 485 493
f 490 498 500
f 490 500 492
f 492 500 499
f 492 499 491
f 491 499 497
f 491 497 489
f 502 494 496
f 502 496 504
f 504 496 495
f 504 495 503
f 503 495 493
f 503 493 501
f 498 506 508
f 498 508 500
f 500 508 507
f 500 507 499
f 499 507 505
f 499 505 497
f 510 502 504
f 510 504 512
f 512 504 503
f 512 503 511
f 511 503 501
f 511 501 509
f 506 514 516
f 506 516 508
f 508 516 515
f 508 515 507
f 507 515 513
f 507 513 505
f 518 510 512
f 518 512 520
f 520 512 511
f 520 511 519
f 519 511 509
f 519 509 517
f 514 522 524
f 514 524 516
f 516 524 523
f 516 523 515
f 515 523 521
f 515 521 513
f 526 518 520
f 526 520 528
f 528 520 519
f 528 519 527
f 527 519 517
f 527 517 525
f 522 530 532
f 522 532 524
f 524 532 531
f 524 531 523
f 523 531 529
f 523 529 521
f 534 526 528
f 534 528 536
f 536 528 527
f 536 527 535
f 535 527 525
f 535 525 533
f 530 538 540
f 530 540 532
f 532 540 539
f 532 539 531
f 531 539 537
f 531 537 529
f 542 534 536
f 542 536 544
f 544 536 535
f 544 535 543
f 543 535 533
f 543 533 541
f 538 546 548
f 538 548 540
f 540 548 547
f 540 547 539
f 539 547 545
f 539 545 537
f 550 542 544
f 550 544 552
f 552 544 543
f 552 543 551
f 551 543 541
f 551 541 549
f 546 554 556
f 546 556 548
f 548 556 555
f 548 555 547
f 547 555 553
f 547 553 545
f 558 550 552
f 558 552 560
f 560 552 551
f 560 551 559
f 559 551 549
f 559 549 557
f 554 562 564
f 554 564 556
f 556 564 563
f 556 563 555
f 555 563 561
f 555 561 553
f 566 558 560
f 566 560 568
f 568 560 559
f 568 559 567
f 567 559 557
f 567 557 565
f 562 570 572
f 562 572 564
f 564 572 571
f 564 571 563
f 563 571 569
f 563 569 561
f 574 566 568
f 574 568 576
f 576 568 567
f 576 567 575
f 575 567 565
f 575 565 573
f 570 578 580
f 570 580 572
f 572 580 579
f 572 579 571
f 571 579 577
f 571 577 569
f 582 574 576
f 582 576 584
f 584 576 575
f 584 575 583
f 583 575 573
f 583 573 581
f 578 586 588
f 578 588 580
f 580 588 587
f 580 587 579
f 579 587 585
f 579 585 577
f 590 582 584
f 590 584 592
f 592 584 583
f 592 583 591
f 591 583 581
f 591 581 589
f 586 594 596
f 586 596 588
f 588 596 595
f 588 595 587
f 587 595 593
f 587 593 585
f 598 590 592
f 598 592 600
f 600 592 591
f 600 591 599
f 599 591 589
f 599 589 597
f 594 602 604
f 594 604 596
f 596 604 603
f 596 603 595
f 595 603 601
f 595 601 593
f 606 598 600
f 606 600 608
f 608 600 599
f 608 599 607
f 607 599 597
f 607 597 605
f 602 610 612
f 602 612 604
f 604 612 611
f 604 611 603
f 603 611 609
f 603 609 601
f 614 606 608
f 614 608 616
f 616 608 607
f 616 607 615
f 615 607 605
f 615 605 613
f 610 618 620
f 610 620 612
f 612 620 619
f 612 619 611
f 611 619 617
f 611 617 609
f 622 614 616
f 622 616 624
f 624 616 615
f 624 615 623
f 623 615 613
f 623 613 621
f 618 626 628
f 618 628 620
f 620 628 627
f 620 627 619
f 619 627 625
f 619 625 617
f 630 622 624
f 630 624 632
f 632 624 623
f 632 623 631
f 631 623 621
f 631 621 629
f 626 634 636
f 626 636 628
f 628 636 635
f 628 635 627
f 627 635 633
f 627 633 625
f 638 630 632
f 638 632 640
f 640 632 631
f 640 631 639
f 639 631 629
f 639 629 637
f 634 642 644
f 634 644 636
f 636 644 643
f 636 643 635
f 635 643 641
f 635 641 633
f 646 638 640
f 646 640 648
f 648 640 639
f 648 639 647
f 647 639 637
f 647 637 645
f 642 650 652
f 642 652 644
f 644 652 651
f 644 651 643
f 643 651 649
f 643 649 641
f 654 646 648
f 654 648 656
f 656 648 647
f 656 647 655
f 655 647 645
f 655 645 653
f 650 658 660
f 650 660 652
f 652 660 659
f 652 659 651
f 651 659 657
f 651 657 649
f 662 654 656
f 662 656 664
f 664 656 655
f 664 655 663
f 663 655 653
f 663 653 661
f 658 666 668
f 658 668 660
f 660 668 667
f 660 667 659
f 659 667 665
f 659 665 657
f 670 662 664
f 670 664 672
f 672 664 663
f 672 663 671
f 671 663 661
f 671 661 669
f 666 674 676
f 666 676 668
f 668 676 675
f 668 675 667
f 667 675 673
f 667 673 665
f 678 670 672
f 678 672 680
f 680 672 671
f 680 671 679
f 679 671 669
f 679 669 677
f 674 682 684
f 674 684 676
f 676 684 683
f 676 683 675
f 675 683 681
f 675 681 673
f 686 678 680
f 686 680 688
f 688 680 679
f 688 679 687
f 687 679 677
f 687 677 685
f 682 690 692
f 682 692 684
f 684 692 691
f 684 691 683
f 683 691 689
f 683 689 681
f 694 686 688
f 694 688 696
f 696 688 687
f 696 687 695
f 695 687 685
f 695 685 693
f 690 698 700
f 690 700 692
f 692 700 699
f 692 699 691
f 691 699 697
f 691 697 689
f 702 694 696
f 702 696 704
f 704 696 695
f 704 695 703
f 703 695 693
f 703 693 701
f 698 706 708
f 698 708 700
f 700 708 707
f 700 707 699
f 699 707 705
f 699 705 697
f 710 702 704
f 710 704 712
f 712 704 703
f 712 703 711
f 711 703 701
f 711 701 709
f 706 714 716
f 706 716 708
f 708 716 715
f 708 715 707
f 707 715 713
f 707 713 705
f 718 710 712
f 718 712 720
f 720 712 711
f 720 711 719
f 719 711 709
f 719 709 717
f 714 722 724
f 714 724 716
f 716 724 723
f 716 723 715
f 715 723 721
f 715 721 713
f 726 718 720
f 726 720 728
f 728 720 719
f 728 719 727
f 727 719 717
f 727 717 725
f 722 730 732
f 722 732 724
f 724 732 731
f 724 731 723
f 723 731 729
f 723 729 721
f 734 726 728
f 734 728 736
f 736 728 727
f 736 727 735
f 735 727 725
f 735 725 733
f 730 738 740
f 730 740 732
f 732 740 739
f 732 739 731
f 731 739 737
f 731 737 729
f 742 734 736
f 742 736 744
f 744 736 735
f 744 735 743
f 743 735 733
f 743 733 741
f 738 746 748
f 738 748 740
f 740 748 747
f 740 747 739
f 739 747 745
f 739 745 737
f 750 742 744
f 750 744 752
f 752 744 743
f 752 743 751
f 751 743 741
f 751 741 749
f 746 754 756
f 746 756 748
f 748 756 755
f 748 755 747
f 747 755 753
f 747 753 745
f 758 750 752
f 758 752 760
f 760 752 751
f 760 751 759
f 759 751 749
f 759 749 757
f 754 762 764
f 754 764 756
f 756 764 763
f 756 763 755
f 755 763 761
f 755 761 753
f 766 758 760
f 766 760 768
f 768 760 759
f 768 759 767
f 767 759 757
f 767 757 765
f 762 770 772
f 762 772 764
f 764 772 771
f 764 771 763
f 763 771 769
f 763 769 761
f 774 766 768
f 774 768 776
f 776 768 767
f 776 767 775
f 775 767 765
f 775 765 773
f 770 778 780
f 770 780 772
f 772 780 779
f 772 779 771
f 771 779 777
f 771 777 769
f 782 774 776
f 782 776 784
f 784 776 775
f 784 775 783
f 783 775 773
f 783 773 781
f 778 786 788
f 778 788 780
f 780 788 787
f 780 787 779
f 779 787 785
f 779 785 777
f 790 782 784
f 790 784 792
f 792 784 783
f 792 783 791
f 791 783 781
f 791 781 789
f 786 794 796
f 786 796 788
f 788 796 795
f 788 795 787
f 787 795 793
f 787 793 785
f 798 790 792
f 798 792 800
f 800 792 791
f 800 791 799
f 799 791 789
f 799 789 797
f 794 802 804
f 794 804 796
f 796 804 803
f 796 803 795
f 795 803 801
f 795 801 793
f 806 798 800
f 806 800 808
f 808 800 799
f 808 799 807
f 807 799 797
f 807 797 805
f 802 810 812
f 802 812 804
f 804 812 811
f 804 811 803
f 803 811 809
f 803 809 801
f 814 806 808
f 814 808 816
f 816 808 807
f 816 807 815
f 815 807 805
f 815 805 813
f 810 818 820
f 810 820 812
f 812 820 819
f 812 819 811
f 811 819 817
f 811 817 809
f 822 814 816
f 822 816 824
f 824 816 815
f 824 815 823
f 823 815 813
f 823 813 821
f 818 826 828
f 818 828 820
f 820 828 827
f 820 827 819
f 819 827 825
f 819 825 817
f 830 822 824
f 830 824 832
f 832 824 823
f 832 823 831
f 831 823 821
f 831 821 829
f 826 834 836
f 826 836 828
f 828 836 835
f 828 835 827
f 827 835 833
f 827 833 825
f 838 830 832
f 838 832 840
f 840 832 831
f 840 831 839
f 839 831 829
f 839 829 837
f 834 842 844
f 834 844 836
f 836 844 843
f 836 843 835
f 835 843 841
f 835 841 833
f 846 838 840
f 846 840 848
f 848 840 839
f 848 839 847
f 847 839 837
f 847 837 845
f 842 850 852
f 842 852 844
f 844 852 851
f 844 851 843
f 843 851 849
f 843 849 841
f 854 846 848
f 854 848 856
f 856 848 847
f 856 847 855
f 855 847 845
f 855 845 853
f 850 858 860
f 850 860 852
f 852 860 859
f 852 859 851
f 851 859 857
f 851 857 849
f 862 854 856
f 862 856 864
f 864 856 855
f 864 855 863
f 863 855 853
f 863 853 861
f 858 482 484
f 858 484 860
f 860 484 483
f 860 483 859
f 859 483 481
f 859 481 857
f 486 862 864
f 486 864 488
f 488 864 863
f 488 863 487
f 487 863 861
f 487 861 485
f 857 481 489
f 489 497 505
f 505 513 521
f 521 529 537
f 537 545 553
f 553 561 569
f 569 577 585
f 585 593 601
f 601 609 617
f 617 625 633
f 633 641 649
f 649 657 665
f 665 673 681
f 681 689 697
f 697 705 713
f 713 721 729
f 729 737 745
f 745 753 761
f 761 769 777
f 777 785 793
f 793 801 809
f 809 817 825
f 825 833 841
f 841 849 857
f 857 489 505
f 505 521 537
f 537 553 569
f 569 585 601
f 601 617 633
f 633 649 665
f 665 681 697
f 697 713 729
f 729 745 761
f 761 777 793
f 793 809 825
f 825 841 857
f 857 505 537
f 537 569 601
f 601 633 665
f 665 697 729
f 729 761 793
f 793 825 857
f 857 537 601
f 601 665 729
f 729 793 857
f 601 729 857
f 482 486 494
f 482 494 490
f 858 862 486
f 858 486 482
f 501 493 485
f 485 861 853
f 853 845 837
f 837 829 821
f 821 813 805
f 805 797 789
f 789 781 773
f 773 765 757
f 757 749 741
f 741 733 725
f 725 717 709
f 709 701 693
f 693 685 677
f 677 669 661
f 661 653 645
f 645 637 629
f 629 621 613
f 613 605 597
f 597 589 581
f 581 573 565
f 565 557 549
f 549 541 533
f 533 525 517
f 517 509 501
f 501 485 853
f 853 837 821
f 821 805 789
f 789 773 757
f 757 741 725
f 725 709 693
f 693 677 661
f 661 645 629
f 629 613 597
f 597 581 565
f 565 549 533
f 533 517 501
f 501 853 821
f 821 789 757
f 757 725 693
f 693 661 629
f 629 597 565
f 565 533 501
f 501 821 757
f 757 693 629
f 629 565 501
f 757 629 501
f 490 494 502
f 490 502 498
f 498 502 510
f 498 510 506
f 506 510 518
f 506 518 514
f 514 518 526
f 514 526 522
f 522 526 534
f 522 534 530
f 530 534 542
f 530 542 538
f 538 542 550
f 538 550 546
f 546 550 558
f 546 558 554
f 554 558 566
f 554 566 562
f 562 566 574
f 562 574 570
f 570 574 582
f 570 582 578
f 578 582 590
f 578 590 586
f 586 590 598
f 586 598 594
f 594 598 606
f 594 606 602
f 602 606 614
f 602 614 610
f 610 614 622
f 610 622 618
f 618 622 630
f 618 630 626
f 626 630 638
f 626 638 634
f 634 638 646
f 634 646 642
f 642 646 654
f 642 654 650
f 650 654 662
f 650 662 658
f 658 662 670
f 658 670 666
f 666 670 678
f 666 678 674
f 674 678 686
f 674 686 682
f 682 686 694
f 682 694 690
f 690 694 702
f 690 702 698
f 698 702 710
f 698 710 706
f 706 710 718
f 706 718 714
f 714 718 726
f 714 726 722
f 722 726 734
f 722 734 730
f 730 734 742
f 730 742 738
f 738 742 750
f 738 750 746
f 746 750 758
f 746 758 754
f 754 758 766
f 754 766 762
f 762 766 774
f 762 774 770
f 770 774 782
f 770 782 778
f 778 782 790
f 778 790 786
f 786 790 798
f 786 798 794
f 794 798 806
f 794 806 802
f 802 806 814
f 802 814 810
f 810 814 822
f 810 822 818
f 818 822 830
f 818 830 826
f 826 830 838
f 826 838 834
f 834 838 846
f 834 846 842
f 842 846 854
f 842 854 850
f 850 854 862
f 850 862 858
f 866 874 876
f 866 876 868
f 868 876 875
f 868 875 867
f 867 875 873
f 867 873 865
f 878 870 872
f 878 872 880
f 880 872 871
f 880 871 879
f 879 871 869
f 879 869 877
f 874 882 884
f 874 884 876
f 876 884 883
f 876 883 875
f 875 883 881
f 875 881 873
f 886 878 880
f 886 880 888
f 888 880 879
f 888 879 887
f 887 879 877
f 887 877 885
f 882 890 892
f 882 892 884
f 884 892 891
f 884 891 883
f 883 891 889
f 883 889 881
f 894 886 888
f 894 888 896
f 896 888 887
f 896 887 895
f 895 887 885
f 895 885 893
f 890 898 900
f 890 900 892
f 892 900 899
f 892 899 891
f 891 899 897
f 891 897 889
f 902 894 896
f 902 896 904
f 904 896 895
f 904 895 903
f 903 895 893
f 903 893 901
f 898 906 908
f 898 908 900
f 900 908 907
f 900 907 899
f 899 907 905
f 899 905 897
f 910 902 904
f 910 904 912
f 912 904 903
f 912 903 911
f 911 903 901
f 911 901 909
f 906 914 916
f 906 916 908
f 908 916 915
f 908 915 907
f 907 915 913
f 907 913 905
f 918 910 912
f 918 912 920
f 920 912 911
f 920 911 919
f 919 911 909
f 919 909 917
f 914 922 924
f 914 924 916
f 916 924 923
f 916 923 915
f 915 923 921
f 915 921 913
f 926 918 920
f 926 920 928
f 928 920 919
f 928 919 927
f 927 919 917
f 927 917 925
f 922 930 932
f 922 932 924
f 924 932 931
f 924 931 923
f 923 931 929
f 923 929 921
f 934 926 928
f 934 928 936
f 936 928 927
f 936 927 935
f 935 927 925
f 935 925 933
f 930 938 940
f 930 940 932
f 932 940 939
f 932 939 931
f 931 939 937
f 931 937 929
f 942 934 936
f 942 936 944
f 944 936 935
f 944 935 943
f 943 935 933
f 943 933 941
f 938 946 948
f 938 948 940
f 940 948 947
f 940 947 939
f 939 947 945
f 939 945 937
f 950 942 944
f 950 944 952
f 952 944 943
f 952 943 951
f 951 943 941
f 951 941 949
f 946 954 956
f 946 956 948
f 948 956 955
f 948 955 947
f 947 955 953
f 947 953 945
f 958 950 952
f 958 952 960
f 960 952 951
f 960 951 959
f 959 951 949
f 959 949 957
f 954 962 964
f 954 964 956
f 956 964 963
f 956 963 955
f 955 963 961
f 955 961 953
f 966 958 960
f 966 960 968
f 968 960 959
f 968 959 967
f 967 959 957
f 967 957 965
f 962 970 972
f 962 972 964
f 964 972 971
f 964 971 963
f 963 971 969
f 963 969 961
f 974 966 968
f 974 968 976
f 976 968 967
f 976 967 975
f 975 967 965
f 975 965 973
f 970 978 980
f 970 980 972
f 972 980 979
f 972 979 971
f 971 979 977
f 971 977 969
f 982 974 976
f 982 976 984
f 984 976 975
f 984 975 983
f 983 975 973
f 983 973 981
f 978 986 988
f 978 988 980
f 980 988 987
f 980 987 979
f 979 987 985
f 979 985 977
f 990 982 984
f 990 984 992
f 992 984 983
f 992 983 991
f 991 983 981
f 991 981 989
f 986 994 996
f 986 996 988
f 988 996 995
f 988 995 987
f 987 995 993
f 987 993 985
f 998 990 992
f 998 992 1000
f 1000 992 991
f 1000 991 999
f 999 991 989
f 999 989 997
f 994 1002 1004
f 994 1004 996
f 996 1004 1003
f 996 1003 995
f 995 1003 1001
f 995 1001 993
f 1006 998 1000
f 1006 1000 1008
f 1008 1000 999
f 1008 999 1007
f 1007 999 997
f 1007 997 1005
f 1002 1010 1012
f 1002 1012 1004
f 1004 1012 1011
f 1004 1011 1003
f 1003 1011 1009
f 1003 1009 1001
f 1014 1006 1008
f 1014 1008 1016
f 1016 1008 1007
f 1016 1007 1015
f 1015 1007 1005
f 1015 1005 1013
f 1010 1018 1020
f 1010 1020 1012
f 1012 1020 1019
f 1012 1019 1011
f 1011 1019 1017
f 1011 1017 1009
f 1022 1014 1016
f 1022 1016 1024
f 1024 1016 1015
f 1024 1015 1023
f 1023 1015 1013
f 1023 1013 1021
f 1018 1026 1028
f 1018 1028 1020
f 1020 1028 1027
f 1020 1027 1019
f 1019 1027 1025
f 1019 1025 1017
f 1030 1022 1024
f 1030 1024 1032
f 1032 1024 1023
f 1032 1023 1031
f 1031 1023 1021
f 1031 1021 1029
f 1026 1034 1036
f 1026 1036 1028
f 1028 1036 1035
f 1028 1035 1027
f 1027 1035 1033
f 1027 1033 1025
f 1038 1030 1032
f 1038 1032 1040
f 1040 1032 1031
f 1040 1031 1039
f 1039 1031 1029
f 1039 1029 1037
f 1034 1042 1044
f 1034 1044 1036
f 1036 1044 1043
f 1036 1043 1035
f 1035 1043 1041
f 1035 1041 1033
f 1046 1038 1040
f 1046 1040 1048
f 1048 1040 1039
f 1048 1039 1047
f 1047 1039 1037
f 1047 1037 1045
f 1042 1050 1052
f 1042 1052 1044
f 1044 1052 1051
f 1044 1051 1043
f 1043 1051 1049
f 1043 1049 1041
f 1054 1046 1048
f 1054 1048 1056
f 1056 1048 1047
f 1056 1047 1055
f 1055 1047 1045
f 1055 1045 1053
f 1050 1058 1060
f 1050 1060 1052
f 1052 1060 1059
f 1052 1059 1051
f 1051 1059 1057
f 1051 1057 1049
f 1062 1054 1056
f 1062 1056 1064
f 1064 1056 1055
f 1064 1055 1063
f 1063 1055 1053
f 1063 1053 1061
f 1058 1066 1068
f 1058 1068 1060
f 1060 1068 1067
f 1060 1067 1059
f 1059 1067 1065
f 1059 1065 1057
f 1070 1062 1064
f 1070 1064 1072
f 1072 1064 1063
f 1072 1063 1071
f 1071 1063 1061
f 1071 1061 1069
f 1066 1074 1076
f 1066 1076 1068
f 1068 1076 1075
f 1068 1075 1067
f 1067 1075 1073
f 1067 1073 1065
f 1078 1070 1072
f 1078 1072 1080
f 1080 1072 1071
f 1080 1071 1079
f 1079 1071 1069
f 1079 1069 1077
f 1074 1082 1084
f 1074 1084 1076
f 1076 1084 1083
f 1076 1083 1075
f 1075 1083 1081
f 1075 1081 1073
f 1086 1078 1080
f 1086 1080 1088
f 1088 1080 1079
f 1088 1079 1087
f 1087 1079 1077
f 1087 1077 1085
f 1082 1090 1092
f 1082 1092 1084
f 1084 1092 1091
f 1084 1091 1083
f 1083 1091 1089
f 1083 1089 1081
f 1094 1086 1088
f 1094 1088 1096
f 1096 1088 1087
f 1096 1087 1095
f 1095 1087 1085
f 1095 1085 1093
f 1090 1098 1100
f 1090 1100 1092
f 1092 1100 1099
f 1092 1099 1091
f 1091 1099 1097
f 1091 1097 1089
f 1102 1094 1096
f 1102 1096 1104
f 1104 1096 1095
f 1104 1095 1103
f 1103 1095 1093
f 1103 1093 1101
f 1098 1106 1108
f 1098 1108 1100
f 1100 1108 1107
f 1100 1107 1099
f 1099 1107 1105
f 1099 1105 1097
f 1110 1102 1104
f 1110 1104 1112
f 1112 1104 1103
f 1112 1103 1111
f 1111 1103 1101
f 1111 1101 1109
f 1106 1114 1116
f 1106 1116 1108
f 1108 1116 1115
f 1108 1115 1107
f 1107 1115 1113
f 1107 1113 1105
f 1118 1110 1112
f 1118 1112 1120
f 1120 1112 1111
f 1120 1111 1119
f 1119 1111 1109
f 1119 1109 1117
f 1114 1122 1124
f 1114 1124 1116
f 1116 1124 1123
f 1116 1123 1115
f 1115 1123 1121
f 1115 1121 1113
f 1126 1118 1120
f 1126 1120 1128
f 1128 1120 1119
f 1128 1119 1127
f 1127 1119 1117
f 1127 1117 1125
f 1122 1130 1132
f 1122 1132 1124
f 1124 1132 1131
f 1124 1131 1123
f 1123 1131 1129
f 1123 1129 1121
f 1134 1126 1128
f 1134 1128 1136
f 1136 1128 1127
f 1136 1127 1135
f 1135 1127 1125
f 1135 1125 1133
f 1130 1138 1140
f 1130 1140 1132
f 1132 1140 1139
f 1132 1139 1131
f 1131 1139 1137
f 1131 1137 1129
f 1142 1134 1136
f 1142 1136 1144
f 1144 1136 1135
f 1144 1135 1143
f 1143 1135 1133
f 1143 1133 1141
f 1138 1146 1148
f 1138 1148 1140
f 1140 1148 1147
f 1140 1147 1139
f 1139 1147 1145
f 1139 1145 1137
f 1150 1142 1144
f 1150 1144 1152
f 1152 1144 1143
f 1152 1143 1151
f 1151 1143 1141
f 1151 1141 1149
f 1146 1154 1156
f 1146 1156 1148
f 1148 1156 1155
f 1148 1155 1147
f 1147 1155 1153
f 1147 1153 1145
f 1158 1150 1152
f 1158 1152 1160
f 1160 1152 1151
f 1160 1151 1159
f 1159 1151 1149
f 1159 1149 1157
f 1154 1162 1164
f 1154 1164 1156
f 1156 1164 1163
f 1156 1163 1155
f 1155 1163 1161
f 1155 1161 1153
f 1166 1158 1160
f 1166 1160 1168
f 1168 1160 1159
f 1168 1159 1167
f 1167 1159 1157
f 1167 1157 1165
f 1162 1170 1172
f 1162 1172 1164
f 1164 1172 1171
f 1164 1171 1163
f 1163 1171 1169
f 1163 1169 1161
f 1174 1166 1168
f 1174 1168 1176
f 1176 1168 1167
f 1176 1167 1175
f 1175 1167 1165
f 1175 1165 1173
f 1170 1178 1180
f 1170 1180 1172
f 1172 1180 1179
f 1172 1179 1171
f 1171 1179 1177
f 1171 1177 1169
f 1182 1174 1176
f 1182 1176 1184
f 1184 1176 1175
f 1184 1175 1183
f 1183 1175 1173
f 1183 1173 1181
f 1178 1186 1188
f 1178 1188 1180
f 1180 1188 1187
f 1180 1187 1179
f 1179 1187 1185
f 1179 1185 1177
f 1190 1182 1184
f 1190 1184 1192
f 1192 1184 1183
f 1192 1183 1191
f 1191 1183 1181
f 1191 1181 1189
f 1186 1194 1196
f 1186 1196 1188
f 1188 1196 1195
f 1188 1195 1187
f 1187 1195 1193
f 1187 1193 1185
f 1198 1190 1192
f 1198 1192 1200
f 1200 1192 1191
f 1200 1191 1199
f 1199 1191 1189
f 1199 1189 1197
f 1194 1202 1204
f 1194 1204 1196
f 1196 1204 1203
f 1196 1203 1195
f 1195 1203 1201
f 1195 1201 1193
f 1206 1198 1200
f 1206 1200 1208
f 1208 1200 1199
f 1208 1199 1207
f 1207 1199 1197
f 1207 1197 1205
f 1202 1210 1212
f 1202 1212 1204
f 1204 1212 1211
f 1204 1211 1203
f 1203 1211 1209
f 1203 1209 1201
f 1214 1206 1208
f 1214 1208 1216
f 1216 1208 1207
f 1216 1207 1215
f 1215 1207 1205
f 1215 1205 1213
f 1210 1218 1220
f 1210 1220 1212
f 1212 1220 1219
f 1212 1219 1211
f 1211 1219 1217
f 1211 1217 1209
f 1222 1214 1216
f 1222 1216 1224
f 1224 1216 1215
f 1224 1215 1223
f 1223 1215 1213
f 1223 1213 1221
f 1218 1226 1228
f 1218 1228 1220
f 1220 1228 1227
f 1220 1227 1219
f 1219 1227 1225
f 1219 1225 1217
f 1230 1222 1224
f 1230 1224 1232
f 1232 1224 1223
f 1232 1223 1231
f 1231 1223 1221
f 1231 1221 1229
f 1226 1234 1236
f 1226 1236 1228
f 1228 1236 1235
f 1228 1235 1227
f 1227 1235 1233
f 1227 1233 1225
f 1238 1230 1232
f 1238 1232 1240
f 1240 1232 1231
f 1240 1231 1239
f 1239 1231 1229
f 1239 1229 1237
f 1234 1242 1244
f 1234 1244 1236
f 1236 1244 1243
f 1236 1243 1235
f 1235 1243 1241
f 1235 1241 1233
f 1246 1238 1240
f 1246 1240 1248
f 1248 1240 1239
f 1248 1239 1247
f 1247 1239 1237
f 1247 1237 1245
f 1242 866 868
f 1242 868 1244
f 1244 868 867
f 1244 867 1243
f 1243 867 865
f 1243 865 1241
f 870 1246 1248
f 870 1248 872
f 872 1248 1247
f 872 1247 871
f 871 1247 1245
f 871 1245 869
f 1241 865 873
f 873 881 889
f 889 897 905
f 905 913 921
f 921 929 937
f 937 945 953
f 953 961 969
f 969 977 985
f 985 993 1001
f 1001 1009 1017
f 1017 1025 1033
f 1033 1041 1049
f 1049 1057 1065
f 1065 1073 1081
f 1081 1089 1097
f 1097 1105 1113
f 1113 1121 1129
f 1129 1137 1145
f 1145 1153 1161
f 1161 1169 1177
f 1177 1185 1193
f 1193 1201 1209
f 1209 1217 1225
f 1225 1233 1241
f 1241 873 889
f 889 905 921
f 921 937 953
f 953 969 985
f 985 1001 1017
f 1017 1033 1049
f 1049 1065 1081
f 1081 1097 1113
f 1113 1129 1145
f 1145 1161 1177
f 1177 1193 1209
f 1209 1225 1241
f 1241 889 921
f 921 953 985
f 985 1017 1049
f 1049 1081 1113
f 1113 1145 1177
f 1177 1209 1241
f 1241 921 985
f 985 1049 1113
f 1113 1177 1241
f 985 1113 1241
f 866 870 878
f 866 878 874
f 1242 1246 870
f 1242 870 866
f 885 877 869
f 869 1245 1237
f 1237 1229 1221
f 1221 1213 1205
f 1205 1197 1189
f 1189 1181 1173
f 1173 1165 1157
f 1157 1149 1141
f 1141 1133 1125
f 1125 1117 1109
f 1109 1101 1093
f 1093 1085 1077
f 1077 1069 1061
f 1061 1053 1045
f 1045 1037 1029
f 1029 1021 1013
f 1013 1005 997
f 997 989 981
f 981 973 965
f 965 957 949
f 949 941 933
f 933 925 917
f 917 909 901
f 901 893 885
f 885 869 1237
f 1237 1221 1205
f 1205 1189 1173
f 1173 1157 1141
f 1141 1125 1109
f 1109 1093 1077
f 1077 1061 1045
f 1045 1029 1013
f 1013 997 981
f 981 965 949
f 949 933 917
f 917 901 885
f 885 1237 1205
f 1205 1173 1141
f 1141 1109 1077
f 1077 1045 1013
f 1013 981 949
f 949 917 885
f 885 1205 1141
f 1141 1077 1013
f 1013 949 885
f 1141 1013 885
f 874 878 886
f 874 886 882
f 882 886 894
f 882 894 890
f 890 894 902
f 890 902 898
f 898 902 910
f 898 910 906
f 906 910 918
f 906 918 914
f 914 918 926
f 914 926 922
f 922 926 934
f 922 934 930
f 930 934 942
f 930 942 938
f 938 942 950
f 938 950 946
f 946 950 958
f 946 958 954
f 954 958 966
f 954 966 962
f 962 966 974
f 962 974 970
f 970 974 982
f 970 982 978
f 978 982 990
f 978 990 986
f 986 990 998
f 986 998 994
f 994 998 1006
f 994 1006 1002
f 1002 1006 1014
f 1002 1014 1010
f 1010 1014 1022
f 1010 1022 1018
f 1018 1022 1030
f 1018 1030 1026
f 1026 1030 1038
f 1026 1038 1034
f 1034 1038 1046
f 1034 1046 1042
f 1042 1046 1054
f 1042 1054 1050
f 1050 1054 1062
f 1050 1062 1058
f 1058 1062 1070
f 1058 1070 1066
f 1066 1070 1078
f 1066 1078 1074
f 1074 1078 1086
f 1074 1086 1082
f 1082 1086 1094
f 1082 1094 1090
f 1090 1094 1102
f 1090 1102 1098
f 1098 1102 1110
f 1098 1110 1106
f 1106 1110 1118
f 1106 1118 1114
f 1114 1118 1126
f 1114 1126 1122
f 1122 1126 1134
f 1122 1134 1130
f 1130 1134 1142
f 1130 1142 1138
f 1138 1142 1150
f 1138 1150 1146
f 1146 1150 1158
f 1146 1158 1154
f 1154 1158 1166
f 1154 1166 1162
f 1162 1166 1174
f 1162 1174 1170
f 1170 1174 1182
f 1170 1182 1178
f 1178 1182 1190
f 1178 1190 1186
f 1186 1190 1198
f 1186 1198 1194
f 1194 1198 1206
f 1194 1206 1202
f 1202 1206 1214
f 1202 1214 1210
f 1210 1214 1222
f 1210 1222 1218
f 1218 1222 1230
f 1218 1230 1226
f 1226 1230 1238
f 1226 1238 1234
f 1234 1238 1246
f 1234 1246 1242
f 1249 1252 1254
f 1249 1254 1253
f 1252 1256 1257
f 1252 1257 1254
f 1250 1255 1257
f 1250 1257 1256
f 1255 1259 1260
f 1255 1260 1257
f 1251 1258 1260
f 1251 1260 1259
f 1258 1253 1254
f 1258 1254 1260
f 1254 1257 1260
f 1261 1264 1266
f 1261 1266 1265
f 1264 1268 1269
f 1264 1269 1266
f 1262 1267 1269
f 1262 1269 1268
f 1267 1271 1272
f 1267 1272 1269
f 1263 1270 1272
f 1263 1272 1271
f 1270 1265 1266
f 1270 1266 1272
f 1266 1269 1272
f 1273 1276 1278
f 1273 1278 1277
f 1276 1280 1281
f 1276 1281 1278
f 1274 1279 1281
f 1274 1281 1280
f 1279 1283 1284
f 1279 1284 1281
f 1275 1282 1284
f 1275 1284 1283
f 1282 1277 1278
f 1282 1278 1284
f 1278 1281 1284
f 1285 1288 1290
f 1285 1290 1289
f 1288 1292 1293
f 1288 1293 1290
f 1286 1291 1293
f 1286 1293 1292
f 1291 1295 1296
f 1291 1296 1293
f 1287 1294 1296
f 1287 1296 1295
f 1294 1289 1290
f 1294 1290 1296
f 1290 1293 1296
f 1297 1300 1302
f 1297 1302 1301
f 1300 1304 1305
f 1300 1305 1302
f 1298 1303 1305
f 1298 1305 1304
f 1303 1307 1308
f 1303 1308 1305
f 1299 1306 1308
f 1299 1308 1307
f 1306 1301 1302
f 1306 1302 1308
f 1302 1305 1308
f 1309 1312 1314
f 1309 1314 1313
f 1312 1316 1317
f 1312 1317 1314
f 1310 1315 1317
f 1310 1317 1316
f 1315 1319 1320
f 1315 1320 1317
f 1311 1318 1320
f 1311 1320 1319
f 1318 1313 1314
f 1318 1314 1320
f 1314 1317 1320
f 1321 1324 1326
f 1321 1326 1325
f 1324 1328 1329
f 1324 1329 1326
f 1322 1327 1329
f 1322 1329 1328
f 1327 1331 1332
f 1327 1332 1329
f 1323 1330 1332
f 1323 1332 1331
f 1330 1325 1326
f 1330 1326 1332
f 1326 1329 1332
f 1333 1336 1338
f 1333 1338 1337
f 1336 1340 1341
f 1336 1341 1338
f 1334 1339 1341
f 1334 1341 1340
f 1339 1343 1344
f 1339 1344 1341
f 1335 1342 1344
f 1335 1344 1343
f 1342 1337 1338
f 1342 1338 1344
f 1338 1341 1344
f 1273 1249 1253
f 1273 1253 1276
f 1276 1253 1258
f 1276 1258 1280
f 1280 1258 1251
f 1280 1251 1274
f 1250 1261 1265
f 1250 1265 1255
f 1255 1265 1270
f 1255 1270 1259
f 1259 1270 1263
f 1259 1263 1251
f 1262 1285 1289
f 1262 1289 1267
f 1267 1289 1294
f 1267 1294 1271
f 1271 1294 1287
f 1271 1287 1263
f 1286 1275 1283
f 1286 1283 1291
f 1291 1283 1279
f 1291 1279 1295
f 1295 1279 1274
f 1295 1274 1287
f 1321 1273 1277
f 1321 1277 1324
f 1324 1277 1282
f 1324 1282 1328
f 1328 1282 1275
f 1328 1275 1322
f 1285 1333 1337
f 1285 1337 1288
f 1288 1337 1342
f 1288 1342 1292
f 1292 1342 1335
f 1292 1335 1286
f 1334 1323 1331
f 1334 1331 1339
f 1339 1331 1327
f 1339 1327 1343
f 1343 1327 1322
f 1343 1322 1335
f 1297 1321 1325
f 1297 1325 1300
f 1300 1325 1330
f 1300 1330 1304
f 1304 1330 1323
f 1304 1323 1298
f 1333 1309 1313
f 1333 1313 1336
f 1336 1313 1318
f 1336 1318 1340
f 1340 1318 1311
f 1340 1311 1334
f 1310 1299 1307
f 1310 1307 1315
f 1315 1307 1303
f 1315 1303 1319
f 1319 1303 1298
f 1319 1298 1311
f 1249 1297 1301
f 1249 1301 1252
f 1252 1301 1306
f 1252 1306 1256
f 1256 1306 1299
f 1256 1299 1250
f 1309 1262 1268
f 1309 1268 1312
f 1312 1268 1264
f 1312 1264 1316
f 1316 1264 1261
f 1316 1261 1310
f 1273 1321 1297
f 1273 1297 1249
f 1251 1263 1287
f 1251 1287 1274
f 1299 1310 1261
f 1299 1261 1250
f 1333 1285 1262
f 1333 1262 1309
f 1275 1286 1335
f 1275 1335 1322
f 1323 1334 1311
f 1323 1311 1298
f 1345 1348 1350
f 1345 1350 1349
f 1348 1352 1353
f 1348 1353 1350
f 1346 1351 1353
f 1346 1353 1352
f 1351 1355 1356
f 1351 1356 1353
f 1347 1354 1356
f 1347 1356 1355
f 1354 1349 1350
f 1354 1350 1356
f 1350 1353 1356
f 1357 1360 1362
f 1357 1362 1361
f 1360 1364 1365
f 1360 1365 1362
f 1358 1363 1365
f 1358 1365 1364
f 1363 1367 1368
f 1363 1368 1365
f 1359 1366 1368
f 1359 1368 1367
f 1366 1361 1362
f 1366 1362 1368
f 1362 1365 1368
f 1369 1372 1374
f 1369 1374 1373
f 1372 1376 1377
f 1372 1377 1374
f 1370 1375 1377
f 1370 1377 1376
f 1375 1379 1380
f 1375 1380 1377
f 1371 1378 1380
f 1371 1380 1379
f 1378 1373 1374
f 1378 1374 1380
f 1374 1377 1380
f 1381 1384 1386
f 1381 1386 1385
f 1384 1388 1389
f 1384 1389 1386
f 1382 1387 1389
f 1382 1389 1388
f 1387 1391 1392
f 1387 1392 1389
f 1383 1390 1392
f 1383 1392 1391
f 1390 1385 1386
f 1390 1386 1392
f 1386 1389 1392
f 1393 1396 1398
f 1393 1398 1397
f 1396 1400 1401
f 1396 1401 1398
f 1394 1399 1401
f 1394 1401 1400
f 1399 1403 1404
f 1399 1404 1401
f 1395 1402 1404
f 1395 1404 1403
f 1402 1397 1398
f 1402 1398 1404
f 1398 1401 1404
f 1405 1408 1410
f 1405 1410 1409
f 1408 1412 1413
f 1408 1413 1410
f 1406 1411 1413
f 1406 1413 1412
f 1411 1415 1416
f 1411 1416 1413
f 1407 1414 1416
f 1407 1416 1415
f 1414 1409 1410
f 1414 1410 1416
f 1410 1413 1416
f 1417 1420 1422
f 1417 1422 1421
f 1420 1424 1425
f 1420 1425 1422
f 1418 1423 1425
f 1418 1425 1424
f 1423 1427 1428
f 1423 1428 1425
f 1419 1426 1428
f 1419 1428 1427
f 1426 1421 1422
f 1426 1422 1428
f 1422 1425 1428
f 1429 1432 1434
f 1429 1434 1433
f 1432 1436 1437
f 1432 1437 1434
f 1430 1435 1437
f 1430 1437 1436
f 1435 1439 1440
f 1435 1440 1437
f 1431 1438 1440
f 1431 1440 1439
f 1438 1433 1434
f 1438 1434 1440
f 1434 1437 1440
f 1369 1345 1349
f 1369 1349 1372
f 1372 1349 1354
f 1372 1354 1376
f 1376 1354 1347
f 1376 1347 1370
f 1346 1357 1361
f 1346 1361 1351
f 1351 1361 1366
f 1351 1366 1355
f 1355 1366 1359
f 1355 1359 1347
f 1358 1381 1385
f 1358 1385 1363
f 1363 1385 1390
f 1363 1390 1367
f 1367 1390 1383
f 1367 1383 1359
f 1382 1371 1379
f 1382 1379 1387
f 1387 1379 1375
f 1387 1375 1391
f 1391 1375 1370
f 1391 1370 1383
f 1417 1369 1373
f 1417 1373 1420
f 1420 1373 1378
f 1420 1378 1424
f 1424 1378 1371
f 1424 1371 1418
f 1381 1429 1433
f 1381 1433 1384
f 1384 1433 1438
f 1384 1438 1388
f 1388 1438 1431
f 1388 1431 1382
f 1430 1419 1427
f 1430 1427 1435
f 1435 1427 1423
f 1435 1423 1439
f 1439 1423 1418
f 1439 1418 1431
f 1393 1417 1421
f 1393 1421 1396
f 1396 1421 1426
f 1396 1426 1400
f 1400 1426 1419
f 1400 1419 1394
f 1429 1405 1409
f 1429 1409 1432
f 1432 1409 1414
f 1432 1414 1436
f 1436 1414 1407
f 1436 1407 1430
f 1406 1395 1403
f 1406 1403 1411
f 1411 1403 1399
f 1411 1399 1415
f 1415 1399 1394
f 1415 1394 1407
f 1345 1393 1397
f 1345 1397 1348
f 1348 1397 1402
f 1348 1402 1352
f 1352 1402 1395
f 1352 1395 1346
f 1405 1358 1364
f 1405 1364 1408
f 1408 1364 1360
f 1408 1360 1412
f 1412 1360 1357
f 1412 1357 1406
f 1369 1417 1393
f 1369 1393 1345
f 1347 1359 1383
f 1347 1383 1370
f 1395 1406 1357
f 1395 1357 1346
f 1429 1381 1358
f 1429 1358 1405
f 1371 1382 1431
f 1371 1431 1418
f 1419 1430 1407
f 1419 1407 1394
f 1441 1444 1446
f 1441 1446 1445
f 1444 1448 1449
f 1444 1449 1446
f 1442 1447 1449
f 1442 1449 1448
f 1447 1451 1452
f 1447 1452 1449
f 1443 1450 1452
f 1443 1452 1451
f 1450 1445 1446
f 1450 1446 1452
f 1446 1449 1452
f 1453 1456 1458
f 1453 1458 1457
f 1456 1460 1461
f 1456 1461 1458
f 1454 1459 1461
f 1454 1461 1460
f 1459 1463 1464
f 1459 1464 1461
f 1455 1462 1464
f 1455 1464 1463
f 1462 1457 1458
f 1462 1458 1464
f 1458 1461 1464
f 1465 1468 1470
f 1465 1470 1469
f 1468 1472 1473
f 1468 1473 1470
f 1466 1471 1473
f 1466 1473 1472
f 1471 1475 1476
f 1471 1476 1473
f 1467 1474 1476
f 1467 1476 1475
f 1474 1469 1470
f 1474 1470 1476
f 1470 1473 1476
f 1477 1480 1482
f 1477 1482 1481
f 1480 1484 1485
f 1480 1485 1482
f 1478 1483 1485
f 1478 1485 1484
f 1483 1487 1488
f 1483 1488 1485
f 1479 1486 1488
f 1479 1488 1487
f 1486 1481 1482
f 1486 1482 1488
f 1482 1485 1488
f 1489 1492 1494
f 1489 1494 1493
f 1492 1496 1497
f 1492 1497 1494
f 1490 1495 1497
f 1490 1497 1496
f 1495 1499 1500
f 1495 1500 1497
f 1491 1498 1500
f 1491 1500 1499
f 1498 1493 1494
f 1498 1494 1500
f 1494 1497 1500
f 1501 1504 1506
f 1501 1506 1505
f 1504 1508 1509
f 1504 1509 1506
f 1502 1507 1509
f 1502 1509 1508
f 1507 1511 1512
f 1507 1512 1509
f 1503 1510 1512
f 1503 1512 1511
f 1510 1505 1506
f 1510 1506 1512
f 1506 1509 1512
f 1513 1516 1518
f 1513 1518 1517
f 1516 1520 1521
f 1516 1521 1518
f 1514 1519 1521
f 1514 1521 1520
f 1519 1523 1524
f 1519 1524 1521
f 1515 1522 1524
f 1515 1524 1523
f 1522 1517 1518
f 1522 1518 1524
f 1518 1521 1524
f 1525 1528 1530
f 1525 1530 1529
f 1528 1532 1533
f 1528 1533 1530
f 1526 1531 1533
f 1526 1533 1532
f 1531 1535 1536
f 1531 1536 1533
f 1527 1534 1536
f 1527 1536 1535
f 1534 1529 1530
f 1534 1530 1536
f 1530 1533 1536
f 1465 1441 1445
f 1465 1445 1468
f 1468 1445 1450
f 1468 1450 1472
f 1472 1450 1443
f 1472 1443 1466
f 1442 1453 1457
f 1442 1457 1447
f 1447 1457 1462
f 1447 1462 1451
f 1451 1462 1455
f 1451 1455 1443
f 1454 1477 1481
f 1454 1481 1459
f 1459 1481 1486
f 1459 1486 1463
f 1463 1486 1479
f 1463 1479 1455
f 1478 1467 1475
f 1478 1475 1483
f 1483 1475 1471
f 1483 1471 1487
f 1487 1471 1466
f 1487 1466 1479
f 1513 1465 1469
f 1513 1469 1516
f 1516 1469 1474
f 1516 1474 1520
f 1520 1474 1467
f 1520 1467 1514
f 1477 1525 1529
f 1477 1529 1480
f 1480 1529 1534
f 1480 1534 1484
f 1484 1534 1527
f 1484 1527 1478
f 1526 1515 1523
f 1526 1523 1531
f 1531 1523 1519
f 1531 1519 1535
f 1535 1519 1514
f 1535 1514 1527
f 1489 1513 1517
f 1489 1517 1492
f 1492 1517 1522
f 1492 1522 1496
f 1496 1522 1515
f 1496 1515 1490
f 1525 1501 1505
f 1525 1505 1528
f 1528 1505 1510
f 1528 1510 1532
f 1532 1510 1503
f 1532 1503 1526
f 1502 1491 1499
f 1502 1499 1507
f 1507 1499 1495
f 1507 1495 1511
f 1511 1495 1490
f 1511 1490 1503
f 1441 1489 1493
f 1441 1493 1444
f 1444 1493 1498
f 1444 1498 1448
f 1448 1498 1491
f 1448 1491 1442
f 1501 1454 1460
f 1501 1460 1504
f 1504 1460 1456
f 1504 1456 1508
f 1508 1456 1453
f 1508 1453 1502
f 1465 1513 1489
f 1465 1489 1441
f 1443 1455 1479
f 1443 1479 1466
f 1491 1502 1453
f 1491 1453 1442
f 1525 1477 1454
f 1525 1454 1501
f 1467 1478 1527
f 1467 1527 1514
f 1515 1526 1503
f 1515 1503 1490
f 1537 1540 1542
f 1537 1542 1541
f 1540 1544 1545
f 1540 1545 1542
f 1538 1543 1545
f 1538 1545 1544
f 1543 1547 1548
f 1543 1548 1545
f 1539 1546 1548
f 1539 1548 1547
f 1546 1541 1542
f 1546 1542 1548
f 1542 1545 1548
f 1549 1552 1554
f 1549 1554 1553
f 1552 1556 1557
f 1552 1557 1554
f 1550 1555 1557
f 1550 1557 1556
f 1555 1559 1560
f 1555 1560 1557
f 1551 1558 1560
f 1551 1560 1559
f 1558 1553 1554
f 1558 1554 1560
f 1554 1557 1560
f 1561 1564 1566
f 1561 1566 1565
f 1564 1568 1569
f 1564 1569 1566
f 1562 1567 1569
f 1562 1569 1568
f 1567 1571 1572
f 1567 1572 1569
f 1563 1570 1572
f 1563 1572 1571
f 1570 1565 1566
f 1570 1566 1572
f 1566 1569 1572
f 1573 1576 1578
f 1573 1578 1577
f 1576 1580 1581
f 1576 1581 1578
f 1574 1579 1581
f 1574 1581 1580
f 1579 1583 1584
f 1579 1584 1581
f 1575 1582 1584
f 1575 1584 1583
f 1582 1577 1578
f 1582 1578 1584
f 1578 1581 1584
f 1585 1588 1590
f 1585 1590 1589
f 1588 1592 1593
f 1588 1593 1590
f 1586 1591 1593
f 1586 1593 1592
f 1591 1595 1596
f 1591 1596 1593
f 1587 1594 1596
f 1587 1596 1595
f 1594 1589 1590
f 1594 1590 1596
f 1590 1593 1596
f 1597 1600 1602
f 1597 1602 1601
f 1600 1604 1605
f 1600 1605 1602
f 1598 1603 1605
f 1598 1605 1604
f 1603 1607 1608
f 1603 1608 1605
f 1599 1606 1608
f 1599 1608 1607
f 1606 1601 1602
f 1606 1602 1608
f 1602 1605 1608
f 1609 1612 1614
f 1609 1614 1613
f 1612 1616 1617
f 1612 1617 1614
f 1610 1615 1617
f 1610 1617 1616
f 1615 1619 1620
f 1615 1620 1617
f 1611 1618 1620
f 1611 1620 1619
f 1618 1613 1614
f 1618 1614 1620
f 1614 1617 1620
f 1621 1624 1626
f 1621 1626 1625
f 1624 1628 1629
f 1624 1629 1626
f 1622 1627 1629
f 1622 1629 1628
f 1627 1631 1632
f 1627 1632 1629
f 1623 1630 1632
f 1623 1632 1631
f 1630 1625 1626
f 1630 1626 1632
f 1626 1629 1632
f 1561 1537 1541
f 1561 1541 1564
f 1564 1541 1546
f 1564 1546 1568
f 1568 1546 1539
f 1568 1539 1562
f 1538 1549 1553
f 1538 1553 1543
f 1543 1553 1558
f 1543 1558 1547
f 1547 1558 1551
f 1547 1551 1539
f 1550 1573 1577
f 1550 1577 1555
f 1555 1577 1582
f 1555 1582 1559
f 1559 1582 1575
f 1559 1575 1551
f 1574 1563 1571
f 1574 1571 1579
f 1579 1571 1567
f 1579 1567 1583
f 1583 1567 1562
f 1583 1562 1575
f 1609 1561 1565
f 1609 1565 1612
f 1612 1565 1570
f 1612 1570 1616
f 1616 1570 1563
f 1616 1563 1610
f 1573 1621 1625
f 1573 1625 1576
f 1576 1625 1630
f 1576 1630 1580
f 1580 1630 1623
f 1580 1623 1574
f 1622 1611 1619
f 1622 1619 1627
f 1627 1619 1615
f 1627 1615 1631
f 1631 1615 1610
f 1631 1610 1623
f 1585 1609 1613
f 1585 1613 1588
f 1588 1613 1618
f 1588 1618 1592
f 1592 1618 1611
f 1592 1611 1586
f 1621 1597 1601
f 1621 1601 1624
f 1624 1601 1606
f 1624 1606 1628
f 1628 1606 1599
f 1628 1599 1622
f 1598 1587 1595
f 1598 1595 1603
f 1603 1595 1591
f 1603 1591 1607
f 1607 1591 1586
f 1607 1586 1599
f 1537 1585 1589
f 1537 1589 1540
f 1540 1589 1594
f 1540 1594 1544
f 1544 1594 1587
f 1544 1587 1538
f 1597 1550 1556
f 1597 1556 1600
f 1600 1556 1552
f 1600 1552 1604
f 1604 1552 1549
f 1604 1549 1598
f 1561 1609 1585
f 1561 1585 1537
f 1539 1551 1575
f 1539 1575 1562
f 1587 1598 1549
f 1587 1549 1538
f 1621 1573 1550
f 1621 1550 1597
f 1563 1574 1623
f 1563 1623 1610
f 1611 1622 1599
f 1611 1599 1586
f 1633 1636 1638
f 1633 1638 1637
f 1636 1640 1641
f 1636 1641 1638
f 1634 1639 1641
f 1634 1641 1640
f 1639 1643 1644
f 1639 1644 1641
f 1635 1642 1644
f 1635 1644 1643
f 1642 1637 1638
f 1642 1638 1644
f 1638 1641 1644
f 1645 1648 1650
f 1645 1650 1649
f 1648 1652 1653
f 1648 1653 1650
f 1646 1651 1653
f 1646 1653 1652
f 1651 1655 1656
f 1651 1656 1653
f 1647 1654 1656
f 1647 1656 1655
f 1654 1649 1650
f 1654 1650 1656
f 1650 1653 1656
f 1657 1660 1662
f 1657 1662 1661
f 1660 1664 1665
f 1660 1665 1662
f 1658 1663 1665
f 1658 1665 1664
f 1663 1667 1668
f 1663 1668 1665
f 1659 1666 1668
f 1659 1668 1667
f 1666 1661 1662
f 1666 1662 1668
f 1662 1665 1668
f 1669 1672 1674
f 1669 1674 1673
f 1672 1676 1677
f 1672 1677 1674
f 1670 1675 1677
f 1670 1677 1676
f 1675 1679 1680
f 1675 1680 1677
f 1671 1678 1680
f 1671 1680 1679
f 1678 1673 1674
f 1678 1674 1680
f 1674 1677 1680
f 1681 1684 1686
f 1681 1686 1685
f 1684 1688 1689
f 1684 1689 1686
f 1682 1687 1689
f 1682 1689 1688
f 1687 1691 1692
f 1687 1692 1689
f 1683 1690 1692
f 1683 1692 1691
f 1690 1685 1686
f 1690 1686 1692
f 1686 1689 1692
f 1693 1696 1698
f 1693 1698 1697
f 1696 1700 1701
f 1696 1701 1698
f 1694 1699 1701
f 1694 1701 1700
f 1699 1703 1704
f 1699 1704 1701
f 1695 1702 1704
f 1695 1704 1703
f 1702 1697 1698
f 1702 1698 1704
f 1698 1701 1704
f 1705 1708 1710
f 1705 1710 1709
f 1708 1712 1713
f 1708 1713 1710
f 1706 1711 1713
f 1706 1713 1712
f 1711 1715 1716
f 1711 1716 1713
f 1707 1714 1716
f 1707 1716 1715
f 1714 1709 1710
f 1714 1710 1716
f 1710 1713 1716
f 1717 1720 1722
f 1717 1722 1721
f 1720 1724 1725
f 1720 1725 1722
f 1718 1723 1725
f 1718 1725 1724
f 1723 1727 1728
f 1723 1728 1725
f 1719 1726 1728
f 1719 1728 1727
f 1726 1721 1722
f 1726 1722 1728
f 1722 1725 1728
f 1657 1633 1637
f 1657 1637 1660
f 1660 1637 1642
f 1660 1642 1664
f 1664 1642 1635
f 1664 1635 1658
f 1634 1645 1649
f 1634 1649 1639
f 1639 1649 1654
f 1639 1654 1643
f 1643 1654 1647
f 1643 1647 1635
f 1646 1669 1673
f 1646 1673 1651
f 1651 1673 1678
f 1651 1678 1655
f 1655 1678 1671
f 1655 1671 1647
f 1670 1659 1667
f 1670 1667 1675
f 1675 1667 1663
f 1675 1663 1679
f 1679 1663 1658
f 1679 1658 1671
f 1705 1657 1661
f 1705 1661 1708
f 1708 1661 1666
f 1708 1666 1712
f 1712 1666 1659
f 1712 1659 1706
f 1669 1717 1721
f 1669 1721 1672
f 1672 1721 1726
f 1672 1726 1676
f 1676 1726 1719
f 1676 1719 1670
f 1718 1707 1715
f 1718 1715 1723
f 1723 1715 1711
f 1723 1711 1727
f 1727 1711 1706
f 1727 1706 1719
f 1681 1705 1709
f 1681 1709 1684
f 1684 1709 1714
f 1684 1714 1688
f 1688 1714 1707
f 1688 1707 1682
f 1717 1693 1697
f 1717 1697 1720
f 1720 1697 1702
f 1720 1702 1724
f 1724 1702 1695
f 1724 1695 1718
f 1694 1683 1691
f 1694 1691 1699
f 1699 1691 1687
f 1699 1687 1703
f 1703 1687 1682
f 1703 1682 1695
f 1633 1681 1685
f 1633 1685 1636
f 1636 1685 1690
f 1636 1690 1640
f 1640 1690 1683
f 1640 1683 1634
f 1693 1646 1652
f 1693 1652 1696
f 1696 1652 1648
f 1696 1648 1700
f 1700 1648 1645
f 1700 1645 1694
f 1657 1705 1681
f 1657 1681 1633
f 1635 1647 1671
f 1635 1671 1658
f 1683 1694 1645
f 1683 1645 1634
f 1717 1669 1646
f 1717 1646 1693
f 1659 1670 1719
f 1659 1719 1706
f 1707 1718 1695
f 1707 1695 1682
f 1730 1738 1740
f 1730 1740 1732
f 1732 1740 1739
f 1732 1739 1731
f 1731 1739 1737
f 1731 1737 1729
f 1742 1734 1736
f 1742 1736 1744
f 1744 1736 1735
f 1744 1735 1743
f 1743 1735 1733
f 1743 1733 1741
f 1738 1746 1748
f 1738 1748 1740
f 1740 1748 1747
f 1740 1747 1739
f 1739 1747 1745
f 1739 1745 1737
f 1750 1742 1744
f 1750 1744 1752
f 1752 1744 1743
f 1752 1743 1751
f 1751 1743 1741
f 1751 1741 1749
f 1746 1754 1756
f 1746 1756 1748
f 1748 1756 1755
f 1748 1755 1747
f 1747 1755 1753
f 1747 1753 1745
f 1758 1750 1752
f 1758 1752 1760
f 1760 1752 1751
f 1760 1751 1759
f 1759 1751 1749
f 1759 1749 1757
f 1754 1762 1764
f 1754 1764 1756
f 1756 1764 1763
f 1756 1763 1755
f 1755 1763 1761
f 1755 1761 1753
f 1766 1758 1760
f 1766 1760 1768
f 1768 1760 1759
f 1768 1759 1767
f 1767 1759 1757
f 1767 1757 1765
f 1762 1770 1772
f 1762 1772 1764
f 1764 1772 1771
f 1764 1771 1763
f 1763 1771 1769
f 1763 1769 1761
f 1774 1766 1768
f 1774 1768 1776
f 1776 1768 1767
f 1776 1767 1775
f 1775 1767 1765
f 1775 1765 1773
f 1770 1778 1780
f 1770 1780 1772
f 1772 1780 1779
f 1772 1779 1771
f 1771 1779 1777
f 1771 1777 1769
f 1782 1774 1776
f 1782 1776 1784
f 1784 1776 1775
f 1784 1775 1783
f 1783 1775 1773
f 1783 1773 1781
f 1778 1786 1788
f 1778 1788 1780
f 1780 1788 1787
f 1780 1787 1779
f 1779 1787 1785
f 1779 1785 1777
f 1790 1782 1784
f 1790 1784 1792
f 1792 1784 1783
f 1792 1783 1791
f 1791 1783 1781
f 1791 1781 1789
f 1786 1794 1796
f 1786 1796 1788
f 1788 1796 1795
f 1788 1795 1787
f 1787 1795 1793
f 1787 1793 1785
f 1798 1790 1792
f 1798 1792 1800
f 1800 1792 1791
f 1800 1791 1799
f 1799 1791 1789
f 1799 1789 1797
f 1794 1802 1804
f 1794 1804 1796
f 1796 1804 1803
f 1796 1803 1795
f 1795 1803 1801
f 1795 1801 1793
f 1806 1798 1800
f 1806 1800 1808
f 1808 1800 1799
f 1808 1799 1807
f 1807 1799 1797
f 1807 1797 1805
f 1802 1810 1812
f 1802 1812 1804
f 1804 1812 1811
f 1804 1811 1803
f 1803 1811 1809
f 1803 1809 1801
f 1814 1806 1808
f 1814 1808 1816
f 1816 1808 1807
f 1816 1807 1815
f 1815 1807 1805
f 1815 1805 1813
f 1810 1818 1820
f 1810 1820 1812
f 1812 1820 1819
f 1812 1819 1811
f 1811 1819 1817
f 1811 1817 1809
f 1822 1814 1816
f 1822 1816 1824
f 1824 1816 1815
f 1824 1815 1823
f 1823 1815 1813
f 1823 1813 1821
f 1818 1826 1828
f 1818 1828 1820
f 1820 1828 1827
f 1820 1827 1819
f 1819 1827 1825
f 1819 1825 1817
f 1830 1822 1824
f 1830 1824 1832
f 1832 1824 1823
f 1832 1823 1831
f 1831 1823 1821
f 1831 1821 1829
f 1826 1834 1836
f 1826 1836 1828
f 1828 1836 1835
f 1828 1835 1827
f 1827 1835 1833
f 1827 1833 1825
f 1838 1830 1832
f 1838 1832 1840
f 1840 1832 1831
f 1840 1831 1839
f 1839 1831 1829
f 1839 1829 1837
f 1834 1842 1844
f 1834 1844 1836
f 1836 1844 1843
f 1836 1843 1835
f 1835 1843 1841
f 1835 1841 1833
f 1846 1838 1840
f 1846 1840 1848
f 1848 1840 1839
f 1848 1839 1847
f 1847 1839 1837
f 1847 1837 1845
f 1842 1850 1852
f 1842 1852 1844
f 1844 1852 1851
f 1844 1851 1843
f 1843 1851 1849
f 1843 1849 1841
f 1854 1846 1848
f 1854 1848 1856
f 1856 1848 1847
f 1856 1847 1855
f 1855 1847 1845
f 1855 1845 1853
f 1850 1858 1860
f 1850 1860 1852
f 1852 1860 1859
f 1852 1859 1851
f 1851 1859 1857
f 1851 1857 1849
f 1862 1854 1856
f 1862 1856 1864
f 1864 1856 1855
f 1864 1855 1863
f 1863 1855 1853
f 1863 1853 1861
f 1858 1866 1868
f 1858 1868 1860
f 1860 1868 1867
f 1860 1867 1859
f 1859 1867 1865
f 1859 1865 1857
f 1870 1862 1864
f 1870 1864 1872
f 1872 1864 1863
f 1872 1863 1871
f 1871 1863 1861
f 1871 1861 1869
f 1866 1874 1876
f 1866 1876 1868
f 1868 1876 1875
f 1868 1875 1867
f 1867 1875 1873
f 1867 1873 1865
f 1878 1870 1872
f 1878 1872 1880
f 1880 1872 1871
f 1880 1871 1879
f 1879 1871 1869
f 1879 1869 1877
f 1874 1882 1884
f 1874 1884 1876
f 1876 1884 1883
f 1876 1883 1875
f 1875 1883 1881
f 1875 1881 1873
f 1886 1878 1880
f 1886 1880 1888
f 1888 1880 1879
f 1888 1879 1887
f 1887 1879 1877
f 1887 1877 1885
f 1882 1890 1892
f 1882 1892 1884
f 1884 1892 1891
f 1884 1891 1883
f 1883 1891 1889
f 1883 1889 1881
f 1894 1886 1888
f 1894 1888 1896
f 1896 1888 1887
f 1896 1887 1895
f 1895 1887 1885
f 1895 1885 1893
f 1890 1898 1900
f 1890 1900 1892
f 1892 1900 1899
f 1892 1899 1891
f 1891 1899 1897
f 1891 1897 1889
f 1902 1894 1896
f 1902 1896 1904
f 1904 1896 1895
f 1904 1895 1903
f 1903 1895 1893
f 1903 1893 1901
f 1898 1906 1908
f 1898 1908 1900
f 1900 1908 1907
f 1900 1907 1899
f 1899 1907 1905
f 1899 1905 1897
f 1910 1902 1904
f 1910 1904 1912
f 1912 1904 1903
f 1912 1903 1911
f 1911 1903 1901
f 1911 1901 1909
f 1906 1914 1916
f 1906 1916 1908
f 1908 1916 1915
f 1908 1915 1907
f 1907 1915 1913
f 1907 1913 1905
f 1918 1910 1912
f 1918 1912 1920
f 1920 1912 1911
f 1920 1911 1919
f 1919 1911 1909
f 1919 1909 1917
f 1914 1922 1924
f 1914 1924 1916
f 1916 1924 1923
f 1916 1923 1915
f 1915 1923 1921
f 1915 1921 1913
f 1926 1918 1920
f 1926 1920 1928
f 1928 1920 1919
f 1928 1919 1927
f 1927 1919 1917
f 1927 1917 1925
f 1922 1930 1932
f 1922 1932 1924
f 1924 1932 1931
f 1924 1931 1923
f 1923 1931 1929
f 1923 1929 1921
f 1934 1926 1928
f 1934 1928 1936
f 1936 1928 1927
f 1936 1927 1935
f 1935 1927 1925
f 1935 1925 1933
f 1930 1938 1940
f 1930 1940 1932
f 1932 1940 1939
f 1932 1939 1931
f 1931 1939 1937
f 1931 1937 1929
f 1942 1934 1936
f 1942 1936 1944
f 1944 1936 1935
f 1944 1935 1943
f 1943 1935 1933
f 1943 1933 1941
f 1938 1946 1948
f 1938 1948 1940
f 1940 1948 1947
f 1940 1947 1939
f 1939 1947 1945
f 1939 1945 1937
f 1950 1942 1944
f 1950 1944 1952
f 1952 1944 1943
f 1952 1943 1951
f 1951 1943 1941
f 1951 1941 1949
f 1946 1954 1956
f 1946 1956 1948
f 1948 1956 1955
f 1948 1955 1947
f 1947 1955 1953
f 1947 1953 1945
f 1958 1950 1952
f 1958 1952 1960
f 1960 1952 1951
f 1960 1951 1959
f 1959 1951 1949
f 1959 1949 1957
f 1954 1962 1964
f 1954 1964 1956
f 1956 1964 1963
f 1956 1963 1955
f 1955 1963 1961
f 1955 1961 1953
f 1966 1958 1960
f 1966 1960 1968
f 1968 1960 1959
f 1968 1959 1967
f 1967 1959 1957
f 1967 1957 1965
f 1962 1970 1972
f 1962 1972 1964
f 1964 1972 1971
f 1964 1971 1963
f 1963 1971 1969
f 1963 1969 1961
f 1974 1966 1968
f 1974 1968 1976
f 1976 1968 1967
f 1976 1967 1975
f 1975 1967 1965
f 1975 1965 1973
f 1970 1978 1980
f 1970 1980 1972
f 1972 1980 1979
f 1972 1979 1971
f 1971 1979 1977
f 1971 1977 1969
f 1982 1974 1976
f 1982 1976 1984
f 1984 1976 1975
f 1984 1975 1983
f 1983 1975 1973
f 1983 1973 1981
f 1978 1986 1988
f 1978 1988 1980
f 1980 1988 1987
f 1980 1987 1979
f 1979 1987 1985
f 1979 1985 1977
f 1990 1982 1984
f 1990 1984 1992
f 1992 1984 1983
f 1992 1983 1991
f 1991 1983 1981
f 1991 1981 1989
f 1986 1994 1996
f 1986 1996 1988
f 1988 1996 1995
f 1988 1995 1987
f 1987 1995 1993
f 1987 1993 1985
f 1998 1990 1992
f 1998 1992 2000
f 2000 1992 1991
f 2000 1991 1999
f 1999 1991 1989
f 1999 1989 1997
f 1994 2002 2004
f 1994 2004 1996
f 1996 2004 2003
f 1996 2003 1995
f 1995 2003 2001
f 1995 2001 1993
f 2006 1998 2000
f 2006 2000 2008
f 2008 2000 1999
f 2008 1999 2007
f 2007 1999 1997
f 2007 1997 2005
f 2002 2010 2012
f 2002 2012 2004
f 2004 2012 2011
f 2004 2011 2003
f 2003 2011 2009
f 2003 2009 2001
f 2014 2006 2008
f 2014 2008 2016
f 2016 2008 2007
f 2016 2007 2015
f 2015 2007 2005
f 2015 2005 2013
f 2010 2018 2020
f 2010 2020 2012
f 2012 2020 2019
f 2012 2019 2011
f 2011 2019 2017
f 2011 2017 2009
f 2022 2014 2016
f 2022 2016 2024
f 2024 2016 2015
f 2024 2015 2023
f 2023 2015 2013
f 2023 2013 2021
f 2018 2026 2028
f 2018 2028 2020
f 2020 2028 2027
f 2020 2027 2019
f 2019 2027 2025
f 2019 2025 2017
f 2030 2022 2024
f 2030 2024 2032
f 2032 2024 2023
f 2032 2023 2031
f 2031 2023 2021
f 2031 2021 2029
f 2026 2034 2036
f 2026 2036 2028
f 2028 2036 2035
f 2028 2035 2027
f 2027 2035 2033
f 2027 2033 2025
f 2038 2030 2032
f 2038 2032 2040
f 2040 2032 2031
f 2040 2031 2039
f 2039 2031 2029
f 2039 2029 2037
f 2034 2042 2044
f 2034 2044 2036
f 2036 2044 2043
f 2036 2043 2035
f 2035 2043 2041
f 2035 2041 2033
f 2046 2038 2040
f 2046 2040 2048
f 2048 2040 2039
f 2048 2039 2047
f 2047 2039 2037
f 2047 2037 2045
f 2042 2050 2052
f 2042 2052 2044
f 2044 2052 2051
f 2044 2051 2043
f 2043 2051 2049
f 2043 2049 2041
f 2054 2046 2048
f 2054 2048 2056
f 2056 2048 2047
f 2056 2047 2055
f 2055 2047 2045
f 2055 2045 2053
f 2050 2058 2060
f 2050 2060 2052
f 2052 2060 2059
f 2052 2059 2051
f 2051 2059 2057
f 2051 2057 2049
f 2062 2054 2056
f 2062 2056 2064
f 2064 2056 2055
f 2064 2055 2063
f 2063 2055 2053
f 2063 2053 2061
f 2058 2066 2068
f 2058 2068 2060
f 2060 2068 2067
f 2060 2067 2059
f 2059 2067 2065
f 2059 2065 2057
f 2070 2062 2064
f 2070 2064 2072
f 2072 2064 2063
f 2072 2063 2071
f 2071 2063 2061
f 2071 2061 2069
f 2066 2074 2076
f 2066 2076 2068
f 2068 2076 2075
f 2068 2075 2067
f 2067 2075 2073
f 2067 2073 2065
f 2078 2070 2072
f 2078 2072 2080
f 2080 2072 2071
f 2080 2071 2079
f 2079 2071 2069
f 2079 2069 2077
f 2074 2082 2084
f 2074 2084 2076
f 2076 2084 2083
f 2076 2083 2075
f 2075 2083 2081
f 2075 2081 2073
f 2086 2078 2080
f 2086 2080 2088
f 2088 2080 2079
f 2088 2079 2087
f 2087 2079 2077
f 2087 2077 2085
f 2082 2090 2092
f 2082 2092 2084
f 2084 2092 2091
f 2084 2091 2083
f 2083 2091 2089
f 2083 2089 2081
f 2094 2086 2088
f 2094 2088 2096
f 2096 2088 2087
f 2096 2087 2095
f 2095 2087 2085
f 2095 2085 2093
f 2090 2098 2100
f 2090 2100 2092
f 2092 2100 2099
f 2092 2099 2091
f 2091 2099 2097
f 2091 2097 2089
f 2102 2094 2096
f 2102 2096 2104
f 2104 2096 2095
f 2104 2095 2103
f 2103 2095 2093
f 2103 2093 2101
f 2098 2106 2108
f 2098 2108 2100
f 2100 2108 2107
f 2100 2107 2099
f 2099 2107 2105
f 2099 2105 2097
f 2110 2102 2104
f 2110 2104 2112
f 2112 2104 2103
f 2112 2103 2111
f 2111 2103 2101
f 2111 2101 2109
f 2106 1730 1732
f 2106 1732 2108
f 2108 1732 1731
f 2108 1731 2107
f 2107 1731 1729
f 2107 1729 2105
f 1734 2110 2112
f 1734 2112 1736
f 1736 2112 2111
f 1736 2111 1735
f 1735 2111 2109
f 1735 2109 1733
f 2105 1729 1737
f 1737 1745 1753
f 1753 1761 1769
f 1769 1777 1785
f 1785 1793 1801
f 1801 1809 1817
f 1817 1825 1833
f 1833 1841 1849
f 1849 1857 1865
f 1865 1873 1881
f 1881 1889 1897
f 1897 1905 1913
f 1913 1921 1929
f 1929 1937 1945
f 1945 1953 1961
f 1961 1969 1977
f 1977 1985 1993
f 1993 2001 2009
f 2009 2017 2025
f 2025 2033 2041
f 2041 2049 2057
f 2057 2065 2073
f 2073 2081 2089
f 2089 2097 2105
f 2105 1737 1753
f 1753 1769 1785
f 1785 1801 1817
f 1817 1833 1849
f 1849 1865 1881
f 1881 1897 1913
f 1913 1929 1945
f 1945 1961 1977
f 1977 1993 2009
f 2009 2025 2041
f 2041 2057 2073
f 2073 2089 2105
f 2105 1753 1785
f 1785 1817 1849
f 1849 1881 1913
f 1913 1945 1977
f 1977 2009 2041
f 2041 2073 2105
f 2105 1785 1849
f 1849 1913 1977
f 1977 2041 2105
f 1849 1977 2105
f 1730 1734 1742
f 1730 1742 1738
f 2106 2110 1734
f 2106 1734 1730
f 1749 1741 1733
f 1733 2109 2101
f 2101 2093 2085
f 2085 2077 2069
f 2069 2061 2053
f 2053 2045 2037
f 2037 2029 2021
f 2021 2013 2005
f 2005 1997 1989
f 1989 1981 1973
f 1973 1965 1957
f 1957 1949 1941
f 1941 1933 1925
f 1925 1917 1909
f 1909 1901 1893
f 1893 1885 1877
f 1877 1869 1861
f 1861 1853 1845
f 1845 1837 1829
f 1829 1821 1813
f 1813 1805 1797
f 1797 1789 1781
f 1781 1773 1765
f 1765 1757 1749
f 1749 1733 2101
f 2101 2085 2069
f 2069 2053 2037
f 2037 2021 2005
f 2005 1989 1973
f 1973 1957 1941
f 1941 1925 1909
f 1909 1893 1877
f 1877 1861 1845
f 1845 1829 1813
f 1813 1797 1781
f 1781 1765 1749
f 1749 2101 2069
f 2069 2037 2005
f 2005 1973 1941
f 1941 1909 1877
f 1877 1845 1813
f 1813 1781 1749
f 1749 2069 2005
f 2005 1941 1877
f 1877 1813 1749
f 2005 1877 1749
f 1738 1742 1750
f 1738 1750 1746
f 1746 1750 1758
f 1746 1758 1754
f 1754 1758 1766
f 1754 1766 1762
f 1762 1766 1774
f 1762 1774 1770
f 1770 1774 1782
f 1770 1782 1778
f 1778 1782 1790
f 1778 1790 1786
f 1786 1790 1798
f 1786 1798 1794
f 1794 1798 1806
f 1794 1806 1802
f 1802 1806 1814
f 1802 1814 1810
f 1810 1814 1822
f 1810 1822 1818
f 1818 1822 1830
f 1818 1830 1826
f 1826 1830 1838
f 1826 1838 1834
f 1834 1838 1846
f 1834 1846 1842
f 1842 1846 1854
f 1842 1854 1850
f 1850 1854 1862
f 1850 1862 1858
f 1858 1862 1870
f 1858 1870 1866
f 1866 1870 1878
f 1866 1878 1874
f 1874 1878 1886
f 1874 1886 1882
f 1882 1886 1894
f 1882 1894 1890
f 1890 1894 1902
f 1890 1902 1898
f 1898 1902 1910
f 1898 1910 1906
f 1906 1910 1918
f 1906 1918 1914
f 1914 1918 1926
f 1914 1926 1922
f 1922 1926 1934
f 1922 1934 1930
f 1930 1934 1942
f 1930 1942 1938
f 1938 1942 1950
f 1938 1950 1946
f 1946 1950 1958
f 1946 1958 1954
f 1954 1958 1966
f 1954 1966 1962
f 1962 1966 1974
f 1962 1974 1970
f 1970 1974 1982
f 1970 1982 1978
f 1978 1982 1990
f 1978 1990 1986
f 1986 1990 1998
f 1986 1998 1994
f 1994 1998 2006
f 1994 2006 2002
f 2002 2006 2014
f 2002 2014 2010
f 2010 2014 2022
f 2010 2022 2018
f 2018 2022 2030
f 2018 2030 2026
f 2026 2030 2038
f 2026 2038 2034
f 2034 2038 2046
f 2034 2046 2042
f 2042 2046 2054
f 2042 2054 2050
f 2050 2054 2062
f 2050 2062 2058
f 2058 2062 2070
f 2058 2070 2066
f 2066 2070 2078
f 2066 2078 2074
f 2074 2078 2086
f 2074 2086 2082
f 2082 2086 2094
f 2082 2094 2090
f 2090 2094 2102
f 2090 2102 2098
f 2098 2102 2110
f 2098 2110 2106
f 2114 2122 2124
f 2114 2124 2116
f 2116 2124 2123
f 2116 2123 2115
f 2115 2123 2121
f 2115 2121 2113
f 2126 2118 2120
f 2126 2120 2128
f 2128 2120 2119
f 2128 2119 2127
f 2127 2119 2117
f 2127 2117 2125
f 2122 2130 2132
f 2122 2132 2124
f 2124 2132 2131
f 2124 2131 2123
f 2123 2131 2129
f 2123 2129 2121
f 2134 2126 2128
f 2134 2128 2136
f 2136 2128 2127
f 2136 2127 2135
f 2135 2127 2125
f 2135 2125 2133
f 2130 2138 2140
f 2130 2140 2132
f 2132 2140 2139
f 2132 2139 2131
f 2131 2139 2137
f 2131 2137 2129
f 2142 2134 2136
f 2142 2136 2144
f 2144 2136 2135
f 2144 2135 2143
f 2143 2135 2133
f 2143 2133 2141
f 2138 2146 2148
f 2138 2148 2140
f 2140 2148 2147
f 2140 2147 2139
f 2139 2147 2145
f 2139 2145 2137
f 2150 2142 2144
f 2150 2144 2152
f 2152 2144 2143
f 2152 2143 2151
f 2151 2143 2141
f 2151 2141 2149
f 2146 2154 2156
f 2146 2156 2148
f 2148 2156 2155
f 2148 2155 2147
f 2147 2155 2153
f 2147 2153 2145
f 2158 2150 2152
f 2158 2152 2160
f 2160 2152 2151
f 2160 2151 2159
f 2159 2151 2149
f 2159 2149 2157
f 2154 2162 2164
f 2154 2164 2156
f 2156 2164 2163
f 2156 2163 2155
f 2155 2163 2161
f 2155 2161 2153
f 2166 2158 2160
f 2166 2160 2168
f 2168 2160 2159
f 2168 2159 2167
f 2167 2159 2157
f 2167 2157 2165
f 2162 2170 2172
f 2162 2172 2164
f 2164 2172 2171
f 2164 2171 2163
f 2163 2171 2169
f 2163 2169 2161
f 2174 2166 2168
f 2174 2168 2176
f 2176 2168 2167
f 2176 2167 2175
f 2175 2167 2165
f 2175 2165 2173
f 2170 2178 2180
f 2170 2180 2172
f 2172 2180 2179
f 2172 2179 2171
f 2171 2179 2177
f 2171 2177 2169
f 2182 2174 2176
f 2182 2176 2184
f 2184 2176 2175
f 2184 2175 2183
f 2183 2175 2173
f 2183 2173 2181
f 2178 2186 2188
f 2178 2188 2180
f 2180 2188 2187
f 2180 2187 2179
f 2179 2187 2185
f 2179 2185 2177
f 2190 2182 2184
f 2190 2184 2192
f 2192 2184 2183
f 2192 2183 2191
f 2191 2183 2181
f 2191 2181 2189
f 2186 2194 2196
f 2186 2196 2188
f 2188 2196 2195
f 2188 2195 2187
f 2187 2195 2193
f 2187 2193 2185
f 2198 2190 2192
f 2198 2192 2200
f 2200 2192 2191
f 2200 2191 2199
f 2199 2191 2189
f 2199 2189 2197
f 2194 2202 2204
f 2194 2204 2196
f 2196 2204 2203
f 2196 2203 2195
f 2195 2203 2201
f 2195 2201 2193
f 2206 2198 2200
f 2206 2200 2208
f 2208 2200 2199
f 2208 2199 2207
f 2207 2199 2197
f 2207 2197 2205
f 2202 2210 2212
f 2202 2212 2204
f 2204 2212 2211
f 2204 2211 2203
f 2203 2211 2209
f 2203 2209 2201
f 2214 2206 2208
f 2214 2208 2216
f 2216 2208 2207
f 2216 2207 2215
f 2215 2207 2205
f 2215 2205 2213
f 2210 2218 2220
f 2210 2220 2212
f 2212 2220 2219
f 2212 2219 2211
f 2211 2219 2217
f 2211 2217 2209
f 2222 2214 2216
f 2222 2216 2224
f 2224 2216 2215
f 2224 2215 2223
f 2223 2215 2213
f 2223 2213 2221
f 2218 2226 2228
f 2218 2228 2220
f 2220 2228 2227
f 2220 2227 2219
f 2219 2227 2225
f 2219 2225 2217
f 2230 2222 2224
f 2230 2224 2232
f 2232 2224 2223
f 2232 2223 2231
f 2231 2223 2221
f 2231 2221 2229
f 2226 2234 2236
f 2226 2236 2228
f 2228 2236 2235
f 2228 2235 2227
f 2227 2235 2233
f 2227 2233 2225
f 2238 2230 2232
f 2238 2232 2240
f 2240 2232 2231
f 2240 2231 2239
f 2239 2231 2229
f 2239 2229 2237
f 2234 2242 2244
f 2234 2244 2236
f 2236 2244 2243
f 2236 2243 2235
f 2235 2243 2241
f 2235 2241 2233
f 2246 2238 2240
f 2246 2240 2248
f 2248 2240 2239
f 2248 2239 2247
f 2247 2239 2237
f 2247 2237 2245
f 2242 2250 2252
f 2242 2252 2244
f 2244 2252 2251
f 2244 2251 2243
f 2243 2251 2249
f 2243 2249 2241
f 2254 2246 2248
f 2254 2248 2256
f 2256 2248 2247
f 2256 2247 2255
f 2255 2247 2245
f 2255 2245 2253
f 2250 2258 2260
f 2250 2260 2252
f 2252 2260 2259
f 2252 2259 2251
f 2251 2259 2257
f 2251 2257 2249
f 2262 2254 2256
f 2262 2256 2264
f 2264 2256 2255
f 2264 2255 2263
f 2263 2255 2253
f 2263 2253 2261
f 2258 2266 2268
f 2258 2268 2260
f 2260 2268 2267
f 2260 2267 2259
f 2259 2267 2265
f 2259 2265 2257
f 2270 2262 2264
f 2270 2264 2272
f 2272 2264 2263
f 2272 2263 2271
f 2271 2263 2261
f 2271 2261 2269
f 2266 2274 2276
f 2266 2276 2268
f 2268 2276 2275
f 2268 2275 2267
f 2267 2275 2273
f 2267 2273 2265
f 2278 2270 2272
f 2278 2272 2280
f 2280 2272 2271
f 2280 2271 2279
f 2279 2271 2269
f 2279 2269 2277
f 2274 2282 2284
f 2274 2284 2276
f 2276 2284 2283
f 2276 2283 2275
f 2275 2283 2281
f 2275 2281 2273
f 2286 2278 2280
f 2286 2280 2288
f 2288 2280 2279
f 2288 2279 2287
f 2287 2279 2277
f 2287 2277 2285
f 2282 2290 2292
f 2282 2292 2284
f 2284 2292 2291
f 2284 2291 2283
f 2283 2291 2289
f 2283 2289 2281
f 2294 2286 2288
f 2294 2288 2296
f 2296 2288 2287
f 2296 2287 2295
f 2295 2287 2285
f 2295 2285 2293
f 2290 2298 2300
f 2290 2300 2292
f 2292 2300 2299
f 2292 2299 2291
f 2291 2299 2297
f 2291 2297 2289
f 2302 2294 2296
f 2302 2296 2304
f 2304 2296 2295
f 2304 2295 2303
f 2303 2295 2293
f 2303 2293 2301
f 2298 2306 2308
f 2298 2308 2300
f 2300 2308 2307
f 2300 2307 2299
f 2299 2307 2305
f 2299 2305 2297
f 2310 2302 2304
f 2310 2304 2312
f 2312 2304 2303
f 2312 2303 2311
f 2311 2303 2301
f 2311 2301 2309
f 2306 2314 2316
f 2306 2316 2308
f 2308 2316 2315
f 2308 2315 2307
f 2307 2315 2313
f 2307 2313 2305
f 2318 2310 2312
f 2318 2312 2320
f 2320 2312 2311
f 2320 2311 2319
f 2319 2311 2309
f 2319 2309 2317
f 2314 2322 2324
f 2314 2324 2316
f 2316 2324 2323
f 2316 2323 2315
f 2315 2323 2321
f 2315 2321 2313
f 2326 2318 2320
f 2326 2320 2328
f 2328 2320 2319
f 2328 2319 2327
f 2327 2319 2317
f 2327 2317 2325
f 2322 2330 2332
f 2322 2332 2324
f 2324 2332 2331
f 2324 2331 2323
f 2323 2331 2329
f 2323 2329 2321
f 2334 2326 2328
f 2334 2328 2336
f 2336 2328 2327
f 2336 2327 2335
f 2335 2327 2325
f 2335 2325 2333
f 2330 2338 2340
f 2330 2340 2332
f 2332 2340 2339
f 2332 2339 2331
f 2331 2339 2337
f 2331 2337 2329
f 2342 2334 2336
f 2342 2336 2344
f 2344 2336 2335
f 2344 2335 2343
f 2343 2335 2333
f 2343 2333 2341
f 2338 2346 2348
f 2338 2348 2340
f 2340 2348 2347
f 2340 2347 2339
f 2339 2347 2345
f 2339 2345 2337
f 2350 2342 2344
f 2350 2344 2352
f 2352 2344 2343
f 2352 2343 2351
f 2351 2343 2341
f 2351 2341 2349
f 2346 2354 2356
f 2346 2356 2348
f 2348 2356 2355
f 2348 2355 2347
f 2347 2355 2353
f 2347 2353 2345
f 2358 2350 2352
f 2358 2352 2360
f 2360 2352 2351
f 2360 2351 2359
f 2359 2351 2349
f 2359 2349 2357
f 2354 2362 2364
f 2354 2364 2356
f 2356 2364 2363
f 2356 2363 2355
f 2355 2363 2361
f 2355 2361 2353
f 2366 2358 2360
f 2366 2360 2368
f 2368 2360 2359
f 2368 2359 2367
f 2367 2359 2357
f 2367 2357 2365
f 2362 2370 2372
f 2362 2372 2364
f 2364 2372 2371
f 2364 2371 2363
f 2363 2371 2369
f 2363 2369 2361
f 2374 2366 2368
f 2374 2368 2376
f 2376 2368 2367
f 2376 2367 2375
f 2375 2367 2365
f 2375 2365 2373
f 2370 2378 2380
f 2370 2380 2372
f 2372 2380 2379
f 2372 2379 2371
f 2371 2379 2377
f 2371 2377 2369
f 2382 2374 2376
f 2382 2376 2384
f 2384 2376 2375
f 2384 2375 2383
f 2383 2375 2373
f 2383 2373 2381
f 2378 2386 2388
f 2378 2388 2380
f 2380 2388 2387
f 2380 2387 2379
f 2379 2387 2385
f 2379 2385 2377
f 2390 2382 2384
f 2390 2384 2392
f 2392 2384 2383
f 2392 2383 2391
f 2391 2383 2381
f 2391 2381 2389
f 2386 2394 2396
f 2386 2396 2388
f 2388 2396 2395
f 2388 2395 2387
f 2387 2395 2393
f 2387 2393 2385
f 2398 2390 2392
f 2398 2392 2400
f 2400 2392 2391
f 2400 2391 2399
f 2399 2391 2389
f 2399 2389 2397
f 2394 2402 2404
f 2394 2404 2396
f 2396 2404 2403
f 2396 2403 2395
f 2395 2403 2401
f 2395 2401 2393
f 2406 2398 2400
f 2406 2400 2408
f 2408 2400 2399
f 2408 2399 2407
f 2407 2399 2397
f 2407 2397 2405
f 2402 2410 2412
f 2402 2412 2404
f 2404 2412 2411
f 2404 2411 2403
f 2403 2411 2409
f 2403 2409 2401
f 2414 2406 2408
f 2414 2408 2416
f 2416 2408 2407
f 2416 2407 2415
f 2415 2407 2405
f 2415 2405 2413
f 2410 2418 2420
f 2410 2420 2412
f 2412 2420 2419
f 2412 2419 2411
f 2411 2419 2417
f 2411 2417 2409
f 2422 2414 2416
f 2422 2416 2424
f 2424 2416 2415
f 2424 2415 2423
f 2423 2415 2413
f 2423 2413 2421
f 2418 2426 2428
f 2418 2428 2420
f 2420 2428 2427
f 2420 2427 2419
f 2419 2427 2425
f 2419 2425 2417
f 2430 2422 2424
f 2430 2424 2432
f 2432 2424 2423
f 2432 2423 2431
f 2431 2423 2421
f 2431 2421 2429
f 2426 2434 2436
f 2426 2436 2428
f 2428 2436 2435
f 2428 2435 2427
f 2427 2435 2433
f 2427 2433 2425
f 2438 2430 2432
f 2438 2432 2440
f 2440 2432 2431
f 2440 2431 2439
f 2439 2431 2429
f 2439 2429 2437
f 2434 2442 2444
f 2434 2444 2436
f 2436 2444 2443
f 2436 2443 2435
f 2435 2443 2441
f 2435 2441 2433
f 2446 2438 2440
f 2446 2440 2448
f 2448 2440 2439
f 2448 2439 2447
f 2447 2439 2437
f 2447 2437 2445
f 2442 2450 2452
f 2442 2452 2444
f 2444 2452 2451
f 2444 2451 2443
f 2443 2451 2449
f 2443 2449 2441
f 2454 2446 2448
f 2454 2448 2456
f 2456 2448 2447
f 2456 2447 2455
f 2455 2447 2445
f 2455 2445 2453
f 2450 2458 2460
f 2450 2460 2452
f 2452 2460 2459
f 2452 2459 2451
f 2451 2459 2457
f 2451 2457 2449
f 2462 2454 2456
f 2462 2456 2464
f 2464 2456 2455
f 2464 2455 2463
f 2463 2455 2453
f 2463 2453 2461
f 2458 2466 2468
f 2458 2468 2460
f 2460 2468 2467
f 2460 2467 2459
f 2459 2467 2465
f 2459 2465 2457
f 2470 2462 2464
f 2470 2464 2472
f 2472 2464 2463
f 2472 2463 2471
f 2471 2463 2461
f 2471 2461 2469
f 2466 2474 2476
f 2466 2476 2468
f 2468 2476 2475
f 2468 2475 2467
f 2467 2475 2473
f 2467 2473 2465
f 2478 2470 2472
f 2478 2472 2480
f 2480 2472 2471
f 2480 2471 2479
f 2479 2471 2469
f 2479 2469 2477
f 2474 2482 2484
f 2474 2484 2476
f 2476 2484 2483
f 2476 2483 2475
f 2475 2483 2481
f 2475 2481 2473
f 2486 2478 2480
f 2486 2480 2488
f 2488 2480 2479
f 2488 2479 2487
f 2487 2479 2477
f 2487 2477 2485
f 2482 2490 2492
f 2482 2492 2484
f 2484 2492 2491
f 2484 2491 2483
f 2483 2491 2489
f 2483 2489 2481
f 2494 2486 2488
f 2494 2488 2496
f 2496 2488 2487
f 2496 2487 2495
f 2495 2487 2485
f 2495 2485 2493
f 2490 2114 2116
f 2490 2116 2492
f 2492 2116 2115
f 2492 2115 2491
f 2491 2115 2113
f 2491 2113 2489
f 2118 2494 2496
f 2118 2496 2120
f 2120 2496 2495
f 2120 2495 2119
f 2119 2495 2493
f 2119 2493 2117
f 2489 2113 2121
f 2121 2129 2137
f 2137 2145 2153
f 2153 2161 2169
f 2169 2177 2185
f 2185 2193 2201
f 2201 2209 2217
f 2217 2225 2233
f 2233 2241 2249
f 2249 2257 2265
f 2265 2273 2281
f 2281 2289 2297
f 2297 2305 2313
f 2313 2321 2329
f 2329 2337 2345
f 2345 2353 2361
f 2361 2369 2377
f 2377 2385 2393
f 2393 2401 2409
f 2409 2417 2425
f 2425 2433 2441
f 2441 2449 2457
f 2457 2465 2473
f 2473 2481 2489
f 2489 2121 2137
f 2137 2153 2169
f 2169 2185 2201
f 2201 2217 2233
f 2233 2249 2265
f 2265 2281 2297
f 2297 2313 2329
f 2329 2345 2361
f 2361 2377 2393
f 2393 2409 2425
f 2425 2441 2457
f 2457 2473 2489
f 2489 2137 2169
f 2169 2201 2233
f 2233 2265 2297
f 2297 2329 2361
f 2361 2393 2425
f 2425 2457 2489
f 2489 2169 2233
f 2233 2297 2361
f 2361 2425 2489
f 2233 2361 2489
f 2114 2118 2126
f 2114 2126 2122
f 2490 2494 2118
f 2490 2118 2114
f 2133 2125 2117
f 2117 2493 2485
f 2485 2477 2469
f 2469 2461 2453
f 2453 2445 2437
f 2437 2429 2421
f 2421 2413 2405
f 2405 2397 2389
f 2389 2381 2373
f 2373 2365 2357
f 2357 2349 2341
f 2341 2333 2325
f 2325 2317 2309
f 2309 2301 2293
f 2293 2285 2277
f 2277 2269 2261
f 2261 2253 2245
f 2245 2237 2229
f 2229 2221 2213
f 2213 2205 2197
f 2197 2189 2181
f 2181 2173 2165
f 2165 2157 2149
f 2149 2141 2133
f 2133 2117 2485
f 2485 2469 2453
f 2453 2437 2421
f 2421 2405 2389
f 2389 2373 2357
f 2357 2341 2325
f 2325 2309 2293
f 2293 2277 2261
f 2261 2245 2229
f 2229 2213 2197
f 2197 2181 2165
f 2165 2149 2133
f 2133 2485 2453
f 2453 2421 2389
f 2389 2357 2325
f 2325 2293 2261
f 2261 2229 2197
f 2197 2165 2133
f 2133 2453 2389
f 2389 2325 2261
f 2261 2197 2133
f 2389 2261 2133
f 2122 2126 2134
f 2122 2134 2130
f 2130 2134 2142
f 2130 2142 2138
f 2138 2142 2150
f 2138 2150 2146
f 2146 2150 2158
f 2146 2158 2154
f 2154 2158 2166
f 2154 2166 2162
f 2162 2166 2174
f 2162 2174 2170
f 2170 2174 2182
f 2170 2182 2178
f 2178 2182 2190
f 2178 2190 2186
f 2186 2190 2198
f 2186 2198 2194
f 2194 2198 2206
f 2194 2206 2202
f 2202 2206 2214
f 2202 2214 2210
f 2210 2214 2222
f 2210 2222 2218
f 2218 2222 2230
f 2218 2230 2226
f 2226 2230 2238
f 2226 2238 2234
f 2234 2238 2246
f 2234 2246 2242
f 2242 2246 2254
f 2242 2254 2250
f 2250 2254 2262
f 2250 2262 2258
f 2258 2262 2270
f 2258 2270 2266
f 2266 2270 2278
f 2266 2278 2274
f 2274 2278 2286
f 2274 2286 2282
f 2282 2286 2294
f 2282 2294 2290
f 2290 2294 2302
f 2290 2302 2298
f 2298 2302 2310
f 2298 2310 2306
f 2306 2310 2318
f 2306 2318 2314
f 2314 2318 2326
f 2314 2326 2322
f 2322 2326 2334
f 2322 2334 2330
f 2330 2334 2342
f 2330 2342 2338
f 2338 2342 2350
f 2338 2350 2346
f 2346 2350 2358
f 2346 2358 2354
f 2354 2358 2366
f 2354 2366 2362
f 2362 2366 2374
f 2362 2374 2370
f 2370 2374 2382
f 2370 2382 2378
f 2378 2382 2390
f 2378 2390 2386
f 2386 2390 2398
f 2386 2398 2394
f 2394 2398 2406
f 2394 2406 2402
f 2402 2406 2414
f 2402 2414 2410
f 2410 2414 2422
f 2410 2422 2418
f 2418 2422 2430
f 2418 2430 2426
f 2426 2430 2438
f 2426 2438 2434
f 2434 2438 2446
f 2434 2446 2442
f 2442 2446 2454
f 2442 2454 2450
f 2450 2454 2462
f 2450 2462 2458
f 2458 2462 2470
f 2458 2470 2466
f 2466 2470 2478
f 2466 2478 2474
f 2474 2478 2486
f 2474 2486 2482
f 2482 2486 2494
f 2482 2494 2490
f 2498 2506 2508
f 2498 2508 2500
f 2500 2508 2507
f 2500 2507 2499
f 2499 2507 2505
f 2499 2505 2497
f 2510 2502 2504
f 2510 2504 2512
f 2512 2504 2503
f 2512 2503 2511
f 2511 2503 2501
f 2511 2501 2509
f 2506 2514 2516
f 2506 2516 2508
f 2508 2516 2515
f 2508 2515 2507
f 2507 2515 2513
f 2507 2513 2505
f 2518 2510 2512
f 2518 2512 2520
f 2520 2512 2511
f 2520 2511 2519
f 2519 2511 2509
f 2519 2509 2517
f 2514 2522 2524
f 2514 2524 2516
f 2516 2524 2523
f 2516 2523 2515
f 2515 2523 2521
f 2515 2521 2513
f 2526 2518 2520
f 2526 2520 2528
f 2528 2520 2519
f 2528 2519 2527
f 2527 2519 2517
f 2527 2517 2525
f 2522 2530 2532
f 2522 2532 2524
f 2524 2532 2531
f 2524 2531 2523
f 2523 2531 2529
f 2523 2529 2521
f 2534 2526 2528
f 2534 2528 2536
f 2536 2528 2527
f 2536 2527 2535
f 2535 2527 2525
f 2535 2525 2533
f 2530 2538 2540
f 2530 2540 2532
f 2532 2540 2539
f 2532 2539 2531
f 2531 2539 2537
f 2531 2537 2529
f 2542 2534 2536
f 2542 2536 2544
f 2544 2536 2535
f 2544 2535 2543
f 2543 2535 2533
f 2543 2533 2541
f 2538 2546 2548
f 2538 2548 2540
f 2540 2548 2547
f 2540 2547 2539
f 2539 2547 2545
f 2539 2545 2537
f 2550 2542 2544
f 2550 2544 2552
f 2552 2544 2543
f 2552 2543 2551
f 2551 2543 2541
f 2551 2541 2549
f 2546 2554 2556
f 2546 2556 2548
f 2548 2556 2555
f 2548 2555 2547
f 2547 2555 2553
f 2547 2553 2545
f 2558 2550 2552
f 2558 2552 2560
f 2560 2552 2551
f 2560 2551 2559
f 2559 2551 2549
f 2559 2549 2557
f 2554 2562 2564
f 2554 2564 2556
f 2556 2564 2563
f 2556 2563 2555
f 2555 2563 2561
f 2555 2561 2553
f 2566 2558 2560
f 2566 2560 2568
f 2568 2560 2559
f 2568 2559 2567
f 2567 2559 2557
f 2567 2557 2565
f 2562 2570 2572
f 2562 2572 2564
f 2564 2572 2571
f 2564 2571 2563
f 2563 2571 2569
f 2563 2569 2561
f 2574 2566 2568
f 2574 2568 2576
f 2576 2568 2567
f 2576 2567 2575
f 2575 2567 2565
f 2575 2565 2573
f 2570 2578 2580
f 2570 2580 2572
f 2572 2580 2579
f 2572 2579 2571
f 2571 2579 2577
f 2571 2577 2569
f 2582 2574 2576
f 2582 2576 2584
f 2584 2576 2575
f 2584 2575 2583
f 2583 2575 2573
f 2583 2573 2581
f 2578 2586 2588
f 2578 2588 2580
f 2580 2588 2587
f 2580 2587 2579
f 2579 2587 2585
f 2579 2585 2577
f 2590 2582 2584
f 2590 2584 2592
f 2592 2584 2583
f 2592 2583 2591
f 2591 2583 2581
f 2591 2581 2589
f 2586 2594 2596
f 2586 2596 2588
f 2588 2596 2595
f 2588 2595 2587
f 2587 2595 2593
f 2587 2593 2585
f 2598 2590 2592
f 2598 2592 2600
f 2600 2592 2591
f 2600 2591 2599
f 2599 2591 2589
f 2599 2589 2597
f 2594 2602 2604
f 2594 2604 2596
f 2596 2604 2603
f 2596 2603 2595
f 2595 2603 2601
f 2595 2601 2593
f 2606 2598 2600
f 2606 2600 2608
f 2608 2600 2599
f 2608 2599 2607
f 2607 2599 2597
f 2607 2597 2605
f 2602 2610 2612
f 2602 2612 2604
f 2604 2612 2611
f 2604 2611 2603
f 2603 2611 2609
f 2603 2609 2601
f 2614 2606 2608
f 2614 2608 2616
f 2616 2608 2607
f 2616 2607 2615
f 2615 2607 2605
f 2615 2605 2613
f 2610 2618 2620
f 2610 2620 2612
f 2612 2620 2619
f 2612 2619 2611
f 2611 2619 2617
f 2611 2617 2609
f 2622 2614 2616
f 2622 2616 2624
f 2624 2616 2615
f 2624 2615 2623
f 2623 2615 2613
f 2623 2613 2621
f 2618 2626 2628
f 2618 2628 2620
f 2620 2628 2627
f 2620 2627 2619
f 2619 2627 2625
f 2619 2625 2617
f 2630 2622 2624
f 2630 2624 2632
f 2632 2624 2623
f 2632 2623 2631
f 2631 2623 2621
f 2631 2621 2629
f 2626 2634 2636
f 2626 2636 2628
f 2628 2636 2635
f 2628 2635 2627
f 2627 2635 2633
f 2627 2633 2625
f 2638 2630 2632
f 2638 2632 2640
f 2640 2632 2631
f 2640 2631 2639
f 2639 2631 2629
f 2639 2629 2637
f 2634 2642 2644
f 2634 2644 2636
f 2636 2644 2643
f 2636 2643 2635
f 2635 2643 2641
f 2635 2641 2633
f 2646 2638 2640
f 2646 2640 2648
f 2648 2640 2639
f 2648 2639 2647
f 2647 2639 2637
f 2647 2637 2645
f 2642 2650 2652
f 2642 2652 2644
f 2644 2652 2651
f 2644 2651 2643
f 2643 2651 2649
f 2643 2649 2641
f 2654 2646 2648
f 2654 2648 2656
f 2656 2648 2647
f 2656 2647 2655
f 2655 2647 2645
f 2655 2645 2653
f 2650 2658 2660
f 2650 2660 2652
f 2652 2660 2659
f 2652 2659 2651
f 2651 2659 2657
f 2651 2657 2649
f 2662 2654 2656
f 2662 2656 2664
f 2664 2656 2655
f 2664 2655 2663
f 2663 2655 2653
f 2663 2653 2661
f 2658 2666 2668
f 2658 2668 2660
f 2660 2668 2667
f 2660 2667 2659
f 2659 2667 2665
f 2659 2665 2657
f 2670 2662 2664
f 2670 2664 2672
f 2672 2664 2663
f 2672 2663 2671
f 2671 2663 2661
f 2671 2661 2669
f 2666 2674 2676
f 2666 2676 2668
f 2668 2676 2675
f 2668 2675 2667
f 2667 2675 2673
f 2667 2673 2665
f 2678 2670 2672
f 2678 2672 2680
f 2680 2672 2671
f 2680 2671 2679
f 2679 2671 2669
f 2679 2669 2677
f 2674 2682 2684
f 2674 2684 2676
f 2676 2684 2683
f 2676 2683 2675
f 2675 2683 2681
f 2675 2681 2673
f 2686 2678 2680
f 2686 2680 2688
f 2688 2680 2679
f 2688 2679 2687
f 2687 2679 2677
f 2687 2677 2685
f 2682 2690 2692
f 2682 2692 2684
f 2684 2692 2691
f 2684 2691 2683
f 2683 2691 2689
f 2683 2689 2681
f 2694 2686 2688
f 2694 2688 2696
f 2696 2688 2687
f 2696 2687 2695
f 2695 2687 2685
f 2695 2685 2693
f 2690 2698 2700
f 2690 2700 2692
f 2692 2700 2699
f 2692 2699 2691
f 2691 2699 2697
f 2691 2697 2689
f 2702 2694 2696
f 2702 2696 2704
f 2704 2696 2695
f 2704 2695 2703
f 2703 2695 2693
f 2703 2693 2701
f 2698 2706 2708
f 2698 2708 2700
f 2700 2708 2707
f 2700 2707 2699
f 2699 2707 2705
f 2699 2705 2697
f 2710 2702 2704
f 2710 2704 2712
f 2712 2704 2703
f 2712 2703 2711
f 2711 2703 2701
f 2711 2701 2709
f 2706 2714 2716
f 2706 2716 2708
f 2708 2716 2715
f 2708 2715 2707
f 2707 2715 2713
f 2707 2713 2705
f 2718 2710 2712
f 2718 2712 2720
f 2720 2712 2711
f 2720 2711 2719
f 2719 2711 2709
f 2719 2709 2717
f 2714 2722 2724
f 2714 2724 2716
f 2716 2724 2723
f 2716 2723 2715
f 2715 2723 2721
f 2715 2721 2713
f 2726 2718 2720
f 2726 2720 2728
f 2728 2720 2719
f 2728 2719 2727
f 2727 2719 2717
f 2727 2717 2725
f 2722 2730 2732
f 2722 2732 2724
f 2724 2732 2731
f 2724 2731 2723
f 2723 2731 2729
f 2723 2729 2721
f 2734 2726 2728
f 2734 2728 2736
f 2736 2728 2727
f 2736 2727 2735
f 2735 2727 2725
f 2735 2725 2733
f 2730 2738 2740
f 2730 2740 2732
f 2732 2740 2739
f 2732 2739 2731
f 2731 2739 2737
f 2731 2737 2729
f 2742 2734 2736
f 2742 2736 2744
f 2744 2736 2735
f 2744 2735 2743
f 2743 2735 2733
f 2743 2733 2741
f 2738 2746 2748
f 2738 2748 2740
f 2740 2748 2747
f 2740 2747 2739
f 2739 2747 2745
f 2739 2745 2737
f 2750 2742 2744
f 2750 2744 2752
f 2752 2744 2743
f 2752 2743 2751
f 2751 2743 2741
f 2751 2741 2749
f 2746 2754 2756
f 2746 2756 2748
f 2748 2756 2755
f 2748 2755 2747
f 2747 2755 2753
f 2747 2753 2745
f 2758 2750 2752
f 2758 2752 2760
f 2760 2752 2751
f 2760 2751 2759
f 2759 2751 2749
f 2759 2749 2757
f 2754 2762 2764
f 2754 2764 2756
f 2756 2764 2763
f 2756 2763 2755
f 2755 2763 2761
f 2755 2761 2753
f 2766 2758 2760
f 2766 2760 2768
f 2768 2760 2759
f 2768 2759 2767
f 2767 2759 2757
f 2767 2757 2765
f 2762 2770 2772
f 2762 2772 2764
f 2764 2772 2771
f 2764 2771 2763
f 2763 2771 2769
f 2763 2769 2761
f 2774 2766 2768
f 2774 2768 2776
f 2776 2768 2767
f 2776 2767 2775
f 2775 2767 2765
f 2775 2765 2773
f 2770 2778 2780
f 2770 2780 2772
f 2772 2780 2779
f 2772 2779 2771
f 2771 2779 2777
f 2771 2777 2769
f 2782 2774 2776
f 2782 2776 2784
f 2784 2776 2775
f 2784 2775 2783
f 2783 2775 2773
f 2783 2773 2781
f 2778 2786 2788
f 2778 2788 2780
f 2780 2788 2787
f 2780 2787 2779
f 2779 2787 2785
f 2779 2785 2777
f 2790 2782 2784
f 2790 2784 2792
f 2792 2784 2783
f 2792 2783 2791
f 2791 2783 2781
f 2791 2781 2789
f 2786 2794 2796
f 2786 2796 2788
f 2788 2796 2795
f 2788 2795 2787
f 2787 2795 2793
f 2787 2793 2785
f 2798 2790 2792
f 2798 2792 2800
f 2800 2792 2791
f 2800 2791 2799
f 2799 2791 2789
f 2799 2789 2797
f 2794 2802 2804
f 2794 2804 2796
f 2796 2804 2803
f 2796 2803 2795
f 2795 2803 2801
f 2795 2801 2793
f 2806 2798 2800
f 2806 2800 2808
f 2808 2800 2799
f 2808 2799 2807
f 2807 2799 2797
f 2807 2797 2805
f 2802 2810 2812
f 2802 2812 2804
f 2804 2812 2811
f 2804 2811 2803
f 2803 2811 2809
f 2803 2809 2801
f 2814 2806 2808
f 2814 2808 2816
f 2816 2808 2807
f 2816 2807 2815
f 2815 2807 2805
f 2815 2805 2813
f 2810 2818 2820
f 2810 2820 2812
f 2812 2820 2819
f 2812 2819 2811
f 2811 2819 2817
f 2811 2817 2809
f 2822 2814 2816
f 2822 2816 2824
f 2824 2816 2815
f 2824 2815 2823
f 2823 2815 2813
f 2823 2813 2821
f 2818 2826 2828
f 2818 2828 2820
f 2820 2828 2827
f 2820 2827 2819
f 2819 2827 2825
f 2819 2825 2817
f 2830 2822 2824
f 2830 2824 2832
f 2832 2824 2823
f 2832 2823 2831
f 2831 2823 2821
f 2831 2821 2829
f 2826 2834 2836
f 2826 2836 2828
f 2828 2836 2835
f 2828 2835 2827
f 2827 2835 2833
f 2827 2833 2825
f 2838 2830 2832
f 2838 2832 2840
f 2840 2832 2831
f 2840 2831 2839
f 2839 2831 2829
f 2839 2829 2837
f 2834 2842 2844
f 2834 2844 2836
f 2836 2844 2843
f 2836 2843 2835
f 2835 2843 2841
f 2835 2841 2833
f 2846 2838 2840
f 2846 2840 2848
f 2848 2840 2839
f 2848 2839 2847
f 2847 2839 2837
f 2847 2837 2845
f 2842 2850 2852
f 2842 2852 2844
f 2844 2852 2851
f 2844 2851 2843
f 2843 2851 2849
f 2843 2849 2841
f 2854 2846 2848
f 2854 2848 2856
f 2856 2848 2847
f 2856 2847 2855
f 2855 2847 2845
f 2855 2845 2853
f 2850 2858 2860
f 2850 2860 2852
f 2852 2860 2859
f 2852 2859 2851
f 2851 2859 2857
f 2851 2857 2849
f 2862 2854 2856
f 2862 2856 2864
f 2864 2856 2855
f 2864 2855 2863
f 2863 2855 2853
f 2863 2853 2861
f 2858 2866 2868
f 2858 2868 2860
f 2860 2868 2867
f 2860 2867 2859
f 2859 2867 2865
f 2859 2865 2857
f 2870 2862 2864
f 2870 2864 2872
f 2872 2864 2863
f 2872 2863 2871
f 2871 2863 2861
f 2871 2861 2869
f 2866 2874 2876
f 2866 2876 2868
f 2868 2876 2875
f 2868 2875 2867
f 2867 2875 2873
f 2867 2873 2865
f 2878 2870 2872
f 2878 2872 2880
f 2880 2872 2871
f 2880 2871 2879
f 2879 2871 2869
f 2879 2869 2877
f 2874 2498 2500
f 2874 2500 2876
f 2876 2500 2499
f 2876 2499 2875
f 2875 2499 2497
f 2875 2497 2873
f 2502 2878 2880
f 2502 2880 2504
f 2504 2880 2879
f 2504 2879 2503
f 2503 2879 2877
f 2503 2877 2501
f 2873 2497 2505
f 2505 2513 2521
f 2521 2529 2537
f 2537 2545 2553
f 2553 2561 2569
f 2569 2577 2585
f 2585 2593 2601
f 2601 2609 2617
f 2617 2625 2633
f 2633 2641 2649
f 2649 2657 2665
f 2665 2673 2681
f 2681 2689 2697
f 2697 2705 2713
f 2713 2721 2729
f 2729 2737 2745
f 2745 2753 2761
f 2761 2769 2777
f 2777 2785 2793
f 2793 2801 2809
f 2809 2817 2825
f 2825 2833 2841
f 2841 2849 2857
f 2857 2865 2873
f 2873 2505 2521
f 2521 2537 2553
f 2553 2569 2585
f 2585 2601 2617
f 2617 2633 2649
f 2649 2665 2681
f 2681 2697 2713
f 2713 2729 2745
f 2745 2761 2777
f 2777 2793 2809
f 2809 2825 2841
f 2841 2857 2873
f 2873 2521 2553
f 2553 2585 2617
f 2617 2649 2681
f 2681 2713 2745
f 2745 2777 2809
f 2809 2841 2873
f 2873 2553 2617
f 2617 2681 2745
f 2745 2809 2873
f 2617 2745 2873
f 2498 2502 2510
f 2498 2510 2506
f 2874 2878 2502
f 2874 2502 2498
f 2517 2509 2501
f 2501 2877 2869
f 2869 2861 2853
f 2853 2845 2837
f 2837 2829 2821
f 2821 2813 2805
f 2805 2797 2789
f 2789 2781 2773
f 2773 2765 2757
f 2757 2749 2741
f 2741 2733 2725
f 2725 2717 2709
f 2709 2701 2693
f 2693 2685 2677
f 2677 2669 2661
f 2661 2653 2645
f 2645 2637 2629
f 2629 2621 2613
f 2613 2605 2597
f 2597 2589 2581
f 2581 2573 2565
f 2565 2557 2549
f 2549 2541 2533
f 2533 2525 2517
f 2517 2501 2869
f 2869 2853 2837
f 2837 2821 2805
f 2805 2789 2773
f 2773 2757 2741
f 2741 2725 2709
f 2709 2693 2677
f 2677 2661 2645
f 2645 2629 2613
f 2613 2597 2581
f 2581 2565 2549
f 2549 2533 2517
f 2517 2869 2837
f 2837 2805 2773
f 2773 2741 2709
f 2709 2677 2645
f 2645 2613 2581
f 2581 2549 2517
f 2517 2837 2773
f 2773 2709 2645
f 2645 2581 2517
f 2773 2645 2517
f 2506 2510 2518
f 2506 2518 2514
f 2514 2518 2526
f 2514 2526 2522
f 2522 2526 2534
f 2522 2534 2530
f 2530 2534 2542
f 2530 2542 2538
f 2538 2542 2550
f 2538 2550 2546
f 2546 2550 2558
f 2546 2558 2554
f 2554 2558 2566
f 2554 2566 2562
f 2562 2566 2574
f 2562 2574 2570
f 2570 2574 2582
f 2570 2582 2578
f 2578 2582 2590
f 2578 2590 2586
f 2586 2590 2598
f 2586 2598 2594
f 2594 2598 2606
f 2594 2606 2602
f 2602 2606 2614
f 2602 2614 2610
f 2610 2614 2622
f 2610 2622 2618
f 2618 2622 2630
f 2618 2630 2626
f 2626 2630 2638
f 2626 2638 2634
f 2634 2638 2646
f 2634 2646 2642
f 2642 2646 2654
f 2642 2654 2650
f 2650 2654 2662
f 2650 2662 2658
f 2658 2662 2670
f 2658 2670 2666
f 2666 2670 2678
f 2666 2678 2674
f 2674 2678 2686
f 2674 2686 2682
f 2682 2686 2694
f 2682 2694 2690
f 2690 2694 2702
f 2690 2702 2698
f 2698 2702 2710
f 2698 2710 2706
f 2706 2710 2718
f 2706 2718 2714
f 2714 2718 2726
f 2714 2726 2722
f 2722 2726 2734
f 2722 2734 2730
f 2730 2734 2742
f 2730 2742 2738
f 2738 2742 2750
f 2738 2750 2746
f 2746 2750 2758
f 2746 2758 2754
f 2754 2758 2766
f 2754 2766 2762
f 2762 2766 2774
f 2762 2774 2770
f 2770 2774 2782
f 2770 2782 2778
f 2778 2782 2790
f 2778 2790 2786
f 2786 2790 2798
f 2786 2798 2794
f 2794 2798 2806
f 2794 2806 2802
f 2802 2806 2814
f 2802 2814 2810
f 2810 2814 2822
f 2810 2822 2818
f 2818 2822 2830
f 2818 2830 2826
f 2826 2830 2838
f 2826 2838 2834
f 2834 2838 2846
f 2834 2846 2842
f 2842 2846 2854
f 2842 2854 2850
f 2850 2854 2862
f 2850 2862 2858
f 2858 2862 2870
f 2858 2870 2866
f 2866 2870 2878
f 2866 2878 2874
f 2882 2890 2892
f 2882 2892 2884
f 2884 2892 2891
f 2884 2891 2883
f 2883 2891 2889
f 2883 2889 2881
f 2894 2886 2888
f 2894 2888 2896
f 2896 2888 2887
f 2896 2887 2895
f 2895 2887 2885
f 2895 2885 2893
f 2890 2898 2900
f 2890 2900 2892
f 2892 2900 2899
f 2892 2899 2891
f 2891 2899 2897
f 2891 2897 2889
f 2902 2894 2896
f 2902 2896 2904
f 2904 2896 2895
f 2904 2895 2903
f 2903 2895 2893
f 2903 2893 2901
f 2898 2906 2908
f 2898 2908 2900
f 2900 2908 2907
f 2900 2907 2899
f 2899 2907 2905
f 2899 2905 2897
f 2910 2902 2904
f 2910 2904 2912
f 2912 2904 2903
f 2912 2903 2911
f 2911 2903 2901
f 2911 2901 2909
f 2906 2914 2916
f 2906 2916 2908
f 2908 2916 2915
f 2908 2915 2907
f 2907 2915 2913
f 2907 2913 2905
f 2918 2910 2912
f 2918 2912 2920
f 2920 2912 2911
f 2920 2911 2919
f 2919 2911 2909
f 2919 2909 2917
f 2914 2922 2924
f 2914 2924 2916
f 2916 2924 2923
f 2916 2923 2915
f 2915 2923 2921
f 2915 2921 2913
f 2926 2918 2920
f 2926 2920 2928
f 2928 2920 2919
f 2928 2919 2927
f 2927 2919 2917
f 2927 2917 2925
f 2922 2930 2932
f 2922 2932 2924
f 2924 2932 2931
f 2924 2931 2923
f 2923 2931 2929
f 2923 2929 2921
f 2934 2926 2928
f 2934 2928 2936
f 2936 2928 2927
f 2936 2927 2935
f 2935 2927 2925
f 2935 2925 2933
f 2930 2938 2940
f 2930 2940 2932
f 2932 2940 2939
f 2932 2939 2931
f 2931 2939 2937
f 2931 2937 2929
f 2942 2934 2936
f 2942 2936 2944
f 2944 2936 2935
f 2944 2935 2943
f 2943 2935 2933
f 2943 2933 2941
f 2938 2946 2948
f 2938 2948 2940
f 2940 2948 2947
f 2940 2947 2939
f 2939 2947 2945
f 2939 2945 2937
f 2950 2942 2944
f 2950 2944 2952
f 2952 2944 2943
f 2952 2943 2951
f 2951 2943 2941
f 2951 2941 2949
f 2946 2954 2956
f 2946 2956 2948
f 2948 2956 2955
f 2948 2955 2947
f 2947 2955 2953
f 2947 2953 2945
f 2958 2950 2952
f 2958 2952 2960
f 2960 2952 2951
f 2960 2951 2959
f 2959 2951 2949
f 2959 2949 2957
f 2954 2962 2964
f 2954 2964 2956
f 2956 2964 2963
f 2956 2963 2955
f 2955 2963 2961
f 2955 2961 2953
f 2966 2958 2960
f 2966 2960 2968
f 2968 2960 2959
f 2968 2959 2967
f 2967 2959 2957
f 2967 2957 2965
f 2962 2970 2972
f 2962 2972 2964
f 2964 2972 2971
f 2964 2971 2963
f 2963 2971 2969
f 2963 2969 2961
f 2974 2966 2968
f 2974 2968 2976
f 2976 2968 2967
f 2976 2967 2975
f 2975 2967 2965
f 2975 2965 2973
f 2970 2978 2980
f 2970 2980 2972
f 2972 2980 2979
f 2972 2979 2971
f 2971 2979 2977
f 2971 2977 2969
f 2982 2974 2976
f 2982 2976 2984
f 2984 2976 2975
f 2984 2975 2983
f 2983 2975 2973
f 2983 2973 2981
f 2978 2986 2988
f 2978 2988 2980
f 2980 2988 2987
f 2980 2987 2979
f 2979 2987 2985
f 2979 2985 2977
f 2990 2982 2984
f 2990 2984 2992
f 2992 2984 2983
f 2992 2983 2991
f 2991 2983 2981
f 2991 2981 2989
f 2986 2994 2996
f 2986 2996 2988
f 2988 2996 2995
f 2988 2995 2987
f 2987 2995 2993
f 2987 2993 2985
f 2998 2990 2992
f 2998 2992 3000
f 3000 2992 2991
f 3000 2991 2999
f 2999 2991 2989
f 2999 2989 2997
f 2994 3002 3004
f 2994 3004 2996
f 2996 3004 3003
f 2996 3003 2995
f 2995 3003 3001
f 2995 3001 2993
f 3006 2998 3000
f 3006 3000 3008
f 3008 3000 2999
f 3008 2999 3007
f 3007 2999 2997
f 3007 2997 3005
f 3002 3010 3012
f 3002 3012 3004
f 3004 3012 3011
f 3004 3011 3003
f 3003 3011 3009
f 3003 3009 3001
f 3014 3006 3008
f 3014 3008 3016
f 3016 3008 3007
f 3016 3007 3015
f 3015 3007 3005
f 3015 3005 3013
f 3010 3018 3020
f 3010 3020 3012
f 3012 3020 3019
f 3012 3019 3011
f 3011 3019 3017
f 3011 3017 3009
f 3022 3014 3016
f 3022 3016 3024
f 3024 3016 3015
f 3024 3015 3023
f 3023 3015 3013
f 3023 3013 3021
f 3018 3026 3028
f 3018 3028 3020
f 3020 3028 3027
f 3020 3027 3019
f 3019 3027 3025
f 3019 3025 3017
f 3030 3022 3024
f 3030 3024 3032
f 3032 3024 3023
f 3032 3023 3031
f 3031 3023 3021
f 3031 3021 3029
f 3026 3034 3036
f 3026 3036 3028
f 3028 3036 3035
f 3028 3035 3027
f 3027 3035 3033
f 3027 3033 3025
f 3038 3030 3032
f 3038 3032 3040
f 3040 3032 3031
f 3040 3031 3039
f 3039 3031 3029
f 3039 3029 3037
f 3034 3042 3044
f 3034 3044 3036
f 3036 3044 3043
f 3036 3043 3035
f 3035 3043 3041
f 3035 3041 3033
f 3046 3038 3040
f 3046 3040 3048
f 3048 3040 3039
f 3048 3039 3047
f 3047 3039 3037
f 3047 3037 3045
f 3042 3050 3052
f 3042 3052 3044
f 3044 3052 3051
f 3044 3051 3043
f 3043 3051 3049
f 3043 3049 3041
f 3054 3046 3048
f 3054 3048 3056
f 3056 3048 3047
f 3056 3047 3055
f 3055 3047 3045
f 3055 3045 3053
f 3050 3058 3060
f 3050 3060 3052
f 3052 3060 3059
f 3052 3059 3051
f 3051 3059 3057
f 3051 3057 3049
f 3062 3054 3056
f 3062 3056 3064
f 3064 3056 3055
f 3064 3055 3063
f 3063 3055 3053
f 3063 3053 3061
f 3058 3066 3068
f 3058 3068 3060
f 3060 3068 3067
f 3060 3067 3059
f 3059 3067 3065
f 3059 3065 3057
f 3070 3062 3064
f 3070 3064 3072
f 3072 3064 3063
f 3072 3063 3071
f 3071 3063 3061
f 3071 3061 3069
f 3066 3074 3076
f 3066 3076 3068
f 3068 3076 3075
f 3068 3075 3067
f 3067 3075 3073
f 3067 3073 3065
f 3078 3070 3072
f 3078 3072 3080
f 3080 3072 3071
f 3080 3071 3079
f 3079 3071 3069
f 3079 3069 3077
f 3074 3082 3084
f 3074 3084 3076
f 3076 3084 3083
f 3076 3083 3075
f 3075 3083 3081
f 3075 3081 3073
f 3086 3078 3080
f 3086 3080 3088
f 3088 3080 3079
f 3088 3079 3087
f 3087 3079 3077
f 3087 3077 3085
f 3082 3090 3092
f 3082 3092 3084
f 3084 3092 3091
f 3084 3091 3083
f 3083 3091 3089
f 3083 3089 3081
f 3094 3086 3088
f 3094 3088 3096
f 3096 3088 3087
f 3096 3087 3095
f 3095 3087 3085
f 3095 3085 3093
f 3090 3098 3100
f 3090 3100 3092
f 3092 3100 3099
f 3092 3099 3091
f 3091 3099 3097
f 3091 3097 3089
f 3102 3094 3096
f 3102 3096 3104
f 3104 3096 3095
f 3104 3095 3103
f 3103 3095 3093
f 3103 3093 3101
f 3098 3106 3108
f 3098 3108 3100
f 3100 3108 3107
f 3100 3107 3099
f 3099 3107 3105
f 3099 3105 3097
f 3110 3102 3104
f 3110 3104 3112
f 3112 3104 3103
f 3112 3103 3111
f 3111 3103 3101
f 3111 3101 3109
f 3106 3114 3116
f 3106 3116 3108
f 3108 3116 3115
f 3108 3115 3107
f 3107 3115 3113
f 3107 3113 3105
f 3118 3110 3112
f 3118 3112 3120
f 3120 3112 3111
f 3120 3111 3119
f 3119 3111 3109
f 3119 3109 3117
f 3114 3122 3124
f 3114 3124 3116
f 3116 3124 3123
f 3116 3123 3115
f 3115 3123 3121
f 3115 3121 3113
f 3126 3118 3120
f 3126 3120 3128
f 3128 3120 3119
f 3128 3119 3127
f 3127 3119 3117
f 3127 3117 3125
f 3122 3130 3132
f 3122 3132 3124
f 3124 3132 3131
f 3124 3131 3123
f 3123 3131 3129
f 3123 3129 3121
f 3134 3126 3128
f 3134 3128 3136
f 3136 3128 3127
f 3136 3127 3135
f 3135 3127 3125
f 3135 3125 3133
f 3130 3138 3140
f 3130 3140 3132
f 3132 3140 3139
f 3132 3139 3131
f 3131 3139 3137
f 3131 3137 3129
f 3142 3134 3136
f 3142 3136 3144
f 3144 3136 3135
f 3144 3135 3143
f 3143 3135 3133
f 3143 3133 3141
f 3138 3146 3148
f 3138 3148 3140
f 3140 3148 3147
f 3140 3147 3139
f 3139 3147 3145
f 3139 3145 3137
f 3150 3142 3144
f 3150 3144 3152
f 3152 3144 3143
f 3152 3143 3151
f 3151 3143 3141
f 3151 3141 3149
f 3146 3154 3156
f 3146 3156 3148
f 3148 3156 3155
f 3148 3155 3147
f 3147 3155 3153
f 3147 3153 3145
f 3158 3150 3152
f 3158 3152 3160
f 3160 3152 3151
f 3160 3151 3159
f 3159 3151 3149
f 3159 3149 3157
f 3154 3162 3164
f 3154 3164 3156
f 3156 3164 3163
f 3156 3163 3155
f 3155 3163 3161
f 3155 3161 3153
f 3166 3158 3160
f 3166 3160 3168
f 3168 3160 3159
f 3168 3159 3167
f 3167 3159 3157
f 3167 3157 3165
f 3162 3170 3172
f 3162 3172 3164
f 3164 3172 3171
f 3164 3171 3163
f 3163 3171 3169
f 3163 3169 3161
f 3174 3166 3168
f 3174 3168 3176
f 3176 3168 3167
f 3176 3167 3175
f 3175 3167 3165
f 3175 3165 3173
f 3170 3178 3180
f 3170 3180 3172
f 3172 3180 3179
f 3172 3179 3171
f 3171 3179 3177
f 3171 3177 3169
f 3182 3174 3176
f 3182 3176 3184
f 3184 3176 3175
f 3184 3175 3183
f 3183 3175 3173
f 3183 3173 3181
f 3178 3186 3188
f 3178 3188 3180
f 3180 3188 3187
f 3180 3187 3179
f 3179 3187 3185
f 3179 3185 3177
f 3190 3182 3184
f 3190 3184 3192
f 3192 3184 3183
f 3192 3183 3191
f 3191 3183 3181
f 3191 3181 3189
f 3186 3194 3196
f 3186 3196 3188
f 3188 3196 3195
f 3188 3195 3187
f 3187 3195 3193
f 3187 3193 3185
f 3198 3190 3192
f 3198 3192 3200
f 3200 3192 3191
f 3200 3191 3199
f 3199 3191 3189
f 3199 3189 3197
f 3194 3202 3204
f 3194 3204 3196
f 3196 3204 3203
f 3196 3203 3195
f 3195 3203 3201
f 3195 3201 3193
f 3206 3198 3200
f 3206 3200 3208
f 3208 3200 3199
f 3208 3199 3207
f 3207 3199 3197
f 3207 3197 3205
f 3202 3210 3212
f 3202 3212 3204
f 3204 3212 3211
f 3204 3211 3203
f 3203 3211 3209
f 3203 3209 3201
f 3214 3206 3208
f 3214 3208 3216
f 3216 3208 3207
f 3216 3207 3215
f 3215 3207 3205
f 3215 3205 3213
f 3210 3218 3220
f 3210 3220 3212
f 3212 3220 3219
f 3212 3219 3211
f 3211 3219 3217
f 3211 3217 3209
f 3222 3214 3216
f 3222 3216 3224
f 3224 3216 3215
f 3224 3215 3223
f 3223 3215 3213
f 3223 3213 3221
f 3218 3226 3228
f 3218 3228 3220
f 3220 3228 3227
f 3220 3227 3219
f 3219 3227 3225
f 3219 3225 3217
f 3230 3222 3224
f 3230 3224 3232
f 3232 3224 3223
f 3232 3223 3231
f 3231 3223 3221
f 3231 3221 3229
f 3226 3234 3236
f 3226 3236 3228
f 3228 3236 3235
f 3228 3235 3227
f 3227 3235 3233
f 3227 3233 3225
f 3238 3230 3232
f 3238 3232 3240
f 3240 3232 3231
f 3240 3231 3239
f 3239 3231 3229
f 3239 3229 3237
f 3234 3242 3244
f 3234 3244 3236
f 3236 3244 3243
f 3236 3243 3235
f 3235 3243 3241
f 3235 3241 3233
f 3246 3238 3240
f 3246 3240 3248
f 3248 3240 3239
f 3248 3239 3247
f 3247 3239 3237
f 3247 3237 3245
f 3242 3250 3252
f 3242 3252 3244
f 3244 3252 3251
f 3244 3251 3243
f 3243 3251 3249
f 3243 3249 3241
f 3254 3246 3248
f 3254 3248 3256
f 3256 3248 3247
f 3256 3247 3255
f 3255 3247 3245
f 3255 3245 3253
f 3250 3258 3260
f 3250 3260 3252
f 3252 3260 3259
f 3252 3259 3251
f 3251 3259 3257
f 3251 3257 3249
f 3262 3254 3256
f 3262 3256 3264
f 3264 3256 3255
f 3264 3255 3263
f 3263 3255 3253
f 3263 3253 3261
f 3258 2882 2884
f 3258 2884 3260
f 3260 2884 2883
f 3260 2883 3259
f 3259 2883 2881
f 3259 2881 3257
f 2886 3262 3264
f 2886 3264 2888
f 2888 3264 3263
f 2888 3263 2887
f 2887 3263 3261
f 2887 3261 2885
f 3257 2881 2889
f 2889 2897 2905
f 2905 2913 2921
f 2921 2929 2937
f 2937 2945 2953
f 2953 2961 2969
f 2969 2977 2985
f 2985 2993 3001
f 3001 3009 3017
f 3017 3025 3033
f 3033 3041 3049
f 3049 3057 3065
f 3065 3073 3081
f 3081 3089 3097
f 3097 3105 3113
f 3113 3121 3129
f 3129 3137 3145
f 3145 3153 3161
f 3161 3169 3177
f 3177 3185 3193
f 3193 3201 3209
f 3209 3217 3225
f 3225 3233 3241
f 3241 3249 3257
f 3257 2889 2905
f 2905 2921 2937
f 2937 2953 2969
f 2969 2985 3001
f 3001 3017 3033
f 3033 3049 3065
f 3065 3081 3097
f 3097 3113 3129
f 3129 3145 3161
f 3161 3177 3193
f 3193 3209 3225
f 3225 3241 3257
f 3257 2905 2937
f 2937 2969 3001
f 3001 3033 3065
f 3065 3097 3129
f 3129 3161 3193
f 3193 3225 3257
f 3257 2937 3001
f 3001 3065 3129
f 3129 3193 3257
f 3001 3129 3257
f 2882 2886 2894
f 2882 2894 2890
f 3258 3262 2886
f 3258 2886 2882
f 2901 2893 2885
f 2885 3261 3253
f 3253 3245 3237
f 3237 3229 3221
f 3221 3213 3205
f 3205 3197 3189
f 3189 3181 3173
f 3173 3165 3157
f 3157 3149 3141
f 3141 3133 3125
f 3125 3117 3109
f 3109 3101 3093
f 3093 3085 3077
f 3077 3069 3061
f 3061 3053 3045
f 3045 3037 3029
f 3029 3021 3013
f 3013 3005 2997
f 2997 2989 2981
f 2981 2973 2965
f 2965 2957 2949
f 2949 2941 2933
f 2933 2925 2917
f 2917 2909 2901
f 2901 2885 3253
f 3253 3237 3221
f 3221 3205 3189
f 3189 3173 3157
f 3157 3141 3125
f 3125 3109 3093
f 3093 3077 3061
f 3061 3045 3029
f 3029 3013 2997
f 2997 2981 2965
f 2965 2949 2933
f 2933 2917 2901
f 2901 3253 3221
f 3221 3189 3157
f 3157 3125 3093
f 3093 3061 3029
f 3029 2997 2965
f 2965 2933 2901
f 2901 3221 3157
f 3157 3093 3029
f 3029 2965 2901
f 3157 3029 2901
f 2890 2894 2902
f 2890 2902 2898
f 2898 2902 2910
f 2898 2910 2906
f 2906 2910 2918
f 2906 2918 2914
f 2914 2918 2926
f 2914 2926 2922
f 2922 2926 2934
f 2922 2934 2930
f 2930 2934 2942
f 2930 2942 2938
f 2938 2942 2950
f 2938 2950 2946
f 2946 2950 2958
f 2946 2958 2954
f 2954 2958 2966
f 2954 2966 2962
f 2962 2966 2974
f 2962 2974 2970
f 2970 2974 2982
f 2970 2982 2978
f 2978 2982 2990
f 2978 2990 2986
f 2986 2990 2998
f 2986 2998 2994
f 2994 2998 3006
f 2994 3006 3002
f 3002 3006 3014
f 3002 3014 3010
f 3010 3014 3022
f 3010 3022 3018
f 3018 3022 3030
f 3018 3030 3026
f 3026 3030 3038
f 3026 3038 3034
f 3034 3038 3046
f 3034 3046 3042
f 3042 3046 3054
f 3042 3054 3050
f 3050 3054 3062
f 3050 3062 3058
f 3058 3062 3070
f 3058 3070 3066
f 3066 3070 3078
f 3066 3078 3074
f 3074 3078 3086
f 3074 3086 3082
f 3082 3086 3094
f 3082 3094 3090
f 3090 3094 3102
f 3090 3102 3098
f 3098 3102 3110
f 3098 3110 3106
f 3106 3110 3118
f 3106 3118 3114
f 3114 3118 3126
f 3114 3126 3122
f 3122 3126 3134
f 3122 3134 3130
f 3130 3134 3142
f 3130 3142 3138
f 3138 3142 3150
f 3138 3150 3146
f 3146 3150 3158
f 3146 3158 3154
f 3154 3158 3166
f 3154 3166 3162
f 3162 3166 3174
f 3162 3174 3170
f 3170 3174 3182
f 3170 3182 3178
f 3178 3182 3190
f 3178 3190 3186
f 3186 3190 3198
f 3186 3198 3194
f 3194 3198 3206
f 3194 3206 3202
f 3202 3206 3214
f 3202 3214 3210
f 3210 3214 3222
f 3210 3222 3218
f 3218 3222 3230
f 3218 3230 3226
f 3226 3230 3238
f 3226 3238 3234
f 3234 3238 3246
f 3234 3246 3242
f 3242 3246 3254
f 3242 3254 3250
f 3250 3254 3262
f 3250 3262 3258
f 3265 3268 3270
f 3265 3270 3269
f 3268 3272 3273
f 3268 3273 3270
f 3266 3271 3273
f 3266 3273 3272
f 3271 3275 3276
f 3271 3276 3273
f 3267 3274 3276
f 3267 3276 3275
f 3274 3269 3270
f 3274 3270 3276
f 3270 3273 3276
f 3277 3280 3282
f 3277 3282 3281
f 3280 3284 3285
f 3280 3285 3282
f 3278 3283 3285
f 3278 3285 3284
f 3283 3287 3288
f 3283 3288 3285
f 3279 3286 3288
f 3279 3288 3287
f 3286 3281 3282
f 3286 3282 3288
f 3282 3285 3288
f 3289 3292 3294
f 3289 3294 3293
f 3292 3296 3297
f 3292 3297 3294
f 3290 3295 3297
f 3290 3297 3296
f 3295 3299 3300
f 3295 3300 3297
f 3291 3298 3300
f 3291 3300 3299
f 3298 3293 3294
f 3298 3294 3300
f 3294 3297 3300
f 3301 3304 3306
f 3301 3306 3305
f 3304 3308 3309
f 3304 3309 3306
f 3302 3307 3309
f 3302 3309 3308
f 3307 3311 3312
f 3307 3312 3309
f 3303 3310 3312
f 3303 3312 3311
f 3310 3305 3306
f 3310 3306 3312
f 3306 3309 3312
f 3313 3316 3318
f 3313 3318 3317
f 3316 3320 3321
f 3316 3321 3318
f 3314 3319 3321
f 3314 3321 3320
f 3319 3323 3324
f 3319 3324 3321
f 3315 3322 3324
f 3315 3324 3323
f 3322 3317 3318
f 3322 3318 3324
f 3318 3321 3324
f 3325 3328 3330
f 3325 3330 3329
f 3328 3332 3333
f 3328 3333 3330
f 3326 3331 3333
f 3326 3333 3332
f 3331 3335 3336
f 3331 3336 3333
f 3327 3334 3336
f 3327 3336 3335
f 3334 3329 3330
f 3334 3330 3336
f 3330 3333 3336
f 3337 3340 3342
f 3337 3342 3341
f 3340 3344 3345
f 3340 3345 3342
f 3338 3343 3345
f 3338 3345 3344
f 3343 3347 3348
f 3343 3348 3345
f 3339 3346 3348
f 3339 3348 3347
f 3346 3341 3342
f 3346 3342 3348
f 3342 3345 3348
f 3349 3352 3354
f 3349 3354 3353
f 3352 3356 3357
f 3352 3357 3354
f 3350 3355 3357
f 3350 3357 3356
f 3355 3359 3360
f 3355 3360 3357
f 3351 3358 3360
f 3351 3360 3359
f 3358 3353 3354
f 3358 3354 3360
f 3354 3357 3360
f 3289 3265 3269
f 3289 3269 3292
f 3292 3269 3274
f 3292 3274 3296
f 3296 3274 3267
f 3296 3267 3290
f 3266 3277 3281
f 3266 3281 3271
f 3271 3281 3286
f 3271 3286 3275
f 3275 3286 3279
f 3275 3279 3267
f 3278 3301 3305
f 3278 3305 3283
f 3283 3305 3310
f 3283 3310 3287
f 3287 3310 3303
f 3287 3303 3279
f 3302 3291 3299
f 3302 3299 3307
f 3307 3299 3295
f 3307 3295 3311
f 3311 3295 3290
f 3311 3290 3303
f 3337 3289 3293
f 3337 3293 3340
f 3340 3293 3298
f 3340 3298 3344
f 3344 3298 3291
f 3344 3291 3338
f 3301 3349 3353
f 3301 3353 3304
f 3304 3353 3358
f 3304 3358 3308
f 3308 3358 3351
f 3308 3351 3302
f 3350 3339 3347
f 3350 3347 3355
f 3355 3347 3343
f 3355 3343 3359
f 3359 3343 3338
f 3359 3338 3351
f 3313 3337 3341
f 3313 3341 3316
f 3316 3341 3346
f 3316 3346 3320
f 3320 3346 3339
f 3320 3339 3314
f 3349 3325 3329
f 3349 3329 3352
f 3352 3329 3334
f 3352 3334 3356
f 3356 3334 3327
f 3356 3327 3350
f 3326 3315 3323
f 3326 3323 3331
f 3331 3323 3319
f 3331 3319 3335
f 3335 3319 3314
f 3335 3314 3327
f 3265 3313 3317
f 3265 3317 3268
f 3268 3317 3322
f 3268 3322 3272
f 3272 3322 3315
f 3272 3315 3266
f 3325 3278 3284
f 3325 3284 3328
f 3328 3284 3280
f 3328 3280 3332
f 3332 3280 3277
f 3332 3277 3326
f 3289 3337 3313
f 3289 3313 3265
f 3267 3279 3303
f 3267 3303 3290
f 3315 3326 3277
f 3315 3277 3266
f 3349 3301 3278
f 3349 3278 3325
f 3291 3302 3351
f 3291 3351 3338
f 3339 3350 3327
f 3339 3327 3314
f 3361 3364 3366
f 3361 3366 3365
f 3364 3368 3369
f 3364 3369 3366
f 3362 3367 3369
f 3362 3369 3368
f 3367 3371 3372
f 3367 3372 3369
f 3363 3370 3372
f 3363 3372 3371
f 3370 3365 3366
f 3370 3366 3372
f 3366 3369 3372
f 3373 3376 3378
f 3373 3378 3377
f 3376 3380 3381
f 3376 3381 3378
f 3374 3379 3381
f 3374 3381 3380
f 3379 3383 3384
f 3379 3384 3381
f 3375 3382 3384
f 3375 3384 3383
f 3382 3377 3378
f 3382 3378 3384
f 3378 3381 3384
f 3385 3388 3390
f 3385 3390 3389
f 3388 3392 3393
f 3388 3393 3390
f 3386 3391 3393
f 3386 3393 3392
f 3391 3395 3396
f 3391 3396 3393
f 3387 3394 3396
f 3387 3396 3395
f 3394 3389 3390
f 3394 3390 3396
f 3390 3393 3396
f 3397 3400 3402
f 3397 3402 3401
f 3400 3404 3405
f 3400 3405 3402
f 3398 3403 3405
f 3398 3405 3404
f 3403 3407 3408
f 3403 3408 3405
f 3399 3406 3408
f 3399 3408 3407
f 3406 3401 3402
f 3406 3402 3408
f 3402 3405 3408
f 3409 3412 3414
f 3409 3414 3413
f 3412 3416 3417
f 3412 3417 3414
f 3410 3415 3417
f 3410 3417 3416
f 3415 3419 3420
f 3415 3420 3417
f 3411 3418 3420
f 3411 3420 3419
f 3418 3413 3414
f 3418 3414 3420
f 3414 3417 3420
f 3421 3424 3426
f 3421 3426 3425
f 3424 3428 3429
f 3424 3429 3426
f 3422 3427 3429
f 3422 3429 3428
f 3427 3431 3432
f 3427 3432 3429
f 3423 3430 3432
f 3423 3432 3431
f 3430 3425 3426
f 3430 3426 3432
f 3426 3429 3432
f 3433 3436 3438
f 3433 3438 3437
f 3436 3440 3441
f 3436 3441 3438
f 3434 3439 3441
f 3434 3441 3440
f 3439 3443 3444
f 3439 3444 3441
f 3435 3442 3444
f 3435 3444 3443
f 3442 3437 3438
f 3442 3438 3444
f 3438 3441 3444
f 3445 3448 3450
f 3445 3450 3449
f 3448 3452 3453
f 3448 3453 3450
f 3446 3451 3453
f 3446 3453 3452
f 3451 3455 3456
f 3451 3456 3453
f 3447 3454 3456
f 3447 3456 3455
f 3454 3449 3450
f 3454 3450 3456
f 3450 3453 3456
f 3385 3361 3365
f 3385 3365 3388
f 3388 3365 3370
f 3388 3370 3392
f 3392 3370 3363
f 3392 3363 3386
f 3362 3373 3377
f 3362 3377 3367
f 3367 3377 3382
f 3367 3382 3371
f 3371 3382 3375
f 3371 3375 3363
f 3374 3397 3401
f 3374 3401 3379
f 3379 3401 3406
f 3379 3406 3383
f 3383 3406 3399
f 3383 3399 3375
f 3398 3387 3395
f 3398 3395 3403
f 3403 3395 3391
f 3403 3391 3407
f 3407 3391 3386
f 3407 3386 3399
f 3433 3385 3389
f 3433 3389 3436
f 3436 3389 3394
f 3436 3394 3440
f 3440 3394 3387
f 3440 3387 3434
f 3397 3445 3449
f 3397 3449 3400
f 3400 3449 3454
f 3400 3454 3404
f 3404 3454 3447
f 3404 3447 3398
f 3446 3435 3443
f 3446 3443 3451
f 3451 3443 3439
f 3451 3439 3455
f 3455 3439 3434
f 3455 3434 3447
f 3409 3433 3437
f 3409 3437 3412
f 3412 3437 3442
f 3412 3442 3416
f 3416 3442 3435
f 3416 3435 3410
f 3445 3421 3425
f 3445 3425 3448
f 3448 3425 3430
f 3448 3430 3452
f 3452 3430 3423
f 3452 3423 3446
f 3422 3411 3419
f 3422 3419 3427
f 3427 3419 3415
f 3427 3415 3431
f 3431 3415 3410
f 3431 3410 3423
f 3361 3409 3413
f 3361 3413 3364
f 3364 3413 3418
f 3364 3418 3368
f 3368 3418 3411
f 3368 3411 3362
f 3421 3374 3380
f 3421 3380 3424
f 3424 3380 3376
f 3424 3376 3428
f 3428 3376 3373
f 3428 3373 3422
f 3385 3433 3409
f 3385 3409 3361
f 3363 3375 3399
f 3363 3399 3386
f 3411 3422 3373
f 3411 3373 3362
f 3445 3397 3374
f 3445 3374 3421
f 3387 3398 3447
f 3387 3447 3434
f 3435 3446 3423
f 3435 3423 3410
f 3457 3460 3462
f 3457 3462 3461
f 3460 3464 3465
f 3460 3465 3462
f 3458 3463 3465
f 3458 3465 3464
f 3463 3467 3468
f 3463 3468 3465
f 3459 3466 3468
f 3459 3468 3467
f 3466 3461 3462
f 3466 3462 3468
f 3462 3465 3468
f 3469 3472 3474
f 3469 3474 3473
f 3472 3476 3477
f 3472 3477 3474
f 3470 3475 3477
f 3470 3477 3476
f 3475 3479 3480
f 3475 3480 3477
f 3471 3478 3480
f 3471 3480 3479
f 3478 3473 3474
f 3478 3474 3480
f 3474 3477 3480
f 3481 3484 3486
f 3481 3486 3485
f 3484 3488 3489
f 3484 3489 3486
f 3482 3487 3489
f 3482 3489 3488
f 3487 3491 3492
f 3487 3492 3489
f 3483 3490 3492
f 3483 3492 3491
f 3490 3485 3486
f 3490 3486 3492
f 3486 3489 3492
f 3493 3496 3498
f 3493 3498 3497
f 3496 3500 3501
f 3496 3501 3498
f 3494 3499 3501
f 3494 3501 3500
f 3499 3503 3504
f 3499 3504 3501
f 3495 3502 3504
f 3495 3504 3503
f 3502 3497 3498
f 3502 3498 3504
f 3498 3501 3504
f 3505 3508 3510
f 3505 3510 3509
f 3508 3512 3513
f 3508 3513 3510
f 3506 3511 3513
f 3506 3513 3512
f 3511 3515 3516
f 3511 3516 3513
f 3507 3514 3516
f 3507 3516 3515
f 3514 3509 3510
f 3514 3510 3516
f 3510 3513 3516
f 3517 3520 3522
f 3517 3522 3521
f 3520 3524 3525
f 3520 3525 3522
f 3518 3523 3525
f 3518 3525 3524
f 3523 3527 3528
f 3523 3528 3525
f 3519 3526 3528
f 3519 3528 3527
f 3526 3521 3522
f 3526 3522 3528
f 3522 3525 3528
f 3529 3532 3534
f 3529 3534 3533
f 3532 3536 3537
f 3532 3537 3534
f 3530 3535 3537
f 3530 3537 3536
f 3535 3539 3540
f 3535 3540 3537
f 3531 3538 3540
f 3531 3540 3539
f 3538 3533 3534
f 3538 3534 3540
f 3534 3537 3540
f 3541 3544 3546
f 3541 3546 3545
f 3544 3548 3549
f 3544 3549 3546
f 3542 3547 3549
f 3542 3549 3548
f 3547 3551 3552
f 3547 3552 3549
f 3543 3550 3552
f 3543 3552 3551
f 3550 3545 3546
f 3550 3546 3552
f 3546 3549 3552
f 3481 3457 3461
f 3481 3461 3484
f 3484 3461 3466
f 3484 3466 3488
f 3488 3466 3459
f 3488 3459 3482
f 3458 3469 3473
f 3458 3473 3463
f 3463 3473 3478
f 3463 3478 3467
f 3467 3478 3471
f 3467 3471 3459
f 3470 3493 3497
f 3470 3497 3475
f 3475 3497 3502
f 3475 3502 3479
f 3479 3502 3495
f 3479 3495 3471
f 3494 3483 3491
f 3494 3491 3499
f 3499 3491 3487
f 3499 3487 3503
f 3503 3487 3482
f 3503 3482 3495
f 3529 3481 3485
f 3529 3485 3532
f 3532 3485 3490
f 3532 3490 3536
f 3536 3490 3483
f 3536 3483 3530
f 3493 3541 3545
f 3493 3545 3496
f 3496 3545 3550
f 3496 3550 3500
f 3500 3550 3543
f 3500 3543 3494
f 3542 3531 3539
f 3542 3539 3547
f 3547 3539 3535
f 3547 3535 3551
f 3551 3535 3530
f 3551 3530 3543
f 3505 3529 3533
f 3505 3533 3508
f 3508 3533 3538
f 3508 3538 3512
f 3512 3538 3531
f 3512 3531 3506
f 3541 3517 3521
f 3541 3521 3544
f 3544 3521 3526
f 3544 3526 3548
f 3548 3526 3519
f 3548 3519 3542
f 3518 3507 3515
f 3518 3515 3523
f 3523 3515 3511
f 3523 3511 3527
f 3527 3511 3506
f 3527 3506 3519
f 3457 3505 3509
f 3457 3509 3460
f 3460 3509 3514
f 3460 3514 3464
f 3464 3514 3507
f 3464 3507 3458
f 3517 3470 3476
f 3517 3476 3520
f 3520 3476 3472
f 3520 3472 3524
f 3524 3472 3469
f 3524 3469 3518
f 3481 3529 3505
f 3481 3505 3457
f 3459 3471 3495
f 3459 3495 3482
f 3507 3518 3469
f 3507 3469 3458
f 3541 3493 3470
f 3541 3470 3517
f 3483 3494 3543
f 3483 3543 3530
f 3531 3542 3519
f 3531 3519 3506
f 3553 3556 3558
f 3553 3558 3557
f 3556 3560 3561
f 3556 3561 3558
f 3554 3559 3561
f 3554 3561 3560
f 3559 3563 3564
f 3559 3564 3561
f 3555 3562 3564
f 3555 3564 3563
f 3562 3557 3558
f 3562 3558 3564
f 3558 3561 3564
f 3565 3568 3570
f 3565 3570 3569
f 3568 3572 3573
f 3568 3573 3570
f 3566 3571 3573
f 3566 3573 3572
f 3571 3575 3576
f 3571 3576 3573
f 3567 3574 3576
f 3567 3576 3575
f 3574 3569 3570
f 3574 3570 3576
f 3570 3573 3576
f 3577 3580 3582
f 3577 3582 3581
f 3580 3584 3585
f 3580 3585 3582
f 3578 3583 3585
f 3578 3585 3584
f 3583 3587 3588
f 3583 3588 3585
f 3579 3586 3588
f 3579 3588 3587
f 3586 3581 3582
f 3586 3582 3588
f 3582 3585 3588
f 3589 3592 3594
f 3589 3594 3593
f 3592 3596 3597
f 3592 3597 3594
f 3590 3595 3597
f 3590 3597 3596
f 3595 3599 3600
f 3595 3600 3597
f 3591 3598 3600
f 3591 3600 3599
f 3598 3593 3594
f 3598 3594 3600
f 3594 3597 3600
f 3601 3604 3606
f 3601 3606 3605
f 3604 3608 3609
f 3604 3609 3606
f 3602 3607 3609
f 3602 3609 3608
f 3607 3611 3612
f 3607 3612 3609
f 3603 3610 3612
f 3603 3612 3611
f 3610 3605 3606
f 3610 3606 3612
f 3606 3609 3612
f 3613 3616 3618
f 3613 3618 3617
f 3616 3620 3621
f 3616 3621 3618
f 3614 3619 3621
f 3614 3621 3620
f 3619 3623 3624
f 3619 3624 3621
f 3615 3622 3624
f 3615 3624 3623
f 3622 3617 3618
f 3622 3618 3624
f 3618 3621 3624
f 3625 3628 3630
f 3625 3630 3629
f 3628 3632 3633
f 3628 3633 3630
f 3626 3631 3633
f 3626 3633 3632
f 3631 3635 3636
f 3631 3636 3633
f 3627 3634 3636
f 3627 3636 3635
f 3634 3629 3630
f 3634 3630 3636
f 3630 3633 3636
f 3637 3640 3642
f 3637 3642 3641
f 3640 3644 3645
f 3640 3645 3642
f 3638 3643 3645
f 3638 3645 3644
f 3643 3647 3648
f 3643 3648 3645
f 3639 3646 3648
f 3639 3648 3647
f 3646 3641 3642
f 3646 3642 3648
f 3642 3645 3648
f 3577 3553 3557
f 3577 3557 3580
f 3580 3557 3562
f 3580 3562 3584
f 3584 3562 3555
f 3584 3555 3578
f 3554 3565 3569
f 3554 3569 3559
f 3559 3569 3574
f 3559 3574 3563
f 3563 3574 3567
f 3563 3567 3555
f 3566 3589 3593
f 3566 3593 3571
f 3571 3593 3598
f 3571 3598 3575
f 3575 3598 3591
f 3575 3591 3567
f 3590 3579 3587
f 3590 3587 3595
f 3595 3587 3583
f 3595 3583 3599
f 3599 3583 3578
f 3599 3578 3591
f 3625 3577 3581
f 3625 3581 3628
f 3628 3581 3586
f 3628 3586 3632
f 3632 3586 3579
f 3632 3579 3626
f 3589 3637 3641
f 3589 3641 3592
f 3592 3641 3646
f 3592 3646 3596
f 3596 3646 3639
f 3596 3639 3590
f 3638 3627 3635
f 3638 3635 3643
f 3643 3635 3631
f 3643 3631 3647
f 3647 3631 3626
f 3647 3626 3639
f 3601 3625 3629
f 3601 3629 3604
f 3604 3629 3634
f 3604 3634 3608
f 3608 3634 3627
f 3608 3627 3602
f 3637 3613 3617
f 3637 3617 3640
f 3640 3617 3622
f 3640 3622 3644
f 3644 3622 3615
f 3644 3615 3638
f 3614 3603 3611
f 3614 3611 3619
f 3619 3611 3607
f 3619 3607 3623
f 3623 3607 3602
f 3623 3602 3615
f 3553 3601 3605
f 3553 3605 3556
f 3556 3605 3610
f 3556 3610 3560
f 3560 3610 3603
f 3560 3603 3554
f 3613 3566 3572
f 3613 3572 3616
f 3616 3572 3568
f 3616 3568 3620
f 3620 3568 3565
f 3620 3565 3614
f 3577 3625 3601
f 3577 3601 3553
f 3555 3567 3591
f 3555 3591 3578
f 3603 3614 3565
f 3603 3565 3554
f 3637 3589 3566
f 3637 3566 3613
f 3579 3590 3639
f 3579 3639 3626
f 3627 3638 3615
f 3627 3615 3602
f 3649 3652 3654
f 3649 3654 3653
f 3652 3656 3657
f 3652 3657 3654
f 3650 3655 3657
f 3650 3657 3656
f 3655 3659 3660
f 3655 3660 3657
f 3651 3658 3660
f 3651 3660 3659
f 3658 3653 3654
f 3658 3654 3660
f 3654 3657 3660
f 3661 3664 3666
f 3661 3666 3665
f 3664 3668 3669
f 3664 3669 3666
f 3662 3667 3669
f 3662 3669 3668
f 3667 3671 3672
f 3667 3672 3669
f 3663 3670 3672
f 3663 3672 3671
f 3670 3665 3666
f 3670 3666 3672
f 3666 3669 3672
f 3673 3676 3678
f 3673 3678 3677
f 3676 3680 3681
f 3676 3681 3678
f 3674 3679 3681
f 3674 3681 3680
f 3679 3683 3684
f 3679 3684 3681
f 3675 3682 3684
f 3675 3684 3683
f 3682 3677 3678
f 3682 3678 3684
f 3678 3681 3684
f 3685 3688 3690
f 3685 3690 3689
f 3688 3692 3693
f 3688 3693 3690
f 3686 3691 3693
f 3686 3693 3692
f 3691 3695 3696
f 3691 3696 3693
f 3687 3694 3696
f 3687 3696 3695
f 3694 3689 3690
f 3694 3690 3696
f 3690 3693 3696
f 3697 3700 3702
f 3697 3702 3701
f 3700 3704 3705
f 3700 3705 3702
f 3698 3703 3705
f 3698 3705 3704
f 3703 3707 3708
f 3703 3708 3705
f 3699 3706 3708
f 3699 3708 3707
f 3706 3701 3702
f 3706 3702 3708
f 3702 3705 3708
f 3709 3712 3714
f 3709 3714 3713
f 3712 3716 3717
f 3712 3717 3714
f 3710 3715 3717
f 3710 3717 3716
f 3715 3719 3720
f 3715 3720 3717
f 3711 3718 3720
f 3711 3720 3719
f 3718 3713 3714
f 3718 3714 3720
f 3714 3717 3720
f 3721 3724 3726
f 3721 3726 3725
f 3724 3728 3729
f 3724 3729 3726
f 3722 3727 3729
f 3722 3729 3728
f 3727 3731 3732
f 3727 3732 3729
f 3723 3730 3732
f 3723 3732 3731
f 3730 3725 3726
f 3730 3726 3732
f 3726 3729 3732
f 3733 3736 3738
f 3733 3738 3737
f 3736 3740 3741
f 3736 3741 3738
f 3734 3739 3741
f 3734 3741 3740
f 3739 3743 3744
f 3739 3744 3741
f 3735 3742 3744
f 3735 3744 3743
f 3742 3737 3738
f 3742 3738 3744
f 3738 3741 3744
f 3673 3649 3653
f 3673 3653 3676
f 3676 3653 3658
f 3676 3658 3680
f 3680 3658 3651
f 3680 3651 3674
f 3650 3661 3665
f 3650 3665 3655
f 3655 3665 3670
f 3655 3670 3659
f 3659 3670 3663
f 3659 3663 3651
f 3662 3685 3689
f 3662 3689 3667
f 3667 3689 3694
f 3667 3694 3671
f 3671 3694 3687
f 3671 3687 3663
f 3686 3675 3683
f 3686 3683 3691
f 3691 3683 3679
f 3691 3679 3695
f 3695 3679 3674
f 3695 3674 3687
f 3721 3673 3677
f 3721 3677 3724
f 3724 3677 3682
f 3724 3682 3728
f 3728 3682 3675
f 3728 3675 3722
f 3685 3733 3737
f 3685 3737 3688
f 3688 3737 3742
f 3688 3742 3692
f 3692 3742 3735
f 3692 3735 3686
f 3734 3723 3731
f 3734 3731 3739
f 3739 3731 3727
f 3739 3727 3743
f 3743 3727 3722
f 3743 3722 3735
f 3697 3721 3725
f 3697 3725 3700
f 3700 3725 3730
f 3700 3730 3704
f 3704 3730 3723
f 3704 3723 3698
f 3733 3709 3713
f 3733 3713 3736
f 3736 3713 3718
f 3736 3718 3740
f 3740 3718 3711
f 3740 3711 3734
f 3710 3699 3707
f 3710 3707 3715
f 3715 3707 3703
f 3715 3703 3719
f 3719 3703 3698
f 3719 3698 3711
f 3649 3697 3701
f 3649 3701 3652
f 3652 3701 3706
f 3652 3706 3656
f 3656 3706 3699
f 3656 3699 3650
f 3709 3662 3668
f 3709 3668 3712
f 3712 3668 3664
f 3712 3664 3716
f 3716 3664 3661
f 3716 3661 3710
f 3673 3721 3697
f 3673 3697 3649
f 3651 3663 3687
f 3651 3687 3674
f 3699 3710 3661
f 3699 3661 3650
f 3733 3685 3662
f 3733 3662 3709
f 3675 3686 3735
f 3675 3735 3722
f 3723 3734 3711
f 3723 3711 3698
f 3746 3754 3756
f 3746 3756 3748
f 3748 3756 3755
f 3748 3755 3747
f 3747 3755 3753
f 3747 3753 3745
f 3758 3750 3752
f 3758 3752 3760
f 3760 3752 3751
f 3760 3751 3759
f 3759 3751 3749
f 3759 3749 3757
f 3754 3762 3764
f 3754 3764 3756
f 3756 3764 3763
f 3756 3763 3755
f 3755 3763 3761
f 3755 3761 3753
f 3766 3758 3760
f 3766 3760 3768
f 3768 3760 3759
f 3768 3759 3767
f 3767 3759 3757
f 3767 3757 3765
f 3762 3770 3772
f 3762 3772 3764
f 3764 3772 3771
f 3764 3771 3763
f 3763 3771 3769
f 3763 3769 3761
f 3774 3766 3768
f 3774 3768 3776
f 3776 3768 3767
f 3776 3767 3775
f 3775 3767 3765
f 3775 3765 3773
f 3770 3778 3780
f 3770 3780 3772
f 3772 3780 3779
f 3772 3779 3771
f 3771 3779 3777
f 3771 3777 3769
f 3782 3774 3776
f 3782 3776 3784
f 3784 3776 3775
f 3784 3775 3783
f 3783 3775 3773
f 3783 3773 3781
f 3778 3786 3788
f 3778 3788 3780
f 3780 3788 3787
f 3780 3787 3779
f 3779 3787 3785
f 3779 3785 3777
f 3790 3782 3784
f 3790 3784 3792
f 3792 3784 3783
f 3792 3783 3791
f 3791 3783 3781
f 3791 3781 3789
f 3786 3794 3796
f 3786 3796 3788
f 3788 3796 3795
f 3788 3795 3787
f 3787 3795 3793
f 3787 3793 3785
f 3798 3790 3792
f 3798 3792 3800
f 3800 3792 3791
f 3800 3791 3799
f 3799 3791 3789
f 3799 3789 3797
f 3794 3802 3804
f 3794 3804 3796
f 3796 3804 3803
f 3796 3803 3795
f 3795 3803 3801
f 3795 3801 3793
f 3806 3798 3800
f 3806 3800 3808
f 3808 3800 3799
f 3808 3799 3807
f 3807 3799 3797
f 3807 3797 3805
f 3802 3810 3812
f 3802 3812 3804
f 3804 3812 3811
f 3804 3811 3803
f 3803 3811 3809
f 3803 3809 3801
f 3814 3806 3808
f 3814 3808 3816
f 3816 3808 3807
f 3816 3807 3815
f 3815 3807 3805
f 3815 3805 3813
f 3810 3818 3820
f 3810 3820 3812
f 3812 3820 3819
f 3812 3819 3811
f 3811 3819 3817
f 3811 3817 3809
f 3822 3814 3816
f 3822 3816 3824
f 3824 3816 3815
f 3824 3815 3823
f 3823 3815 3813
f 3823 3813 3821
f 3818 3826 3828
f 3818 3828 3820
f 3820 3828 3827
f 3820 3827 3819
f 3819 3827 3825
f 3819 3825 3817
f 3830 3822 3824
f 3830 3824 3832
f 3832 3824 3823
f 3832 3823 3831
f 3831 3823 3821
f 3831 3821 3829
f 3826 3834 3836
f 3826 3836 3828
f 3828 3836 3835
f 3828 3835 3827
f 3827 3835 3833
f 3827 3833 3825
f 3838 3830 3832
f 3838 3832 3840
f 3840 3832 3831
f 3840 3831 3839
f 3839 3831 3829
f 3839 3829 3837
f 3834 3842 3844
f 3834 3844 3836
f 3836 3844 3843
f 3836 3843 3835
f 3835 3843 3841
f 3835 3841 3833
f 3846 3838 3840
f 3846 3840 3848
f 3848 3840 3839
f 3848 3839 3847
f 3847 3839 3837
f 3847 3837 3845
f 3842 3850 3852
f 3842 3852 3844
f 3844 3852 3851
f 3844 3851 3843
f 3843 3851 3849
f 3843 3849 3841
f 3854 3846 3848
f 3854 3848 3856
f 3856 3848 3847
f 3856 3847 3855
f 3855 3847 3845
f 3855 3845 3853
f 3850 3858 3860
f 3850 3860 3852
f 3852 3860 3859
f 3852 3859 3851
f 3851 3859 3857
f 3851 3857 3849
f 3862 3854 3856
f 3862 3856 3864
f 3864 3856 3855
f 3864 3855 3863
f 3863 3855 3853
f 3863 3853 3861
f 3858 3866 3868
f 3858 3868 3860
f 3860 3868 3867
f 3860 3867 3859
f 3859 3867 3865
f 3859 3865 3857
f 3870 3862 3864
f 3870 3864 3872
f 3872 3864 3863
f 3872 3863 3871
f 3871 3863 3861
f 3871 3861 3869
f 3866 3874 3876
f 3866 3876 3868
f 3868 3876 3875
f 3868 3875 3867
f 3867 3875 3873
f 3867 3873 3865
f 3878 3870 3872
f 3878 3872 3880
f 3880 3872 3871
f 3880 3871 3879
f 3879 3871 3869
f 3879 3869 3877
f 3874 3882 3884
f 3874 3884 3876
f 3876 3884 3883
f 3876 3883 3875
f 3875 3883 3881
f 3875 3881 3873
f 3886 3878 3880
f 3886 3880 3888
f 3888 3880 3879
f 3888 3879 3887
f 3887 3879 3877
f 3887 3877 3885
f 3882 3890 3892
f 3882 3892 3884
f 3884 3892 3891
f 3884 3891 3883
f 3883 3891 3889
f 3883 3889 3881
f 3894 3886 3888
f 3894 3888 3896
f 3896 3888 3887
f 3896 3887 3895
f 3895 3887 3885
f 3895 3885 3893
f 3890 3898 3900
f 3890 3900 3892
f 3892 3900 3899
f 3892 3899 3891
f 3891 3899 3897
f 3891 3897 3889
f 3902 3894 3896
f 3902 3896 3904
f 3904 3896 3895
f 3904 3895 3903
f 3903 3895 3893
f 3903 3893 3901
f 3898 3906 3908
f 3898 3908 3900
f 3900 3908 3907
f 3900 3907 3899
f 3899 3907 3905
f 3899 3905 3897
f 3910 3902 3904
f 3910 3904 3912
f 3912 3904 3903
f 3912 3903 3911
f 3911 3903 3901
f 3911 3901 3909
f 3906 3914 3916
f 3906 3916 3908
f 3908 3916 3915
f 3908 3915 3907
f 3907 3915 3913
f 3907 3913 3905
f 3918 3910 3912
f 3918 3912 3920
f 3920 3912 3911
f 3920 3911 3919
f 3919 3911 3909
f 3919 3909 3917
f 3914 3922 3924
f 3914 3924 3916
f 3916 3924 3923
f 3916 3923 3915
f 3915 3923 3921
f 3915 3921 3913
f 3926 3918 3920
f 3926 3920 3928
f 3928 3920 3919
f 3928 3919 3927
f 3927 3919 3917
f 3927 3917 3925
f 3922 3930 3932
f 3922 3932 3924
f 3924 3932 3931
f 3924 3931 3923
f 3923 3931 3929
f 3923 3929 3921
f 3934 3926 3928
f 3934 3928 3936
f 3936 3928 3927
f 3936 3927 3935
f 3935 3927 3925
f 3935 3925 3933
f 3930 3938 3940
f 3930 3940 3932
f 3932 3940 3939
f 3932 3939 3931
f 3931 3939 3937
f 3931 3937 3929
f 3942 3934 3936
f 3942 3936 3944
f 3944 3936 3935
f 3944 3935 3943
f 3943 3935 3933
f 3943 3933 3941
f 3938 3946 3948
f 3938 3948 3940
f 3940 3948 3947
f 3940 3947 3939
f 3939 3947 3945
f 3939 3945 3937
f 3950 3942 3944
f 3950 3944 3952
f 3952 3944 3943
f 3952 3943 3951
f 3951 3943 3941
f 3951 3941 3949
f 3946 3954 3956
f 3946 3956 3948
f 3948 3956 3955
f 3948 3955 3947
f 3947 3955 3953
f 3947 3953 3945
f 3958 3950 3952
f 3958 3952 3960
f 3960 3952 3951
f 3960 3951 3959
f 3959 3951 3949
f 3959 3949 3957
f 3954 3962 3964
f 3954 3964 3956
f 3956 3964 3963
f 3956 3963 3955
f 3955 3963 3961
f 3955 3961 3953
f 3966 3958 3960
f 3966 3960 3968
f 3968 3960 3959
f 3968 3959 3967
f 3967 3959 3957
f 3967 3957 3965
f 3962 3970 3972
f 3962 3972 3964
f 3964 3972 3971
f 3964 3971 3963
f 3963 3971 3969
f 3963 3969 3961
f 3974 3966 3968
f 3974 3968 3976
f 3976 3968 3967
f 3976 3967 3975
f 3975 3967 3965
f 3975 3965 3973
f 3970 3978 3980
f 3970 3980 3972
f 3972 3980 3979
f 3972 3979 3971
f 3971 3979 3977
f 3971 3977 3969
f 3982 3974 3976
f 3982 3976 3984
f 3984 3976 3975
f 3984 3975 3983
f 3983 3975 3973
f 3983 3973 3981
f 3978 3986 3988
f 3978 3988 3980
f 3980 3988 3987
f 3980 3987 3979
f 3979 3987 3985
f 3979 3985 3977
f 3990 3982 3984
f 3990 3984 3992
f 3992 3984 3983
f 3992 3983 3991
f 3991 3983 3981
f 3991 3981 3989
f 3986 3994 3996
f 3986 3996 3988
f 3988 3996 3995
f 3988 3995 3987
f 3987 3995 3993
f 3987 3993 3985
f 3998 3990 3992
f 3998 3992 4000
f 4000 3992 3991
f 4000 3991 3999
f 3999 3991 3989
f 3999 3989 3997
f 3994 4002 4004
f 3994 4004 3996
f 3996 4004 4003
f 3996 4003 3995
f 3995 4003 4001
f 3995 4001 3993
f 4006 3998 4000
f 4006 4000 4008
f 4008 4000 3999
f 4008 3999 4007
f 4007 3999 3997
f 4007 3997 4005
f 4002 4010 4012
f 4002 4012 4004
f 4004 4012 4011
f 4004 4011 4003
f 4003 4011 4009
f 4003 4009 4001
f 4014 4006 4008
f 4014 4008 4016
f 4016 4008 4007
f 4016 4007 4015
f 4015 4007 4005
f 4015 4005 4013
f 4010 4018 4020
f 4010 4020 4012
f 4012 4020 4019
f 4012 4019 4011
f 4011 4019 4017
f 4011 4017 4009
f 4022 4014 4016
f 4022 4016 4024
f 4024 4016 4015
f 4024 4015 4023
f 4023 4015 4013
f 4023 4013 4021
f 4018 4026 4028
f 4018 4028 4020
f 4020 4028 4027
f 4020 4027 4019
f 4019 4027 4025
f 4019 4025 4017
f 4030 4022 4024
f 4030 4024 4032
f 4032 4024 4023
f 4032 4023 4031
f 4031 4023 4021
f 4031 4021 4029
f 4026 4034 4036
f 4026 4036 4028
f 4028 4036 4035
f 4028 4035 4027
f 4027 4035 4033
f 4027 4033 4025
f 4038 4030 4032
f 4038 4032 4040
f 4040 4032 4031
f 4040 4031 4039
f 4039 4031 4029
f 4039 4029 4037
f 4034 4042 4044
f 4034 4044 4036
f 4036 4044 4043
f 4036 4043 4035
f 4035 4043 4041
f 4035 4041 4033
f 4046 4038 4040
f 4046 4040 4048
f 4048 4040 4039
f 4048 4039 4047
f 4047 4039 4037
f 4047 4037 4045
f 4042 4050 4052
f 4042 4052 4044
f 4044 4052 4051
f 4044 4051 4043
f 4043 4051 4049
f 4043 4049 4041
f 4054 4046 4048
f 4054 4048 4056
f 4056 4048 4047
f 4056 4047 4055
f 4055 4047 4045
f 4055 4045 4053
f 4050 4058 4060
f 4050 4060 4052
f 4052 4060 4059
f 4052 4059 4051
f 4051 4059 4057
f 4051 4057 4049
f 4062 4054 4056
f 4062 4056 4064
f 4064 4056 4055
f 4064 4055 4063
f 4063 4055 4053
f 4063 4053 4061
f 4058 4066 4068
f 4058 4068 4060
f 4060 4068 4067
f 4060 4067 4059
f 4059 4067 4065
f 4059 4065 4057
f 4070 4062 4064
f 4070 4064 4072
f 4072 4064 4063
f 4072 4063 4071
f 4071 4063 4061
f 4071 4061 4069
f 4066 4074 4076
f 4066 4076 4068
f 4068 4076 4075
f 4068 4075 4067
f 4067 4075 4073
f 4067 4073 4065
f 4078 4070 4072
f 4078 4072 4080
f 4080 4072 4071
f 4080 4071 4079
f 4079 4071 4069
f 4079 4069 4077
f 4074 4082 4084
f 4074 4084 4076
f 4076 4084 4083
f 4076 4083 4075
f 4075 4083 4081
f 4075 4081 4073
f 4086 4078 4080
f 4086 4080 4088
f 4088 4080 4079
f 4088 4079 4087
f 4087 4079 4077
f 4087 4077 4085
f 4082 4090 4092
f 4082 4092 4084
f 4084 4092 4091
f 4084 4091 4083
f 4083 4091 4089
f 4083 4089 4081
f 4094 4086 4088
f 4094 4088 4096
f 4096 4088 4087
f 4096 4087 4095
f 4095 4087 4085
f 4095 4085 4093
f 4090 4098 4100
f 4090 4100 4092
f 4092 4100 4099
f 4092 4099 4091
f 4091 4099 4097
f 4091 4097 4089
f 4102 4094 4096
f 4102 4096 4104
f 4104 4096 4095
f 4104 4095 4103
f 4103 4095 4093
f 4103 4093 4101
f 4098 4106 4108
f 4098 4108 4100
f 4100 4108 4107
f 4100 4107 4099
f 4099 4107 4105
f 4099 4105 4097
f 4110 4102 4104
f 4110 4104 4112
f 4112 4104 4103
f 4112 4103 4111
f 4111 4103 4101
f 4111 4101 4109
f 4106 4114 4116
f 4106 4116 4108
f 4108 4116 4115
f 4108 4115 4107
f 4107 4115 4113
f 4107 4113 4105
f 4118 4110 4112
f 4118 4112 4120
f 4120 4112 4111
f 4120 4111 4119
f 4119 4111 4109
f 4119 4109 4117
f 4114 4122 4124
f 4114 4124 4116
f 4116 4124 4123
f 4116 4123 4115
f 4115 4123 4121
f 4115 4121 4113
f 4126 4118 4120
f 4126 4120 4128
f 4128 4120 4119
f 4128 4119 4127
f 4127 4119 4117
f 4127 4117 4125
f 4122 3746 3748
f 4122 3748 4124
f 4124 3748 3747
f 4124 3747 4123
f 4123 3747 3745
f 4123 3745 4121
f 3750 4126 4128
f 3750 4128 3752
f 3752 4128 4127
f 3752 4127 3751
f 3751 4127 4125
f 3751 4125 3749
f 4121 3745 3753
f 3753 3761 3769
f 3769 3777 3785
f 3785 3793 3801
f 3801 3809 3817
f 3817 3825 3833
f 3833 3841 3849
f 3849 3857 3865
f 3865 3873 3881
f 3881 3889 3897
f 3897 3905 3913
f 3913 3921 3929
f 3929 3937 3945
f 3945 3953 3961
f 3961 3969 3977
f 3977 3985 3993
f 3993 4001 4009
f 4009 4017 4025
f 4025 4033 4041
f 4041 4049 4057
f 4057 4065 4073
f 4073 4081 4089
f 4089 4097 4105
f 4105 4113 4121
f 4121 3753 3769
f 3769 3785 3801
f 3801 3817 3833
f 3833 3849 3865
f 3865 3881 3897
f 3897 3913 3929
f 3929 3945 3961
f 3961 3977 3993
f 3993 4009 4025
f 4025 4041 4057
f 4057 4073 4089
f 4089 4105 4121
f 4121 3769 3801
f 3801 3833 3865
f 3865 3897 3929
f 3929 3961 3993
f 3993 4025 4057
f 4057 4089 4121
f 4121 3801 3865
f 3865 3929 3993
f 3993 4057 4121
f 3865 3993 4121
f 3746 3750 3758
f 3746 3758 3754
f 4122 4126 3750
f 4122 3750 3746
f 3765 3757 3749
f 3749 4125 4117
f 4117 4109 4101
f 4101 4093 4085
f 4085 4077 4069
f 4069 4061 4053
f 4053 4045 4037
f 4037 4029 4021
f 4021 4013 4005
f 4005 3997 3989
f 3989 3981 3973
f 3973 3965 3957
f 3957 3949 3941
f 3941 3933 3925
f 3925 3917 3909
f 3909 3901 3893
f 3893 3885 3877
f 3877 3869 3861
f 3861 3853 3845
f 3845 3837 3829
f 3829 3821 3813
f 3813 3805 3797
f 3797 3789 3781
f 3781 3773 3765
f 3765 3749 4117
f 4117 4101 4085
f 4085 4069 4053
f 4053 4037 4021
f 4021 4005 3989
f 3989 3973 3957
f 3957 3941 3925
f 3925 3909 3893
f 3893 3877 3861
f 3861 3845 3829
f 3829 3813 3797
f 3797 3781 3765
f 3765 4117 4085
f 4085 4053 4021
f 4021 3989 3957
f 3957 3925 3893
f 3893 3861 3829
f 3829 3797 3765
f 3765 4085 4021
f 4021 3957 3893
f 3893 3829 3765
f 4021 3893 3765
f 3754 3758 3766
f 3754 3766 3762
f 3762 3766 3774
f 3762 3774 3770
f 3770 3774 3782
f 3770 3782 3778
f 3778 3782 3790
f 3778 3790 3786
f 3786 3790 3798
f 3786 3798 3794
f 3794 3798 3806
f 3794 3806 3802
f 3802 3806 3814
f 3802 3814 3810
f 3810 3814 3822
f 3810 3822 3818
f 3818 3822 3830
f 3818 3830 3826
f 3826 3830 3838
f 3826 3838 3834
f 3834 3838 3846
f 3834 3846 3842
f 3842 3846 3854
f 3842 3854 3850
f 3850 3854 3862
f 3850 3862 3858
f 3858 3862 3870
f 3858 3870 3866
f 3866 3870 3878
f 3866 3878 3874
f 3874 3878 3886
f 3874 3886 3882
f 3882 3886 3894
f 3882 3894 3890
f 3890 3894 3902
f 3890 3902 3898
f 3898 3902 3910
f 3898 3910 3906
f 3906 3910 3918
f 3906 3918 3914
f 3914 3918 3926
f 3914 3926 3922
f 3922 3926 3934
f 3922 3934 3930
f 3930 3934 3942
f 3930 3942 3938
f 3938 3942 3950
f 3938 3950 3946
f 3946 3950 3958
f 3946 3958 3954
f 3954 3958 3966
f 3954 3966 3962
f 3962 3966 3974
f 3962 3974 3970
f 3970 3974 3982
f 3970 3982 3978
f 3978 3982 3990
f 3978 3990 3986
f 3986 3990 3998
f 3986 3998 3994
f 3994 3998 4006
f 3994 4006 4002
f 4002 4006 4014
f 4002 4014 4010
f 4010 4014 4022
f 4010 4022 4018
f 4018 4022 4030
f 4018 4030 4026
f 4026 4030 4038
f 4026 4038 4034
f 4034 4038 4046
f 4034 4046 4042
f 4042 4046 4054
f 4042 4054 4050
f 4050 4054 4062
f 4050 4062 4058
f 4058 4062 4070
f 4058 4070 4066
f 4066 4070 4078
f 4066 4078 4074
f 4074 4078 4086
f 4074 4086 4082
f 4082 4086 4094
f 4082 4094 4090
f 4090 4094 4102
f 4090 4102 4098
f 4098 4102 4110
f 4098 4110 4106
f 4106 4110 4118
f 4106 4118 4114
f 4114 4118 4126
f 4114 4126 4122
f 4130 4138 4140
f 4130 4140 4132
f 4132 4140 4139
f 4132 4139 4131
f 4131 4139 4137
f 4131 4137 4129
f 4142 4134 4136
f 4142 4136 4144
f 4144 4136 4135
f 4144 4135 4143
f 4143 4135 4133
f 4143 4133 4141
f 4138 4146 4148
f 4138 4148 4140
f 4140 4148 4147
f 4140 4147 4139
f 4139 4147 4145
f 4139 4145 4137
f 4150 4142 4144
f 4150 4144 4152
f 4152 4144 4143
f 4152 4143 4151
f 4151 4143 4141
f 4151 4141 4149
f 4146 4154 4156
f 4146 4156 4148
f 4148 4156 4155
f 4148 4155 4147
f 4147 4155 4153
f 4147 4153 4145
f 4158 4150 4152
f 4158 4152 4160
f 4160 4152 4151
f 4160 4151 4159
f 4159 4151 4149
f 4159 4149 4157
f 4154 4162 4164
f 4154 4164 4156
f 4156 4164 4163
f 4156 4163 4155
f 4155 4163 4161
f 4155 4161 4153
f 4166 4158 4160
f 4166 4160 4168
f 4168 4160 4159
f 4168 4159 4167
f 4167 4159 4157
f 4167 4157 4165
f 4162 4170 4172
f 4162 4172 4164
f 4164 4172 4171
f 4164 4171 4163
f 4163 4171 4169
f 4163 4169 4161
f 4174 4166 4168
f 4174 4168 4176
f 4176 4168 4167
f 4176 4167 4175
f 4175 4167 4165
f 4175 4165 4173
f 4170 4178 4180
f 4170 4180 4172
f 4172 4180 4179
f 4172 4179 4171
f 4171 4179 4177
f 4171 4177 4169
f 4182 4174 4176
f 4182 4176 4184
f 4184 4176 4175
f 4184 4175 4183
f 4183 4175 4173
f 4183 4173 4181
f 4178 4186 4188
f 4178 4188 4180
f 4180 4188 4187
f 4180 4187 4179
f 4179 4187 4185
f 4179 4185 4177
f 4190 4182 4184
f 4190 4184 4192
f 4192 4184 4183
f 4192 4183 4191
f 4191 4183 4181
f 4191 4181 4189
f 4186 4194 4196
f 4186 4196 4188
f 4188 4196 4195
f 4188 4195 4187
f 4187 4195 4193
f 4187 4193 4185
f 4198 4190 4192
f 4198 4192 4200
f 4200 4192 4191
f 4200 4191 4199
f 4199 4191 4189
f 4199 4189 4197
f 4194 4202 4204
f 4194 4204 4196
f 4196 4204 4203
f 4196 4203 4195
f 4195 4203 4201
f 4195 4201 4193
f 4206 4198 4200
f 4206 4200 4208
f 4208 4200 4199
f 4208 4199 4207
f 4207 4199 4197
f 4207 4197 4205
f 4202 4210 4212
f 4202 4212 4204
f 4204 4212 4211
f 4204 4211 4203
f 4203 4211 4209
f 4203 4209 4201
f 4214 4206 4208
f 4214 4208 4216
f 4216 4208 4207
f 4216 4207 4215
f 4215 4207 4205
f 4215 4205 4213
f 4210 4218 4220
f 4210 4220 4212
f 4212 4220 4219
f 4212 4219 4211
f 4211 4219 4217
f 4211 4217 4209
f 4222 4214 4216
f 4222 4216 4224
f 4224 4216 4215
f 4224 4215 4223
f 4223 4215 4213
f 4223 4213 4221
f 4218 4226 4228
f 4218 4228 4220
f 4220 4228 4227
f 4220 4227 4219
f 4219 4227 4225
f 4219 4225 4217
f 4230 4222 4224
f 4230 4224 4232
f 4232 4224 4223
f 4232 4223 4231
f 4231 4223 4221
f 4231 4221 4229
f 4226 4234 4236
f 4226 4236 4228
f 4228 4236 4235
f 4228 4235 4227
f 4227 4235 4233
f 4227 4233 4225
f 4238 4230 4232
f 4238 4232 4240
f 4240 4232 4231
f 4240 4231 4239
f 4239 4231 4229
f 4239 4229 4237
f 4234 4242 4244
f 4234 4244 4236
f 4236 4244 4243
f 4236 4243 4235
f 4235 4243 4241
f 4235 4241 4233
f 4246 4238 4240
f 4246 4240 4248
f 4248 4240 4239
f 4248 4239 4247
f 4247 4239 4237
f 4247 4237 4245
f 4242 4250 4252
f 4242 4252 4244
f 4244 4252 4251
f 4244 4251 4243
f 4243 4251 4249
f 4243 4249 4241
f 4254 4246 4248
f 4254 4248 4256
f 4256 4248 4247
f 4256 4247 4255
f 4255 4247 4245
f 4255 4245 4253
f 4250 4258 4260
f 4250 4260 4252
f 4252 4260 4259
f 4252 4259 4251
f 4251 4259 4257
f 4251 4257 4249
f 4262 4254 4256
f 4262 4256 4264
f 4264 4256 4255
f 4264 4255 4263
f 4263 4255 4253
f 4263 4253 4261
f 4258 4266 4268
f 4258 4268 4260
f 4260 4268 4267
f 4260 4267 4259
f 4259 4267 4265
f 4259 4265 4257
f 4270 4262 4264
f 4270 4264 4272
f 4272 4264 4263
f 4272 4263 4271
f 4271 4263 4261
f 4271 4261 4269
f 4266 4274 4276
f 4266 4276 4268
f 4268 4276 4275
f 4268 4275 4267
f 4267 4275 4273
f 4267 4273 4265
f 4278 4270 4272
f 4278 4272 4280
f 4280 4272 4271
f 4280 4271 4279
f 4279 4271 4269
f 4279 4269 4277
f 4274 4282 4284
f 4274 4284 4276
f 4276 4284 4283
f 4276 4283 4275
f 4275 4283 4281
f 4275 4281 4273
f 4286 4278 4280
f 4286 4280 4288
f 4288 4280 4279
f 4288 4279 4287
f 4287 4279 4277
f 4287 4277 4285
f 4282 4290 4292
f 4282 4292 4284
f 4284 4292 4291
f 4284 4291 4283
f 4283 4291 4289
f 4283 4289 4281
f 4294 4286 4288
f 4294 4288 4296
f 4296 4288 4287
f 4296 4287 4295
f 4295 4287 4285
f 4295 4285 4293
f 4290 4298 4300
f 4290 4300 4292
f 4292 4300 4299
f 4292 4299 4291
f 4291 4299 4297
f 4291 4297 4289
f 4302 4294 4296
f 4302 4296 4304
f 4304 4296 4295
f 4304 4295 4303
f 4303 4295 4293
f 4303 4293 4301
f 4298 4306 4308
f 4298 4308 4300
f 4300 4308 4307
f 4300 4307 4299
f 4299 4307 4305
f 4299 4305 4297
f 4310 4302 4304
f 4310 4304 4312
f 4312 4304 4303
f 4312 4303 4311
f 4311 4303 4301
f 4311 4301 4309
f 4306 4314 4316
f 4306 4316 4308
f 4308 4316 4315
f 4308 4315 4307
f 4307 4315 4313
f 4307 4313 4305
f 4318 4310 4312
f 4318 4312 4320
f 4320 4312 4311
f 4320 4311 4319
f 4319 4311 4309
f 4319 4309 4317
f 4314 4322 4324
f 4314 4324 4316
f 4316 4324 4323
f 4316 4323 4315
f 4315 4323 4321
f 4315 4321 4313
f 4326 4318 4320
f 4326 4320 4328
f 4328 4320 4319
f 4328 4319 4327
f 4327 4319 4317
f 4327 4317 4325
f 4322 4330 4332
f 4322 4332 4324
f 4324 4332 4331
f 4324 4331 4323
f 4323 4331 4329
f 4323 4329 4321
f 4334 4326 4328
f 4334 4328 4336
f 4336 4328 4327
f 4336 4327 4335
f 4335 4327 4325
f 4335 4325 4333
f 4330 4338 4340
f 4330 4340 4332
f 4332 4340 4339
f 4332 4339 4331
f 4331 4339 4337
f 4331 4337 4329
f 4342 4334 4336
f 4342 4336 4344
f 4344 4336 4335
f 4344 4335 4343
f 4343 4335 4333
f 4343 4333 4341
f 4338 4346 4348
f 4338 4348 4340
f 4340 4348 4347
f 4340 4347 4339
f 4339 4347 4345
f 4339 4345 4337
f 4350 4342 4344
f 4350 4344 4352
f 4352 4344 4343
f 4352 4343 4351
f 4351 4343 4341
f 4351 4341 4349
f 4346 4354 4356
f 4346 4356 4348
f 4348 4356 4355
f 4348 4355 4347
f 4347 4355 4353
f 4347 4353 4345
f 4358 4350 4352
f 4358 4352 4360
f 4360 4352 4351
f 4360 4351 4359
f 4359 4351 4349
f 4359 4349 4357
f 4354 4362 4364
f 4354 4364 4356
f 4356 4364 4363
f 4356 4363 4355
f 4355 4363 4361
f 4355 4361 4353
f 4366 4358 4360
f 4366 4360 4368
f 4368 4360 4359
f 4368 4359 4367
f 4367 4359 4357
f 4367 4357 4365
f 4362 4370 4372
f 4362 4372 4364
f 4364 4372 4371
f 4364 4371 4363
f 4363 4371 4369
f 4363 4369 4361
f 4374 4366 4368
f 4374 4368 4376
f 4376 4368 4367
f 4376 4367 4375
f 4375 4367 4365
f 4375 4365 4373
f 4370 4378 4380
f 4370 4380 4372
f 4372 4380 4379
f 4372 4379 4371
f 4371 4379 4377
f 4371 4377 4369
f 4382 4374 4376
f 4382 4376 4384
f 4384 4376 4375
f 4384 4375 4383
f 4383 4375 4373
f 4383 4373 4381
f 4378 4386 4388
f 4378 4388 4380
f 4380 4388 4387
f 4380 4387 4379
f 4379 4387 4385
f 4379 4385 4377
f 4390 4382 4384
f 4390 4384 4392
f 4392 4384 4383
f 4392 4383 4391
f 4391 4383 4381
f 4391 4381 4389
f 4386 4394 4396
f 4386 4396 4388
f 4388 4396 4395
f 4388 4395 4387
f 4387 4395 4393
f 4387 4393 4385
f 4398 4390 4392
f 4398 4392 4400
f 4400 4392 4391
f 4400 4391 4399
f 4399 4391 4389
f 4399 4389 4397
f 4394 4402 4404
f 4394 4404 4396
f 4396 4404 4403
f 4396 4403 4395
f 4395 4403 4401
f 4395 4401 4393
f 4406 4398 4400
f 4406 4400 4408
f 4408 4400 4399
f 4408 4399 4407
f 4407 4399 4397
f 4407 4397 4405
f 4402 4410 4412
f 4402 4412 4404
f 4404 4412 4411
f 4404 4411 4403
f 4403 4411 4409
f 4403 4409 4401
f 4414 4406 4408
f 4414 4408 4416
f 4416 4408 4407
f 4416 4407 4415
f 4415 4407 4405
f 4415 4405 4413
f 4410 4418 4420
f 4410 4420 4412
f 4412 4420 4419
f 4412 4419 4411
f 4411 4419 4417
f 4411 4417 4409
f 4422 4414 4416
f 4422 4416 4424
f 4424 4416 4415
f 4424 4415 4423
f 4423 4415 4413
f 4423 4413 4421
f 4418 4426 4428
f 4418 4428 4420
f 4420 4428 4427
f 4420 4427 4419
f 4419 4427 4425
f 4419 4425 4417
f 4430 4422 4424
f 4430 4424 4432
f 4432 4424 4423
f 4432 4423 4431
f 4431 4423 4421
f 4431 4421 4429
f 4426 4434 4436
f 4426 4436 4428
f 4428 4436 4435
f 4428 4435 4427
f 4427 4435 4433
f 4427 4433 4425
f 4438 4430 4432
f 4438 4432 4440
f 4440 4432 4431
f 4440 4431 4439
f 4439 4431 4429
f 4439 4429 4437
f 4434 4442 4444
f 4434 4444 4436
f 4436 4444 4443
f 4436 4443 4435
f 4435 4443 4441
f 4435 4441 4433
f 4446 4438 4440
f 4446 4440 4448
f 4448 4440 4439
f 4448 4439 4447
f 4447 4439 4437
f 4447 4437 4445
f 4442 4450 4452
f 4442 4452 4444
f 4444 4452 4451
f 4444 4451 4443
f 4443 4451 4449
f 4443 4449 4441
f 4454 4446 4448
f 4454 4448 4456
f 4456 4448 4447
f 4456 4447 4455
f 4455 4447 4445
f 4455 4445 4453
f 4450 4458 4460
f 4450 4460 4452
f 4452 4460 4459
f 4452 4459 4451
f 4451 4459 4457
f 4451 4457 4449
f 4462 4454 4456
f 4462 4456 4464
f 4464 4456 4455
f 4464 4455 4463
f 4463 4455 4453
f 4463 4453 4461
f 4458 4466 4468
f 4458 4468 4460
f 4460 4468 4467
f 4460 4467 4459
f 4459 4467 4465
f 4459 4465 4457
f 4470 4462 4464
f 4470 4464 4472
f 4472 4464 4463
f 4472 4463 4471
f 4471 4463 4461
f 4471 4461 4469
f 4466 4474 4476
f 4466 4476 4468
f 4468 4476 4475
f 4468 4475 4467
f 4467 4475 4473
f 4467 4473 4465
f 4478 4470 4472
f 4478 4472 4480
f 4480 4472 4471
f 4480 4471 4479
f 4479 4471 4469
f 4479 4469 4477
f 4474 4482 4484
f 4474 4484 4476
f 4476 4484 4483
f 4476 4483 4475
f 4475 4483 4481
f 4475 4481 4473
f 4486 4478 4480
f 4486 4480 4488
f 4488 4480 4479
f 4488 4479 4487
f 4487 4479 4477
f 4487 4477 4485
f 4482 4490 4492
f 4482 4492 4484
f 4484 4492 4491
f 4484 4491 4483
f 4483 4491 4489
f 4483 4489 4481
f 4494 4486 4488
f 4494 4488 4496
f 4496 4488 4487
f 4496 4487 4495
f 4495 4487 4485
f 4495 4485 4493
f 4490 4498 4500
f 4490 4500 4492
f 4492 4500 4499
f 4492 4499 4491
f 4491 4499 4497
f 4491 4497 4489
f 4502 4494 4496
f 4502 4496 4504
f 4504 4496 4495
f 4504 4495 4503
f 4503 4495 4493
f 4503 4493 4501
f 4498 4506 4508
f 4498 4508 4500
f 4500 4508 4507
f 4500 4507 4499
f 4499 4507 4505
f 4499 4505 4497
f 4510 4502 4504
f 4510 4504 4512
f 4512 4504 4503
f 4512 4503 4511
f 4511 4503 4501
f 4511 4501 4509
f 4506 4130 4132
f 4506 4132 4508
f 4508 4132 4131
f 4508 4131 4507
f 4507 4131 4129
f 4507 4129 4505
f 4134 4510 4512
f 4134 4512 4136
f 4136 4512 4511
f 4136 4511 4135
f 4135 4511 4509
f 4135 4509 4133
f 4505 4129 4137
f 4137 4145 4153
f 4153 4161 4169
f 4169 4177 4185
f 4185 4193 4201
f 4201 4209 4217
f 4217 4225 4233
f 4233 4241 4249
f 4249 4257 4265
f 4265 4273 4281
f 4281 4289 4297
f 4297 4305 4313
f 4313 4321 4329
f 4329 4337 4345
f 4345 4353 4361
f 4361 4369 4377
f 4377 4385 4393
f 4393 4401 4409
f 4409 4417 4425
f 4425 4433 4441
f 4441 4449 4457
f 4457 4465 4473
f 4473 4481 4489
f 4489 4497 4505
f 4505 4137 4153
f 4153 4169 4185
f 4185 4201 4217
f 4217 4233 4249
f 4249 4265 4281
f 4281 4297 4313
f 4313 4329 4345
f 4345 4361 4377
f 4377 4393 4409
f 4409 4425 4441
f 4441 4457 4473
f 4473 4489 4505
f 4505 4153 4185
f 4185 4217 4249
f 4249 4281 4313
f 4313 4345 4377
f 4377 4409 4441
f 4441 4473 4505
f 4505 4185 4249
f 4249 4313 4377
f 4377 4441 4505
f 4249 4377 4505
f 4130 4134 4142
f 4130 4142 4138
f 4506 4510 4134
f 4506 4134 4130
f 4149 4141 4133
f 4133 4509 4501
f 4501 4493 4485
f 4485 4477 4469
f 4469 4461 4453
f 4453 4445 4437
f 4437 4429 4421
f 4421 4413 4405
f 4405 4397 4389
f 4389 4381 4373
f 4373 4365 4357
f 4357 4349 4341
f 4341 4333 4325
f 4325 4317 4309
f 4309 4301 4293
f 4293 4285 4277
f 4277 4269 4261
f 4261 4253 4245
f 4245 4237 4229
f 4229 4221 4213
f 4213 4205 4197
f 4197 4189 4181
f 4181 4173 4165
f 4165 4157 4149
f 4149 4133 4501
f 4501 4485 4469
f 4469 4453 4437
f 4437 4421 4405
f 4405 4389 4373
f 4373 4357 4341
f 4341 4325 4309
f 4309 4293 4277
f 4277 4261 4245
f 4245 4229 4213
f 4213 4197 4181
f 4181 4165 4149
f 4149 4501 4469
f 4469 4437 4405
f 4405 4373 4341
f 4341 4309 4277
f 4277 4245 4213
f 4213 4181 4149
f 4149 4469 4405
f 4405 4341 4277
f 4277 4213 4149
f 4405 4277 4149
f 4138 4142 4150
f 4138 4150 4146
f 4146 4150 4158
f 4146 4158 4154
f 4154 4158 4166
f 4154 4166 4162
f 4162 4166 4174
f 4162 4174 4170
f 4170 4174 4182
f 4170 4182 4178
f 4178 4182 4190
f 4178 4190 4186
f 4186 4190 4198
f 4186 4198 4194
f 4194 4198 4206
f 4194 4206 4202
f 4202 4206 4214
f 4202 4214 4210
f 4210 4214 4222
f 4210 4222 4218
f 4218 4222 4230
f 4218 4230 4226
f 4226 4230 4238
f 4226 4238 4234
f 4234 4238 4246
f 4234 4246 4242
f 4242 4246 4254
f 4242 4254 4250
f 4250 4254 4262
f 4250 4262 4258
f 4258 4262 4270
f 4258 4270 4266
f 4266 4270 4278
f 4266 4278 4274
f 4274 4278 4286
f 4274 4286 4282
f 4282 4286 4294
f 4282 4294 4290
f 4290 4294 4302
f 4290 4302 4298
f 4298 4302 4310
f 4298 4310 4306
f 4306 4310 4318
f 4306 4318 4314
f 4314 4318 4326
f 4314 4326 4322
f 4322 4326 4334
f 4322 4334 4330
f 4330 4334 4342
f 4330 4342 4338
f 4338 4342 4350
f 4338 4350 4346
f 4346 4350 4358
f 4346 4358 4354
f 4354 4358 4366
f 4354 4366 4362
f 4362 4366 4374
f 4362 4374 4370
f 4370 4374 4382
f 4370 4382 4378
f 4378 4382 4390
f 4378 4390 4386
f 4386 4390 4398
f 4386 4398 4394
f 4394 4398 4406
f 4394 4406 4402
f 4402 4406 4414
f 4402 4414 4410
f 4410 4414 4422
f 4410 4422 4418
f 4418 4422 4430
f 4418 4430 4426
f 4426 4430 4438
f 4426 4438 4434
f 4434 4438 4446
f 4434 4446 4442
f 4442 4446 4454
f 4442 4454 4450
f 4450 4454 4462
f 4450 4462 4458
f 4458 4462 4470
f 4458 4470 4466
f 4466 4470 4478
f 4466 4478 4474
f 4474 4478 4486
f 4474 4486 4482
f 4482 4486 4494
f 4482 4494 4490
f 4490 4494 4502
f 4490 4502 4498
f 4498 4502 4510
f 4498 4510 4506
f 4514 4522 4524
f 4514 4524 4516
f 4516 4524 4523
f 4516 4523 4515
f 4515 4523 4521
f 4515 4521 4513
f 4526 4518 4520
f 4526 4520 4528
f 4528 4520 4519
f 4528 4519 4527
f 4527 4519 4517
f 4527 4517 4525
f 4522 4530 4532
f 4522 4532 4524
f 4524 4532 4531
f 4524 4531 4523
f 4523 4531 4529
f 4523 4529 4521
f 4534 4526 4528
f 4534 4528 4536
f 4536 4528 4527
f 4536 4527 4535
f 4535 4527 4525
f 4535 4525 4533
f 4530 4538 4540
f 4530 4540 4532
f 4532 4540 4539
f 4532 4539 4531
f 4531 4539 4537
f 4531 4537 4529
f 4542 4534 4536
f 4542 4536 4544
f 4544 4536 4535
f 4544 4535 4543
f 4543 4535 4533
f 4543 4533 4541
f 4538 4546 4548
f 4538 4548 4540
f 4540 4548 4547
f 4540 4547 4539
f 4539 4547 4545
f 4539 4545 4537
f 4550 4542 4544
f 4550 4544 4552
f 4552 4544 4543
f 4552 4543 4551
f 4551 4543 4541
f 4551 4541 4549
f 4546 4554 4556
f 4546 4556 4548
f 4548 4556 4555
f 4548 4555 4547
f 4547 4555 4553
f 4547 4553 4545
f 4558 4550 4552
f 4558 4552 4560
f 4560 4552 4551
f 4560 4551 4559
f 4559 4551 4549
f 4559 4549 4557
f 4554 4562 4564
f 4554 4564 4556
f 4556 4564 4563
f 4556 4563 4555
f 4555 4563 4561
f 4555 4561 4553
f 4566 4558 4560
f 4566 4560 4568
f 4568 4560 4559
f 4568 4559 4567
f 4567 4559 4557
f 4567 4557 4565
f 4562 4570 4572
f 4562 4572 4564
f 4564 4572 4571
f 4564 4571 4563
f 4563 4571 4569
f 4563 4569 4561
f 4574 4566 4568
f 4574 4568 4576
f 4576 4568 4567
f 4576 4567 4575
f 4575 4567 4565
f 4575 4565 4573
f 4570 4578 4580
f 4570 4580 4572
f 4572 4580 4579
f 4572 4579 4571
f 4571 4579 4577
f 4571 4577 4569
f 4582 4574 4576
f 4582 4576 4584
f 4584 4576 4575
f 4584 4575 4583
f 4583 4575 4573
f 4583 4573 4581
f 4578 4586 4588
f 4578 4588 4580
f 4580 4588 4587
f 4580 4587 4579
f 4579 4587 4585
f 4579 4585 4577
f 4590 4582 4584
f 4590 4584 4592
f 4592 4584 4583
f 4592 4583 4591
f 4591 4583 4581
f 4591 4581 4589
f 4586 4594 4596
f 4586 4596 4588
f 4588 4596 4595
f 4588 4595 4587
f 4587 4595 4593
f 4587 4593 4585
f 4598 4590 4592
f 4598 4592 4600
f 4600 4592 4591
f 4600 4591 4599
f 4599 4591 4589
f 4599 4589 4597
f 4594 4602 4604
f 4594 4604 4596
f 4596 4604 4603
f 4596 4603 4595
f 4595 4603 4601
f 4595 4601 4593
f 4606 4598 4600
f 4606 4600 4608
f 4608 4600 4599
f 4608 4599 4607
f 4607 4599 4597
f 4607 4597 4605
f 4602 4610 4612
f 4602 4612 4604
f 4604 4612 4611
f 4604 4611 4603
f 4603 4611 4609
f 4603 4609 4601
f 4614 4606 4608
f 4614 4608 4616
f 4616 4608 4607
f 4616 4607 4615
f 4615 4607 4605
f 4615 4605 4613
f 4610 4618 4620
f 4610 4620 4612
f 4612 4620 4619
f 4612 4619 4611
f 4611 4619 4617
f 4611 4617 4609
f 4622 4614 4616
f 4622 4616 4624
f 4624 4616 4615
f 4624 4615 4623
f 4623 4615 4613
f 4623 4613 4621
f 4618 4626 4628
f 4618 4628 4620
f 4620 4628 4627
f 4620 4627 4619
f 4619 4627 4625
f 4619 4625 4617
f 4630 4622 4624
f 4630 4624 4632
f 4632 4624 4623
f 4632 4623 4631
f 4631 4623 4621
f 4631 4621 4629
f 4626 4634 4636
f 4626 4636 4628
f 4628 4636 4635
f 4628 4635 4627
f 4627 4635 4633
f 4627 4633 4625
f 4638 4630 4632
f 4638 4632 4640
f 4640 4632 4631
f 4640 4631 4639
f 4639 4631 4629
f 4639 4629 4637
f 4634 4642 4644
f 4634 4644 4636
f 4636 4644 4643
f 4636 4643 4635
f 4635 4643 4641
f 4635 4641 4633
f 4646 4638 4640
f 4646 4640 4648
f 4648 4640 4639
f 4648 4639 4647
f 4647 4639 4637
f 4647 4637 4645
f 4642 4650 4652
f 4642 4652 4644
f 4644 4652 4651
f 4644 4651 4643
f 4643 4651 4649
f 4643 4649 4641
f 4654 4646 4648
f 4654 4648 4656
f 4656 4648 4647
f 4656 4647 4655
f 4655 4647 4645
f 4655 4645 4653
f 4650 4658 4660
f 4650 4660 4652
f 4652 4660 4659
f 4652 4659 4651
f 4651 4659 4657
f 4651 4657 4649
f 4662 4654 4656
f 4662 4656 4664
f 4664 4656 4655
f 4664 4655 4663
f 4663 4655 4653
f 4663 4653 4661
f 4658 4666 4668
f 4658 4668 4660
f 4660 4668 4667
f 4660 4667 4659
f 4659 4667 4665
f 4659 4665 4657
f 4670 4662 4664
f 4670 4664 4672
f 4672 4664 4663
f 4672 4663 4671
f 4671 4663 4661
f 4671 4661 4669
f 4666 4674 4676
f 4666 4676 4668
f 4668 4676 4675
f 4668 4675 4667
f 4667 4675 4673
f 4667 4673 4665
f 4678 4670 4672
f 4678 4672 4680
f 4680 4672 4671
f 4680 4671 4679
f 4679 4671 4669
f 4679 4669 4677
f 4674 4682 4684
f 4674 4684 4676
f 4676 4684 4683
f 4676 4683 4675
f 4675 4683 4681
f 4675 4681 4673
f 4686 4678 4680
f 4686 4680 4688
f 4688 4680 4679
f 4688 4679 4687
f 4687 4679 4677
f 4687 4677 4685
f 4682 4690 4692
f 4682 4692 4684
f 4684 4692 4691
f 4684 4691 4683
f 4683 4691 4689
f 4683 4689 4681
f 4694 4686 4688
f 4694 4688 4696
f 4696 4688 4687
f 4696 4687 4695
f 4695 4687 4685
f 4695 4685 4693
f 4690 4698 4700
f 4690 4700 4692
f 4692 4700 4699
f 4692 4699 4691
f 4691 4699 4697
f 4691 4697 4689
f 4702 4694 4696
f 4702 4696 4704
f 4704 4696 4695
f 4704 4695 4703
f 4703 4695 4693
f 4703 4693 4701
f 4698 4706 4708
f 4698 4708 4700
f 4700 4708 4707
f 4700 4707 4699
f 4699 4707 4705
f 4699 4705 4697
f 4710 4702 4704
f 4710 4704 4712
f 4712 4704 4703
f 4712 4703 4711
f 4711 4703 4701
f 4711 4701 4709
f 4706 4714 4716
f 4706 4716 4708
f 4708 4716 4715
f 4708 4715 4707
f 4707 4715 4713
f 4707 4713 4705
f 4718 4710 4712
f 4718 4712 4720
f 4720 4712 4711
f 4720 4711 4719
f 4719 4711 4709
f 4719 4709 4717
f 4714 4722 4724
f 4714 4724 4716
f 4716 4724 4723
f 4716 4723 4715
f 4715 4723 4721
f 4715 4721 4713
f 4726 4718 4720
f 4726 4720 4728
f 4728 4720 4719
f 4728 4719 4727
f 4727 4719 4717
f 4727 4717 4725
f 4722 4730 4732
f 4722 4732 4724
f 4724 4732 4731
f 4724 4731 4723
f 4723 4731 4729
f 4723 4729 4721
f 4734 4726 4728
f 4734 4728 4736
f 4736 4728 4727
f 4736 4727 4735
f 4735 4727 4725
f 4735 4725 4733
f 4730 4738 4740
f 4730 4740 4732
f 4732 4740 4739
f 4732 4739 4731
f 4731 4739 4737
f 4731 4737 4729
f 4742 4734 4736
f 4742 4736 4744
f 4744 4736 4735
f 4744 4735 4743
f 4743 4735 4733
f 4743 4733 4741
f 4738 4746 4748
f 4738 4748 4740
f 4740 4748 4747
f 4740 4747 4739
f 4739 4747 4745
f 4739 4745 4737
f 4750 4742 4744
f 4750 4744 4752
f 4752 4744 4743
f 4752 4743 4751
f 4751 4743 4741
f 4751 4741 4749
f 4746 4754 4756
f 4746 4756 4748
f 4748 4756 4755
f 4748 4755 4747
f 4747 4755 4753
f 4747 4753 4745
f 4758 4750 4752
f 4758 4752 4760
f 4760 4752 4751
f 4760 4751 4759
f 4759 4751 4749
f 4759 4749 4757
f 4754 4762 4764
f 4754 4764 4756
f 4756 4764 4763
f 4756 4763 4755
f 4755 4763 4761
f 4755 4761 4753
f 4766 4758 4760
f 4766 4760 4768
f 4768 4760 4759
f 4768 4759 4767
f 4767 4759 4757
f 4767 4757 4765
f 4762 4770 4772
f 4762 4772 4764
f 4764 4772 4771
f 4764 4771 4763
f 4763 4771 4769
f 4763 4769 4761
f 4774 4766 4768
f 4774 4768 4776
f 4776 4768 4767
f 4776 4767 4775
f 4775 4767 4765
f 4775 4765 4773
f 4770 4778 4780
f 4770 4780 4772
f 4772 4780 4779
f 4772 4779 4771
f 4771 4779 4777
f 4771 4777 4769
f 4782 4774 4776
f 4782 4776 4784
f 4784 4776 4775
f 4784 4775 4783
f 4783 4775 4773
f 4783 4773 4781
f 4778 4786 4788
f 4778 4788 4780
f 4780 4788 4787
f 4780 4787 4779
f 4779 4787 4785
f 4779 4785 4777
f 4790 4782 4784
f 4790 4784 4792
f 4792 4784 4783
f 4792 4783 4791
f 4791 4783 4781
f 4791 4781 4789
f 4786 4794 4796
f 4786 4796 4788
f 4788 4796 4795
f 4788 4795 4787
f 4787 4795 4793
f 4787 4793 4785
f 4798 4790 4792
f 4798 4792 4800
f 4800 4792 4791
f 4800 4791 4799
f 4799 4791 4789
f 4799 4789 4797
f 4794 4802 4804
f 4794 4804 4796
f 4796 4804 4803
f 4796 4803 4795
f 4795 4803 4801
f 4795 4801 4793
f 4806 4798 4800
f 4806 4800 4808
f 4808 4800 4799
f 4808 4799 4807
f 4807 4799 4797
f 4807 4797 4805
f 4802 4810 4812
f 4802 4812 4804
f 4804 4812 4811
f 4804 4811 4803
f 4803 4811 4809
f 4803 4809 4801
f 4814 4806 4808
f 4814 4808 4816
f 4816 4808 4807
f 4816 4807 4815
f 4815 4807 4805
f 4815 4805 4813
f 4810 4818 4820
f 4810 4820 4812
f 4812 4820 4819
f 4812 4819 4811
f 4811 4819 4817
f 4811 4817 4809
f 4822 4814 4816
f 4822 4816 4824
f 4824 4816 4815
f 4824 4815 4823
f 4823 4815 4813
f 4823 4813 4821
f 4818 4826 4828
f 4818 4828 4820
f 4820 4828 4827
f 4820 4827 4819
f 4819 4827 4825
f 4819 4825 4817
f 4830 4822 4824
f 4830 4824 4832
f 4832 4824 4823
f 4832 4823 4831
f 4831 4823 4821
f 4831 4821 4829
f 4826 4834 4836
f 4826 4836 4828
f 4828 4836 4835
f 4828 4835 4827
f 4827 4835 4833
f 4827 4833 4825
f 4838 4830 4832
f 4838 4832 4840
f 4840 4832 4831
f 4840 4831 4839
f 4839 4831 4829
f 4839 4829 4837
f 4834 4842 4844
f 4834 4844 4836
f 4836 4844 4843
f 4836 4843 4835
f 4835 4843 4841
f 4835 4841 4833
f 4846 4838 4840
f 4846 4840 4848
f 4848 4840 4839
f 4848 4839 4847
f 4847 4839 4837
f 4847 4837 4845
f 4842 4850 4852
f 4842 4852 4844
f 4844 4852 4851
f 4844 4851 4843
f 4843 4851 4849
f 4843 4849 4841
f 4854 4846 4848
f 4854 4848 4856
f 4856 4848 4847
f 4856 4847 4855
f 4855 4847 4845
f 4855 4845 4853
f 4850 4858 4860
f 4850 4860 4852
f 4852 4860 4859
f 4852 4859 4851
f 4851 4859 4857
f 4851 4857 4849
f 4862 4854 4856
f 4862 4856 4864
f 4864 4856 4855
f 4864 4855 4863
f 4863 4855 4853
f 4863 4853 4861
f 4858 4866 4868
f 4858 4868 4860
f 4860 4868 4867
f 4860 4867 4859
f 4859 4867 4865
f 4859 4865 4857
f 4870 4862 4864
f 4870 4864 4872
f 4872 4864 4863
f 4872 4863 4871
f 4871 4863 4861
f 4871 4861 4869
f 4866 4874 4876
f 4866 4876 4868
f 4868 4876 4875
f 4868 4875 4867
f 4867 4875 4873
f 4867 4873 4865
f 4878 4870 4872
f 4878 4872 4880
f 4880 4872 4871
f 4880 4871 4879
f 4879 4871 4869
f 4879 4869 4877
f 4874 4882 4884
f 4874 4884 4876
f 4876 4884 4883
f 4876 4883 4875
f 4875 4883 4881
f 4875 4881 4873
f 4886 4878 4880
f 4886 4880 4888
f 4888 4880 4879
f 4888 4879 4887
f 4887 4879 4877
f 4887 4877 4885
f 4882 4890 4892
f 4882 4892 4884
f 4884 4892 4891
f 4884 4891 4883
f 4883 4891 4889
f 4883 4889 4881
f 4894 4886 4888
f 4894 4888 4896
f 4896 4888 4887
f 4896 4887 4895
f 4895 4887 4885
f 4895 4885 4893
f 4890 4514 4516
f 4890 4516 4892
f 4892 4516 4515
f 4892 4515 4891
f 4891 4515 4513
f 4891 4513 4889
f 4518 4894 4896
f 4518 4896 4520
f 4520 4896 4895
f 4520 4895 4519
f 4519 4895 4893
f 4519 4893 4517
f 4889 4513 4521
f 4521 4529 4537
f 4537 4545 4553
f 4553 4561 4569
f 4569 4577 4585
f 4585 4593 4601
f 4601 4609 4617
f 4617 4625 4633
f 4633 4641 4649
f 4649 4657 4665
f 4665 4673 4681
f 4681 4689 4697
f 4697 4705 4713
f 4713 4721 4729
f 4729 4737 4745
f 4745 4753 4761
f 4761 4769 4777
f 4777 4785 4793
f 4793 4801 4809
f 4809 4817 4825
f 4825 4833 4841
f 4841 4849 4857
f 4857 4865 4873
f 4873 4881 4889
f 4889 4521 4537
f 4537 4553 4569
f 4569 4585 4601
f 4601 4617 4633
f 4633 4649 4665
f 4665 4681 4697
f 4697 4713 4729
f 4729 4745 4761
f 4761 4777 4793
f 4793 4809 4825
f 4825 4841 4857
f 4857 4873 4889
f 4889 4537 4569
f 4569 4601 4633
f 4633 4665 4697
f 4697 4729 4761
f 4761 4793 4825
f 4825 4857 4889
f 4889 4569 4633
f 4633 4697 4761
f 4761 4825 4889
f 4633 4761 4889
f 4514 4518 4526
f 4514 4526 4522
f 4890 4894 4518
f 4890 4518 4514
f 4533 4525 4517
f 4517 4893 4885
f 4885 4877 4869
f 4869 4861 4853
f 4853 4845 4837
f 4837 4829 4821
f 4821 4813 4805
f 4805 4797 4789
f 4789 4781 4773
f 4773 4765 4757
f 4757 4749 4741
f 4741 4733 4725
f 4725 4717 4709
f 4709 4701 4693
f 4693 4685 4677
f 4677 4669 4661
f 4661 4653 4645
f 4645 4637 4629
f 4629 4621 4613
f 4613 4605 4597
f 4597 4589 4581
f 4581 4573 4565
f 4565 4557 4549
f 4549 4541 4533
f 4533 4517 4885
f 4885 4869 4853
f 4853 4837 4821
f 4821 4805 4789
f 4789 4773 4757
f 4757 4741 4725
f 4725 4709 4693
f 4693 4677 4661
f 4661 4645 4629
f 4629 4613 4597
f 4597 4581 4565
f 4565 4549 4533
f 4533 4885 4853
f 4853 4821 4789
f 4789 4757 4725
f 4725 4693 4661
f 4661 4629 4597
f 4597 4565 4533
f 4533 4853 4789
f 4789 4725 4661
f 4661 4597 4533
f 4789 4661 4533
f 4522 4526 4534
f 4522 4534 4530
f 4530 4534 4542
f 4530 4542 4538
f 4538 4542 4550
f 4538 4550 4546
f 4546 4550 4558
f 4546 4558 4554
f 4554 4558 4566
f 4554 4566 4562
f 4562 4566 4574
f 4562 4574 4570
f 4570 4574 4582
f 4570 4582 4578
f 4578 4582 4590
f 4578 4590 4586
f 4586 4590 4598
f 4586 4598 4594
f 4594 4598 4606
f 4594 4606 4602
f 4602 4606 4614
f 4602 4614 4610
f 4610 4614 4622
f 4610 4622 4618
f 4618 4622 4630
f 4618 4630 4626
f 4626 4630 4638
f 4626 4638 4634
f 4634 4638 4646
f 4634 4646 4642
f 4642 4646 4654
f 4642 4654 4650
f 4650 4654 4662
f 4650 4662 4658
f 4658 4662 4670
f 4658 4670 4666
f 4666 4670 4678
f 4666 4678 4674
f 4674 4678 4686
f 4674 4686 4682
f 4682 4686 4694
f 4682 4694 4690
f 4690 4694 4702
f 4690 4702 4698
f 4698 4702 4710
f 4698 4710 4706
f 4706 4710 4718
f 4706 4718 4714
f 4714 4718 4726
f 4714 4726 4722
f 4722 4726 4734
f 4722 4734 4730
f 4730 4734 4742
f 4730 4742 4738
f 4738 4742 4750
f 4738 4750 4746
f 4746 4750 4758
f 4746 4758 4754
f 4754 4758 4766
f 4754 4766 4762
f 4762 4766 4774
f 4762 4774 4770
f 4770 4774 4782
f 4770 4782 4778
f 4778 4782 4790
f 4778 4790 4786
f 4786 4790 4798
f 4786 4798 4794
f 4794 4798 4806
f 4794 4806 4802
f 4802 4806 4814
f 4802 4814 4810
f 4810 4814 4822
f 4810 4822 4818
f 4818 4822 4830
f 4818 4830 4826
f 4826 4830 4838
f 4826 4838 4834
f 4834 4838 4846
f 4834 4846 4842
f 4842 4846 4854
f 4842 4854 4850
f 4850 4854 4862
f 4850 4862 4858
f 4858 4862 4870
f 4858 4870 4866
f 4866 4870 4878
f 4866 4878 4874
f 4874 4878 4886
f 4874 4886 4882
f 4882 4886 4894
f 4882 4894 4890
f 4898 4906 4908
f 4898 4908 4900
f 4900 4908 4907
f 4900 4907 4899
f 4899 4907 4905
f 4899 4905 4897
f 4910 4902 4904
f 4910 4904 4912
f 4912 4904 4903
f 4912 4903 4911
f 4911 4903 4901
f 4911 4901 4909
f 4906 4914 4916
f 4906 4916 4908
f 4908 4916 4915
f 4908 4915 4907
f 4907 4915 4913
f 4907 4913 4905
f 4918 4910 4912
f 4918 4912 4920
f 4920 4912 4911
f 4920 4911 4919
f 4919 4911 4909
f 4919 4909 4917
f 4914 4922 4924
f 4914 4924 4916
f 4916 4924 4923
f 4916 4923 4915
f 4915 4923 4921
f 4915 4921 4913
f 4926 4918 4920
f 4926 4920 4928
f 4928 4920 4919
f 4928 4919 4927
f 4927 4919 4917
f 4927 4917 4925
f 4922 4930 4932
f 4922 4932 4924
f 4924 4932 4931
f 4924 4931 4923
f 4923 4931 4929
f 4923 4929 4921
f 4934 4926 4928
f 4934 4928 4936
f 4936 4928 4927
f 4936 4927 4935
f 4935 4927 4925
f 4935 4925 4933
f 4930 4938 4940
f 4930 4940 4932
f 4932 4940 4939
f 4932 4939 4931
f 4931 4939 4937
f 4931 4937 4929
f 4942 4934 4936
f 4942 4936 4944
f 4944 4936 4935
f 4944 4935 4943
f 4943 4935 4933
f 4943 4933 4941
f 4938 4946 4948
f 4938 4948 4940
f 4940 4948 4947
f 4940 4947 4939
f 4939 4947 4945
f 4939 4945 4937
f 4950 4942 4944
f 4950 4944 4952
f 4952 4944 4943
f 4952 4943 4951
f 4951 4943 4941
f 4951 4941 4949
f 4946 4954 4956
f 4946 4956 4948
f 4948 4956 4955
f 4948 4955 4947
f 4947 4955 4953
f 4947 4953 4945
f 4958 4950 4952
f 4958 4952 4960
f 4960 4952 4951
f 4960 4951 4959
f 4959 4951 4949
f 4959 4949 4957
f 4954 4962 4964
f 4954 4964 4956
f 4956 4964 4963
f 4956 4963 4955
f 4955 4963 4961
f 4955 4961 4953
f 4966 4958 4960
f 4966 4960 4968
f 4968 4960 4959
f 4968 4959 4967
f 4967 4959 4957
f 4967 4957 4965
f 4962 4970 4972
f 4962 4972 4964
f 4964 4972 4971
f 4964 4971 4963
f 4963 4971 4969
f 4963 4969 4961
f 4974 4966 4968
f 4974 4968 4976
f 4976 4968 4967
f 4976 4967 4975
f 4975 4967 4965
f 4975 4965 4973
f 4970 4978 4980
f 4970 4980 4972
f 4972 4980 4979
f 4972 4979 4971
f 4971 4979 4977
f 4971 4977 4969
f 4982 4974 4976
f 4982 4976 4984
f 4984 4976 4975
f 4984 4975 4983
f 4983 4975 4973
f 4983 4973 4981
f 4978 4986 4988
f 4978 4988 4980
f 4980 4988 4987
f 4980 4987 4979
f 4979 4987 4985
f 4979 4985 4977
f 4990 4982 4984
f 4990 4984 4992
f 4992 4984 4983
f 4992 4983 4991
f 4991 4983 4981
f 4991 4981 4989
f 4986 4994 4996
f 4986 4996 4988
f 4988 4996 4995
f 4988 4995 4987
f 4987 4995 4993
f 4987 4993 4985
f 4998 4990 4992
f 4998 4992 5000
f 5000 4992 4991
f 5000 4991 4999
f 4999 4991 4989
f 4999 4989 4997
f 4994 5002 5004
f 4994 5004 4996
f 4996 5004 5003
f 4996 5003 4995
f 4995 5003 5001
f 4995 5001 4993
f 5006 4998 5000
f 5006 5000 5008
f 5008 5000 4999
f 5008 4999 5007
f 5007 4999 4997
f 5007 4997 5005
f 5002 5010 5012
f 5002 5012 5004
f 5004 5012 5011
f 5004 5011 5003
f 5003 5011 5009
f 5003 5009 5001
f 5014 5006 5008
f 5014 5008 5016
f 5016 5008 5007
f 5016 5007 5015
f 5015 5007 5005
f 5015 5005 5013
f 5010 5018 5020
f 5010 5020 5012
f 5012 5020 5019
f 5012 5019 5011
f 5011 5019 5017
f 5011 5017 5009
f 5022 5014 5016
f 5022 5016 5024
f 5024 5016 5015
f 5024 5015 5023
f 5023 5015 5013
f 5023 5013 5021
f 5018 5026 5028
f 5018 5028 5020
f 5020 5028 5027
f 5020 5027 5019
f 5019 5027 5025
f 5019 5025 5017
f 5030 5022 5024
f 5030 5024 5032
f 5032 5024 5023
f 5032 5023 5031
f 5031 5023 5021
f 5031 5021 5029
f 5026 5034 5036
f 5026 5036 5028
f 5028 5036 5035
f 5028 5035 5027
f 5027 5035 5033
f 5027 5033 5025
f 5038 5030 5032
f 5038 5032 5040
f 5040 5032 5031
f 5040 5031 5039
f 5039 5031 5029
f 5039 5029 5037
f 5034 5042 5044
f 5034 5044 5036
f 5036 5044 5043
f 5036 5043 5035
f 5035 5043 5041
f 5035 5041 5033
f 5046 5038 5040
f 5046 5040 5048
f 5048 5040 5039
f 5048 5039 5047
f 5047 5039 5037
f 5047 5037 5045
f 5042 5050 5052
f 5042 5052 5044
f 5044 5052 5051
f 5044 5051 5043
f 5043 5051 5049
f 5043 5049 5041
f 5054 5046 5048
f 5054 5048 5056
f 5056 5048 5047
f 5056 5047 5055
f 5055 5047 5045
f 5055 5045 5053
f 5050 5058 5060
f 5050 5060 5052
f 5052 5060 5059
f 5052 5059 5051
f 5051 5059 5057
f 5051 5057 5049
f 5062 5054 5056
f 5062 5056 5064
f 5064 5056 5055
f 5064 5055 5063
f 5063 5055 5053
f 5063 5053 5061
f 5058 5066 5068
f 5058 5068 5060
f 5060 5068 5067
f 5060 5067 5059
f 5059 5067 5065
f 5059 5065 5057
f 5070 5062 5064
f 5070 5064 5072
f 5072 5064 5063
f 5072 5063 5071
f 5071 5063 5061
f 5071 5061 5069
f 5066 5074 5076
f 5066 5076 5068
f 5068 5076 5075
f 5068 5075 5067
f 5067 5075 5073
f 5067 5073 5065
f 5078 5070 5072
f 5078 5072 5080
f 5080 5072 5071
f 5080 5071 5079
f 5079 5071 5069
f 5079 5069 5077
f 5074 5082 5084
f 5074 5084 5076
f 5076 5084 5083
f 5076 5083 5075
f 5075 5083 5081
f 5075 5081 5073
f 5086 5078 5080
f 5086 5080 5088
f 5088 5080 5079
f 5088 5079 5087
f 5087 5079 5077
f 5087 5077 5085
f 5082 5090 5092
f 5082 5092 5084
f 5084 5092 5091
f 5084 5091 5083
f 5083 5091 5089
f 5083 5089 5081
f 5094 5086 5088
f 5094 5088 5096
f 5096 5088 5087
f 5096 5087 5095
f 5095 5087 5085
f 5095 5085 5093
f 5090 5098 5100
f 5090 5100 5092
f 5092 5100 5099
f 5092 5099 5091
f 5091 5099 5097
f 5091 5097 5089
f 5102 5094 5096
f 5102 5096 5104
f 5104 5096 5095
f 5104 5095 5103
f 5103 5095 5093
f 5103 5093 5101
f 5098 5106 5108
f 5098 5108 5100
f 5100 5108 5107
f 5100 5107 5099
f 5099 5107 5105
f 5099 5105 5097
f 5110 5102 5104
f 5110 5104 5112
f 5112 5104 5103
f 5112 5103 5111
f 5111 5103 5101
f 5111 5101 5109
f 5106 5114 5116
f 5106 5116 5108
f 5108 5116 5115
f 5108 5115 5107
f 5107 5115 5113
f 5107 5113 5105
f 5118 5110 5112
f 5118 5112 5120
f 5120 5112 5111
f 5120 5111 5119
f 5119 5111 5109
f 5119 5109 5117
f 5114 5122 5124
f 5114 5124 5116
f 5116 5124 5123
f 5116 5123 5115
f 5115 5123 5121
f 5115 5121 5113
f 5126 5118 5120
f 5126 5120 5128
f 5128 5120 5119
f 5128 5119 5127
f 5127 5119 5117
f 5127 5117 5125
f 5122 5130 5132
f 5122 5132 5124
f 5124 5132 5131
f 5124 5131 5123
f 5123 5131 5129
f 5123 5129 5121
f 5134 5126 5128
f 5134 5128 5136
f 5136 5128 5127
f 5136 5127 5135
f 5135 5127 5125
f 5135 5125 5133
f 5130 5138 5140
f 5130 5140 5132
f 5132 5140 5139
f 5132 5139 5131
f 5131 5139 5137
f 5131 5137 5129
f 5142 5134 5136
f 5142 5136 5144
f 5144 5136 5135
f 5144 5135 5143
f 5143 5135 5133
f 5143 5133 5141
f 5138 5146 5148
f 5138 5148 5140
f 5140 5148 5147
f 5140 5147 5139
f 5139 5147 5145
f 5139 5145 5137
f 5150 5142 5144
f 5150 5144 5152
f 5152 5144 5143
f 5152 5143 5151
f 5151 5143 5141
f 5151 5141 5149
f 5146 5154 5156
f 5146 5156 5148
f 5148 5156 5155
f 5148 5155 5147
f 5147 5155 5153
f 5147 5153 5145
f 5158 5150 5152
f 5158 5152 5160
f 5160 5152 5151
f 5160 5151 5159
f 5159 5151 5149
f 5159 5149 5157
f 5154 5162 5164
f 5154 5164 5156
f 5156 5164 5163
f 5156 5163 5155
f 5155 5163 5161
f 5155 5161 5153
f 5166 5158 5160
f 5166 5160 5168
f 5168 5160 5159
f 5168 5159 5167
f 5167 5159 5157
f 5167 5157 5165
f 5162 5170 5172
f 5162 5172 5164
f 5164 5172 5171
f 5164 5171 5163
f 5163 5171 5169
f 5163 5169 5161
f 5174 5166 5168
f 5174 5168 5176
f 5176 5168 5167
f 5176 5167 5175
f 5175 5167 5165
f 5175 5165 5173
f 5170 5178 5180
f 5170 5180 5172
f 5172 5180 5179
f 5172 5179 5171
f 5171 5179 5177
f 5171 5177 5169
f 5182 5174 5176
f 5182 5176 5184
f 5184 5176 5175
f 5184 5175 5183
f 5183 5175 5173
f 5183 5173 5181
f 5178 5186 5188
f 5178 5188 5180
f 5180 5188 5187
f 5180 5187 5179
f 5179 5187 5185
f 5179 5185 5177
f 5190 5182 5184
f 5190 5184 5192
f 5192 5184 5183
f 5192 5183 5191
f 5191 5183 5181
f 5191 5181 5189
f 5186 5194 5196
f 5186 5196 5188
f 5188 5196 5195
f 5188 5195 5187
f 5187 5195 5193
f 5187 5193 5185
f 5198 5190 5192
f 5198 5192 5200
f 5200 5192 5191
f 5200 5191 5199
f 5199 5191 5189
f 5199 5189 5197
f 5194 5202 5204
f 5194 5204 5196
f 5196 5204 5203
f 5196 5203 5195
f 5195 5203 5201
f 5195 5201 5193
f 5206 5198 5200
f 5206 5200 5208
f 5208 5200 5199
f 5208 5199 5207
f 5207 5199 5197
f 5207 5197 5205
f 5202 5210 5212
f 5202 5212 5204
f 5204 5212 5211
f 5204 5211 5203
f 5203 5211 5209
f 5203 5209 5201
f 5214 5206 5208
f 5214 5208 5216
f 5216 5208 5207
f 5216 5207 5215
f 5215 5207 5205
f 5215 5205 5213
f 5210 5218 5220
f 5210 5220 5212
f 5212 5220 5219
f 5212 5219 5211
f 5211 5219 5217
f 5211 5217 5209
f 5222 5214 5216
f 5222 5216 5224
f 5224 5216 5215
f 5224 5215 5223
f 5223 5215 5213
f 5223 5213 5221
f 5218 5226 5228
f 5218 5228 5220
f 5220 5228 5227
f 5220 5227 5219
f 5219 5227 5225
f 5219 5225 5217
f 5230 5222 5224
f 5230 5224 5232
f 5232 5224 5223
f 5232 5223 5231
f 5231 5223 5221
f 5231 5221 5229
f 5226 5234 5236
f 5226 5236 5228
f 5228 5236 5235
f 5228 5235 5227
f 5227 5235 5233
f 5227 5233 5225
f 5238 5230 5232
f 5238 5232 5240
f 5240 5232 5231
f 5240 5231 5239
f 5239 5231 5229
f 5239 5229 5237
f 5234 5242 5244
f 5234 5244 5236
f 5236 5244 5243
f 5236 5243 5235
f 5235 5243 5241
f 5235 5241 5233
f 5246 5238 5240
f 5246 5240 5248
f 5248 5240 5239
f 5248 5239 5247
f 5247 5239 5237
f 5247 5237 5245
f 5242 5250 5252
f 5242 5252 5244
f 5244 5252 5251
f 5244 5251 5243
f 5243 5251 5249
f 5243 5249 5241
f 5254 5246 5248
f 5254 5248 5256
f 5256 5248 5247
f 5256 5247 5255
f 5255 5247 5245
f 5255 5245 5253
f 5250 5258 5260
f 5250 5260 5252
f 5252 5260 5259
f 5252 5259 5251
f 5251 5259 5257
f 5251 5257 5249
f 5262 5254 5256
f 5262 5256 5264
f 5264 5256 5255
f 5264 5255 5263
f 5263 5255 5253
f 5263 5253 5261
f 5258 5266 5268
f 5258 5268 5260
f 5260 5268 5267
f 5260 5267 5259
f 5259 5267 5265
f 5259 5265 5257
f 5270 5262 5264
f 5270 5264 5272
f 5272 5264 5263
f 5272 5263 5271
f 5271 5263 5261
f 5271 5261 5269
f 5266 5274 5276
f 5266 5276 5268
f 5268 5276 5275
f 5268 5275 5267
f 5267 5275 5273
f 5267 5273 5265
f 5278 5270 5272
f 5278 5272 5280
f 5280 5272 5271
f 5280 5271 5279
f 5279 5271 5269
f 5279 5269 5277
f 5274 4898 4900
f 5274 4900 5276
f 5276 4900 4899
f 5276 4899 5275
f 5275 4899 4897
f 5275 4897 5273
f 4902 5278 5280
f 4902 5280 4904
f 4904 5280 5279
f 4904 5279 4903
f 4903 5279 5277
f 4903 5277 4901
f 5273 4897 4905
f 4905 4913 4921
f 4921 4929 4937
f 4937 4945 4953
f 4953 4961 4969
f 4969 4977 4985
f 4985 4993 5001
f 5001 5009 5017
f 5017 5025 5033
f 5033 5041 5049
f 5049 5057 5065
f 5065 5073 5081
f 5081 5089 5097
f 5097 5105 5113
f 5113 5121 5129
f 5129 5137 5145
f 5145 5153 5161
f 5161 5169 5177
f 5177 5185 5193
f 5193 5201 5209
f 5209 5217 5225
f 5225 5233 5241
f 5241 5249 5257
f 5257 5265 5273
f 5273 4905 4921
f 4921 4937 4953
f 4953 4969 4985
f 4985 5001 5017
f 5017 5033 5049
f 5049 5065 5081
f 5081 5097 5113
f 5113 5129 5145
f 5145 5161 5177
f 5177 5193 5209
f 5209 5225 5241
f 5241 5257 5273
f 5273 4921 4953
f 4953 4985 5017
f 5017 5049 5081
f 5081 5113 5145
f 5145 5177 5209
f 5209 5241 5273
f 5273 4953 5017
f 5017 5081 5145
f 5145 5209 5273
f 5017 5145 5273
f 4898 4902 4910
f 4898 4910 4906
f 5274 5278 4902
f 5274 4902 4898
f 4917 4909 4901
f 4901 5277 5269
f 5269 5261 5253
f 5253 5245 5237
f 5237 5229 5221
f 5221 5213 5205
f 5205 5197 5189
f 5189 5181 5173
f 5173 5165 5157
f 5157 5149 5141
f 5141 5133 5125
f 5125 5117 5109
f 5109 5101 5093
f 5093 5085 5077
f 5077 5069 5061
f 5061 5053 5045
f 5045 5037 5029
f 5029 5021 5013
f 5013 5005 4997
f 4997 4989 4981
f 4981 4973 4965
f 4965 4957 4949
f 4949 4941 4933
f 4933 4925 4917
f 4917 4901 5269
f 5269 5253 5237
f 5237 5221 5205
f 5205 5189 5173
f 5173 5157 5141
f 5141 5125 5109
f 5109 5093 5077
f 5077 5061 5045
f 5045 5029 5013
f 5013 4997 4981
f 4981 4965 4949
f 4949 4933 4917
f 4917 5269 5237
f 5237 5205 5173
f 5173 5141 5109
f 5109 5077 5045
f 5045 5013 4981
f 4981 4949 4917
f 4917 5237 5173
f 5173 5109 5045
f 5045 4981 4917
f 5173 5045 4917
f 4906 4910 4918
f 4906 4918 4914
f 4914 4918 4926
f 4914 4926 4922
f 4922 4926 4934
f 4922 4934 4930
f 4930 4934 4942
f 4930 4942 4938
f 4938 4942 4950
f 4938 4950 4946
f 4946 4950 4958
f 4946 4958 4954
f 4954 4958 4966
f 4954 4966 4962
f 4962 4966 4974
f 4962 4974 4970
f 4970 4974 4982
f 4970 4982 4978
f 4978 4982 4990
f 4978 4990 4986
f 4986 4990 4998
f 4986 4998 4994
f 4994 4998 5006
f 4994 5006 5002
f 5002 5006 5014
f 5002 5014 5010
f 5010 5014 5022
f 5010 5022 5018
f 5018 5022 5030
f 5018 5030 5026
f 5026 5030 5038
f 5026 5038 5034
f 5034 5038 5046
f 5034 5046 5042
f 5042 5046 5054
f 5042 5054 5050
f 5050 5054 5062
f 5050 5062 5058
f 5058 5062 5070
f 5058 5070 5066
f 5066 5070 5078
f 5066 5078 5074
f 5074 5078 5086
f 5074 5086 5082
f 5082 5086 5094
f 5082 5094 5090
f 5090 5094 5102
f 5090 5102 5098
f 5098 5102 5110
f 5098 5110 5106
f 5106 5110 5118
f 5106 5118 5114
f 5114 5118 5126
f 5114 5126 5122
f 5122 5126 5134
f 5122 5134 5130
f 5130 5134 5142
f 5130 5142 5138
f 5138 5142 5150
f 5138 5150 5146
f 5146 5150 5158
f 5146 5158 5154
f 5154 5158 5166
f 5154 5166 5162
f 5162 5166 5174
f 5162 5174 5170
f 5170 5174 5182
f 5170 5182 5178
f 5178 5182 5190
f 5178 5190 5186
f 5186 5190 5198
f 5186 5198 5194
f 5194 5198 5206
f 5194 5206 5202
f 5202 5206 5214
f 5202 5214 5210
f 5210 5214 5222
f 5210 5222 5218
f 5218 5222 5230
f 5218 5230 5226
f 5226 5230 5238
f 5226 5238 5234
f 5234 5238 5246
f 5234 5246 5242
f 5242 5246 5254
f 5242 5254 5250
f 5250 5254 5262
f 5250 5262 5258
f 5258 5262 5270
f 5258 5270 5266
f 5266 5270 5278
f 5266 5278 5274
