# Zoomer visual mesh, local link coordinates in metres
v -0.0080153 -0.0227909 0.0236858
v -0.0080153 -0.0230295 0.0239244
v -0.0082061 -0.0227909 0.0239244
v -0.0080153 -0.0229100 0.0237177
v -0.0081106 -0.0227909 0.0237177
v -0.0081065 -0.0229050 0.0237486
v -0.0081106 -0.0229976 0.0239244
v -0.0080153 -0.0229976 0.0238053
v -0.0081065 -0.0229666 0.0238103
v -0.0081806 -0.0227909 0.0238053
v -0.0081806 -0.0229100 0.0239244
v -0.0081558 -0.0229050 0.0238103
v -0.0080153 -0.0230295 0.0245210
v -0.0080153 -0.0227909 0.0247597
v -0.0082061 -0.0227909 0.0245210
v -0.0080153 -0.0229976 0.0246402
v -0.0081106 -0.0229976 0.0245210
v -0.0081065 -0.0229666 0.0246352
v -0.0081106 -0.0227909 0.0247278
v -0.0080153 -0.0229100 0.0247278
v -0.0081065 -0.0229050 0.0246968
v -0.0081806 -0.0229100 0.0245210
v -0.0081806 -0.0227909 0.0246402
v -0.0081558 -0.0229050 0.0246352
v -0.0080153 -0.0218363 0.0236858
v -0.0082061 -0.0218363 0.0239244
v -0.0080153 -0.0215976 0.0239244
v -0.0081106 -0.0218363 0.0237177
v -0.0080153 -0.0217171 0.0237177
v -0.0081065 -0.0217221 0.0237486
v -0.0081806 -0.0217171 0.0239244
v -0.0081806 -0.0218363 0.0238053
v -0.0081558 -0.0217221 0.0238103
v -0.0080153 -0.0216295 0.0238053
v -0.0081106 -0.0216295 0.0239244
v -0.0081065 -0.0216605 0.0238103
v -0.0080153 -0.0218363 0.0247597
v -0.0080153 -0.0215976 0.0245210
v -0.0082061 -0.0218363 0.0245210
v -0.0080153 -0.0217171 0.0247278
v -0.0081106 -0.0218363 0.0247278
v -0.0081065 -0.0217221 0.0246968
v -0.0081106 -0.0216295 0.0245210
v -0.0080153 -0.0216295 0.0246402
v -0.0081065 -0.0216605 0.0246352
v -0.0081806 -0.0218363 0.0246402
v -0.0081806 -0.0217171 0.0245210
v -0.0081558 -0.0217221 0.0246352
v -0.0062977 -0.0227909 0.0236858
v -0.0061069 -0.0227909 0.0239244
v -0.0062977 -0.0230295 0.0239244
v -0.0062024 -0.0227909 0.0237177
v -0.0062977 -0.0229100 0.0237177
v -0.0062064 -0.0229050 0.0237486
v -0.0061324 -0.0229100 0.0239244
v -0.0061324 -0.0227909 0.0238053
v -0.0061571 -0.0229050 0.0238103
v -0.0062977 -0.0229976 0.0238053
v -0.0062024 -0.0229976 0.0239244
v -0.0062064 -0.0229666 0.0238103
v -0.0062977 -0.0227909 0.0247597
v -0.0062977 -0.0230295 0.0245210
v -0.0061069 -0.0227909 0.0245210
v -0.0062977 -0.0229100 0.0247278
v -0.0062024 -0.0227909 0.0247278
v -0.0062064 -0.0229050 0.0246968
v -0.0062024 -0.0229976 0.0245210
v -0.0062977 -0.0229976 0.0246402
v -0.0062064 -0.0229666 0.0246352
v -0.0061324 -0.0227909 0.0246402
v -0.0061324 -0.0229100 0.0245210
v -0.0061571 -0.0229050 0.0246352
v -0.0062977 -0.0218363 0.0236858
v -0.0062977 -0.0215976 0.0239244
v -0.0061069 -0.0218363 0.0239244
v -0.0062977 -0.0217171 0.0237177
v -0.0062024 -0.0218363 0.0237177
v -0.0062064 -0.0217221 0.0237486
v -0.0062024 -0.0216295 0.0239244
v -0.0062977 -0.0216295 0.0238053
v -0.0062064 -0.0216605 0.0238103
v -0.0061324 -0.0218363 0.0238053
v -0.0061324 -0.0217171 0.0239244
v -0.0061571 -0.0217221 0.0238103
v -0.0062977 -0.0218363 0.0247597
v -0.0061069 -0.0218363 0.0245210
v -0.0062977 -0.0215976 0.0245210
v -0.0062024 -0.0218363 0.0247278
v -0.0062977 -0.0217171 0.0247278
v -0.0062064 -0.0217221 0.0246968
v -0.0061324 -0.0217171 0.0245210
v -0.0061324 -0.0218363 0.0246402
v -0.0061571 -0.0217221 0.0246352
v -0.0062977 -0.0216295 0.0246402
v -0.0062024 -0.0216295 0.0245210
v -0.0062064 -0.0216605 0.0246352
v -0.0007634 -0.0227909 0.0236858
v -0.0007634 -0.0230295 0.0239244
v -0.0009542 -0.0227909 0.0239244
v -0.0007634 -0.0229100 0.0237177
v -0.0008587 -0.0227909 0.0237177
v -0.0008546 -0.0229050 0.0237486
v -0.0008587 -0.0229976 0.0239244
v -0.0007634 -0.0229976 0.0238053
v -0.0008546 -0.0229666 0.0238103
v -0.0009287 -0.0227909 0.0238053
v -0.0009287 -0.0229100 0.0239244
v -0.0009039 -0.0229050 0.0238103
v -0.0007634 -0.0230295 0.0245210
v -0.0007634 -0.0227909 0.0247597
v -0.0009542 -0.0227909 0.0245210
v -0.0007634 -0.0229976 0.0246402
v -0.0008587 -0.0229976 0.0245210
v -0.0008546 -0.0229666 0.0246352
v -0.0008587 -0.0227909 0.0247278
v -0.0007634 -0.0229100 0.0247278
v -0.0008546 -0.0229050 0.0246968
v -0.0009287 -0.0229100 0.0245210
v -0.0009287 -0.0227909 0.0246402
v -0.0009039 -0.0229050 0.0246352
v -0.0007634 -0.0218363 0.0236858
v -0.0009542 -0.0218363 0.0239244
v -0.0007634 -0.0215976 0.0239244
v -0.0008587 -0.0218363 0.0237177
v -0.0007634 -0.0217171 0.0237177
v -0.0008546 -0.0217221 0.0237486
v -0.0009287 -0.0217171 0.0239244
v -0.0009287 -0.0218363 0.0238053
v -0.0009039 -0.0217221 0.0238103
v -0.0007634 -0.0216295 0.0238053
v -0.0008587 -0.0216295 0.0239244
v -0.0008546 -0.0216605 0.0238103
v -0.0007634 -0.0218363 0.0247597
v -0.0007634 -0.0215976 0.0245210
v -0.0009542 -0.0218363 0.0245210
v -0.0007634 -0.0217171 0.0247278
v -0.0008587 -0.0218363 0.0247278
v -0.0008546 -0.0217221 0.0246968
v -0.0008587 -0.0216295 0.0245210
v -0.0007634 -0.0216295 0.0246402
v -0.0008546 -0.0216605 0.0246352
v -0.0009287 -0.0218363 0.0246402
v -0.0009287 -0.0217171 0.0245210
v -0.0009039 -0.0217221 0.0246352
v 0.0009542 -0.0227909 0.0236858
v 0.0011450 -0.0227909 0.0239244
v 0.0009542 -0.0230295 0.0239244
v 0.0010495 -0.0227909 0.0237177
v 0.0009542 -0.0229100 0.0237177
v 0.0010455 -0.0229050 0.0237486
v 0.0011195 -0.0229100 0.0239244
v 0.0011195 -0.0227909 0.0238053
v 0.0010948 -0.0229050 0.0238103
v 0.0009542 -0.0229976 0.0238053
v 0.0010495 -0.0229976 0.0239244
v 0.0010455 -0.0229666 0.0238103
v 0.0009542 -0.0227909 0.0247597
v 0.0009542 -0.0230295 0.0245210
v 0.0011450 -0.0227909 0.0245210
v 0.0009542 -0.0229100 0.0247278
v 0.0010495 -0.0227909 0.0247278
v 0.0010455 -0.0229050 0.0246968
v 0.0010495 -0.0229976 0.0245210
v 0.0009542 -0.0229976 0.0246402
v 0.0010455 -0.0229666 0.0246352
v 0.0011195 -0.0227909 0.0246402
v 0.0011195 -0.0229100 0.0245210
v 0.0010948 -0.0229050 0.0246352
v 0.0009542 -0.0218363 0.0236858
v 0.0009542 -0.0215976 0.0239244
v 0.0011450 -0.0218363 0.0239244
v 0.0009542 -0.0217171 0.0237177
v 0.0010495 -0.0218363 0.0237177
v 0.0010455 -0.0217221 0.0237486
v 0.0010495 -0.0216295 0.0239244
v 0.0009542 -0.0216295 0.0238053
v 0.0010455 -0.0216605 0.0238103
v 0.0011195 -0.0218363 0.0238053
v 0.0011195 -0.0217171 0.0239244
v 0.0010948 -0.0217221 0.0238103
v 0.0009542 -0.0218363 0.0247597
v 0.0011450 -0.0218363 0.0245210
v 0.0009542 -0.0215976 0.0245210
v 0.0010495 -0.0218363 0.0247278
v 0.0009542 -0.0217171 0.0247278
v 0.0010455 -0.0217221 0.0246968
v 0.0011195 -0.0217171 0.0245210
v 0.0011195 -0.0218363 0.0246402
v 0.0010948 -0.0217221 0.0246352
v 0.0009542 -0.0216295 0.0246402
v 0.0010495 -0.0216295 0.0245210
v 0.0010455 -0.0216605 0.0246352
v -0.0193950 -0.0212589 0.0327948
v -0.0193950 -0.0212096 0.0327305
v -0.0193784 -0.0214007 0.0328751
v -0.0193629 -0.0213285 0.0328441
v -0.0193496 -0.0212664 0.0327948
v -0.0193394 -0.0212188 0.0327305
v -0.0193330 -0.0211888 0.0326557
v -0.0193308 -0.0211786 0.0325754
v -0.0193330 -0.0211888 0.0324951
v -0.0193394 -0.0212188 0.0324203
v -0.0193496 -0.0212664 0.0323560
v -0.0193629 -0.0213285 0.0323067
v -0.0193784 -0.0214007 0.0322758
v -0.0193629 -0.0214088 0.0328751
v -0.0193330 -0.0213440 0.0328441
v -0.0193073 -0.0212883 0.0327948
v -0.0192876 -0.0212456 0.0327305
v -0.0192752 -0.0212188 0.0326557
v -0.0192710 -0.0212096 0.0325754
v -0.0192752 -0.0212188 0.0324951
v -0.0192876 -0.0212456 0.0324203
v -0.0193073 -0.0212883 0.0323560
v -0.0193330 -0.0213440 0.0323067
v -0.0193629 -0.0214088 0.0322758
v -0.0193496 -0.0214215 0.0328751
v -0.0193073 -0.0213686 0.0328441
v -0.0192710 -0.0213232 0.0327948
v -0.0192431 -0.0212883 0.0327305
v -0.0192256 -0.0212664 0.0326557
v -0.0192196 -0.0212589 0.0325754
v -0.0192256 -0.0212664 0.0324951
v -0.0192431 -0.0212883 0.0324203
v -0.0192710 -0.0213232 0.0323560
v -0.0193073 -0.0213686 0.0323067
v -0.0193496 -0.0214215 0.0322758
v -0.0193394 -0.0214381 0.0328751
v -0.0192876 -0.0214007 0.0328441
v -0.0192431 -0.0213686 0.0327948
v -0.0192090 -0.0213440 0.0327305
v -0.0191875 -0.0213285 0.0326557
v -0.0191802 -0.0213232 0.0325754
v -0.0191875 -0.0213285 0.0324951
v -0.0192090 -0.0213440 0.0324203
v -0.0192431 -0.0213686 0.0323560
v -0.0192876 -0.0214007 0.0323067
v -0.0193394 -0.0214381 0.0322758
v -0.0193330 -0.0214575 0.0328751
v -0.0192752 -0.0214381 0.0328441
v -0.0192256 -0.0214215 0.0327948
v -0.0191875 -0.0214088 0.0327305
v -0.0191636 -0.0214007 0.0326557
v -0.0191554 -0.0213980 0.0325754
v -0.0191636 -0.0214007 0.0324951
v -0.0191875 -0.0214088 0.0324203
v -0.0192256 -0.0214215 0.0323560
v -0.0192752 -0.0214381 0.0323067
v -0.0193330 -0.0214575 0.0322758
v -0.0193308 -0.0214783 0.0328751
v -0.0192710 -0.0214783 0.0328441
v -0.0192196 -0.0214783 0.0327948
v -0.0191802 -0.0214783 0.0327305
v -0.0191554 -0.0214783 0.0326557
v -0.0191469 -0.0214783 0.0325754
v -0.0191554 -0.0214783 0.0324951
v -0.0191802 -0.0214783 0.0324203
v -0.0192196 -0.0214783 0.0323560
v -0.0192710 -0.0214783 0.0323067
v -0.0193308 -0.0214783 0.0322758
v -0.0193330 -0.0214991 0.0328751
v -0.0192752 -0.0215184 0.0328441
v -0.0192256 -0.0215351 0.0327948
v -0.0191875 -0.0215478 0.0327305
v -0.0191636 -0.0215559 0.0326557
v -0.0191554 -0.0215586 0.0325754
v -0.0191636 -0.0215559 0.0324951
v -0.0191875 -0.0215478 0.0324203
v -0.0192256 -0.0215351 0.0323560
v -0.0192752 -0.0215184 0.0323067
v -0.0193330 -0.0214991 0.0322758
v -0.0193394 -0.0215184 0.0328751
v -0.0192876 -0.0215559 0.0328441
v -0.0192431 -0.0215880 0.0327948
v -0.0192090 -0.0216126 0.0327305
v -0.0191875 -0.0216281 0.0326557
v -0.0191802 -0.0216334 0.0325754
v -0.0191875 -0.0216281 0.0324951
v -0.0192090 -0.0216126 0.0324203
v -0.0192431 -0.0215880 0.0323560
v -0.0192876 -0.0215559 0.0323067
v -0.0193394 -0.0215184 0.0322758
v -0.0193496 -0.0215351 0.0328751
v -0.0193073 -0.0215880 0.0328441
v -0.0192710 -0.0216334 0.0327948
v -0.0192431 -0.0216683 0.0327305
v -0.0192256 -0.0216902 0.0326557
v -0.0192196 -0.0216977 0.0325754
v -0.0192256 -0.0216902 0.0324951
v -0.0192431 -0.0216683 0.0324203
v -0.0192710 -0.0216334 0.0323560
v -0.0193073 -0.0215880 0.0323067
v -0.0193496 -0.0215351 0.0322758
v -0.0193629 -0.0215478 0.0328751
v -0.0193330 -0.0216126 0.0328441
v -0.0193073 -0.0216683 0.0327948
v -0.0192876 -0.0217110 0.0327305
v -0.0192752 -0.0217378 0.0326557
v -0.0192710 -0.0217470 0.0325754
v -0.0192752 -0.0217378 0.0324951
v -0.0192876 -0.0217110 0.0324203
v -0.0193073 -0.0216683 0.0323560
v -0.0193330 -0.0216126 0.0323067
v -0.0193629 -0.0215478 0.0322758
v -0.0193784 -0.0215559 0.0328751
v -0.0193629 -0.0216281 0.0328441
v -0.0193496 -0.0216902 0.0327948
v -0.0193394 -0.0217378 0.0327305
v -0.0193330 -0.0217678 0.0326557
v -0.0193308 -0.0217780 0.0325754
v -0.0193330 -0.0217678 0.0324951
v -0.0193394 -0.0217378 0.0324203
v -0.0193496 -0.0216902 0.0323560
v -0.0193629 -0.0216281 0.0323067
v -0.0193784 -0.0215559 0.0322758
v -0.0193950 -0.0215586 0.0328751
v -0.0193950 -0.0216334 0.0328441
v -0.0193950 -0.0216977 0.0327948
v -0.0193950 -0.0217470 0.0327305
v -0.0193950 -0.0217780 0.0326557
v -0.0193950 -0.0217885 0.0325754
v -0.0193950 -0.0217780 0.0324951
v -0.0193950 -0.0217470 0.0324203
v -0.0193950 -0.0216977 0.0323560
v -0.0193950 -0.0216334 0.0323067
v -0.0193950 -0.0215586 0.0322758
v -0.0193950 -0.0214783 0.0328857
v -0.0194117 -0.0215559 0.0328751
v -0.0194271 -0.0216281 0.0328441
v -0.0194404 -0.0216902 0.0327948
v -0.0194506 -0.0217378 0.0327305
v -0.0194571 -0.0217678 0.0326557
v -0.0194592 -0.0217780 0.0325754
v -0.0194571 -0.0217678 0.0324951
v -0.0194506 -0.0217378 0.0324203
v -0.0194404 -0.0216902 0.0323560
v -0.0194271 -0.0216281 0.0323067
v -0.0194117 -0.0215559 0.0322758
v -0.0194271 -0.0215478 0.0328751
v -0.0194571 -0.0216126 0.0328441
v -0.0194828 -0.0216683 0.0327948
v -0.0195025 -0.0217110 0.0327305
v -0.0195149 -0.0217378 0.0326557
v -0.0195191 -0.0217470 0.0325754
v -0.0195149 -0.0217378 0.0324951
v -0.0195025 -0.0217110 0.0324203
v -0.0194828 -0.0216683 0.0323560
v -0.0194571 -0.0216126 0.0323067
v -0.0194271 -0.0215478 0.0322758
v -0.0194404 -0.0215351 0.0328751
v -0.0194828 -0.0215880 0.0328441
v -0.0195191 -0.0216334 0.0327948
v -0.0195470 -0.0216683 0.0327305
v -0.0195645 -0.0216902 0.0326557
v -0.0195705 -0.0216977 0.0325754
v -0.0195645 -0.0216902 0.0324951
v -0.0195470 -0.0216683 0.0324203
v -0.0195191 -0.0216334 0.0323560
v -0.0194828 -0.0215880 0.0323067
v -0.0194404 -0.0215351 0.0322758
v -0.0193950 -0.0214783 0.0322652
v -0.0194506 -0.0215184 0.0328751
v -0.0195025 -0.0215559 0.0328441
v -0.0195470 -0.0215880 0.0327948
v -0.0195811 -0.0216126 0.0327305
v -0.0196026 -0.0216281 0.0326557
v -0.0196099 -0.0216334 0.0325754
v -0.0196026 -0.0216281 0.0324951
v -0.0195811 -0.0216126 0.0324203
v -0.0195470 -0.0215880 0.0323560
v -0.0195025 -0.0215559 0.0323067
v -0.0194506 -0.0215184 0.0322758
v -0.0194571 -0.0214991 0.0328751
v -0.0195149 -0.0215184 0.0328441
v -0.0195645 -0.0215351 0.0327948
v -0.0196026 -0.0215478 0.0327305
v -0.0196265 -0.0215559 0.0326557
v -0.0196347 -0.0215586 0.0325754
v -0.0196265 -0.0215559 0.0324951
v -0.0196026 -0.0215478 0.0324203
v -0.0195645 -0.0215351 0.0323560
v -0.0195149 -0.0215184 0.0323067
v -0.0194571 -0.0214991 0.0322758
v -0.0194592 -0.0214783 0.0328751
v -0.0195191 -0.0214783 0.0328441
v -0.0195705 -0.0214783 0.0327948
v -0.0196099 -0.0214783 0.0327305
v -0.0196347 -0.0214783 0.0326557
v -0.0196431 -0.0214783 0.0325754
v -0.0196347 -0.0214783 0.0324951
v -0.0196099 -0.0214783 0.0324203
v -0.0195705 -0.0214783 0.0323560
v -0.0195191 -0.0214783 0.0323067
v -0.0194592 -0.0214783 0.0322758
v -0.0194571 -0.0214575 0.0328751
v -0.0195149 -0.0214381 0.0328441
v -0.0195645 -0.0214215 0.0327948
v -0.0196026 -0.0214088 0.0327305
v -0.0196265 -0.0214007 0.0326557
v -0.0196347 -0.0213980 0.0325754
v -0.0196265 -0.0214007 0.0324951
v -0.0196026 -0.0214088 0.0324203
v -0.0195645 -0.0214215 0.0323560
v -0.0195149 -0.0214381 0.0323067
v -0.0194571 -0.0214575 0.0322758
v -0.0194506 -0.0214381 0.0328751
v -0.0195025 -0.0214007 0.0328441
v -0.0195470 -0.0213686 0.0327948
v -0.0195811 -0.0213440 0.0327305
v -0.0196026 -0.0213285 0.0326557
v -0.0196099 -0.0213232 0.0325754
v -0.0196026 -0.0213285 0.0324951
v -0.0195811 -0.0213440 0.0324203
v -0.0195470 -0.0213686 0.0323560
v -0.0195025 -0.0214007 0.0323067
v -0.0194506 -0.0214381 0.0322758
v -0.0194404 -0.0214215 0.0328751
v -0.0194828 -0.0213686 0.0328441
v -0.0195191 -0.0213232 0.0327948
v -0.0195470 -0.0212883 0.0327305
v -0.0195645 -0.0212664 0.0326557
v -0.0195705 -0.0212589 0.0325754
v -0.0195645 -0.0212664 0.0324951
v -0.0195470 -0.0212883 0.0324203
v -0.0195191 -0.0213232 0.0323560
v -0.0194828 -0.0213686 0.0323067
v -0.0194404 -0.0214215 0.0322758
v -0.0194271 -0.0214088 0.0328751
v -0.0194571 -0.0213440 0.0328441
v -0.0194828 -0.0212883 0.0327948
v -0.0195025 -0.0212456 0.0327305
v -0.0195149 -0.0212188 0.0326557
v -0.0195191 -0.0212096 0.0325754
v -0.0195149 -0.0212188 0.0324951
v -0.0195025 -0.0212456 0.0324203
v -0.0194828 -0.0212883 0.0323560
v -0.0194571 -0.0213440 0.0323067
v -0.0194271 -0.0214088 0.0322758
v -0.0194117 -0.0214007 0.0328751
v -0.0194271 -0.0213285 0.0328441
v -0.0194404 -0.0212664 0.0327948
v -0.0194506 -0.0212188 0.0327305
v -0.0194571 -0.0211888 0.0326557
v -0.0194592 -0.0211786 0.0325754
v -0.0194571 -0.0211888 0.0324951
v -0.0194506 -0.0212188 0.0324203
v -0.0194404 -0.0212664 0.0323560
v -0.0194271 -0.0213285 0.0323067
v -0.0194117 -0.0214007 0.0322758
v -0.0193950 -0.0213980 0.0328751
v -0.0193950 -0.0213232 0.0328441
v -0.0193950 -0.0211786 0.0326557
v -0.0193950 -0.0211680 0.0325754
v -0.0193950 -0.0211786 0.0324951
v -0.0193950 -0.0212096 0.0324203
v -0.0193950 -0.0212589 0.0323560
v -0.0193950 -0.0213232 0.0323067
v -0.0193950 -0.0213980 0.0322758
v -0.0199735 -0.0212589 0.0350209
v -0.0199735 -0.0212096 0.0349567
v -0.0199568 -0.0214007 0.0351012
v -0.0199413 -0.0213285 0.0350702
v -0.0199280 -0.0212664 0.0350209
v -0.0199178 -0.0212188 0.0349567
v -0.0199114 -0.0211888 0.0348818
v -0.0199092 -0.0211786 0.0348016
v -0.0199114 -0.0211888 0.0347213
v -0.0199178 -0.0212188 0.0346464
v -0.0199280 -0.0212664 0.0345822
v -0.0199413 -0.0213285 0.0345329
v -0.0199568 -0.0214007 0.0345019
v -0.0199413 -0.0214088 0.0351012
v -0.0199114 -0.0213440 0.0350702
v -0.0198857 -0.0212883 0.0350209
v -0.0198660 -0.0212456 0.0349567
v -0.0198536 -0.0212188 0.0348818
v -0.0198494 -0.0212096 0.0348016
v -0.0198536 -0.0212188 0.0347213
v -0.0198660 -0.0212456 0.0346464
v -0.0198857 -0.0212883 0.0345822
v -0.0199114 -0.0213440 0.0345329
v -0.0199413 -0.0214088 0.0345019
v -0.0199280 -0.0214215 0.0351012
v -0.0198857 -0.0213686 0.0350702
v -0.0198494 -0.0213232 0.0350209
v -0.0198215 -0.0212883 0.0349567
v -0.0198040 -0.0212664 0.0348818
v -0.0197980 -0.0212589 0.0348016
v -0.0198040 -0.0212664 0.0347213
v -0.0198215 -0.0212883 0.0346464
v -0.0198494 -0.0213232 0.0345822
v -0.0198857 -0.0213686 0.0345329
v -0.0199280 -0.0214215 0.0345019
v -0.0199178 -0.0214381 0.0351012
v -0.0198660 -0.0214007 0.0350702
v -0.0198215 -0.0213686 0.0350209
v -0.0197874 -0.0213440 0.0349567
v -0.0197659 -0.0213285 0.0348818
v -0.0197586 -0.0213232 0.0348016
v -0.0197659 -0.0213285 0.0347213
v -0.0197874 -0.0213440 0.0346464
v -0.0198215 -0.0213686 0.0345822
v -0.0198660 -0.0214007 0.0345329
v -0.0199178 -0.0214381 0.0345019
v -0.0199114 -0.0214575 0.0351012
v -0.0198536 -0.0214381 0.0350702
v -0.0198040 -0.0214215 0.0350209
v -0.0197659 -0.0214088 0.0349567
v -0.0197420 -0.0214007 0.0348818
v -0.0197338 -0.0213980 0.0348016
v -0.0197420 -0.0214007 0.0347213
v -0.0197659 -0.0214088 0.0346464
v -0.0198040 -0.0214215 0.0345822
v -0.0198536 -0.0214381 0.0345329
v -0.0199114 -0.0214575 0.0345019
v -0.0199092 -0.0214783 0.0351012
v -0.0198494 -0.0214783 0.0350702
v -0.0197980 -0.0214783 0.0350209
v -0.0197586 -0.0214783 0.0349567
v -0.0197338 -0.0214783 0.0348818
v -0.0197254 -0.0214783 0.0348016
v -0.0197338 -0.0214783 0.0347213
v -0.0197586 -0.0214783 0.0346464
v -0.0197980 -0.0214783 0.0345822
v -0.0198494 -0.0214783 0.0345329
v -0.0199092 -0.0214783 0.0345019
v -0.0199114 -0.0214991 0.0351012
v -0.0198536 -0.0215184 0.0350702
v -0.0198040 -0.0215351 0.0350209
v -0.0197659 -0.0215478 0.0349567
v -0.0197420 -0.0215559 0.0348818
v -0.0197338 -0.0215586 0.0348016
v -0.0197420 -0.0215559 0.0347213
v -0.0197659 -0.0215478 0.0346464
v -0.0198040 -0.0215351 0.0345822
v -0.0198536 -0.0215184 0.0345329
v -0.0199114 -0.0214991 0.0345019
v -0.0199178 -0.0215184 0.0351012
v -0.0198660 -0.0215559 0.0350702
v -0.0198215 -0.0215880 0.0350209
v -0.0197874 -0.0216126 0.0349567
v -0.0197659 -0.0216281 0.0348818
v -0.0197586 -0.0216334 0.0348016
v -0.0197659 -0.0216281 0.0347213
v -0.0197874 -0.0216126 0.0346464
v -0.0198215 -0.0215880 0.0345822
v -0.0198660 -0.0215559 0.0345329
v -0.0199178 -0.0215184 0.0345019
v -0.0199280 -0.0215351 0.0351012
v -0.0198857 -0.0215880 0.0350702
v -0.0198494 -0.0216334 0.0350209
v -0.0198215 -0.0216683 0.0349567
v -0.0198040 -0.0216902 0.0348818
v -0.0197980 -0.0216977 0.0348016
v -0.0198040 -0.0216902 0.0347213
v -0.0198215 -0.0216683 0.0346464
v -0.0198494 -0.0216334 0.0345822
v -0.0198857 -0.0215880 0.0345329
v -0.0199280 -0.0215351 0.0345019
v -0.0199413 -0.0215478 0.0351012
v -0.0199114 -0.0216126 0.0350702
v -0.0198857 -0.0216683 0.0350209
v -0.0198660 -0.0217110 0.0349567
v -0.0198536 -0.0217378 0.0348818
v -0.0198494 -0.0217470 0.0348016
v -0.0198536 -0.0217378 0.0347213
v -0.0198660 -0.0217110 0.0346464
v -0.0198857 -0.0216683 0.0345822
v -0.0199114 -0.0216126 0.0345329
v -0.0199413 -0.0215478 0.0345019
v -0.0199568 -0.0215559 0.0351012
v -0.0199413 -0.0216281 0.0350702
v -0.0199280 -0.0216902 0.0350209
v -0.0199178 -0.0217378 0.0349567
v -0.0199114 -0.0217678 0.0348818
v -0.0199092 -0.0217780 0.0348016
v -0.0199114 -0.0217678 0.0347213
v -0.0199178 -0.0217378 0.0346464
v -0.0199280 -0.0216902 0.0345822
v -0.0199413 -0.0216281 0.0345329
v -0.0199568 -0.0215559 0.0345019
v -0.0199735 -0.0215586 0.0351012
v -0.0199735 -0.0216334 0.0350702
v -0.0199735 -0.0216977 0.0350209
v -0.0199735 -0.0217470 0.0349567
v -0.0199735 -0.0217780 0.0348818
v -0.0199735 -0.0217885 0.0348016
v -0.0199735 -0.0217780 0.0347213
v -0.0199735 -0.0217470 0.0346464
v -0.0199735 -0.0216977 0.0345822
v -0.0199735 -0.0216334 0.0345329
v -0.0199735 -0.0215586 0.0345019
v -0.0199735 -0.0214783 0.0351118
v -0.0199901 -0.0215559 0.0351012
v -0.0200056 -0.0216281 0.0350702
v -0.0200189 -0.0216902 0.0350209
v -0.0200291 -0.0217378 0.0349567
v -0.0200355 -0.0217678 0.0348818
v -0.0200377 -0.0217780 0.0348016
v -0.0200355 -0.0217678 0.0347213
v -0.0200291 -0.0217378 0.0346464
v -0.0200189 -0.0216902 0.0345822
v -0.0200056 -0.0216281 0.0345329
v -0.0199901 -0.0215559 0.0345019
v -0.0200056 -0.0215478 0.0351012
v -0.0200355 -0.0216126 0.0350702
v -0.0200612 -0.0216683 0.0350209
v -0.0200809 -0.0217110 0.0349567
v -0.0200933 -0.0217378 0.0348818
v -0.0200975 -0.0217470 0.0348016
v -0.0200933 -0.0217378 0.0347213
v -0.0200809 -0.0217110 0.0346464
v -0.0200612 -0.0216683 0.0345822
v -0.0200355 -0.0216126 0.0345329
v -0.0200056 -0.0215478 0.0345019
v -0.0200189 -0.0215351 0.0351012
v -0.0200612 -0.0215880 0.0350702
v -0.0200975 -0.0216334 0.0350209
v -0.0201254 -0.0216683 0.0349567
v -0.0201429 -0.0216902 0.0348818
v -0.0201489 -0.0216977 0.0348016
v -0.0201429 -0.0216902 0.0347213
v -0.0201254 -0.0216683 0.0346464
v -0.0200975 -0.0216334 0.0345822
v -0.0200612 -0.0215880 0.0345329
v -0.0200189 -0.0215351 0.0345019
v -0.0199735 -0.0214783 0.0344913
v -0.0200291 -0.0215184 0.0351012
v -0.0200809 -0.0215559 0.0350702
v -0.0201254 -0.0215880 0.0350209
v -0.0201595 -0.0216126 0.0349567
v -0.0201810 -0.0216281 0.0348818
v -0.0201883 -0.0216334 0.0348016
v -0.0201810 -0.0216281 0.0347213
v -0.0201595 -0.0216126 0.0346464
v -0.0201254 -0.0215880 0.0345822
v -0.0200809 -0.0215559 0.0345329
v -0.0200291 -0.0215184 0.0345019
v -0.0200355 -0.0214991 0.0351012
v -0.0200933 -0.0215184 0.0350702
v -0.0201429 -0.0215351 0.0350209
v -0.0201810 -0.0215478 0.0349567
v -0.0202049 -0.0215559 0.0348818
v -0.0202131 -0.0215586 0.0348016
v -0.0202049 -0.0215559 0.0347213
v -0.0201810 -0.0215478 0.0346464
v -0.0201429 -0.0215351 0.0345822
v -0.0200933 -0.0215184 0.0345329
v -0.0200355 -0.0214991 0.0345019
v -0.0200377 -0.0214783 0.0351012
v -0.0200975 -0.0214783 0.0350702
v -0.0201489 -0.0214783 0.0350209
v -0.0201883 -0.0214783 0.0349567
v -0.0202131 -0.0214783 0.0348818
v -0.0202215 -0.0214783 0.0348016
v -0.0202131 -0.0214783 0.0347213
v -0.0201883 -0.0214783 0.0346464
v -0.0201489 -0.0214783 0.0345822
v -0.0200975 -0.0214783 0.0345329
v -0.0200377 -0.0214783 0.0345019
v -0.0200355 -0.0214575 0.0351012
v -0.0200933 -0.0214381 0.0350702
v -0.0201429 -0.0214215 0.0350209
v -0.0201810 -0.0214088 0.0349567
v -0.0202049 -0.0214007 0.0348818
v -0.0202131 -0.0213980 0.0348016
v -0.0202049 -0.0214007 0.0347213
v -0.0201810 -0.0214088 0.0346464
v -0.0201429 -0.0214215 0.0345822
v -0.0200933 -0.0214381 0.0345329
v -0.0200355 -0.0214575 0.0345019
v -0.0200291 -0.0214381 0.0351012
v -0.0200809 -0.0214007 0.0350702
v -0.0201254 -0.0213686 0.0350209
v -0.0201595 -0.0213440 0.0349567
v -0.0201810 -0.0213285 0.0348818
v -0.0201883 -0.0213232 0.0348016
v -0.0201810 -0.0213285 0.0347213
v -0.0201595 -0.0213440 0.0346464
v -0.0201254 -0.0213686 0.0345822
v -0.0200809 -0.0214007 0.0345329
v -0.0200291 -0.0214381 0.0345019
v -0.0200189 -0.0214215 0.0351012
v -0.0200612 -0.0213686 0.0350702
v -0.0200975 -0.0213232 0.0350209
v -0.0201254 -0.0212883 0.0349567
v -0.0201429 -0.0212664 0.0348818
v -0.0201489 -0.0212589 0.0348016
v -0.0201429 -0.0212664 0.0347213
v -0.0201254 -0.0212883 0.0346464
v -0.0200975 -0.0213232 0.0345822
v -0.0200612 -0.0213686 0.0345329
v -0.0200189 -0.0214215 0.0345019
v -0.0200056 -0.0214088 0.0351012
v -0.0200355 -0.0213440 0.0350702
v -0.0200612 -0.0212883 0.0350209
v -0.0200809 -0.0212456 0.0349567
v -0.0200933 -0.0212188 0.0348818
v -0.0200975 -0.0212096 0.0348016
v -0.0200933 -0.0212188 0.0347213
v -0.0200809 -0.0212456 0.0346464
v -0.0200612 -0.0212883 0.0345822
v -0.0200355 -0.0213440 0.0345329
v -0.0200056 -0.0214088 0.0345019
v -0.0199901 -0.0214007 0.0351012
v -0.0200056 -0.0213285 0.0350702
v -0.0200189 -0.0212664 0.0350209
v -0.0200291 -0.0212188 0.0349567
v -0.0200355 -0.0211888 0.0348818
v -0.0200377 -0.0211786 0.0348016
v -0.0200355 -0.0211888 0.0347213
v -0.0200291 -0.0212188 0.0346464
v -0.0200189 -0.0212664 0.0345822
v -0.0200056 -0.0213285 0.0345329
v -0.0199901 -0.0214007 0.0345019
v -0.0199735 -0.0213980 0.0351012
v -0.0199735 -0.0213232 0.0350702
v -0.0199735 -0.0211786 0.0348818
v -0.0199735 -0.0211680 0.0348016
v -0.0199735 -0.0211786 0.0347213
v -0.0199735 -0.0212096 0.0346464
v -0.0199735 -0.0212589 0.0345822
v -0.0199735 -0.0213232 0.0345329
v -0.0199735 -0.0213980 0.0345019
v -0.0214878 -0.0212589 0.0363968
v -0.0214878 -0.0212096 0.0363325
v -0.0214711 -0.0214007 0.0364771
v -0.0214557 -0.0213285 0.0364461
v -0.0214424 -0.0212664 0.0363968
v -0.0214322 -0.0212188 0.0363325
v -0.0214257 -0.0211888 0.0362577
v -0.0214236 -0.0211786 0.0361774
v -0.0214257 -0.0211888 0.0360971
v -0.0214322 -0.0212188 0.0360223
v -0.0214424 -0.0212664 0.0359580
v -0.0214557 -0.0213285 0.0359087
v -0.0214711 -0.0214007 0.0358777
v -0.0214557 -0.0214088 0.0364771
v -0.0214257 -0.0213440 0.0364461
v -0.0214001 -0.0212883 0.0363968
v -0.0213803 -0.0212456 0.0363325
v -0.0213679 -0.0212188 0.0362577
v -0.0213637 -0.0212096 0.0361774
v -0.0213679 -0.0212188 0.0360971
v -0.0213803 -0.0212456 0.0360223
v -0.0214001 -0.0212883 0.0359580
v -0.0214257 -0.0213440 0.0359087
v -0.0214557 -0.0214088 0.0358777
v -0.0214424 -0.0214215 0.0364771
v -0.0214001 -0.0213686 0.0364461
v -0.0213637 -0.0213232 0.0363968
v -0.0213358 -0.0212883 0.0363325
v -0.0213183 -0.0212664 0.0362577
v -0.0213123 -0.0212589 0.0361774
v -0.0213183 -0.0212664 0.0360971
v -0.0213358 -0.0212883 0.0360223
v -0.0213637 -0.0213232 0.0359580
v -0.0214001 -0.0213686 0.0359087
v -0.0214424 -0.0214215 0.0358777
v -0.0214322 -0.0214381 0.0364771
v -0.0213803 -0.0214007 0.0364461
v -0.0213358 -0.0213686 0.0363968
v -0.0213017 -0.0213440 0.0363325
v -0.0212802 -0.0213285 0.0362577
v -0.0212729 -0.0213232 0.0361774
v -0.0212802 -0.0213285 0.0360971
v -0.0213017 -0.0213440 0.0360223
v -0.0213358 -0.0213686 0.0359580
v -0.0213803 -0.0214007 0.0359087
v -0.0214322 -0.0214381 0.0358777
v -0.0214257 -0.0214575 0.0364771
v -0.0213679 -0.0214381 0.0364461
v -0.0213183 -0.0214215 0.0363968
v -0.0212802 -0.0214088 0.0363325
v -0.0212563 -0.0214007 0.0362577
v -0.0212481 -0.0213980 0.0361774
v -0.0212563 -0.0214007 0.0360971
v -0.0212802 -0.0214088 0.0360223
v -0.0213183 -0.0214215 0.0359580
v -0.0213679 -0.0214381 0.0359087
v -0.0214257 -0.0214575 0.0358777
v -0.0214236 -0.0214783 0.0364771
v -0.0213637 -0.0214783 0.0364461
v -0.0213123 -0.0214783 0.0363968
v -0.0212729 -0.0214783 0.0363325
v -0.0212481 -0.0214783 0.0362577
v -0.0212397 -0.0214783 0.0361774
v -0.0212481 -0.0214783 0.0360971
v -0.0212729 -0.0214783 0.0360223
v -0.0213123 -0.0214783 0.0359580
v -0.0213637 -0.0214783 0.0359087
v -0.0214236 -0.0214783 0.0358777
v -0.0214257 -0.0214991 0.0364771
v -0.0213679 -0.0215184 0.0364461
v -0.0213183 -0.0215351 0.0363968
v -0.0212802 -0.0215478 0.0363325
v -0.0212563 -0.0215559 0.0362577
v -0.0212481 -0.0215586 0.0361774
v -0.0212563 -0.0215559 0.0360971
v -0.0212802 -0.0215478 0.0360223
v -0.0213183 -0.0215351 0.0359580
v -0.0213679 -0.0215184 0.0359087
v -0.0214257 -0.0214991 0.0358777
v -0.0214322 -0.0215184 0.0364771
v -0.0213803 -0.0215559 0.0364461
v -0.0213358 -0.0215880 0.0363968
v -0.0213017 -0.0216126 0.0363325
v -0.0212802 -0.0216281 0.0362577
v -0.0212729 -0.0216334 0.0361774
v -0.0212802 -0.0216281 0.0360971
v -0.0213017 -0.0216126 0.0360223
v -0.0213358 -0.0215880 0.0359580
v -0.0213803 -0.0215559 0.0359087
v -0.0214322 -0.0215184 0.0358777
v -0.0214424 -0.0215351 0.0364771
v -0.0214001 -0.0215880 0.0364461
v -0.0213637 -0.0216334 0.0363968
v -0.0213358 -0.0216683 0.0363325
v -0.0213183 -0.0216902 0.0362577
v -0.0213123 -0.0216977 0.0361774
v -0.0213183 -0.0216902 0.0360971
v -0.0213358 -0.0216683 0.0360223
v -0.0213637 -0.0216334 0.0359580
v -0.0214001 -0.0215880 0.0359087
v -0.0214424 -0.0215351 0.0358777
v -0.0214557 -0.0215478 0.0364771
v -0.0214257 -0.0216126 0.0364461
v -0.0214001 -0.0216683 0.0363968
v -0.0213803 -0.0217110 0.0363325
v -0.0213679 -0.0217378 0.0362577
v -0.0213637 -0.0217470 0.0361774
v -0.0213679 -0.0217378 0.0360971
v -0.0213803 -0.0217110 0.0360223
v -0.0214001 -0.0216683 0.0359580
v -0.0214257 -0.0216126 0.0359087
v -0.0214557 -0.0215478 0.0358777
v -0.0214711 -0.0215559 0.0364771
v -0.0214557 -0.0216281 0.0364461
v -0.0214424 -0.0216902 0.0363968
v -0.0214322 -0.0217378 0.0363325
v -0.0214257 -0.0217678 0.0362577
v -0.0214236 -0.0217780 0.0361774
v -0.0214257 -0.0217678 0.0360971
v -0.0214322 -0.0217378 0.0360223
v -0.0214424 -0.0216902 0.0359580
v -0.0214557 -0.0216281 0.0359087
v -0.0214711 -0.0215559 0.0358777
v -0.0214878 -0.0215586 0.0364771
v -0.0214878 -0.0216334 0.0364461
v -0.0214878 -0.0216977 0.0363968
v -0.0214878 -0.0217470 0.0363325
v -0.0214878 -0.0217780 0.0362577
v -0.0214878 -0.0217885 0.0361774
v -0.0214878 -0.0217780 0.0360971
v -0.0214878 -0.0217470 0.0360223
v -0.0214878 -0.0216977 0.0359580
v -0.0214878 -0.0216334 0.0359087
v -0.0214878 -0.0215586 0.0358777
v -0.0214878 -0.0214783 0.0364876
v -0.0215044 -0.0215559 0.0364771
v -0.0215199 -0.0216281 0.0364461
v -0.0215332 -0.0216902 0.0363968
v -0.0215434 -0.0217378 0.0363325
v -0.0215498 -0.0217678 0.0362577
v -0.0215520 -0.0217780 0.0361774
v -0.0215498 -0.0217678 0.0360971
v -0.0215434 -0.0217378 0.0360223
v -0.0215332 -0.0216902 0.0359580
v -0.0215199 -0.0216281 0.0359087
v -0.0215044 -0.0215559 0.0358777
v -0.0215199 -0.0215478 0.0364771
v -0.0215498 -0.0216126 0.0364461
v -0.0215755 -0.0216683 0.0363968
v -0.0215952 -0.0217110 0.0363325
v -0.0216076 -0.0217378 0.0362577
v -0.0216118 -0.0217470 0.0361774
v -0.0216076 -0.0217378 0.0360971
v -0.0215952 -0.0217110 0.0360223
v -0.0215755 -0.0216683 0.0359580
v -0.0215498 -0.0216126 0.0359087
v -0.0215199 -0.0215478 0.0358777
v -0.0215332 -0.0215351 0.0364771
v -0.0215755 -0.0215880 0.0364461
v -0.0216118 -0.0216334 0.0363968
v -0.0216397 -0.0216683 0.0363325
v -0.0216572 -0.0216902 0.0362577
v -0.0216632 -0.0216977 0.0361774
v -0.0216572 -0.0216902 0.0360971
v -0.0216397 -0.0216683 0.0360223
v -0.0216118 -0.0216334 0.0359580
v -0.0215755 -0.0215880 0.0359087
v -0.0215332 -0.0215351 0.0358777
v -0.0214878 -0.0214783 0.0358671
v -0.0215434 -0.0215184 0.0364771
v -0.0215952 -0.0215559 0.0364461
v -0.0216397 -0.0215880 0.0363968
v -0.0216738 -0.0216126 0.0363325
v -0.0216953 -0.0216281 0.0362577
v -0.0217026 -0.0216334 0.0361774
v -0.0216953 -0.0216281 0.0360971
v -0.0216738 -0.0216126 0.0360223
v -0.0216397 -0.0215880 0.0359580
v -0.0215952 -0.0215559 0.0359087
v -0.0215434 -0.0215184 0.0358777
v -0.0215498 -0.0214991 0.0364771
v -0.0216076 -0.0215184 0.0364461
v -0.0216572 -0.0215351 0.0363968
v -0.0216953 -0.0215478 0.0363325
v -0.0217192 -0.0215559 0.0362577
v -0.0217274 -0.0215586 0.0361774
v -0.0217192 -0.0215559 0.0360971
v -0.0216953 -0.0215478 0.0360223
v -0.0216572 -0.0215351 0.0359580
v -0.0216076 -0.0215184 0.0359087
v -0.0215498 -0.0214991 0.0358777
v -0.0215520 -0.0214783 0.0364771
v -0.0216118 -0.0214783 0.0364461
v -0.0216632 -0.0214783 0.0363968
v -0.0217026 -0.0214783 0.0363325
v -0.0217274 -0.0214783 0.0362577
v -0.0217359 -0.0214783 0.0361774
v -0.0217274 -0.0214783 0.0360971
v -0.0217026 -0.0214783 0.0360223
v -0.0216632 -0.0214783 0.0359580
v -0.0216118 -0.0214783 0.0359087
v -0.0215520 -0.0214783 0.0358777
v -0.0215498 -0.0214575 0.0364771
v -0.0216076 -0.0214381 0.0364461
v -0.0216572 -0.0214215 0.0363968
v -0.0216953 -0.0214088 0.0363325
v -0.0217192 -0.0214007 0.0362577
v -0.0217274 -0.0213980 0.0361774
v -0.0217192 -0.0214007 0.0360971
v -0.0216953 -0.0214088 0.0360223
v -0.0216572 -0.0214215 0.0359580
v -0.0216076 -0.0214381 0.0359087
v -0.0215498 -0.0214575 0.0358777
v -0.0215434 -0.0214381 0.0364771
v -0.0215952 -0.0214007 0.0364461
v -0.0216397 -0.0213686 0.0363968
v -0.0216738 -0.0213440 0.0363325
v -0.0216953 -0.0213285 0.0362577
v -0.0217026 -0.0213232 0.0361774
v -0.0216953 -0.0213285 0.0360971
v -0.0216738 -0.0213440 0.0360223
v -0.0216397 -0.0213686 0.0359580
v -0.0215952 -0.0214007 0.0359087
v -0.0215434 -0.0214381 0.0358777
v -0.0215332 -0.0214215 0.0364771
v -0.0215755 -0.0213686 0.0364461
v -0.0216118 -0.0213232 0.0363968
v -0.0216397 -0.0212883 0.0363325
v -0.0216572 -0.0212664 0.0362577
v -0.0216632 -0.0212589 0.0361774
v -0.0216572 -0.0212664 0.0360971
v -0.0216397 -0.0212883 0.0360223
v -0.0216118 -0.0213232 0.0359580
v -0.0215755 -0.0213686 0.0359087
v -0.0215332 -0.0214215 0.0358777
v -0.0215199 -0.0214088 0.0364771
v -0.0215498 -0.0213440 0.0364461
v -0.0215755 -0.0212883 0.0363968
v -0.0215952 -0.0212456 0.0363325
v -0.0216076 -0.0212188 0.0362577
v -0.0216118 -0.0212096 0.0361774
v -0.0216076 -0.0212188 0.0360971
v -0.0215952 -0.0212456 0.0360223
v -0.0215755 -0.0212883 0.0359580
v -0.0215498 -0.0213440 0.0359087
v -0.0215199 -0.0214088 0.0358777
v -0.0215044 -0.0214007 0.0364771
v -0.0215199 -0.0213285 0.0364461
v -0.0215332 -0.0212664 0.0363968
v -0.0215434 -0.0212188 0.0363325
v -0.0215498 -0.0211888 0.0362577
v -0.0215520 -0.0211786 0.0361774
v -0.0215498 -0.0211888 0.0360971
v -0.0215434 -0.0212188 0.0360223
v -0.0215332 -0.0212664 0.0359580
v -0.0215199 -0.0213285 0.0359087
v -0.0215044 -0.0214007 0.0358777
v -0.0214878 -0.0213980 0.0364771
v -0.0214878 -0.0213232 0.0364461
v -0.0214878 -0.0211786 0.0362577
v -0.0214878 -0.0211680 0.0361774
v -0.0214878 -0.0211786 0.0360971
v -0.0214878 -0.0212096 0.0360223
v -0.0214878 -0.0212589 0.0359580
v -0.0214878 -0.0213232 0.0359087
v -0.0214878 -0.0213980 0.0358777
v -0.0233596 -0.0212589 0.0363968
v -0.0233596 -0.0212096 0.0363325
v -0.0233429 -0.0214007 0.0364771
v -0.0233275 -0.0213285 0.0364461
v -0.0233142 -0.0212664 0.0363968
v -0.0233040 -0.0212188 0.0363325
v -0.0232975 -0.0211888 0.0362577
v -0.0232954 -0.0211786 0.0361774
v -0.0232975 -0.0211888 0.0360971
v -0.0233040 -0.0212188 0.0360223
v -0.0233142 -0.0212664 0.0359580
v -0.0233275 -0.0213285 0.0359087
v -0.0233429 -0.0214007 0.0358777
v -0.0233275 -0.0214088 0.0364771
v -0.0232975 -0.0213440 0.0364461
v -0.0232718 -0.0212883 0.0363968
v -0.0232521 -0.0212456 0.0363325
v -0.0232397 -0.0212188 0.0362577
v -0.0232355 -0.0212096 0.0361774
v -0.0232397 -0.0212188 0.0360971
v -0.0232521 -0.0212456 0.0360223
v -0.0232718 -0.0212883 0.0359580
v -0.0232975 -0.0213440 0.0359087
v -0.0233275 -0.0214088 0.0358777
v -0.0233142 -0.0214215 0.0364771
v -0.0232718 -0.0213686 0.0364461
v -0.0232355 -0.0213232 0.0363968
v -0.0232076 -0.0212883 0.0363325
v -0.0231901 -0.0212664 0.0362577
v -0.0231841 -0.0212589 0.0361774
v -0.0231901 -0.0212664 0.0360971
v -0.0232076 -0.0212883 0.0360223
v -0.0232355 -0.0213232 0.0359580
v -0.0232718 -0.0213686 0.0359087
v -0.0233142 -0.0214215 0.0358777
v -0.0233040 -0.0214381 0.0364771
v -0.0232521 -0.0214007 0.0364461
v -0.0232076 -0.0213686 0.0363968
v -0.0231735 -0.0213440 0.0363325
v -0.0231520 -0.0213285 0.0362577
v -0.0231447 -0.0213232 0.0361774
v -0.0231520 -0.0213285 0.0360971
v -0.0231735 -0.0213440 0.0360223
v -0.0232076 -0.0213686 0.0359580
v -0.0232521 -0.0214007 0.0359087
v -0.0233040 -0.0214381 0.0358777
v -0.0232975 -0.0214575 0.0364771
v -0.0232397 -0.0214381 0.0364461
v -0.0231901 -0.0214215 0.0363968
v -0.0231520 -0.0214088 0.0363325
v -0.0231281 -0.0214007 0.0362577
v -0.0231199 -0.0213980 0.0361774
v -0.0231281 -0.0214007 0.0360971
v -0.0231520 -0.0214088 0.0360223
v -0.0231901 -0.0214215 0.0359580
v -0.0232397 -0.0214381 0.0359087
v -0.0232975 -0.0214575 0.0358777
v -0.0232954 -0.0214783 0.0364771
v -0.0232355 -0.0214783 0.0364461
v -0.0231841 -0.0214783 0.0363968
v -0.0231447 -0.0214783 0.0363325
v -0.0231199 -0.0214783 0.0362577
v -0.0231115 -0.0214783 0.0361774
v -0.0231199 -0.0214783 0.0360971
v -0.0231447 -0.0214783 0.0360223
v -0.0231841 -0.0214783 0.0359580
v -0.0232355 -0.0214783 0.0359087
v -0.0232954 -0.0214783 0.0358777
v -0.0232975 -0.0214991 0.0364771
v -0.0232397 -0.0215184 0.0364461
v -0.0231901 -0.0215351 0.0363968
v -0.0231520 -0.0215478 0.0363325
v -0.0231281 -0.0215559 0.0362577
v -0.0231199 -0.0215586 0.0361774
v -0.0231281 -0.0215559 0.0360971
v -0.0231520 -0.0215478 0.0360223
v -0.0231901 -0.0215351 0.0359580
v -0.0232397 -0.0215184 0.0359087
v -0.0232975 -0.0214991 0.0358777
v -0.0233040 -0.0215184 0.0364771
v -0.0232521 -0.0215559 0.0364461
v -0.0232076 -0.0215880 0.0363968
v -0.0231735 -0.0216126 0.0363325
v -0.0231520 -0.0216281 0.0362577
v -0.0231447 -0.0216334 0.0361774
v -0.0231520 -0.0216281 0.0360971
v -0.0231735 -0.0216126 0.0360223
v -0.0232076 -0.0215880 0.0359580
v -0.0232521 -0.0215559 0.0359087
v -0.0233040 -0.0215184 0.0358777
v -0.0233142 -0.0215351 0.0364771
v -0.0232718 -0.0215880 0.0364461
v -0.0232355 -0.0216334 0.0363968
v -0.0232076 -0.0216683 0.0363325
v -0.0231901 -0.0216902 0.0362577
v -0.0231841 -0.0216977 0.0361774
v -0.0231901 -0.0216902 0.0360971
v -0.0232076 -0.0216683 0.0360223
v -0.0232355 -0.0216334 0.0359580
v -0.0232718 -0.0215880 0.0359087
v -0.0233142 -0.0215351 0.0358777
v -0.0233275 -0.0215478 0.0364771
v -0.0232975 -0.0216126 0.0364461
v -0.0232718 -0.0216683 0.0363968
v -0.0232521 -0.0217110 0.0363325
v -0.0232397 -0.0217378 0.0362577
v -0.0232355 -0.0217470 0.0361774
v -0.0232397 -0.0217378 0.0360971
v -0.0232521 -0.0217110 0.0360223
v -0.0232718 -0.0216683 0.0359580
v -0.0232975 -0.0216126 0.0359087
v -0.0233275 -0.0215478 0.0358777
v -0.0233429 -0.0215559 0.0364771
v -0.0233275 -0.0216281 0.0364461
v -0.0233142 -0.0216902 0.0363968
v -0.0233040 -0.0217378 0.0363325
v -0.0232975 -0.0217678 0.0362577
v -0.0232954 -0.0217780 0.0361774
v -0.0232975 -0.0217678 0.0360971
v -0.0233040 -0.0217378 0.0360223
v -0.0233142 -0.0216902 0.0359580
v -0.0233275 -0.0216281 0.0359087
v -0.0233429 -0.0215559 0.0358777
v -0.0233596 -0.0215586 0.0364771
v -0.0233596 -0.0216334 0.0364461
v -0.0233596 -0.0216977 0.0363968
v -0.0233596 -0.0217470 0.0363325
v -0.0233596 -0.0217780 0.0362577
v -0.0233596 -0.0217885 0.0361774
v -0.0233596 -0.0217780 0.0360971
v -0.0233596 -0.0217470 0.0360223
v -0.0233596 -0.0216977 0.0359580
v -0.0233596 -0.0216334 0.0359087
v -0.0233596 -0.0215586 0.0358777
v -0.0233596 -0.0214783 0.0364876
v -0.0233762 -0.0215559 0.0364771
v -0.0233917 -0.0216281 0.0364461
v -0.0234050 -0.0216902 0.0363968
v -0.0234152 -0.0217378 0.0363325
v -0.0234216 -0.0217678 0.0362577
v -0.0234238 -0.0217780 0.0361774
v -0.0234216 -0.0217678 0.0360971
v -0.0234152 -0.0217378 0.0360223
v -0.0234050 -0.0216902 0.0359580
v -0.0233917 -0.0216281 0.0359087
v -0.0233762 -0.0215559 0.0358777
v -0.0233917 -0.0215478 0.0364771
v -0.0234216 -0.0216126 0.0364461
v -0.0234473 -0.0216683 0.0363968
v -0.0234670 -0.0217110 0.0363325
v -0.0234794 -0.0217378 0.0362577
v -0.0234836 -0.0217470 0.0361774
v -0.0234794 -0.0217378 0.0360971
v -0.0234670 -0.0217110 0.0360223
v -0.0234473 -0.0216683 0.0359580
v -0.0234216 -0.0216126 0.0359087
v -0.0233917 -0.0215478 0.0358777
v -0.0234050 -0.0215351 0.0364771
v -0.0234473 -0.0215880 0.0364461
v -0.0234836 -0.0216334 0.0363968
v -0.0235115 -0.0216683 0.0363325
v -0.0235290 -0.0216902 0.0362577
v -0.0235350 -0.0216977 0.0361774
v -0.0235290 -0.0216902 0.0360971
v -0.0235115 -0.0216683 0.0360223
v -0.0234836 -0.0216334 0.0359580
v -0.0234473 -0.0215880 0.0359087
v -0.0234050 -0.0215351 0.0358777
v -0.0233596 -0.0214783 0.0358671
v -0.0234152 -0.0215184 0.0364771
v -0.0234670 -0.0215559 0.0364461
v -0.0235115 -0.0215880 0.0363968
v -0.0235456 -0.0216126 0.0363325
v -0.0235671 -0.0216281 0.0362577
v -0.0235744 -0.0216334 0.0361774
v -0.0235671 -0.0216281 0.0360971
v -0.0235456 -0.0216126 0.0360223
v -0.0235115 -0.0215880 0.0359580
v -0.0234670 -0.0215559 0.0359087
v -0.0234152 -0.0215184 0.0358777
v -0.0234216 -0.0214991 0.0364771
v -0.0234794 -0.0215184 0.0364461
v -0.0235290 -0.0215351 0.0363968
v -0.0235671 -0.0215478 0.0363325
v -0.0235910 -0.0215559 0.0362577
v -0.0235992 -0.0215586 0.0361774
v -0.0235910 -0.0215559 0.0360971
v -0.0235671 -0.0215478 0.0360223
v -0.0235290 -0.0215351 0.0359580
v -0.0234794 -0.0215184 0.0359087
v -0.0234216 -0.0214991 0.0358777
v -0.0234238 -0.0214783 0.0364771
v -0.0234836 -0.0214783 0.0364461
v -0.0235350 -0.0214783 0.0363968
v -0.0235744 -0.0214783 0.0363325
v -0.0235992 -0.0214783 0.0362577
v -0.0236077 -0.0214783 0.0361774
v -0.0235992 -0.0214783 0.0360971
v -0.0235744 -0.0214783 0.0360223
v -0.0235350 -0.0214783 0.0359580
v -0.0234836 -0.0214783 0.0359087
v -0.0234238 -0.0214783 0.0358777
v -0.0234216 -0.0214575 0.0364771
v -0.0234794 -0.0214381 0.0364461
v -0.0235290 -0.0214215 0.0363968
v -0.0235671 -0.0214088 0.0363325
v -0.0235910 -0.0214007 0.0362577
v -0.0235992 -0.0213980 0.0361774
v -0.0235910 -0.0214007 0.0360971
v -0.0235671 -0.0214088 0.0360223
v -0.0235290 -0.0214215 0.0359580
v -0.0234794 -0.0214381 0.0359087
v -0.0234216 -0.0214575 0.0358777
v -0.0234152 -0.0214381 0.0364771
v -0.0234670 -0.0214007 0.0364461
v -0.0235115 -0.0213686 0.0363968
v -0.0235456 -0.0213440 0.0363325
v -0.0235671 -0.0213285 0.0362577
v -0.0235744 -0.0213232 0.0361774
v -0.0235671 -0.0213285 0.0360971
v -0.0235456 -0.0213440 0.0360223
v -0.0235115 -0.0213686 0.0359580
v -0.0234670 -0.0214007 0.0359087
v -0.0234152 -0.0214381 0.0358777
v -0.0234050 -0.0214215 0.0364771
v -0.0234473 -0.0213686 0.0364461
v -0.0234836 -0.0213232 0.0363968
v -0.0235115 -0.0212883 0.0363325
v -0.0235290 -0.0212664 0.0362577
v -0.0235350 -0.0212589 0.0361774
v -0.0235290 -0.0212664 0.0360971
v -0.0235115 -0.0212883 0.0360223
v -0.0234836 -0.0213232 0.0359580
v -0.0234473 -0.0213686 0.0359087
v -0.0234050 -0.0214215 0.0358777
v -0.0233917 -0.0214088 0.0364771
v -0.0234216 -0.0213440 0.0364461
v -0.0234473 -0.0212883 0.0363968
v -0.0234670 -0.0212456 0.0363325
v -0.0234794 -0.0212188 0.0362577
v -0.0234836 -0.0212096 0.0361774
v -0.0234794 -0.0212188 0.0360971
v -0.0234670 -0.0212456 0.0360223
v -0.0234473 -0.0212883 0.0359580
v -0.0234216 -0.0213440 0.0359087
v -0.0233917 -0.0214088 0.0358777
v -0.0233762 -0.0214007 0.0364771
v -0.0233917 -0.0213285 0.0364461
v -0.0234050 -0.0212664 0.0363968
v -0.0234152 -0.0212188 0.0363325
v -0.0234216 -0.0211888 0.0362577
v -0.0234238 -0.0211786 0.0361774
v -0.0234216 -0.0211888 0.0360971
v -0.0234152 -0.0212188 0.0360223
v -0.0234050 -0.0212664 0.0359580
v -0.0233917 -0.0213285 0.0359087
v -0.0233762 -0.0214007 0.0358777
v -0.0233596 -0.0213980 0.0364771
v -0.0233596 -0.0213232 0.0364461
v -0.0233596 -0.0211786 0.0362577
v -0.0233596 -0.0211680 0.0361774
v -0.0233596 -0.0211786 0.0360971
v -0.0233596 -0.0212096 0.0360223
v -0.0233596 -0.0212589 0.0359580
v -0.0233596 -0.0213232 0.0359087
v -0.0233596 -0.0213980 0.0358777
v -0.0248739 -0.0212589 0.0350209
v -0.0248739 -0.0212096 0.0349567
v -0.0248573 -0.0214007 0.0351012
v -0.0248418 -0.0213285 0.0350702
v -0.0248285 -0.0212664 0.0350209
v -0.0248183 -0.0212188 0.0349567
v -0.0248119 -0.0211888 0.0348818
v -0.0248097 -0.0211786 0.0348016
v -0.0248119 -0.0211888 0.0347213
v -0.0248183 -0.0212188 0.0346464
v -0.0248285 -0.0212664 0.0345822
v -0.0248418 -0.0213285 0.0345329
v -0.0248573 -0.0214007 0.0345019
v -0.0248418 -0.0214088 0.0351012
v -0.0248119 -0.0213440 0.0350702
v -0.0247862 -0.0212883 0.0350209
v -0.0247664 -0.0212456 0.0349567
v -0.0247541 -0.0212188 0.0348818
v -0.0247498 -0.0212096 0.0348016
v -0.0247541 -0.0212188 0.0347213
v -0.0247664 -0.0212456 0.0346464
v -0.0247862 -0.0212883 0.0345822
v -0.0248119 -0.0213440 0.0345329
v -0.0248418 -0.0214088 0.0345019
v -0.0248285 -0.0214215 0.0351012
v -0.0247862 -0.0213686 0.0350702
v -0.0247498 -0.0213232 0.0350209
v -0.0247219 -0.0212883 0.0349567
v -0.0247044 -0.0212664 0.0348818
v -0.0246984 -0.0212589 0.0348016
v -0.0247044 -0.0212664 0.0347213
v -0.0247219 -0.0212883 0.0346464
v -0.0247498 -0.0213232 0.0345822
v -0.0247862 -0.0213686 0.0345329
v -0.0248285 -0.0214215 0.0345019
v -0.0248183 -0.0214381 0.0351012
v -0.0247664 -0.0214007 0.0350702
v -0.0247219 -0.0213686 0.0350209
v -0.0246878 -0.0213440 0.0349567
v -0.0246663 -0.0213285 0.0348818
v -0.0246590 -0.0213232 0.0348016
v -0.0246663 -0.0213285 0.0347213
v -0.0246878 -0.0213440 0.0346464
v -0.0247219 -0.0213686 0.0345822
v -0.0247664 -0.0214007 0.0345329
v -0.0248183 -0.0214381 0.0345019
v -0.0248119 -0.0214575 0.0351012
v -0.0247541 -0.0214381 0.0350702
v -0.0247044 -0.0214215 0.0350209
v -0.0246663 -0.0214088 0.0349567
v -0.0246424 -0.0214007 0.0348818
v -0.0246342 -0.0213980 0.0348016
v -0.0246424 -0.0214007 0.0347213
v -0.0246663 -0.0214088 0.0346464
v -0.0247044 -0.0214215 0.0345822
v -0.0247541 -0.0214381 0.0345329
v -0.0248119 -0.0214575 0.0345019
v -0.0248097 -0.0214783 0.0351012
v -0.0247498 -0.0214783 0.0350702
v -0.0246984 -0.0214783 0.0350209
v -0.0246590 -0.0214783 0.0349567
v -0.0246342 -0.0214783 0.0348818
v -0.0246258 -0.0214783 0.0348016
v -0.0246342 -0.0214783 0.0347213
v -0.0246590 -0.0214783 0.0346464
v -0.0246984 -0.0214783 0.0345822
v -0.0247498 -0.0214783 0.0345329
v -0.0248097 -0.0214783 0.0345019
v -0.0248119 -0.0214991 0.0351012
v -0.0247541 -0.0215184 0.0350702
v -0.0247044 -0.0215351 0.0350209
v -0.0246663 -0.0215478 0.0349567
v -0.0246424 -0.0215559 0.0348818
v -0.0246342 -0.0215586 0.0348016
v -0.0246424 -0.0215559 0.0347213
v -0.0246663 -0.0215478 0.0346464
v -0.0247044 -0.0215351 0.0345822
v -0.0247541 -0.0215184 0.0345329
v -0.0248119 -0.0214991 0.0345019
v -0.0248183 -0.0215184 0.0351012
v -0.0247664 -0.0215559 0.0350702
v -0.0247219 -0.0215880 0.0350209
v -0.0246878 -0.0216126 0.0349567
v -0.0246663 -0.0216281 0.0348818
v -0.0246590 -0.0216334 0.0348016
v -0.0246663 -0.0216281 0.0347213
v -0.0246878 -0.0216126 0.0346464
v -0.0247219 -0.0215880 0.0345822
v -0.0247664 -0.0215559 0.0345329
v -0.0248183 -0.0215184 0.0345019
v -0.0248285 -0.0215351 0.0351012
v -0.0247862 -0.0215880 0.0350702
v -0.0247498 -0.0216334 0.0350209
v -0.0247219 -0.0216683 0.0349567
v -0.0247044 -0.0216902 0.0348818
v -0.0246984 -0.0216977 0.0348016
v -0.0247044 -0.0216902 0.0347213
v -0.0247219 -0.0216683 0.0346464
v -0.0247498 -0.0216334 0.0345822
v -0.0247862 -0.0215880 0.0345329
v -0.0248285 -0.0215351 0.0345019
v -0.0248418 -0.0215478 0.0351012
v -0.0248119 -0.0216126 0.0350702
v -0.0247862 -0.0216683 0.0350209
v -0.0247664 -0.0217110 0.0349567
v -0.0247541 -0.0217378 0.0348818
v -0.0247498 -0.0217470 0.0348016
v -0.0247541 -0.0217378 0.0347213
v -0.0247664 -0.0217110 0.0346464
v -0.0247862 -0.0216683 0.0345822
v -0.0248119 -0.0216126 0.0345329
v -0.0248418 -0.0215478 0.0345019
v -0.0248573 -0.0215559 0.0351012
v -0.0248418 -0.0216281 0.0350702
v -0.0248285 -0.0216902 0.0350209
v -0.0248183 -0.0217378 0.0349567
v -0.0248119 -0.0217678 0.0348818
v -0.0248097 -0.0217780 0.0348016
v -0.0248119 -0.0217678 0.0347213
v -0.0248183 -0.0217378 0.0346464
v -0.0248285 -0.0216902 0.0345822
v -0.0248418 -0.0216281 0.0345329
v -0.0248573 -0.0215559 0.0345019
v -0.0248739 -0.0215586 0.0351012
v -0.0248739 -0.0216334 0.0350702
v -0.0248739 -0.0216977 0.0350209
v -0.0248739 -0.0217470 0.0349567
v -0.0248739 -0.0217780 0.0348818
v -0.0248739 -0.0217885 0.0348016
v -0.0248739 -0.0217780 0.0347213
v -0.0248739 -0.0217470 0.0346464
v -0.0248739 -0.0216977 0.0345822
v -0.0248739 -0.0216334 0.0345329
v -0.0248739 -0.0215586 0.0345019
v -0.0248739 -0.0214783 0.0351118
v -0.0248905 -0.0215559 0.0351012
v -0.0249060 -0.0216281 0.0350702
v -0.0249193 -0.0216902 0.0350209
v -0.0249295 -0.0217378 0.0349567
v -0.0249359 -0.0217678 0.0348818
v -0.0249381 -0.0217780 0.0348016
v -0.0249359 -0.0217678 0.0347213
v -0.0249295 -0.0217378 0.0346464
v -0.0249193 -0.0216902 0.0345822
v -0.0249060 -0.0216281 0.0345329
v -0.0248905 -0.0215559 0.0345019
v -0.0249060 -0.0215478 0.0351012
v -0.0249359 -0.0216126 0.0350702
v -0.0249616 -0.0216683 0.0350209
v -0.0249813 -0.0217110 0.0349567
v -0.0249937 -0.0217378 0.0348818
v -0.0249979 -0.0217470 0.0348016
v -0.0249937 -0.0217378 0.0347213
v -0.0249813 -0.0217110 0.0346464
v -0.0249616 -0.0216683 0.0345822
v -0.0249359 -0.0216126 0.0345329
v -0.0249060 -0.0215478 0.0345019
v -0.0249193 -0.0215351 0.0351012
v -0.0249616 -0.0215880 0.0350702
v -0.0249979 -0.0216334 0.0350209
v -0.0250258 -0.0216683 0.0349567
v -0.0250433 -0.0216902 0.0348818
v -0.0250493 -0.0216977 0.0348016
v -0.0250433 -0.0216902 0.0347213
v -0.0250258 -0.0216683 0.0346464
v -0.0249979 -0.0216334 0.0345822
v -0.0249616 -0.0215880 0.0345329
v -0.0249193 -0.0215351 0.0345019
v -0.0248739 -0.0214783 0.0344913
v -0.0249295 -0.0215184 0.0351012
v -0.0249813 -0.0215559 0.0350702
v -0.0250258 -0.0215880 0.0350209
v -0.0250599 -0.0216126 0.0349567
v -0.0250814 -0.0216281 0.0348818
v -0.0250887 -0.0216334 0.0348016
v -0.0250814 -0.0216281 0.0347213
v -0.0250599 -0.0216126 0.0346464
v -0.0250258 -0.0215880 0.0345822
v -0.0249813 -0.0215559 0.0345329
v -0.0249295 -0.0215184 0.0345019
v -0.0249359 -0.0214991 0.0351012
v -0.0249937 -0.0215184 0.0350702
v -0.0250433 -0.0215351 0.0350209
v -0.0250814 -0.0215478 0.0349567
v -0.0251053 -0.0215559 0.0348818
v -0.0251135 -0.0215586 0.0348016
v -0.0251053 -0.0215559 0.0347213
v -0.0250814 -0.0215478 0.0346464
v -0.0250433 -0.0215351 0.0345822
v -0.0249937 -0.0215184 0.0345329
v -0.0249359 -0.0214991 0.0345019
v -0.0249381 -0.0214783 0.0351012
v -0.0249979 -0.0214783 0.0350702
v -0.0250493 -0.0214783 0.0350209
v -0.0250887 -0.0214783 0.0349567
v -0.0251135 -0.0214783 0.0348818
v -0.0251220 -0.0214783 0.0348016
v -0.0251135 -0.0214783 0.0347213
v -0.0250887 -0.0214783 0.0346464
v -0.0250493 -0.0214783 0.0345822
v -0.0249979 -0.0214783 0.0345329
v -0.0249381 -0.0214783 0.0345019
v -0.0249359 -0.0214575 0.0351012
v -0.0249937 -0.0214381 0.0350702
v -0.0250433 -0.0214215 0.0350209
v -0.0250814 -0.0214088 0.0349567
v -0.0251053 -0.0214007 0.0348818
v -0.0251135 -0.0213980 0.0348016
v -0.0251053 -0.0214007 0.0347213
v -0.0250814 -0.0214088 0.0346464
v -0.0250433 -0.0214215 0.0345822
v -0.0249937 -0.0214381 0.0345329
v -0.0249359 -0.0214575 0.0345019
v -0.0249295 -0.0214381 0.0351012
v -0.0249813 -0.0214007 0.0350702
v -0.0250258 -0.0213686 0.0350209
v -0.0250599 -0.0213440 0.0349567
v -0.0250814 -0.0213285 0.0348818
v -0.0250887 -0.0213232 0.0348016
v -0.0250814 -0.0213285 0.0347213
v -0.0250599 -0.0213440 0.0346464
v -0.0250258 -0.0213686 0.0345822
v -0.0249813 -0.0214007 0.0345329
v -0.0249295 -0.0214381 0.0345019
v -0.0249193 -0.0214215 0.0351012
v -0.0249616 -0.0213686 0.0350702
v -0.0249979 -0.0213232 0.0350209
v -0.0250258 -0.0212883 0.0349567
v -0.0250433 -0.0212664 0.0348818
v -0.0250493 -0.0212589 0.0348016
v -0.0250433 -0.0212664 0.0347213
v -0.0250258 -0.0212883 0.0346464
v -0.0249979 -0.0213232 0.0345822
v -0.0249616 -0.0213686 0.0345329
v -0.0249193 -0.0214215 0.0345019
v -0.0249060 -0.0214088 0.0351012
v -0.0249359 -0.0213440 0.0350702
v -0.0249616 -0.0212883 0.0350209
v -0.0249813 -0.0212456 0.0349567
v -0.0249937 -0.0212188 0.0348818
v -0.0249979 -0.0212096 0.0348016
v -0.0249937 -0.0212188 0.0347213
v -0.0249813 -0.0212456 0.0346464
v -0.0249616 -0.0212883 0.0345822
v -0.0249359 -0.0213440 0.0345329
v -0.0249060 -0.0214088 0.0345019
v -0.0248905 -0.0214007 0.0351012
v -0.0249060 -0.0213285 0.0350702
v -0.0249193 -0.0212664 0.0350209
v -0.0249295 -0.0212188 0.0349567
v -0.0249359 -0.0211888 0.0348818
v -0.0249381 -0.0211786 0.0348016
v -0.0249359 -0.0211888 0.0347213
v -0.0249295 -0.0212188 0.0346464
v -0.0249193 -0.0212664 0.0345822
v -0.0249060 -0.0213285 0.0345329
v -0.0248905 -0.0214007 0.0345019
v -0.0248739 -0.0213980 0.0351012
v -0.0248739 -0.0213232 0.0350702
v -0.0248739 -0.0211786 0.0348818
v -0.0248739 -0.0211680 0.0348016
v -0.0248739 -0.0211786 0.0347213
v -0.0248739 -0.0212096 0.0346464
v -0.0248739 -0.0212589 0.0345822
v -0.0248739 -0.0213232 0.0345329
v -0.0248739 -0.0213980 0.0345019
v -0.0254523 -0.0212589 0.0327948
v -0.0254523 -0.0212096 0.0327305
v -0.0254357 -0.0214007 0.0328751
v -0.0254202 -0.0213285 0.0328441
v -0.0254069 -0.0212664 0.0327948
v -0.0253967 -0.0212188 0.0327305
v -0.0253903 -0.0211888 0.0326557
v -0.0253881 -0.0211786 0.0325754
v -0.0253903 -0.0211888 0.0324951
v -0.0253967 -0.0212188 0.0324203
v -0.0254069 -0.0212664 0.0323560
v -0.0254202 -0.0213285 0.0323067
v -0.0254357 -0.0214007 0.0322758
v -0.0254202 -0.0214088 0.0328751
v -0.0253903 -0.0213440 0.0328441
v -0.0253646 -0.0212883 0.0327948
v -0.0253449 -0.0212456 0.0327305
v -0.0253325 -0.0212188 0.0326557
v -0.0253282 -0.0212096 0.0325754
v -0.0253325 -0.0212188 0.0324951
v -0.0253449 -0.0212456 0.0324203
v -0.0253646 -0.0212883 0.0323560
v -0.0253903 -0.0213440 0.0323067
v -0.0254202 -0.0214088 0.0322758
v -0.0254069 -0.0214215 0.0328751
v -0.0253646 -0.0213686 0.0328441
v -0.0253282 -0.0213232 0.0327948
v -0.0253004 -0.0212883 0.0327305
v -0.0252828 -0.0212664 0.0326557
v -0.0252769 -0.0212589 0.0325754
v -0.0252828 -0.0212664 0.0324951
v -0.0253004 -0.0212883 0.0324203
v -0.0253282 -0.0213232 0.0323560
v -0.0253646 -0.0213686 0.0323067
v -0.0254069 -0.0214215 0.0322758
v -0.0253967 -0.0214381 0.0328751
v -0.0253449 -0.0214007 0.0328441
v -0.0253004 -0.0213686 0.0327948
v -0.0252662 -0.0213440 0.0327305
v -0.0252448 -0.0213285 0.0326557
v -0.0252374 -0.0213232 0.0325754
v -0.0252448 -0.0213285 0.0324951
v -0.0252662 -0.0213440 0.0324203
v -0.0253004 -0.0213686 0.0323560
v -0.0253449 -0.0214007 0.0323067
v -0.0253967 -0.0214381 0.0322758
v -0.0253903 -0.0214575 0.0328751
v -0.0253325 -0.0214381 0.0328441
v -0.0252828 -0.0214215 0.0327948
v -0.0252448 -0.0214088 0.0327305
v -0.0252208 -0.0214007 0.0326557
v -0.0252127 -0.0213980 0.0325754
v -0.0252208 -0.0214007 0.0324951
v -0.0252448 -0.0214088 0.0324203
v -0.0252828 -0.0214215 0.0323560
v -0.0253325 -0.0214381 0.0323067
v -0.0253903 -0.0214575 0.0322758
v -0.0253881 -0.0214783 0.0328751
v -0.0253282 -0.0214783 0.0328441
v -0.0252769 -0.0214783 0.0327948
v -0.0252374 -0.0214783 0.0327305
v -0.0252127 -0.0214783 0.0326557
v -0.0252042 -0.0214783 0.0325754
v -0.0252127 -0.0214783 0.0324951
v -0.0252374 -0.0214783 0.0324203
v -0.0252769 -0.0214783 0.0323560
v -0.0253282 -0.0214783 0.0323067
v -0.0253881 -0.0214783 0.0322758
v -0.0253903 -0.0214991 0.0328751
v -0.0253325 -0.0215184 0.0328441
v -0.0252828 -0.0215351 0.0327948
v -0.0252448 -0.0215478 0.0327305
v -0.0252208 -0.0215559 0.0326557
v -0.0252127 -0.0215586 0.0325754
v -0.0252208 -0.0215559 0.0324951
v -0.0252448 -0.0215478 0.0324203
v -0.0252828 -0.0215351 0.0323560
v -0.0253325 -0.0215184 0.0323067
v -0.0253903 -0.0214991 0.0322758
v -0.0253967 -0.0215184 0.0328751
v -0.0253449 -0.0215559 0.0328441
v -0.0253004 -0.0215880 0.0327948
v -0.0252662 -0.0216126 0.0327305
v -0.0252448 -0.0216281 0.0326557
v -0.0252374 -0.0216334 0.0325754
v -0.0252448 -0.0216281 0.0324951
v -0.0252662 -0.0216126 0.0324203
v -0.0253004 -0.0215880 0.0323560
v -0.0253449 -0.0215559 0.0323067
v -0.0253967 -0.0215184 0.0322758
v -0.0254069 -0.0215351 0.0328751
v -0.0253646 -0.0215880 0.0328441
v -0.0253282 -0.0216334 0.0327948
v -0.0253004 -0.0216683 0.0327305
v -0.0252828 -0.0216902 0.0326557
v -0.0252769 -0.0216977 0.0325754
v -0.0252828 -0.0216902 0.0324951
v -0.0253004 -0.0216683 0.0324203
v -0.0253282 -0.0216334 0.0323560
v -0.0253646 -0.0215880 0.0323067
v -0.0254069 -0.0215351 0.0322758
v -0.0254202 -0.0215478 0.0328751
v -0.0253903 -0.0216126 0.0328441
v -0.0253646 -0.0216683 0.0327948
v -0.0253449 -0.0217110 0.0327305
v -0.0253325 -0.0217378 0.0326557
v -0.0253282 -0.0217470 0.0325754
v -0.0253325 -0.0217378 0.0324951
v -0.0253449 -0.0217110 0.0324203
v -0.0253646 -0.0216683 0.0323560
v -0.0253903 -0.0216126 0.0323067
v -0.0254202 -0.0215478 0.0322758
v -0.0254357 -0.0215559 0.0328751
v -0.0254202 -0.0216281 0.0328441
v -0.0254069 -0.0216902 0.0327948
v -0.0253967 -0.0217378 0.0327305
v -0.0253903 -0.0217678 0.0326557
v -0.0253881 -0.0217780 0.0325754
v -0.0253903 -0.0217678 0.0324951
v -0.0253967 -0.0217378 0.0324203
v -0.0254069 -0.0216902 0.0323560
v -0.0254202 -0.0216281 0.0323067
v -0.0254357 -0.0215559 0.0322758
v -0.0254523 -0.0215586 0.0328751
v -0.0254523 -0.0216334 0.0328441
v -0.0254523 -0.0216977 0.0327948
v -0.0254523 -0.0217470 0.0327305
v -0.0254523 -0.0217780 0.0326557
v -0.0254523 -0.0217885 0.0325754
v -0.0254523 -0.0217780 0.0324951
v -0.0254523 -0.0217470 0.0324203
v -0.0254523 -0.0216977 0.0323560
v -0.0254523 -0.0216334 0.0323067
v -0.0254523 -0.0215586 0.0322758
v -0.0254523 -0.0214783 0.0328857
v -0.0254689 -0.0215559 0.0328751
v -0.0254844 -0.0216281 0.0328441
v -0.0254977 -0.0216902 0.0327948
v -0.0255079 -0.0217378 0.0327305
v -0.0255143 -0.0217678 0.0326557
v -0.0255165 -0.0217780 0.0325754
v -0.0255143 -0.0217678 0.0324951
v -0.0255079 -0.0217378 0.0324203
v -0.0254977 -0.0216902 0.0323560
v -0.0254844 -0.0216281 0.0323067
v -0.0254689 -0.0215559 0.0322758
v -0.0254844 -0.0215478 0.0328751
v -0.0255143 -0.0216126 0.0328441
v -0.0255400 -0.0216683 0.0327948
v -0.0255597 -0.0217110 0.0327305
v -0.0255721 -0.0217378 0.0326557
v -0.0255763 -0.0217470 0.0325754
v -0.0255721 -0.0217378 0.0324951
v -0.0255597 -0.0217110 0.0324203
v -0.0255400 -0.0216683 0.0323560
v -0.0255143 -0.0216126 0.0323067
v -0.0254844 -0.0215478 0.0322758
v -0.0254977 -0.0215351 0.0328751
v -0.0255400 -0.0215880 0.0328441
v -0.0255763 -0.0216334 0.0327948
v -0.0256042 -0.0216683 0.0327305
v -0.0256217 -0.0216902 0.0326557
v -0.0256277 -0.0216977 0.0325754
v -0.0256217 -0.0216902 0.0324951
v -0.0256042 -0.0216683 0.0324203
v -0.0255763 -0.0216334 0.0323560
v -0.0255400 -0.0215880 0.0323067
v -0.0254977 -0.0215351 0.0322758
v -0.0254523 -0.0214783 0.0322652
v -0.0255079 -0.0215184 0.0328751
v -0.0255597 -0.0215559 0.0328441
v -0.0256042 -0.0215880 0.0327948
v -0.0256384 -0.0216126 0.0327305
v -0.0256598 -0.0216281 0.0326557
v -0.0256671 -0.0216334 0.0325754
v -0.0256598 -0.0216281 0.0324951
v -0.0256384 -0.0216126 0.0324203
v -0.0256042 -0.0215880 0.0323560
v -0.0255597 -0.0215559 0.0323067
v -0.0255079 -0.0215184 0.0322758
v -0.0255143 -0.0214991 0.0328751
v -0.0255721 -0.0215184 0.0328441
v -0.0256217 -0.0215351 0.0327948
v -0.0256598 -0.0215478 0.0327305
v -0.0256838 -0.0215559 0.0326557
v -0.0256919 -0.0215586 0.0325754
v -0.0256838 -0.0215559 0.0324951
v -0.0256598 -0.0215478 0.0324203
v -0.0256217 -0.0215351 0.0323560
v -0.0255721 -0.0215184 0.0323067
v -0.0255143 -0.0214991 0.0322758
v -0.0255165 -0.0214783 0.0328751
v -0.0255763 -0.0214783 0.0328441
v -0.0256277 -0.0214783 0.0327948
v -0.0256671 -0.0214783 0.0327305
v -0.0256919 -0.0214783 0.0326557
v -0.0257004 -0.0214783 0.0325754
v -0.0256919 -0.0214783 0.0324951
v -0.0256671 -0.0214783 0.0324203
v -0.0256277 -0.0214783 0.0323560
v -0.0255763 -0.0214783 0.0323067
v -0.0255165 -0.0214783 0.0322758
v -0.0255143 -0.0214575 0.0328751
v -0.0255721 -0.0214381 0.0328441
v -0.0256217 -0.0214215 0.0327948
v -0.0256598 -0.0214088 0.0327305
v -0.0256838 -0.0214007 0.0326557
v -0.0256919 -0.0213980 0.0325754
v -0.0256838 -0.0214007 0.0324951
v -0.0256598 -0.0214088 0.0324203
v -0.0256217 -0.0214215 0.0323560
v -0.0255721 -0.0214381 0.0323067
v -0.0255143 -0.0214575 0.0322758
v -0.0255079 -0.0214381 0.0328751
v -0.0255597 -0.0214007 0.0328441
v -0.0256042 -0.0213686 0.0327948
v -0.0256384 -0.0213440 0.0327305
v -0.0256598 -0.0213285 0.0326557
v -0.0256671 -0.0213232 0.0325754
v -0.0256598 -0.0213285 0.0324951
v -0.0256384 -0.0213440 0.0324203
v -0.0256042 -0.0213686 0.0323560
v -0.0255597 -0.0214007 0.0323067
v -0.0255079 -0.0214381 0.0322758
v -0.0254977 -0.0214215 0.0328751
v -0.0255400 -0.0213686 0.0328441
v -0.0255763 -0.0213232 0.0327948
v -0.0256042 -0.0212883 0.0327305
v -0.0256217 -0.0212664 0.0326557
v -0.0256277 -0.0212589 0.0325754
v -0.0256217 -0.0212664 0.0324951
v -0.0256042 -0.0212883 0.0324203
v -0.0255763 -0.0213232 0.0323560
v -0.0255400 -0.0213686 0.0323067
v -0.0254977 -0.0214215 0.0322758
v -0.0254844 -0.0214088 0.0328751
v -0.0255143 -0.0213440 0.0328441
v -0.0255400 -0.0212883 0.0327948
v -0.0255597 -0.0212456 0.0327305
v -0.0255721 -0.0212188 0.0326557
v -0.0255763 -0.0212096 0.0325754
v -0.0255721 -0.0212188 0.0324951
v -0.0255597 -0.0212456 0.0324203
v -0.0255400 -0.0212883 0.0323560
v -0.0255143 -0.0213440 0.0323067
v -0.0254844 -0.0214088 0.0322758
v -0.0254689 -0.0214007 0.0328751
v -0.0254844 -0.0213285 0.0328441
v -0.0254977 -0.0212664 0.0327948
v -0.0255079 -0.0212188 0.0327305
v -0.0255143 -0.0211888 0.0326557
v -0.0255165 -0.0211786 0.0325754
v -0.0255143 -0.0211888 0.0324951
v -0.0255079 -0.0212188 0.0324203
v -0.0254977 -0.0212664 0.0323560
v -0.0254844 -0.0213285 0.0323067
v -0.0254689 -0.0214007 0.0322758
v -0.0254523 -0.0213980 0.0328751
v -0.0254523 -0.0213232 0.0328441
v -0.0254523 -0.0211786 0.0326557
v -0.0254523 -0.0211680 0.0325754
v -0.0254523 -0.0211786 0.0324951
v -0.0254523 -0.0212096 0.0324203
v -0.0254523 -0.0212589 0.0323560
v -0.0254523 -0.0213232 0.0323067
v -0.0254523 -0.0213980 0.0322758
v -0.0248739 -0.0212589 0.0305686
v -0.0248739 -0.0212096 0.0305044
v -0.0248573 -0.0214007 0.0306489
v -0.0248418 -0.0213285 0.0306179
v -0.0248285 -0.0212664 0.0305686
v -0.0248183 -0.0212188 0.0305044
v -0.0248119 -0.0211888 0.0304296
v -0.0248097 -0.0211786 0.0303493
v -0.0248119 -0.0211888 0.0302690
v -0.0248183 -0.0212188 0.0301941
v -0.0248285 -0.0212664 0.0301299
v -0.0248418 -0.0213285 0.0300806
v -0.0248573 -0.0214007 0.0300496
v -0.0248418 -0.0214088 0.0306489
v -0.0248119 -0.0213440 0.0306179
v -0.0247862 -0.0212883 0.0305686
v -0.0247664 -0.0212456 0.0305044
v -0.0247541 -0.0212188 0.0304296
v -0.0247498 -0.0212096 0.0303493
v -0.0247541 -0.0212188 0.0302690
v -0.0247664 -0.0212456 0.0301941
v -0.0247862 -0.0212883 0.0301299
v -0.0248119 -0.0213440 0.0300806
v -0.0248418 -0.0214088 0.0300496
v -0.0248285 -0.0214215 0.0306489
v -0.0247862 -0.0213686 0.0306179
v -0.0247498 -0.0213232 0.0305686
v -0.0247219 -0.0212883 0.0305044
v -0.0247044 -0.0212664 0.0304296
v -0.0246984 -0.0212589 0.0303493
v -0.0247044 -0.0212664 0.0302690
v -0.0247219 -0.0212883 0.0301941
v -0.0247498 -0.0213232 0.0301299
v -0.0247862 -0.0213686 0.0300806
v -0.0248285 -0.0214215 0.0300496
v -0.0248183 -0.0214381 0.0306489
v -0.0247664 -0.0214007 0.0306179
v -0.0247219 -0.0213686 0.0305686
v -0.0246878 -0.0213440 0.0305044
v -0.0246663 -0.0213285 0.0304296
v -0.0246590 -0.0213232 0.0303493
v -0.0246663 -0.0213285 0.0302690
v -0.0246878 -0.0213440 0.0301941
v -0.0247219 -0.0213686 0.0301299
v -0.0247664 -0.0214007 0.0300806
v -0.0248183 -0.0214381 0.0300496
v -0.0248119 -0.0214575 0.0306489
v -0.0247541 -0.0214381 0.0306179
v -0.0247044 -0.0214215 0.0305686
v -0.0246663 -0.0214088 0.0305044
v -0.0246424 -0.0214007 0.0304296
v -0.0246342 -0.0213980 0.0303493
v -0.0246424 -0.0214007 0.0302690
v -0.0246663 -0.0214088 0.0301941
v -0.0247044 -0.0214215 0.0301299
v -0.0247541 -0.0214381 0.0300806
v -0.0248119 -0.0214575 0.0300496
v -0.0248097 -0.0214783 0.0306489
v -0.0247498 -0.0214783 0.0306179
v -0.0246984 -0.0214783 0.0305686
v -0.0246590 -0.0214783 0.0305044
v -0.0246342 -0.0214783 0.0304296
v -0.0246258 -0.0214783 0.0303493
v -0.0246342 -0.0214783 0.0302690
v -0.0246590 -0.0214783 0.0301941
v -0.0246984 -0.0214783 0.0301299
v -0.0247498 -0.0214783 0.0300806
v -0.0248097 -0.0214783 0.0300496
v -0.0248119 -0.0214991 0.0306489
v -0.0247541 -0.0215184 0.0306179
v -0.0247044 -0.0215351 0.0305686
v -0.0246663 -0.0215478 0.0305044
v -0.0246424 -0.0215559 0.0304296
v -0.0246342 -0.0215586 0.0303493
v -0.0246424 -0.0215559 0.0302690
v -0.0246663 -0.0215478 0.0301941
v -0.0247044 -0.0215351 0.0301299
v -0.0247541 -0.0215184 0.0300806
v -0.0248119 -0.0214991 0.0300496
v -0.0248183 -0.0215184 0.0306489
v -0.0247664 -0.0215559 0.0306179
v -0.0247219 -0.0215880 0.0305686
v -0.0246878 -0.0216126 0.0305044
v -0.0246663 -0.0216281 0.0304296
v -0.0246590 -0.0216334 0.0303493
v -0.0246663 -0.0216281 0.0302690
v -0.0246878 -0.0216126 0.0301941
v -0.0247219 -0.0215880 0.0301299
v -0.0247664 -0.0215559 0.0300806
v -0.0248183 -0.0215184 0.0300496
v -0.0248285 -0.0215351 0.0306489
v -0.0247862 -0.0215880 0.0306179
v -0.0247498 -0.0216334 0.0305686
v -0.0247219 -0.0216683 0.0305044
v -0.0247044 -0.0216902 0.0304296
v -0.0246984 -0.0216977 0.0303493
v -0.0247044 -0.0216902 0.0302690
v -0.0247219 -0.0216683 0.0301941
v -0.0247498 -0.0216334 0.0301299
v -0.0247862 -0.0215880 0.0300806
v -0.0248285 -0.0215351 0.0300496
v -0.0248418 -0.0215478 0.0306489
v -0.0248119 -0.0216126 0.0306179
v -0.0247862 -0.0216683 0.0305686
v -0.0247664 -0.0217110 0.0305044
v -0.0247541 -0.0217378 0.0304296
v -0.0247498 -0.0217470 0.0303493
v -0.0247541 -0.0217378 0.0302690
v -0.0247664 -0.0217110 0.0301941
v -0.0247862 -0.0216683 0.0301299
v -0.0248119 -0.0216126 0.0300806
v -0.0248418 -0.0215478 0.0300496
v -0.0248573 -0.0215559 0.0306489
v -0.0248418 -0.0216281 0.0306179
v -0.0248285 -0.0216902 0.0305686
v -0.0248183 -0.0217378 0.0305044
v -0.0248119 -0.0217678 0.0304296
v -0.0248097 -0.0217780 0.0303493
v -0.0248119 -0.0217678 0.0302690
v -0.0248183 -0.0217378 0.0301941
v -0.0248285 -0.0216902 0.0301299
v -0.0248418 -0.0216281 0.0300806
v -0.0248573 -0.0215559 0.0300496
v -0.0248739 -0.0215586 0.0306489
v -0.0248739 -0.0216334 0.0306179
v -0.0248739 -0.0216977 0.0305686
v -0.0248739 -0.0217470 0.0305044
v -0.0248739 -0.0217780 0.0304296
v -0.0248739 -0.0217885 0.0303493
v -0.0248739 -0.0217780 0.0302690
v -0.0248739 -0.0217470 0.0301941
v -0.0248739 -0.0216977 0.0301299
v -0.0248739 -0.0216334 0.0300806
v -0.0248739 -0.0215586 0.0300496
v -0.0248739 -0.0214783 0.0306595
v -0.0248905 -0.0215559 0.0306489
v -0.0249060 -0.0216281 0.0306179
v -0.0249193 -0.0216902 0.0305686
v -0.0249295 -0.0217378 0.0305044
v -0.0249359 -0.0217678 0.0304296
v -0.0249381 -0.0217780 0.0303493
v -0.0249359 -0.0217678 0.0302690
v -0.0249295 -0.0217378 0.0301941
v -0.0249193 -0.0216902 0.0301299
v -0.0249060 -0.0216281 0.0300806
v -0.0248905 -0.0215559 0.0300496
v -0.0249060 -0.0215478 0.0306489
v -0.0249359 -0.0216126 0.0306179
v -0.0249616 -0.0216683 0.0305686
v -0.0249813 -0.0217110 0.0305044
v -0.0249937 -0.0217378 0.0304296
v -0.0249979 -0.0217470 0.0303493
v -0.0249937 -0.0217378 0.0302690
v -0.0249813 -0.0217110 0.0301941
v -0.0249616 -0.0216683 0.0301299
v -0.0249359 -0.0216126 0.0300806
v -0.0249060 -0.0215478 0.0300496
v -0.0249193 -0.0215351 0.0306489
v -0.0249616 -0.0215880 0.0306179
v -0.0249979 -0.0216334 0.0305686
v -0.0250258 -0.0216683 0.0305044
v -0.0250433 -0.0216902 0.0304296
v -0.0250493 -0.0216977 0.0303493
v -0.0250433 -0.0216902 0.0302690
v -0.0250258 -0.0216683 0.0301941
v -0.0249979 -0.0216334 0.0301299
v -0.0249616 -0.0215880 0.0300806
v -0.0249193 -0.0215351 0.0300496
v -0.0248739 -0.0214783 0.0300390
v -0.0249295 -0.0215184 0.0306489
v -0.0249813 -0.0215559 0.0306179
v -0.0250258 -0.0215880 0.0305686
v -0.0250599 -0.0216126 0.0305044
v -0.0250814 -0.0216281 0.0304296
v -0.0250887 -0.0216334 0.0303493
v -0.0250814 -0.0216281 0.0302690
v -0.0250599 -0.0216126 0.0301941
v -0.0250258 -0.0215880 0.0301299
v -0.0249813 -0.0215559 0.0300806
v -0.0249295 -0.0215184 0.0300496
v -0.0249359 -0.0214991 0.0306489
v -0.0249937 -0.0215184 0.0306179
v -0.0250433 -0.0215351 0.0305686
v -0.0250814 -0.0215478 0.0305044
v -0.0251053 -0.0215559 0.0304296
v -0.0251135 -0.0215586 0.0303493
v -0.0251053 -0.0215559 0.0302690
v -0.0250814 -0.0215478 0.0301941
v -0.0250433 -0.0215351 0.0301299
v -0.0249937 -0.0215184 0.0300806
v -0.0249359 -0.0214991 0.0300496
v -0.0249381 -0.0214783 0.0306489
v -0.0249979 -0.0214783 0.0306179
v -0.0250493 -0.0214783 0.0305686
v -0.0250887 -0.0214783 0.0305044
v -0.0251135 -0.0214783 0.0304296
v -0.0251220 -0.0214783 0.0303493
v -0.0251135 -0.0214783 0.0302690
v -0.0250887 -0.0214783 0.0301941
v -0.0250493 -0.0214783 0.0301299
v -0.0249979 -0.0214783 0.0300806
v -0.0249381 -0.0214783 0.0300496
v -0.0249359 -0.0214575 0.0306489
v -0.0249937 -0.0214381 0.0306179
v -0.0250433 -0.0214215 0.0305686
v -0.0250814 -0.0214088 0.0305044
v -0.0251053 -0.0214007 0.0304296
v -0.0251135 -0.0213980 0.0303493
v -0.0251053 -0.0214007 0.0302690
v -0.0250814 -0.0214088 0.0301941
v -0.0250433 -0.0214215 0.0301299
v -0.0249937 -0.0214381 0.0300806
v -0.0249359 -0.0214575 0.0300496
v -0.0249295 -0.0214381 0.0306489
v -0.0249813 -0.0214007 0.0306179
v -0.0250258 -0.0213686 0.0305686
v -0.0250599 -0.0213440 0.0305044
v -0.0250814 -0.0213285 0.0304296
v -0.0250887 -0.0213232 0.0303493
v -0.0250814 -0.0213285 0.0302690
v -0.0250599 -0.0213440 0.0301941
v -0.0250258 -0.0213686 0.0301299
v -0.0249813 -0.0214007 0.0300806
v -0.0249295 -0.0214381 0.0300496
v -0.0249193 -0.0214215 0.0306489
v -0.0249616 -0.0213686 0.0306179
v -0.0249979 -0.0213232 0.0305686
v -0.0250258 -0.0212883 0.0305044
v -0.0250433 -0.0212664 0.0304296
v -0.0250493 -0.0212589 0.0303493
v -0.0250433 -0.0212664 0.0302690
v -0.0250258 -0.0212883 0.0301941
v -0.0249979 -0.0213232 0.0301299
v -0.0249616 -0.0213686 0.0300806
v -0.0249193 -0.0214215 0.0300496
v -0.0249060 -0.0214088 0.0306489
v -0.0249359 -0.0213440 0.0306179
v -0.0249616 -0.0212883 0.0305686
v -0.0249813 -0.0212456 0.0305044
v -0.0249937 -0.0212188 0.0304296
v -0.0249979 -0.0212096 0.0303493
v -0.0249937 -0.0212188 0.0302690
v -0.0249813 -0.0212456 0.0301941
v -0.0249616 -0.0212883 0.0301299
v -0.0249359 -0.0213440 0.0300806
v -0.0249060 -0.0214088 0.0300496
v -0.0248905 -0.0214007 0.0306489
v -0.0249060 -0.0213285 0.0306179
v -0.0249193 -0.0212664 0.0305686
v -0.0249295 -0.0212188 0.0305044
v -0.0249359 -0.0211888 0.0304296
v -0.0249381 -0.0211786 0.0303493
v -0.0249359 -0.0211888 0.0302690
v -0.0249295 -0.0212188 0.0301941
v -0.0249193 -0.0212664 0.0301299
v -0.0249060 -0.0213285 0.0300806
v -0.0248905 -0.0214007 0.0300496
v -0.0248739 -0.0213980 0.0306489
v -0.0248739 -0.0213232 0.0306179
v -0.0248739 -0.0211786 0.0304296
v -0.0248739 -0.0211680 0.0303493
v -0.0248739 -0.0211786 0.0302690
v -0.0248739 -0.0212096 0.0301941
v -0.0248739 -0.0212589 0.0301299
v -0.0248739 -0.0213232 0.0300806
v -0.0248739 -0.0213980 0.0300496
v -0.0233596 -0.0212589 0.0291928
v -0.0233596 -0.0212096 0.0291286
v -0.0233429 -0.0214007 0.0292731
v -0.0233275 -0.0213285 0.0292421
v -0.0233142 -0.0212664 0.0291928
v -0.0233040 -0.0212188 0.0291286
v -0.0232975 -0.0211888 0.0290537
v -0.0232954 -0.0211786 0.0289734
v -0.0232975 -0.0211888 0.0288931
v -0.0233040 -0.0212188 0.0288183
v -0.0233142 -0.0212664 0.0287541
v -0.0233275 -0.0213285 0.0287048
v -0.0233429 -0.0214007 0.0286738
v -0.0233275 -0.0214088 0.0292731
v -0.0232975 -0.0213440 0.0292421
v -0.0232718 -0.0212883 0.0291928
v -0.0232521 -0.0212456 0.0291286
v -0.0232397 -0.0212188 0.0290537
v -0.0232355 -0.0212096 0.0289734
v -0.0232397 -0.0212188 0.0288931
v -0.0232521 -0.0212456 0.0288183
v -0.0232718 -0.0212883 0.0287541
v -0.0232975 -0.0213440 0.0287048
v -0.0233275 -0.0214088 0.0286738
v -0.0233142 -0.0214215 0.0292731
v -0.0232718 -0.0213686 0.0292421
v -0.0232355 -0.0213232 0.0291928
v -0.0232076 -0.0212883 0.0291286
v -0.0231901 -0.0212664 0.0290537
v -0.0231841 -0.0212589 0.0289734
v -0.0231901 -0.0212664 0.0288931
v -0.0232076 -0.0212883 0.0288183
v -0.0232355 -0.0213232 0.0287541
v -0.0232718 -0.0213686 0.0287048
v -0.0233142 -0.0214215 0.0286738
v -0.0233040 -0.0214381 0.0292731
v -0.0232521 -0.0214007 0.0292421
v -0.0232076 -0.0213686 0.0291928
v -0.0231735 -0.0213440 0.0291286
v -0.0231520 -0.0213285 0.0290537
v -0.0231447 -0.0213232 0.0289734
v -0.0231520 -0.0213285 0.0288931
v -0.0231735 -0.0213440 0.0288183
v -0.0232076 -0.0213686 0.0287541
v -0.0232521 -0.0214007 0.0287048
v -0.0233040 -0.0214381 0.0286738
v -0.0232975 -0.0214575 0.0292731
v -0.0232397 -0.0214381 0.0292421
v -0.0231901 -0.0214215 0.0291928
v -0.0231520 -0.0214088 0.0291286
v -0.0231281 -0.0214007 0.0290537
v -0.0231199 -0.0213980 0.0289734
v -0.0231281 -0.0214007 0.0288931
v -0.0231520 -0.0214088 0.0288183
v -0.0231901 -0.0214215 0.0287541
v -0.0232397 -0.0214381 0.0287048
v -0.0232975 -0.0214575 0.0286738
v -0.0232954 -0.0214783 0.0292731
v -0.0232355 -0.0214783 0.0292421
v -0.0231841 -0.0214783 0.0291928
v -0.0231447 -0.0214783 0.0291286
v -0.0231199 -0.0214783 0.0290537
v -0.0231115 -0.0214783 0.0289734
v -0.0231199 -0.0214783 0.0288931
v -0.0231447 -0.0214783 0.0288183
v -0.0231841 -0.0214783 0.0287541
v -0.0232355 -0.0214783 0.0287048
v -0.0232954 -0.0214783 0.0286738
v -0.0232975 -0.0214991 0.0292731
v -0.0232397 -0.0215184 0.0292421
v -0.0231901 -0.0215351 0.0291928
v -0.0231520 -0.0215478 0.0291286
v -0.0231281 -0.0215559 0.0290537
v -0.0231199 -0.0215586 0.0289734
v -0.0231281 -0.0215559 0.0288931
v -0.0231520 -0.0215478 0.0288183
v -0.0231901 -0.0215351 0.0287541
v -0.0232397 -0.0215184 0.0287048
v -0.0232975 -0.0214991 0.0286738
v -0.0233040 -0.0215184 0.0292731
v -0.0232521 -0.0215559 0.0292421
v -0.0232076 -0.0215880 0.0291928
v -0.0231735 -0.0216126 0.0291286
v -0.0231520 -0.0216281 0.0290537
v -0.0231447 -0.0216334 0.0289734
v -0.0231520 -0.0216281 0.0288931
v -0.0231735 -0.0216126 0.0288183
v -0.0232076 -0.0215880 0.0287541
v -0.0232521 -0.0215559 0.0287048
v -0.0233040 -0.0215184 0.0286738
v -0.0233142 -0.0215351 0.0292731
v -0.0232718 -0.0215880 0.0292421
v -0.0232355 -0.0216334 0.0291928
v -0.0232076 -0.0216683 0.0291286
v -0.0231901 -0.0216902 0.0290537
v -0.0231841 -0.0216977 0.0289734
v -0.0231901 -0.0216902 0.0288931
v -0.0232076 -0.0216683 0.0288183
v -0.0232355 -0.0216334 0.0287541
v -0.0232718 -0.0215880 0.0287048
v -0.0233142 -0.0215351 0.0286738
v -0.0233275 -0.0215478 0.0292731
v -0.0232975 -0.0216126 0.0292421
v -0.0232718 -0.0216683 0.0291928
v -0.0232521 -0.0217110 0.0291286
v -0.0232397 -0.0217378 0.0290537
v -0.0232355 -0.0217470 0.0289734
v -0.0232397 -0.0217378 0.0288931
v -0.0232521 -0.0217110 0.0288183
v -0.0232718 -0.0216683 0.0287541
v -0.0232975 -0.0216126 0.0287048
v -0.0233275 -0.0215478 0.0286738
v -0.0233429 -0.0215559 0.0292731
v -0.0233275 -0.0216281 0.0292421
v -0.0233142 -0.0216902 0.0291928
v -0.0233040 -0.0217378 0.0291286
v -0.0232975 -0.0217678 0.0290537
v -0.0232954 -0.0217780 0.0289734
v -0.0232975 -0.0217678 0.0288931
v -0.0233040 -0.0217378 0.0288183
v -0.0233142 -0.0216902 0.0287541
v -0.0233275 -0.0216281 0.0287048
v -0.0233429 -0.0215559 0.0286738
v -0.0233596 -0.0215586 0.0292731
v -0.0233596 -0.0216334 0.0292421
v -0.0233596 -0.0216977 0.0291928
v -0.0233596 -0.0217470 0.0291286
v -0.0233596 -0.0217780 0.0290537
v -0.0233596 -0.0217885 0.0289734
v -0.0233596 -0.0217780 0.0288931
v -0.0233596 -0.0217470 0.0288183
v -0.0233596 -0.0216977 0.0287541
v -0.0233596 -0.0216334 0.0287048
v -0.0233596 -0.0215586 0.0286738
v -0.0233596 -0.0214783 0.0292837
v -0.0233762 -0.0215559 0.0292731
v -0.0233917 -0.0216281 0.0292421
v -0.0234050 -0.0216902 0.0291928
v -0.0234152 -0.0217378 0.0291286
v -0.0234216 -0.0217678 0.0290537
v -0.0234238 -0.0217780 0.0289734
v -0.0234216 -0.0217678 0.0288931
v -0.0234152 -0.0217378 0.0288183
v -0.0234050 -0.0216902 0.0287541
v -0.0233917 -0.0216281 0.0287048
v -0.0233762 -0.0215559 0.0286738
v -0.0233917 -0.0215478 0.0292731
v -0.0234216 -0.0216126 0.0292421
v -0.0234473 -0.0216683 0.0291928
v -0.0234670 -0.0217110 0.0291286
v -0.0234794 -0.0217378 0.0290537
v -0.0234836 -0.0217470 0.0289734
v -0.0234794 -0.0217378 0.0288931
v -0.0234670 -0.0217110 0.0288183
v -0.0234473 -0.0216683 0.0287541
v -0.0234216 -0.0216126 0.0287048
v -0.0233917 -0.0215478 0.0286738
v -0.0234050 -0.0215351 0.0292731
v -0.0234473 -0.0215880 0.0292421
v -0.0234836 -0.0216334 0.0291928
v -0.0235115 -0.0216683 0.0291286
v -0.0235290 -0.0216902 0.0290537
v -0.0235350 -0.0216977 0.0289734
v -0.0235290 -0.0216902 0.0288931
v -0.0235115 -0.0216683 0.0288183
v -0.0234836 -0.0216334 0.0287541
v -0.0234473 -0.0215880 0.0287048
v -0.0234050 -0.0215351 0.0286738
v -0.0233596 -0.0214783 0.0286632
v -0.0234152 -0.0215184 0.0292731
v -0.0234670 -0.0215559 0.0292421
v -0.0235115 -0.0215880 0.0291928
v -0.0235456 -0.0216126 0.0291286
v -0.0235671 -0.0216281 0.0290537
v -0.0235744 -0.0216334 0.0289734
v -0.0235671 -0.0216281 0.0288931
v -0.0235456 -0.0216126 0.0288183
v -0.0235115 -0.0215880 0.0287541
v -0.0234670 -0.0215559 0.0287048
v -0.0234152 -0.0215184 0.0286738
v -0.0234216 -0.0214991 0.0292731
v -0.0234794 -0.0215184 0.0292421
v -0.0235290 -0.0215351 0.0291928
v -0.0235671 -0.0215478 0.0291286
v -0.0235910 -0.0215559 0.0290537
v -0.0235992 -0.0215586 0.0289734
v -0.0235910 -0.0215559 0.0288931
v -0.0235671 -0.0215478 0.0288183
v -0.0235290 -0.0215351 0.0287541
v -0.0234794 -0.0215184 0.0287048
v -0.0234216 -0.0214991 0.0286738
v -0.0234238 -0.0214783 0.0292731
v -0.0234836 -0.0214783 0.0292421
v -0.0235350 -0.0214783 0.0291928
v -0.0235744 -0.0214783 0.0291286
v -0.0235992 -0.0214783 0.0290537
v -0.0236077 -0.0214783 0.0289734
v -0.0235992 -0.0214783 0.0288931
v -0.0235744 -0.0214783 0.0288183
v -0.0235350 -0.0214783 0.0287541
v -0.0234836 -0.0214783 0.0287048
v -0.0234238 -0.0214783 0.0286738
v -0.0234216 -0.0214575 0.0292731
v -0.0234794 -0.0214381 0.0292421
v -0.0235290 -0.0214215 0.0291928
v -0.0235671 -0.0214088 0.0291286
v -0.0235910 -0.0214007 0.0290537
v -0.0235992 -0.0213980 0.0289734
v -0.0235910 -0.0214007 0.0288931
v -0.0235671 -0.0214088 0.0288183
v -0.0235290 -0.0214215 0.0287541
v -0.0234794 -0.0214381 0.0287048
v -0.0234216 -0.0214575 0.0286738
v -0.0234152 -0.0214381 0.0292731
v -0.0234670 -0.0214007 0.0292421
v -0.0235115 -0.0213686 0.0291928
v -0.0235456 -0.0213440 0.0291286
v -0.0235671 -0.0213285 0.0290537
v -0.0235744 -0.0213232 0.0289734
v -0.0235671 -0.0213285 0.0288931
v -0.0235456 -0.0213440 0.0288183
v -0.0235115 -0.0213686 0.0287541
v -0.0234670 -0.0214007 0.0287048
v -0.0234152 -0.0214381 0.0286738
v -0.0234050 -0.0214215 0.0292731
v -0.0234473 -0.0213686 0.0292421
v -0.0234836 -0.0213232 0.0291928
v -0.0235115 -0.0212883 0.0291286
v -0.0235290 -0.0212664 0.0290537
v -0.0235350 -0.0212589 0.0289734
v -0.0235290 -0.0212664 0.0288931
v -0.0235115 -0.0212883 0.0288183
v -0.0234836 -0.0213232 0.0287541
v -0.0234473 -0.0213686 0.0287048
v -0.0234050 -0.0214215 0.0286738
v -0.0233917 -0.0214088 0.0292731
v -0.0234216 -0.0213440 0.0292421
v -0.0234473 -0.0212883 0.0291928
v -0.0234670 -0.0212456 0.0291286
v -0.0234794 -0.0212188 0.0290537
v -0.0234836 -0.0212096 0.0289734
v -0.0234794 -0.0212188 0.0288931
v -0.0234670 -0.0212456 0.0288183
v -0.0234473 -0.0212883 0.0287541
v -0.0234216 -0.0213440 0.0287048
v -0.0233917 -0.0214088 0.0286738
v -0.0233762 -0.0214007 0.0292731
v -0.0233917 -0.0213285 0.0292421
v -0.0234050 -0.0212664 0.0291928
v -0.0234152 -0.0212188 0.0291286
v -0.0234216 -0.0211888 0.0290537
v -0.0234238 -0.0211786 0.0289734
v -0.0234216 -0.0211888 0.0288931
v -0.0234152 -0.0212188 0.0288183
v -0.0234050 -0.0212664 0.0287541
v -0.0233917 -0.0213285 0.0287048
v -0.0233762 -0.0214007 0.0286738
v -0.0233596 -0.0213980 0.0292731
v -0.0233596 -0.0213232 0.0292421
v -0.0233596 -0.0211786 0.0290537
v -0.0233596 -0.0211680 0.0289734
v -0.0233596 -0.0211786 0.0288931
v -0.0233596 -0.0212096 0.0288183
v -0.0233596 -0.0212589 0.0287541
v -0.0233596 -0.0213232 0.0287048
v -0.0233596 -0.0213980 0.0286738
v -0.0214878 -0.0212589 0.0291928
v -0.0214878 -0.0212096 0.0291286
v -0.0214711 -0.0214007 0.0292731
v -0.0214557 -0.0213285 0.0292421
v -0.0214424 -0.0212664 0.0291928
v -0.0214322 -0.0212188 0.0291286
v -0.0214257 -0.0211888 0.0290537
v -0.0214236 -0.0211786 0.0289734
v -0.0214257 -0.0211888 0.0288931
v -0.0214322 -0.0212188 0.0288183
v -0.0214424 -0.0212664 0.0287541
v -0.0214557 -0.0213285 0.0287048
v -0.0214711 -0.0214007 0.0286738
v -0.0214557 -0.0214088 0.0292731
v -0.0214257 -0.0213440 0.0292421
v -0.0214001 -0.0212883 0.0291928
v -0.0213803 -0.0212456 0.0291286
v -0.0213679 -0.0212188 0.0290537
v -0.0213637 -0.0212096 0.0289734
v -0.0213679 -0.0212188 0.0288931
v -0.0213803 -0.0212456 0.0288183
v -0.0214001 -0.0212883 0.0287541
v -0.0214257 -0.0213440 0.0287048
v -0.0214557 -0.0214088 0.0286738
v -0.0214424 -0.0214215 0.0292731
v -0.0214001 -0.0213686 0.0292421
v -0.0213637 -0.0213232 0.0291928
v -0.0213358 -0.0212883 0.0291286
v -0.0213183 -0.0212664 0.0290537
v -0.0213123 -0.0212589 0.0289734
v -0.0213183 -0.0212664 0.0288931
v -0.0213358 -0.0212883 0.0288183
v -0.0213637 -0.0213232 0.0287541
v -0.0214001 -0.0213686 0.0287048
v -0.0214424 -0.0214215 0.0286738
v -0.0214322 -0.0214381 0.0292731
v -0.0213803 -0.0214007 0.0292421
v -0.0213358 -0.0213686 0.0291928
v -0.0213017 -0.0213440 0.0291286
v -0.0212802 -0.0213285 0.0290537
v -0.0212729 -0.0213232 0.0289734
v -0.0212802 -0.0213285 0.0288931
v -0.0213017 -0.0213440 0.0288183
v -0.0213358 -0.0213686 0.0287541
v -0.0213803 -0.0214007 0.0287048
v -0.0214322 -0.0214381 0.0286738
v -0.0214257 -0.0214575 0.0292731
v -0.0213679 -0.0214381 0.0292421
v -0.0213183 -0.0214215 0.0291928
v -0.0212802 -0.0214088 0.0291286
v -0.0212563 -0.0214007 0.0290537
v -0.0212481 -0.0213980 0.0289734
v -0.0212563 -0.0214007 0.0288931
v -0.0212802 -0.0214088 0.0288183
v -0.0213183 -0.0214215 0.0287541
v -0.0213679 -0.0214381 0.0287048
v -0.0214257 -0.0214575 0.0286738
v -0.0214236 -0.0214783 0.0292731
v -0.0213637 -0.0214783 0.0292421
v -0.0213123 -0.0214783 0.0291928
v -0.0212729 -0.0214783 0.0291286
v -0.0212481 -0.0214783 0.0290537
v -0.0212397 -0.0214783 0.0289734
v -0.0212481 -0.0214783 0.0288931
v -0.0212729 -0.0214783 0.0288183
v -0.0213123 -0.0214783 0.0287541
v -0.0213637 -0.0214783 0.0287048
v -0.0214236 -0.0214783 0.0286738
v -0.0214257 -0.0214991 0.0292731
v -0.0213679 -0.0215184 0.0292421
v -0.0213183 -0.0215351 0.0291928
v -0.0212802 -0.0215478 0.0291286
v -0.0212563 -0.0215559 0.0290537
v -0.0212481 -0.0215586 0.0289734
v -0.0212563 -0.0215559 0.0288931
v -0.0212802 -0.0215478 0.0288183
v -0.0213183 -0.0215351 0.0287541
v -0.0213679 -0.0215184 0.0287048
v -0.0214257 -0.0214991 0.0286738
v -0.0214322 -0.0215184 0.0292731
v -0.0213803 -0.0215559 0.0292421
v -0.0213358 -0.0215880 0.0291928
v -0.0213017 -0.0216126 0.0291286
v -0.0212802 -0.0216281 0.0290537
v -0.0212729 -0.0216334 0.0289734
v -0.0212802 -0.0216281 0.0288931
v -0.0213017 -0.0216126 0.0288183
v -0.0213358 -0.0215880 0.0287541
v -0.0213803 -0.0215559 0.0287048
v -0.0214322 -0.0215184 0.0286738
v -0.0214424 -0.0215351 0.0292731
v -0.0214001 -0.0215880 0.0292421
v -0.0213637 -0.0216334 0.0291928
v -0.0213358 -0.0216683 0.0291286
v -0.0213183 -0.0216902 0.0290537
v -0.0213123 -0.0216977 0.0289734
v -0.0213183 -0.0216902 0.0288931
v -0.0213358 -0.0216683 0.0288183
v -0.0213637 -0.0216334 0.0287541
v -0.0214001 -0.0215880 0.0287048
v -0.0214424 -0.0215351 0.0286738
v -0.0214557 -0.0215478 0.0292731
v -0.0214257 -0.0216126 0.0292421
v -0.0214001 -0.0216683 0.0291928
v -0.0213803 -0.0217110 0.0291286
v -0.0213679 -0.0217378 0.0290537
v -0.0213637 -0.0217470 0.0289734
v -0.0213679 -0.0217378 0.0288931
v -0.0213803 -0.0217110 0.0288183
v -0.0214001 -0.0216683 0.0287541
v -0.0214257 -0.0216126 0.0287048
v -0.0214557 -0.0215478 0.0286738
v -0.0214711 -0.0215559 0.0292731
v -0.0214557 -0.0216281 0.0292421
v -0.0214424 -0.0216902 0.0291928
v -0.0214322 -0.0217378 0.0291286
v -0.0214257 -0.0217678 0.0290537
v -0.0214236 -0.0217780 0.0289734
v -0.0214257 -0.0217678 0.0288931
v -0.0214322 -0.0217378 0.0288183
v -0.0214424 -0.0216902 0.0287541
v -0.0214557 -0.0216281 0.0287048
v -0.0214711 -0.0215559 0.0286738
v -0.0214878 -0.0215586 0.0292731
v -0.0214878 -0.0216334 0.0292421
v -0.0214878 -0.0216977 0.0291928
v -0.0214878 -0.0217470 0.0291286
v -0.0214878 -0.0217780 0.0290537
v -0.0214878 -0.0217885 0.0289734
v -0.0214878 -0.0217780 0.0288931
v -0.0214878 -0.0217470 0.0288183
v -0.0214878 -0.0216977 0.0287541
v -0.0214878 -0.0216334 0.0287048
v -0.0214878 -0.0215586 0.0286738
v -0.0214878 -0.0214783 0.0292837
v -0.0215044 -0.0215559 0.0292731
v -0.0215199 -0.0216281 0.0292421
v -0.0215332 -0.0216902 0.0291928
v -0.0215434 -0.0217378 0.0291286
v -0.0215498 -0.0217678 0.0290537
v -0.0215520 -0.0217780 0.0289734
v -0.0215498 -0.0217678 0.0288931
v -0.0215434 -0.0217378 0.0288183
v -0.0215332 -0.0216902 0.0287541
v -0.0215199 -0.0216281 0.0287048
v -0.0215044 -0.0215559 0.0286738
v -0.0215199 -0.0215478 0.0292731
v -0.0215498 -0.0216126 0.0292421
v -0.0215755 -0.0216683 0.0291928
v -0.0215952 -0.0217110 0.0291286
v -0.0216076 -0.0217378 0.0290537
v -0.0216118 -0.0217470 0.0289734
v -0.0216076 -0.0217378 0.0288931
v -0.0215952 -0.0217110 0.0288183
v -0.0215755 -0.0216683 0.0287541
v -0.0215498 -0.0216126 0.0287048
v -0.0215199 -0.0215478 0.0286738
v -0.0215332 -0.0215351 0.0292731
v -0.0215755 -0.0215880 0.0292421
v -0.0216118 -0.0216334 0.0291928
v -0.0216397 -0.0216683 0.0291286
v -0.0216572 -0.0216902 0.0290537
v -0.0216632 -0.0216977 0.0289734
v -0.0216572 -0.0216902 0.0288931
v -0.0216397 -0.0216683 0.0288183
v -0.0216118 -0.0216334 0.0287541
v -0.0215755 -0.0215880 0.0287048
v -0.0215332 -0.0215351 0.0286738
v -0.0214878 -0.0214783 0.0286632
v -0.0215434 -0.0215184 0.0292731
v -0.0215952 -0.0215559 0.0292421
v -0.0216397 -0.0215880 0.0291928
v -0.0216738 -0.0216126 0.0291286
v -0.0216953 -0.0216281 0.0290537
v -0.0217026 -0.0216334 0.0289734
v -0.0216953 -0.0216281 0.0288931
v -0.0216738 -0.0216126 0.0288183
v -0.0216397 -0.0215880 0.0287541
v -0.0215952 -0.0215559 0.0287048
v -0.0215434 -0.0215184 0.0286738
v -0.0215498 -0.0214991 0.0292731
v -0.0216076 -0.0215184 0.0292421
v -0.0216572 -0.0215351 0.0291928
v -0.0216953 -0.0215478 0.0291286
v -0.0217192 -0.0215559 0.0290537
v -0.0217274 -0.0215586 0.0289734
v -0.0217192 -0.0215559 0.0288931
v -0.0216953 -0.0215478 0.0288183
v -0.0216572 -0.0215351 0.0287541
v -0.0216076 -0.0215184 0.0287048
v -0.0215498 -0.0214991 0.0286738
v -0.0215520 -0.0214783 0.0292731
v -0.0216118 -0.0214783 0.0292421
v -0.0216632 -0.0214783 0.0291928
v -0.0217026 -0.0214783 0.0291286
v -0.0217274 -0.0214783 0.0290537
v -0.0217359 -0.0214783 0.0289734
v -0.0217274 -0.0214783 0.0288931
v -0.0217026 -0.0214783 0.0288183
v -0.0216632 -0.0214783 0.0287541
v -0.0216118 -0.0214783 0.0287048
v -0.0215520 -0.0214783 0.0286738
v -0.0215498 -0.0214575 0.0292731
v -0.0216076 -0.0214381 0.0292421
v -0.0216572 -0.0214215 0.0291928
v -0.0216953 -0.0214088 0.0291286
v -0.0217192 -0.0214007 0.0290537
v -0.0217274 -0.0213980 0.0289734
v -0.0217192 -0.0214007 0.0288931
v -0.0216953 -0.0214088 0.0288183
v -0.0216572 -0.0214215 0.0287541
v -0.0216076 -0.0214381 0.0287048
v -0.0215498 -0.0214575 0.0286738
v -0.0215434 -0.0214381 0.0292731
v -0.0215952 -0.0214007 0.0292421
v -0.0216397 -0.0213686 0.0291928
v -0.0216738 -0.0213440 0.0291286
v -0.0216953 -0.0213285 0.0290537
v -0.0217026 -0.0213232 0.0289734
v -0.0216953 -0.0213285 0.0288931
v -0.0216738 -0.0213440 0.0288183
v -0.0216397 -0.0213686 0.0287541
v -0.0215952 -0.0214007 0.0287048
v -0.0215434 -0.0214381 0.0286738
v -0.0215332 -0.0214215 0.0292731
v -0.0215755 -0.0213686 0.0292421
v -0.0216118 -0.0213232 0.0291928
v -0.0216397 -0.0212883 0.0291286
v -0.0216572 -0.0212664 0.0290537
v -0.0216632 -0.0212589 0.0289734
v -0.0216572 -0.0212664 0.0288931
v -0.0216397 -0.0212883 0.0288183
v -0.0216118 -0.0213232 0.0287541
v -0.0215755 -0.0213686 0.0287048
v -0.0215332 -0.0214215 0.0286738
v -0.0215199 -0.0214088 0.0292731
v -0.0215498 -0.0213440 0.0292421
v -0.0215755 -0.0212883 0.0291928
v -0.0215952 -0.0212456 0.0291286
v -0.0216076 -0.0212188 0.0290537
v -0.0216118 -0.0212096 0.0289734
v -0.0216076 -0.0212188 0.0288931
v -0.0215952 -0.0212456 0.0288183
v -0.0215755 -0.0212883 0.0287541
v -0.0215498 -0.0213440 0.0287048
v -0.0215199 -0.0214088 0.0286738
v -0.0215044 -0.0214007 0.0292731
v -0.0215199 -0.0213285 0.0292421
v -0.0215332 -0.0212664 0.0291928
v -0.0215434 -0.0212188 0.0291286
v -0.0215498 -0.0211888 0.0290537
v -0.0215520 -0.0211786 0.0289734
v -0.0215498 -0.0211888 0.0288931
v -0.0215434 -0.0212188 0.0288183
v -0.0215332 -0.0212664 0.0287541
v -0.0215199 -0.0213285 0.0287048
v -0.0215044 -0.0214007 0.0286738
v -0.0214878 -0.0213980 0.0292731
v -0.0214878 -0.0213232 0.0292421
v -0.0214878 -0.0211786 0.0290537
v -0.0214878 -0.0211680 0.0289734
v -0.0214878 -0.0211786 0.0288931
v -0.0214878 -0.0212096 0.0288183
v -0.0214878 -0.0212589 0.0287541
v -0.0214878 -0.0213232 0.0287048
v -0.0214878 -0.0213980 0.0286738
v -0.0199735 -0.0212589 0.0305686
v -0.0199735 -0.0212096 0.0305044
v -0.0199568 -0.0214007 0.0306489
v -0.0199413 -0.0213285 0.0306179
v -0.0199280 -0.0212664 0.0305686
v -0.0199178 -0.0212188 0.0305044
v -0.0199114 -0.0211888 0.0304296
v -0.0199092 -0.0211786 0.0303493
v -0.0199114 -0.0211888 0.0302690
v -0.0199178 -0.0212188 0.0301941
v -0.0199280 -0.0212664 0.0301299
v -0.0199413 -0.0213285 0.0300806
v -0.0199568 -0.0214007 0.0300496
v -0.0199413 -0.0214088 0.0306489
v -0.0199114 -0.0213440 0.0306179
v -0.0198857 -0.0212883 0.0305686
v -0.0198660 -0.0212456 0.0305044
v -0.0198536 -0.0212188 0.0304296
v -0.0198494 -0.0212096 0.0303493
v -0.0198536 -0.0212188 0.0302690
v -0.0198660 -0.0212456 0.0301941
v -0.0198857 -0.0212883 0.0301299
v -0.0199114 -0.0213440 0.0300806
v -0.0199413 -0.0214088 0.0300496
v -0.0199280 -0.0214215 0.0306489
v -0.0198857 -0.0213686 0.0306179
v -0.0198494 -0.0213232 0.0305686
v -0.0198215 -0.0212883 0.0305044
v -0.0198040 -0.0212664 0.0304296
v -0.0197980 -0.0212589 0.0303493
v -0.0198040 -0.0212664 0.0302690
v -0.0198215 -0.0212883 0.0301941
v -0.0198494 -0.0213232 0.0301299
v -0.0198857 -0.0213686 0.0300806
v -0.0199280 -0.0214215 0.0300496
v -0.0199178 -0.0214381 0.0306489
v -0.0198660 -0.0214007 0.0306179
v -0.0198215 -0.0213686 0.0305686
v -0.0197874 -0.0213440 0.0305044
v -0.0197659 -0.0213285 0.0304296
v -0.0197586 -0.0213232 0.0303493
v -0.0197659 -0.0213285 0.0302690
v -0.0197874 -0.0213440 0.0301941
v -0.0198215 -0.0213686 0.0301299
v -0.0198660 -0.0214007 0.0300806
v -0.0199178 -0.0214381 0.0300496
v -0.0199114 -0.0214575 0.0306489
v -0.0198536 -0.0214381 0.0306179
v -0.0198040 -0.0214215 0.0305686
v -0.0197659 -0.0214088 0.0305044
v -0.0197420 -0.0214007 0.0304296
v -0.0197338 -0.0213980 0.0303493
v -0.0197420 -0.0214007 0.0302690
v -0.0197659 -0.0214088 0.0301941
v -0.0198040 -0.0214215 0.0301299
v -0.0198536 -0.0214381 0.0300806
v -0.0199114 -0.0214575 0.0300496
v -0.0199092 -0.0214783 0.0306489
v -0.0198494 -0.0214783 0.0306179
v -0.0197980 -0.0214783 0.0305686
v -0.0197586 -0.0214783 0.0305044
v -0.0197338 -0.0214783 0.0304296
v -0.0197254 -0.0214783 0.0303493
v -0.0197338 -0.0214783 0.0302690
v -0.0197586 -0.0214783 0.0301941
v -0.0197980 -0.0214783 0.0301299
v -0.0198494 -0.0214783 0.0300806
v -0.0199092 -0.0214783 0.0300496
v -0.0199114 -0.0214991 0.0306489
v -0.0198536 -0.0215184 0.0306179
v -0.0198040 -0.0215351 0.0305686
v -0.0197659 -0.0215478 0.0305044
v -0.0197420 -0.0215559 0.0304296
v -0.0197338 -0.0215586 0.0303493
v -0.0197420 -0.0215559 0.0302690
v -0.0197659 -0.0215478 0.0301941
v -0.0198040 -0.0215351 0.0301299
v -0.0198536 -0.0215184 0.0300806
v -0.0199114 -0.0214991 0.0300496
v -0.0199178 -0.0215184 0.0306489
v -0.0198660 -0.0215559 0.0306179
v -0.0198215 -0.0215880 0.0305686
v -0.0197874 -0.0216126 0.0305044
v -0.0197659 -0.0216281 0.0304296
v -0.0197586 -0.0216334 0.0303493
v -0.0197659 -0.0216281 0.0302690
v -0.0197874 -0.0216126 0.0301941
v -0.0198215 -0.0215880 0.0301299
v -0.0198660 -0.0215559 0.0300806
v -0.0199178 -0.0215184 0.0300496
v -0.0199280 -0.0215351 0.0306489
v -0.0198857 -0.0215880 0.0306179
v -0.0198494 -0.0216334 0.0305686
v -0.0198215 -0.0216683 0.0305044
v -0.0198040 -0.0216902 0.0304296
v -0.0197980 -0.0216977 0.0303493
v -0.0198040 -0.0216902 0.0302690
v -0.0198215 -0.0216683 0.0301941
v -0.0198494 -0.0216334 0.0301299
v -0.0198857 -0.0215880 0.0300806
v -0.0199280 -0.0215351 0.0300496
v -0.0199413 -0.0215478 0.0306489
v -0.0199114 -0.0216126 0.0306179
v -0.0198857 -0.0216683 0.0305686
v -0.0198660 -0.0217110 0.0305044
v -0.0198536 -0.0217378 0.0304296
v -0.0198494 -0.0217470 0.0303493
v -0.0198536 -0.0217378 0.0302690
v -0.0198660 -0.0217110 0.0301941
v -0.0198857 -0.0216683 0.0301299
v -0.0199114 -0.0216126 0.0300806
v -0.0199413 -0.0215478 0.0300496
v -0.0199568 -0.0215559 0.0306489
v -0.0199413 -0.0216281 0.0306179
v -0.0199280 -0.0216902 0.0305686
v -0.0199178 -0.0217378 0.0305044
v -0.0199114 -0.0217678 0.0304296
v -0.0199092 -0.0217780 0.0303493
v -0.0199114 -0.0217678 0.0302690
v -0.0199178 -0.0217378 0.0301941
v -0.0199280 -0.0216902 0.0301299
v -0.0199413 -0.0216281 0.0300806
v -0.0199568 -0.0215559 0.0300496
v -0.0199735 -0.0215586 0.0306489
v -0.0199735 -0.0216334 0.0306179
v -0.0199735 -0.0216977 0.0305686
v -0.0199735 -0.0217470 0.0305044
v -0.0199735 -0.0217780 0.0304296
v -0.0199735 -0.0217885 0.0303493
v -0.0199735 -0.0217780 0.0302690
v -0.0199735 -0.0217470 0.0301941
v -0.0199735 -0.0216977 0.0301299
v -0.0199735 -0.0216334 0.0300806
v -0.0199735 -0.0215586 0.0300496
v -0.0199735 -0.0214783 0.0306595
v -0.0199901 -0.0215559 0.0306489
v -0.0200056 -0.0216281 0.0306179
v -0.0200189 -0.0216902 0.0305686
v -0.0200291 -0.0217378 0.0305044
v -0.0200355 -0.0217678 0.0304296
v -0.0200377 -0.0217780 0.0303493
v -0.0200355 -0.0217678 0.0302690
v -0.0200291 -0.0217378 0.0301941
v -0.0200189 -0.0216902 0.0301299
v -0.0200056 -0.0216281 0.0300806
v -0.0199901 -0.0215559 0.0300496
v -0.0200056 -0.0215478 0.0306489
v -0.0200355 -0.0216126 0.0306179
v -0.0200612 -0.0216683 0.0305686
v -0.0200809 -0.0217110 0.0305044
v -0.0200933 -0.0217378 0.0304296
v -0.0200975 -0.0217470 0.0303493
v -0.0200933 -0.0217378 0.0302690
v -0.0200809 -0.0217110 0.0301941
v -0.0200612 -0.0216683 0.0301299
v -0.0200355 -0.0216126 0.0300806
v -0.0200056 -0.0215478 0.0300496
v -0.0200189 -0.0215351 0.0306489
v -0.0200612 -0.0215880 0.0306179
v -0.0200975 -0.0216334 0.0305686
v -0.0201254 -0.0216683 0.0305044
v -0.0201429 -0.0216902 0.0304296
v -0.0201489 -0.0216977 0.0303493
v -0.0201429 -0.0216902 0.0302690
v -0.0201254 -0.0216683 0.0301941
v -0.0200975 -0.0216334 0.0301299
v -0.0200612 -0.0215880 0.0300806
v -0.0200189 -0.0215351 0.0300496
v -0.0199735 -0.0214783 0.0300390
v -0.0200291 -0.0215184 0.0306489
v -0.0200809 -0.0215559 0.0306179
v -0.0201254 -0.0215880 0.0305686
v -0.0201595 -0.0216126 0.0305044
v -0.0201810 -0.0216281 0.0304296
v -0.0201883 -0.0216334 0.0303493
v -0.0201810 -0.0216281 0.0302690
v -0.0201595 -0.0216126 0.0301941
v -0.0201254 -0.0215880 0.0301299
v -0.0200809 -0.0215559 0.0300806
v -0.0200291 -0.0215184 0.0300496
v -0.0200355 -0.0214991 0.0306489
v -0.0200933 -0.0215184 0.0306179
v -0.0201429 -0.0215351 0.0305686
v -0.0201810 -0.0215478 0.0305044
v -0.0202049 -0.0215559 0.0304296
v -0.0202131 -0.0215586 0.0303493
v -0.0202049 -0.0215559 0.0302690
v -0.0201810 -0.0215478 0.0301941
v -0.0201429 -0.0215351 0.0301299
v -0.0200933 -0.0215184 0.0300806
v -0.0200355 -0.0214991 0.0300496
v -0.0200377 -0.0214783 0.0306489
v -0.0200975 -0.0214783 0.0306179
v -0.0201489 -0.0214783 0.0305686
v -0.0201883 -0.0214783 0.0305044
v -0.0202131 -0.0214783 0.0304296
v -0.0202215 -0.0214783 0.0303493
v -0.0202131 -0.0214783 0.0302690
v -0.0201883 -0.0214783 0.0301941
v -0.0201489 -0.0214783 0.0301299
v -0.0200975 -0.0214783 0.0300806
v -0.0200377 -0.0214783 0.0300496
v -0.0200355 -0.0214575 0.0306489
v -0.0200933 -0.0214381 0.0306179
v -0.0201429 -0.0214215 0.0305686
v -0.0201810 -0.0214088 0.0305044
v -0.0202049 -0.0214007 0.0304296
v -0.0202131 -0.0213980 0.0303493
v -0.0202049 -0.0214007 0.0302690
v -0.0201810 -0.0214088 0.0301941
v -0.0201429 -0.0214215 0.0301299
v -0.0200933 -0.0214381 0.0300806
v -0.0200355 -0.0214575 0.0300496
v -0.0200291 -0.0214381 0.0306489
v -0.0200809 -0.0214007 0.0306179
v -0.0201254 -0.0213686 0.0305686
v -0.0201595 -0.0213440 0.0305044
v -0.0201810 -0.0213285 0.0304296
v -0.0201883 -0.0213232 0.0303493
v -0.0201810 -0.0213285 0.0302690
v -0.0201595 -0.0213440 0.0301941
v -0.0201254 -0.0213686 0.0301299
v -0.0200809 -0.0214007 0.0300806
v -0.0200291 -0.0214381 0.0300496
v -0.0200189 -0.0214215 0.0306489
v -0.0200612 -0.0213686 0.0306179
v -0.0200975 -0.0213232 0.0305686
v -0.0201254 -0.0212883 0.0305044
v -0.0201429 -0.0212664 0.0304296
v -0.0201489 -0.0212589 0.0303493
v -0.0201429 -0.0212664 0.0302690
v -0.0201254 -0.0212883 0.0301941
v -0.0200975 -0.0213232 0.0301299
v -0.0200612 -0.0213686 0.0300806
v -0.0200189 -0.0214215 0.0300496
v -0.0200056 -0.0214088 0.0306489
v -0.0200355 -0.0213440 0.0306179
v -0.0200612 -0.0212883 0.0305686
v -0.0200809 -0.0212456 0.0305044
v -0.0200933 -0.0212188 0.0304296
v -0.0200975 -0.0212096 0.0303493
v -0.0200933 -0.0212188 0.0302690
v -0.0200809 -0.0212456 0.0301941
v -0.0200612 -0.0212883 0.0301299
v -0.0200355 -0.0213440 0.0300806
v -0.0200056 -0.0214088 0.0300496
v -0.0199901 -0.0214007 0.0306489
v -0.0200056 -0.0213285 0.0306179
v -0.0200189 -0.0212664 0.0305686
v -0.0200291 -0.0212188 0.0305044
v -0.0200355 -0.0211888 0.0304296
v -0.0200377 -0.0211786 0.0303493
v -0.0200355 -0.0211888 0.0302690
v -0.0200291 -0.0212188 0.0301941
v -0.0200189 -0.0212664 0.0301299
v -0.0200056 -0.0213285 0.0300806
v -0.0199901 -0.0214007 0.0300496
v -0.0199735 -0.0213980 0.0306489
v -0.0199735 -0.0213232 0.0306179
v -0.0199735 -0.0211786 0.0304296
v -0.0199735 -0.0211680 0.0303493
v -0.0199735 -0.0211786 0.0302690
v -0.0199735 -0.0212096 0.0301941
v -0.0199735 -0.0212589 0.0301299
v -0.0199735 -0.0213232 0.0300806
v -0.0199735 -0.0213980 0.0300496
v 0.0254523 -0.0212589 0.0327948
v 0.0254523 -0.0212096 0.0327305
v 0.0254689 -0.0214007 0.0328751
v 0.0254844 -0.0213285 0.0328441
v 0.0254977 -0.0212664 0.0327948
v 0.0255079 -0.0212188 0.0327305
v 0.0255143 -0.0211888 0.0326557
v 0.0255165 -0.0211786 0.0325754
v 0.0255143 -0.0211888 0.0324951
v 0.0255079 -0.0212188 0.0324203
v 0.0254977 -0.0212664 0.0323560
v 0.0254844 -0.0213285 0.0323067
v 0.0254689 -0.0214007 0.0322758
v 0.0254844 -0.0214088 0.0328751
v 0.0255143 -0.0213440 0.0328441
v 0.0255400 -0.0212883 0.0327948
v 0.0255597 -0.0212456 0.0327305
v 0.0255721 -0.0212188 0.0326557
v 0.0255763 -0.0212096 0.0325754
v 0.0255721 -0.0212188 0.0324951
v 0.0255597 -0.0212456 0.0324203
v 0.0255400 -0.0212883 0.0323560
v 0.0255143 -0.0213440 0.0323067
v 0.0254844 -0.0214088 0.0322758
v 0.0254977 -0.0214215 0.0328751
v 0.0255400 -0.0213686 0.0328441
v 0.0255763 -0.0213232 0.0327948
v 0.0256042 -0.0212883 0.0327305
v 0.0256217 -0.0212664 0.0326557
v 0.0256277 -0.0212589 0.0325754
v 0.0256217 -0.0212664 0.0324951
v 0.0256042 -0.0212883 0.0324203
v 0.0255763 -0.0213232 0.0323560
v 0.0255400 -0.0213686 0.0323067
v 0.0254977 -0.0214215 0.0322758
v 0.0255079 -0.0214381 0.0328751
v 0.0255597 -0.0214007 0.0328441
v 0.0256042 -0.0213686 0.0327948
v 0.0256384 -0.0213440 0.0327305
v 0.0256598 -0.0213285 0.0326557
v 0.0256671 -0.0213232 0.0325754
v 0.0256598 -0.0213285 0.0324951
v 0.0256384 -0.0213440 0.0324203
v 0.0256042 -0.0213686 0.0323560
v 0.0255597 -0.0214007 0.0323067
v 0.0255079 -0.0214381 0.0322758
v 0.0255143 -0.0214575 0.0328751
v 0.0255721 -0.0214381 0.0328441
v 0.0256217 -0.0214215 0.0327948
v 0.0256598 -0.0214088 0.0327305
v 0.0256838 -0.0214007 0.0326557
v 0.0256919 -0.0213980 0.0325754
v 0.0256838 -0.0214007 0.0324951
v 0.0256598 -0.0214088 0.0324203
v 0.0256217 -0.0214215 0.0323560
v 0.0255721 -0.0214381 0.0323067
v 0.0255143 -0.0214575 0.0322758
v 0.0255165 -0.0214783 0.0328751
v 0.0255763 -0.0214783 0.0328441
v 0.0256277 -0.0214783 0.0327948
v 0.0256671 -0.0214783 0.0327305
v 0.0256919 -0.0214783 0.0326557
v 0.0257004 -0.0214783 0.0325754
v 0.0256919 -0.0214783 0.0324951
v 0.0256671 -0.0214783 0.0324203
v 0.0256277 -0.0214783 0.0323560
v 0.0255763 -0.0214783 0.0323067
v 0.0255165 -0.0214783 0.0322758
v 0.0255143 -0.0214991 0.0328751
v 0.0255721 -0.0215184 0.0328441
v 0.0256217 -0.0215351 0.0327948
v 0.0256598 -0.0215478 0.0327305
v 0.0256838 -0.0215559 0.0326557
v 0.0256919 -0.0215586 0.0325754
v 0.0256838 -0.0215559 0.0324951
v 0.0256598 -0.0215478 0.0324203
v 0.0256217 -0.0215351 0.0323560
v 0.0255721 -0.0215184 0.0323067
v 0.0255143 -0.0214991 0.0322758
v 0.0255079 -0.0215184 0.0328751
v 0.0255597 -0.0215559 0.0328441
v 0.0256042 -0.0215880 0.0327948
v 0.0256384 -0.0216126 0.0327305
v 0.0256598 -0.0216281 0.0326557
v 0.0256671 -0.0216334 0.0325754
v 0.0256598 -0.0216281 0.0324951
v 0.0256384 -0.0216126 0.0324203
v 0.0256042 -0.0215880 0.0323560
v 0.0255597 -0.0215559 0.0323067
v 0.0255079 -0.0215184 0.0322758
v 0.0254977 -0.0215351 0.0328751
v 0.0255400 -0.0215880 0.0328441
v 0.0255763 -0.0216334 0.0327948
v 0.0256042 -0.0216683 0.0327305
v 0.0256217 -0.0216902 0.0326557
v 0.0256277 -0.0216977 0.0325754
v 0.0256217 -0.0216902 0.0324951
v 0.0256042 -0.0216683 0.0324203
v 0.0255763 -0.0216334 0.0323560
v 0.0255400 -0.0215880 0.0323067
v 0.0254977 -0.0215351 0.0322758
v 0.0254844 -0.0215478 0.0328751
v 0.0255143 -0.0216126 0.0328441
v 0.0255400 -0.0216683 0.0327948
v 0.0255597 -0.0217110 0.0327305
v 0.0255721 -0.0217378 0.0326557
v 0.0255763 -0.0217470 0.0325754
v 0.0255721 -0.0217378 0.0324951
v 0.0255597 -0.0217110 0.0324203
v 0.0255400 -0.0216683 0.0323560
v 0.0255143 -0.0216126 0.0323067
v 0.0254844 -0.0215478 0.0322758
v 0.0254689 -0.0215559 0.0328751
v 0.0254844 -0.0216281 0.0328441
v 0.0254977 -0.0216902 0.0327948
v 0.0255079 -0.0217378 0.0327305
v 0.0255143 -0.0217678 0.0326557
v 0.0255165 -0.0217780 0.0325754
v 0.0255143 -0.0217678 0.0324951
v 0.0255079 -0.0217378 0.0324203
v 0.0254977 -0.0216902 0.0323560
v 0.0254844 -0.0216281 0.0323067
v 0.0254689 -0.0215559 0.0322758
v 0.0254523 -0.0215586 0.0328751
v 0.0254523 -0.0216334 0.0328441
v 0.0254523 -0.0216977 0.0327948
v 0.0254523 -0.0217470 0.0327305
v 0.0254523 -0.0217780 0.0326557
v 0.0254523 -0.0217885 0.0325754
v 0.0254523 -0.0217780 0.0324951
v 0.0254523 -0.0217470 0.0324203
v 0.0254523 -0.0216977 0.0323560
v 0.0254523 -0.0216334 0.0323067
v 0.0254523 -0.0215586 0.0322758
v 0.0254523 -0.0214783 0.0328857
v 0.0254357 -0.0215559 0.0328751
v 0.0254202 -0.0216281 0.0328441
v 0.0254069 -0.0216902 0.0327948
v 0.0253967 -0.0217378 0.0327305
v 0.0253903 -0.0217678 0.0326557
v 0.0253881 -0.0217780 0.0325754
v 0.0253903 -0.0217678 0.0324951
v 0.0253967 -0.0217378 0.0324203
v 0.0254069 -0.0216902 0.0323560
v 0.0254202 -0.0216281 0.0323067
v 0.0254357 -0.0215559 0.0322758
v 0.0254202 -0.0215478 0.0328751
v 0.0253903 -0.0216126 0.0328441
v 0.0253646 -0.0216683 0.0327948
v 0.0253449 -0.0217110 0.0327305
v 0.0253325 -0.0217378 0.0326557
v 0.0253282 -0.0217470 0.0325754
v 0.0253325 -0.0217378 0.0324951
v 0.0253449 -0.0217110 0.0324203
v 0.0253646 -0.0216683 0.0323560
v 0.0253903 -0.0216126 0.0323067
v 0.0254202 -0.0215478 0.0322758
v 0.0254069 -0.0215351 0.0328751
v 0.0253646 -0.0215880 0.0328441
v 0.0253282 -0.0216334 0.0327948
v 0.0253004 -0.0216683 0.0327305
v 0.0252828 -0.0216902 0.0326557
v 0.0252769 -0.0216977 0.0325754
v 0.0252828 -0.0216902 0.0324951
v 0.0253004 -0.0216683 0.0324203
v 0.0253282 -0.0216334 0.0323560
v 0.0253646 -0.0215880 0.0323067
v 0.0254069 -0.0215351 0.0322758
v 0.0254523 -0.0214783 0.0322652
v 0.0253967 -0.0215184 0.0328751
v 0.0253449 -0.0215559 0.0328441
v 0.0253004 -0.0215880 0.0327948
v 0.0252662 -0.0216126 0.0327305
v 0.0252448 -0.0216281 0.0326557
v 0.0252374 -0.0216334 0.0325754
v 0.0252448 -0.0216281 0.0324951
v 0.0252662 -0.0216126 0.0324203
v 0.0253004 -0.0215880 0.0323560
v 0.0253449 -0.0215559 0.0323067
v 0.0253967 -0.0215184 0.0322758
v 0.0253903 -0.0214991 0.0328751
v 0.0253325 -0.0215184 0.0328441
v 0.0252828 -0.0215351 0.0327948
v 0.0252448 -0.0215478 0.0327305
v 0.0252208 -0.0215559 0.0326557
v 0.0252127 -0.0215586 0.0325754
v 0.0252208 -0.0215559 0.0324951
v 0.0252448 -0.0215478 0.0324203
v 0.0252828 -0.0215351 0.0323560
v 0.0253325 -0.0215184 0.0323067
v 0.0253903 -0.0214991 0.0322758
v 0.0253881 -0.0214783 0.0328751
v 0.0253282 -0.0214783 0.0328441
v 0.0252769 -0.0214783 0.0327948
v 0.0252374 -0.0214783 0.0327305
v 0.0252127 -0.0214783 0.0326557
v 0.0252042 -0.0214783 0.0325754
v 0.0252127 -0.0214783 0.0324951
v 0.0252374 -0.0214783 0.0324203
v 0.0252769 -0.0214783 0.0323560
v 0.0253282 -0.0214783 0.0323067
v 0.0253881 -0.0214783 0.0322758
v 0.0253903 -0.0214575 0.0328751
v 0.0253325 -0.0214381 0.0328441
v 0.0252828 -0.0214215 0.0327948
v 0.0252448 -0.0214088 0.0327305
v 0.0252208 -0.0214007 0.0326557
v 0.0252127 -0.0213980 0.0325754
v 0.0252208 -0.0214007 0.0324951
v 0.0252448 -0.0214088 0.0324203
v 0.0252828 -0.0214215 0.0323560
v 0.0253325 -0.0214381 0.0323067
v 0.0253903 -0.0214575 0.0322758
v 0.0253967 -0.0214381 0.0328751
v 0.0253449 -0.0214007 0.0328441
v 0.0253004 -0.0213686 0.0327948
v 0.0252662 -0.0213440 0.0327305
v 0.0252448 -0.0213285 0.0326557
v 0.0252374 -0.0213232 0.0325754
v 0.0252448 -0.0213285 0.0324951
v 0.0252662 -0.0213440 0.0324203
v 0.0253004 -0.0213686 0.0323560
v 0.0253449 -0.0214007 0.0323067
v 0.0253967 -0.0214381 0.0322758
v 0.0254069 -0.0214215 0.0328751
v 0.0253646 -0.0213686 0.0328441
v 0.0253282 -0.0213232 0.0327948
v 0.0253004 -0.0212883 0.0327305
v 0.0252828 -0.0212664 0.0326557
v 0.0252769 -0.0212589 0.0325754
v 0.0252828 -0.0212664 0.0324951
v 0.0253004 -0.0212883 0.0324203
v 0.0253282 -0.0213232 0.0323560
v 0.0253646 -0.0213686 0.0323067
v 0.0254069 -0.0214215 0.0322758
v 0.0254202 -0.0214088 0.0328751
v 0.0253903 -0.0213440 0.0328441
v 0.0253646 -0.0212883 0.0327948
v 0.0253449 -0.0212456 0.0327305
v 0.0253325 -0.0212188 0.0326557
v 0.0253282 -0.0212096 0.0325754
v 0.0253325 -0.0212188 0.0324951
v 0.0253449 -0.0212456 0.0324203
v 0.0253646 -0.0212883 0.0323560
v 0.0253903 -0.0213440 0.0323067
v 0.0254202 -0.0214088 0.0322758
v 0.0254357 -0.0214007 0.0328751
v 0.0254202 -0.0213285 0.0328441
v 0.0254069 -0.0212664 0.0327948
v 0.0253967 -0.0212188 0.0327305
v 0.0253903 -0.0211888 0.0326557
v 0.0253881 -0.0211786 0.0325754
v 0.0253903 -0.0211888 0.0324951
v 0.0253967 -0.0212188 0.0324203
v 0.0254069 -0.0212664 0.0323560
v 0.0254202 -0.0213285 0.0323067
v 0.0254357 -0.0214007 0.0322758
v 0.0254523 -0.0213980 0.0328751
v 0.0254523 -0.0213232 0.0328441
v 0.0254523 -0.0211786 0.0326557
v 0.0254523 -0.0211680 0.0325754
v 0.0254523 -0.0211786 0.0324951
v 0.0254523 -0.0212096 0.0324203
v 0.0254523 -0.0212589 0.0323560
v 0.0254523 -0.0213232 0.0323067
v 0.0254523 -0.0213980 0.0322758
v 0.0248739 -0.0212589 0.0350209
v 0.0248739 -0.0212096 0.0349567
v 0.0248905 -0.0214007 0.0351012
v 0.0249060 -0.0213285 0.0350702
v 0.0249193 -0.0212664 0.0350209
v 0.0249295 -0.0212188 0.0349567
v 0.0249359 -0.0211888 0.0348818
v 0.0249381 -0.0211786 0.0348016
v 0.0249359 -0.0211888 0.0347213
v 0.0249295 -0.0212188 0.0346464
v 0.0249193 -0.0212664 0.0345822
v 0.0249060 -0.0213285 0.0345329
v 0.0248905 -0.0214007 0.0345019
v 0.0249060 -0.0214088 0.0351012
v 0.0249359 -0.0213440 0.0350702
v 0.0249616 -0.0212883 0.0350209
v 0.0249813 -0.0212456 0.0349567
v 0.0249937 -0.0212188 0.0348818
v 0.0249979 -0.0212096 0.0348016
v 0.0249937 -0.0212188 0.0347213
v 0.0249813 -0.0212456 0.0346464
v 0.0249616 -0.0212883 0.0345822
v 0.0249359 -0.0213440 0.0345329
v 0.0249060 -0.0214088 0.0345019
v 0.0249193 -0.0214215 0.0351012
v 0.0249616 -0.0213686 0.0350702
v 0.0249979 -0.0213232 0.0350209
v 0.0250258 -0.0212883 0.0349567
v 0.0250433 -0.0212664 0.0348818
v 0.0250493 -0.0212589 0.0348016
v 0.0250433 -0.0212664 0.0347213
v 0.0250258 -0.0212883 0.0346464
v 0.0249979 -0.0213232 0.0345822
v 0.0249616 -0.0213686 0.0345329
v 0.0249193 -0.0214215 0.0345019
v 0.0249295 -0.0214381 0.0351012
v 0.0249813 -0.0214007 0.0350702
v 0.0250258 -0.0213686 0.0350209
v 0.0250599 -0.0213440 0.0349567
v 0.0250814 -0.0213285 0.0348818
v 0.0250887 -0.0213232 0.0348016
v 0.0250814 -0.0213285 0.0347213
v 0.0250599 -0.0213440 0.0346464
v 0.0250258 -0.0213686 0.0345822
v 0.0249813 -0.0214007 0.0345329
v 0.0249295 -0.0214381 0.0345019
v 0.0249359 -0.0214575 0.0351012
v 0.0249937 -0.0214381 0.0350702
v 0.0250433 -0.0214215 0.0350209
v 0.0250814 -0.0214088 0.0349567
v 0.0251053 -0.0214007 0.0348818
v 0.0251135 -0.0213980 0.0348016
v 0.0251053 -0.0214007 0.0347213
v 0.0250814 -0.0214088 0.0346464
v 0.0250433 -0.0214215 0.0345822
v 0.0249937 -0.0214381 0.0345329
v 0.0249359 -0.0214575 0.0345019
v 0.0249381 -0.0214783 0.0351012
v 0.0249979 -0.0214783 0.0350702
v 0.0250493 -0.0214783 0.0350209
v 0.0250887 -0.0214783 0.0349567
v 0.0251135 -0.0214783 0.0348818
v 0.0251220 -0.0214783 0.0348016
v 0.0251135 -0.0214783 0.0347213
v 0.0250887 -0.0214783 0.0346464
v 0.0250493 -0.0214783 0.0345822
v 0.0249979 -0.0214783 0.0345329
v 0.0249381 -0.0214783 0.0345019
v 0.0249359 -0.0214991 0.0351012
v 0.0249937 -0.0215184 0.0350702
v 0.0250433 -0.0215351 0.0350209
v 0.0250814 -0.0215478 0.0349567
v 0.0251053 -0.0215559 0.0348818
v 0.0251135 -0.0215586 0.0348016
v 0.0251053 -0.0215559 0.0347213
v 0.0250814 -0.0215478 0.0346464
v 0.0250433 -0.0215351 0.0345822
v 0.0249937 -0.0215184 0.0345329
v 0.0249359 -0.0214991 0.0345019
v 0.0249295 -0.0215184 0.0351012
v 0.0249813 -0.0215559 0.0350702
v 0.0250258 -0.0215880 0.0350209
v 0.0250599 -0.0216126 0.0349567
v 0.0250814 -0.0216281 0.0348818
v 0.0250887 -0.0216334 0.0348016
v 0.0250814 -0.0216281 0.0347213
v 0.0250599 -0.0216126 0.0346464
v 0.0250258 -0.0215880 0.0345822
v 0.0249813 -0.0215559 0.0345329
v 0.0249295 -0.0215184 0.0345019
v 0.0249193 -0.0215351 0.0351012
v 0.0249616 -0.0215880 0.0350702
v 0.0249979 -0.0216334 0.0350209
v 0.0250258 -0.0216683 0.0349567
v 0.0250433 -0.0216902 0.0348818
v 0.0250493 -0.0216977 0.0348016
v 0.0250433 -0.0216902 0.0347213
v 0.0250258 -0.0216683 0.0346464
v 0.0249979 -0.0216334 0.0345822
v 0.0249616 -0.0215880 0.0345329
v 0.0249193 -0.0215351 0.0345019
v 0.0249060 -0.0215478 0.0351012
v 0.0249359 -0.0216126 0.0350702
v 0.0249616 -0.0216683 0.0350209
v 0.0249813 -0.0217110 0.0349567
v 0.0249937 -0.0217378 0.0348818
v 0.0249979 -0.0217470 0.0348016
v 0.0249937 -0.0217378 0.0347213
v 0.0249813 -0.0217110 0.0346464
v 0.0249616 -0.0216683 0.0345822
v 0.0249359 -0.0216126 0.0345329
v 0.0249060 -0.0215478 0.0345019
v 0.0248905 -0.0215559 0.0351012
v 0.0249060 -0.0216281 0.0350702
v 0.0249193 -0.0216902 0.0350209
v 0.0249295 -0.0217378 0.0349567
v 0.0249359 -0.0217678 0.0348818
v 0.0249381 -0.0217780 0.0348016
v 0.0249359 -0.0217678 0.0347213
v 0.0249295 -0.0217378 0.0346464
v 0.0249193 -0.0216902 0.0345822
v 0.0249060 -0.0216281 0.0345329
v 0.0248905 -0.0215559 0.0345019
v 0.0248739 -0.0215586 0.0351012
v 0.0248739 -0.0216334 0.0350702
v 0.0248739 -0.0216977 0.0350209
v 0.0248739 -0.0217470 0.0349567
v 0.0248739 -0.0217780 0.0348818
v 0.0248739 -0.0217885 0.0348016
v 0.0248739 -0.0217780 0.0347213
v 0.0248739 -0.0217470 0.0346464
v 0.0248739 -0.0216977 0.0345822
v 0.0248739 -0.0216334 0.0345329
v 0.0248739 -0.0215586 0.0345019
v 0.0248739 -0.0214783 0.0351118
v 0.0248573 -0.0215559 0.0351012
v 0.0248418 -0.0216281 0.0350702
v 0.0248285 -0.0216902 0.0350209
v 0.0248183 -0.0217378 0.0349567
v 0.0248119 -0.0217678 0.0348818
v 0.0248097 -0.0217780 0.0348016
v 0.0248119 -0.0217678 0.0347213
v 0.0248183 -0.0217378 0.0346464
v 0.0248285 -0.0216902 0.0345822
v 0.0248418 -0.0216281 0.0345329
v 0.0248573 -0.0215559 0.0345019
v 0.0248418 -0.0215478 0.0351012
v 0.0248119 -0.0216126 0.0350702
v 0.0247862 -0.0216683 0.0350209
v 0.0247664 -0.0217110 0.0349567
v 0.0247541 -0.0217378 0.0348818
v 0.0247498 -0.0217470 0.0348016
v 0.0247541 -0.0217378 0.0347213
v 0.0247664 -0.0217110 0.0346464
v 0.0247862 -0.0216683 0.0345822
v 0.0248119 -0.0216126 0.0345329
v 0.0248418 -0.0215478 0.0345019
v 0.0248285 -0.0215351 0.0351012
v 0.0247862 -0.0215880 0.0350702
v 0.0247498 -0.0216334 0.0350209
v 0.0247219 -0.0216683 0.0349567
v 0.0247044 -0.0216902 0.0348818
v 0.0246984 -0.0216977 0.0348016
v 0.0247044 -0.0216902 0.0347213
v 0.0247219 -0.0216683 0.0346464
v 0.0247498 -0.0216334 0.0345822
v 0.0247862 -0.0215880 0.0345329
v 0.0248285 -0.0215351 0.0345019
v 0.0248739 -0.0214783 0.0344913
v 0.0248183 -0.0215184 0.0351012
v 0.0247664 -0.0215559 0.0350702
v 0.0247219 -0.0215880 0.0350209
v 0.0246878 -0.0216126 0.0349567
v 0.0246663 -0.0216281 0.0348818
v 0.0246590 -0.0216334 0.0348016
v 0.0246663 -0.0216281 0.0347213
v 0.0246878 -0.0216126 0.0346464
v 0.0247219 -0.0215880 0.0345822
v 0.0247664 -0.0215559 0.0345329
v 0.0248183 -0.0215184 0.0345019
v 0.0248119 -0.0214991 0.0351012
v 0.0247541 -0.0215184 0.0350702
v 0.0247044 -0.0215351 0.0350209
v 0.0246663 -0.0215478 0.0349567
v 0.0246424 -0.0215559 0.0348818
v 0.0246342 -0.0215586 0.0348016
v 0.0246424 -0.0215559 0.0347213
v 0.0246663 -0.0215478 0.0346464
v 0.0247044 -0.0215351 0.0345822
v 0.0247541 -0.0215184 0.0345329
v 0.0248119 -0.0214991 0.0345019
v 0.0248097 -0.0214783 0.0351012
v 0.0247498 -0.0214783 0.0350702
v 0.0246984 -0.0214783 0.0350209
v 0.0246590 -0.0214783 0.0349567
v 0.0246342 -0.0214783 0.0348818
v 0.0246258 -0.0214783 0.0348016
v 0.0246342 -0.0214783 0.0347213
v 0.0246590 -0.0214783 0.0346464
v 0.0246984 -0.0214783 0.0345822
v 0.0247498 -0.0214783 0.0345329
v 0.0248097 -0.0214783 0.0345019
v 0.0248119 -0.0214575 0.0351012
v 0.0247541 -0.0214381 0.0350702
v 0.0247044 -0.0214215 0.0350209
v 0.0246663 -0.0214088 0.0349567
v 0.0246424 -0.0214007 0.0348818
v 0.0246342 -0.0213980 0.0348016
v 0.0246424 -0.0214007 0.0347213
v 0.0246663 -0.0214088 0.0346464
v 0.0247044 -0.0214215 0.0345822
v 0.0247541 -0.0214381 0.0345329
v 0.0248119 -0.0214575 0.0345019
v 0.0248183 -0.0214381 0.0351012
v 0.0247664 -0.0214007 0.0350702
v 0.0247219 -0.0213686 0.0350209
v 0.0246878 -0.0213440 0.0349567
v 0.0246663 -0.0213285 0.0348818
v 0.0246590 -0.0213232 0.0348016
v 0.0246663 -0.0213285 0.0347213
v 0.0246878 -0.0213440 0.0346464
v 0.0247219 -0.0213686 0.0345822
v 0.0247664 -0.0214007 0.0345329
v 0.0248183 -0.0214381 0.0345019
v 0.0248285 -0.0214215 0.0351012
v 0.0247862 -0.0213686 0.0350702
v 0.0247498 -0.0213232 0.0350209
v 0.0247219 -0.0212883 0.0349567
v 0.0247044 -0.0212664 0.0348818
v 0.0246984 -0.0212589 0.0348016
v 0.0247044 -0.0212664 0.0347213
v 0.0247219 -0.0212883 0.0346464
v 0.0247498 -0.0213232 0.0345822
v 0.0247862 -0.0213686 0.0345329
v 0.0248285 -0.0214215 0.0345019
v 0.0248418 -0.0214088 0.0351012
v 0.0248119 -0.0213440 0.0350702
v 0.0247862 -0.0212883 0.0350209
v 0.0247664 -0.0212456 0.0349567
v 0.0247541 -0.0212188 0.0348818
v 0.0247498 -0.0212096 0.0348016
v 0.0247541 -0.0212188 0.0347213
v 0.0247664 -0.0212456 0.0346464
v 0.0247862 -0.0212883 0.0345822
v 0.0248119 -0.0213440 0.0345329
v 0.0248418 -0.0214088 0.0345019
v 0.0248573 -0.0214007 0.0351012
v 0.0248418 -0.0213285 0.0350702
v 0.0248285 -0.0212664 0.0350209
v 0.0248183 -0.0212188 0.0349567
v 0.0248119 -0.0211888 0.0348818
v 0.0248097 -0.0211786 0.0348016
v 0.0248119 -0.0211888 0.0347213
v 0.0248183 -0.0212188 0.0346464
v 0.0248285 -0.0212664 0.0345822
v 0.0248418 -0.0213285 0.0345329
v 0.0248573 -0.0214007 0.0345019
v 0.0248739 -0.0213980 0.0351012
v 0.0248739 -0.0213232 0.0350702
v 0.0248739 -0.0211786 0.0348818
v 0.0248739 -0.0211680 0.0348016
v 0.0248739 -0.0211786 0.0347213
v 0.0248739 -0.0212096 0.0346464
v 0.0248739 -0.0212589 0.0345822
v 0.0248739 -0.0213232 0.0345329
v 0.0248739 -0.0213980 0.0345019
v 0.0233596 -0.0212589 0.0363968
v 0.0233596 -0.0212096 0.0363325
v 0.0233762 -0.0214007 0.0364771
v 0.0233917 -0.0213285 0.0364461
v 0.0234050 -0.0212664 0.0363968
v 0.0234152 -0.0212188 0.0363325
v 0.0234216 -0.0211888 0.0362577
v 0.0234238 -0.0211786 0.0361774
v 0.0234216 -0.0211888 0.0360971
v 0.0234152 -0.0212188 0.0360223
v 0.0234050 -0.0212664 0.0359580
v 0.0233917 -0.0213285 0.0359087
v 0.0233762 -0.0214007 0.0358777
v 0.0233917 -0.0214088 0.0364771
v 0.0234216 -0.0213440 0.0364461
v 0.0234473 -0.0212883 0.0363968
v 0.0234670 -0.0212456 0.0363325
v 0.0234794 -0.0212188 0.0362577
v 0.0234836 -0.0212096 0.0361774
v 0.0234794 -0.0212188 0.0360971
v 0.0234670 -0.0212456 0.0360223
v 0.0234473 -0.0212883 0.0359580
v 0.0234216 -0.0213440 0.0359087
v 0.0233917 -0.0214088 0.0358777
v 0.0234050 -0.0214215 0.0364771
v 0.0234473 -0.0213686 0.0364461
v 0.0234836 -0.0213232 0.0363968
v 0.0235115 -0.0212883 0.0363325
v 0.0235290 -0.0212664 0.0362577
v 0.0235350 -0.0212589 0.0361774
v 0.0235290 -0.0212664 0.0360971
v 0.0235115 -0.0212883 0.0360223
v 0.0234836 -0.0213232 0.0359580
v 0.0234473 -0.0213686 0.0359087
v 0.0234050 -0.0214215 0.0358777
v 0.0234152 -0.0214381 0.0364771
v 0.0234670 -0.0214007 0.0364461
v 0.0235115 -0.0213686 0.0363968
v 0.0235456 -0.0213440 0.0363325
v 0.0235671 -0.0213285 0.0362577
v 0.0235744 -0.0213232 0.0361774
v 0.0235671 -0.0213285 0.0360971
v 0.0235456 -0.0213440 0.0360223
v 0.0235115 -0.0213686 0.0359580
v 0.0234670 -0.0214007 0.0359087
v 0.0234152 -0.0214381 0.0358777
v 0.0234216 -0.0214575 0.0364771
v 0.0234794 -0.0214381 0.0364461
v 0.0235290 -0.0214215 0.0363968
v 0.0235671 -0.0214088 0.0363325
v 0.0235910 -0.0214007 0.0362577
v 0.0235992 -0.0213980 0.0361774
v 0.0235910 -0.0214007 0.0360971
v 0.0235671 -0.0214088 0.0360223
v 0.0235290 -0.0214215 0.0359580
v 0.0234794 -0.0214381 0.0359087
v 0.0234216 -0.0214575 0.0358777
v 0.0234238 -0.0214783 0.0364771
v 0.0234836 -0.0214783 0.0364461
v 0.0235350 -0.0214783 0.0363968
v 0.0235744 -0.0214783 0.0363325
v 0.0235992 -0.0214783 0.0362577
v 0.0236077 -0.0214783 0.0361774
v 0.0235992 -0.0214783 0.0360971
v 0.0235744 -0.0214783 0.0360223
v 0.0235350 -0.0214783 0.0359580
v 0.0234836 -0.0214783 0.0359087
v 0.0234238 -0.0214783 0.0358777
v 0.0234216 -0.0214991 0.0364771
v 0.0234794 -0.0215184 0.0364461
v 0.0235290 -0.0215351 0.0363968
v 0.0235671 -0.0215478 0.0363325
v 0.0235910 -0.0215559 0.0362577
v 0.0235992 -0.0215586 0.0361774
v 0.0235910 -0.0215559 0.0360971
v 0.0235671 -0.0215478 0.0360223
v 0.0235290 -0.0215351 0.0359580
v 0.0234794 -0.0215184 0.0359087
v 0.0234216 -0.0214991 0.0358777
v 0.0234152 -0.0215184 0.0364771
v 0.0234670 -0.0215559 0.0364461
v 0.0235115 -0.0215880 0.0363968
v 0.0235456 -0.0216126 0.0363325
v 0.0235671 -0.0216281 0.0362577
v 0.0235744 -0.0216334 0.0361774
v 0.0235671 -0.0216281 0.0360971
v 0.0235456 -0.0216126 0.0360223
v 0.0235115 -0.0215880 0.0359580
v 0.0234670 -0.0215559 0.0359087
v 0.0234152 -0.0215184 0.0358777
v 0.0234050 -0.0215351 0.0364771
v 0.0234473 -0.0215880 0.0364461
v 0.0234836 -0.0216334 0.0363968
v 0.0235115 -0.0216683 0.0363325
v 0.0235290 -0.0216902 0.0362577
v 0.0235350 -0.0216977 0.0361774
v 0.0235290 -0.0216902 0.0360971
v 0.0235115 -0.0216683 0.0360223
v 0.0234836 -0.0216334 0.0359580
v 0.0234473 -0.0215880 0.0359087
v 0.0234050 -0.0215351 0.0358777
v 0.0233917 -0.0215478 0.0364771
v 0.0234216 -0.0216126 0.0364461
v 0.0234473 -0.0216683 0.0363968
v 0.0234670 -0.0217110 0.0363325
v 0.0234794 -0.0217378 0.0362577
v 0.0234836 -0.0217470 0.0361774
v 0.0234794 -0.0217378 0.0360971
v 0.0234670 -0.0217110 0.0360223
v 0.0234473 -0.0216683 0.0359580
v 0.0234216 -0.0216126 0.0359087
v 0.0233917 -0.0215478 0.0358777
v 0.0233762 -0.0215559 0.0364771
v 0.0233917 -0.0216281 0.0364461
v 0.0234050 -0.0216902 0.0363968
v 0.0234152 -0.0217378 0.0363325
v 0.0234216 -0.0217678 0.0362577
v 0.0234238 -0.0217780 0.0361774
v 0.0234216 -0.0217678 0.0360971
v 0.0234152 -0.0217378 0.0360223
v 0.0234050 -0.0216902 0.0359580
v 0.0233917 -0.0216281 0.0359087
v 0.0233762 -0.0215559 0.0358777
v 0.0233596 -0.0215586 0.0364771
v 0.0233596 -0.0216334 0.0364461
v 0.0233596 -0.0216977 0.0363968
v 0.0233596 -0.0217470 0.0363325
v 0.0233596 -0.0217780 0.0362577
v 0.0233596 -0.0217885 0.0361774
v 0.0233596 -0.0217780 0.0360971
v 0.0233596 -0.0217470 0.0360223
v 0.0233596 -0.0216977 0.0359580
v 0.0233596 -0.0216334 0.0359087
v 0.0233596 -0.0215586 0.0358777
v 0.0233596 -0.0214783 0.0364876
v 0.0233429 -0.0215559 0.0364771
v 0.0233275 -0.0216281 0.0364461
v 0.0233142 -0.0216902 0.0363968
v 0.0233040 -0.0217378 0.0363325
v 0.0232975 -0.0217678 0.0362577
v 0.0232954 -0.0217780 0.0361774
v 0.0232975 -0.0217678 0.0360971
v 0.0233040 -0.0217378 0.0360223
v 0.0233142 -0.0216902 0.0359580
v 0.0233275 -0.0216281 0.0359087
v 0.0233429 -0.0215559 0.0358777
v 0.0233275 -0.0215478 0.0364771
v 0.0232975 -0.0216126 0.0364461
v 0.0232718 -0.0216683 0.0363968
v 0.0232521 -0.0217110 0.0363325
v 0.0232397 -0.0217378 0.0362577
v 0.0232355 -0.0217470 0.0361774
v 0.0232397 -0.0217378 0.0360971
v 0.0232521 -0.0217110 0.0360223
v 0.0232718 -0.0216683 0.0359580
v 0.0232975 -0.0216126 0.0359087
v 0.0233275 -0.0215478 0.0358777
v 0.0233142 -0.0215351 0.0364771
v 0.0232718 -0.0215880 0.0364461
v 0.0232355 -0.0216334 0.0363968
v 0.0232076 -0.0216683 0.0363325
v 0.0231901 -0.0216902 0.0362577
v 0.0231841 -0.0216977 0.0361774
v 0.0231901 -0.0216902 0.0360971
v 0.0232076 -0.0216683 0.0360223
v 0.0232355 -0.0216334 0.0359580
v 0.0232718 -0.0215880 0.0359087
v 0.0233142 -0.0215351 0.0358777
v 0.0233596 -0.0214783 0.0358671
v 0.0233040 -0.0215184 0.0364771
v 0.0232521 -0.0215559 0.0364461
v 0.0232076 -0.0215880 0.0363968
v 0.0231735 -0.0216126 0.0363325
v 0.0231520 -0.0216281 0.0362577
v 0.0231447 -0.0216334 0.0361774
v 0.0231520 -0.0216281 0.0360971
v 0.0231735 -0.0216126 0.0360223
v 0.0232076 -0.0215880 0.0359580
v 0.0232521 -0.0215559 0.0359087
v 0.0233040 -0.0215184 0.0358777
v 0.0232975 -0.0214991 0.0364771
v 0.0232397 -0.0215184 0.0364461
v 0.0231901 -0.0215351 0.0363968
v 0.0231520 -0.0215478 0.0363325
v 0.0231281 -0.0215559 0.0362577
v 0.0231199 -0.0215586 0.0361774
v 0.0231281 -0.0215559 0.0360971
v 0.0231520 -0.0215478 0.0360223
v 0.0231901 -0.0215351 0.0359580
v 0.0232397 -0.0215184 0.0359087
v 0.0232975 -0.0214991 0.0358777
v 0.0232954 -0.0214783 0.0364771
v 0.0232355 -0.0214783 0.0364461
v 0.0231841 -0.0214783 0.0363968
v 0.0231447 -0.0214783 0.0363325
v 0.0231199 -0.0214783 0.0362577
v 0.0231115 -0.0214783 0.0361774
v 0.0231199 -0.0214783 0.0360971
v 0.0231447 -0.0214783 0.0360223
v 0.0231841 -0.0214783 0.0359580
v 0.0232355 -0.0214783 0.0359087
v 0.0232954 -0.0214783 0.0358777
v 0.0232975 -0.0214575 0.0364771
v 0.0232397 -0.0214381 0.0364461
v 0.0231901 -0.0214215 0.0363968
v 0.0231520 -0.0214088 0.0363325
v 0.0231281 -0.0214007 0.0362577
v 0.0231199 -0.0213980 0.0361774
v 0.0231281 -0.0214007 0.0360971
v 0.0231520 -0.0214088 0.0360223
v 0.0231901 -0.0214215 0.0359580
v 0.0232397 -0.0214381 0.0359087
v 0.0232975 -0.0214575 0.0358777
v 0.0233040 -0.0214381 0.0364771
v 0.0232521 -0.0214007 0.0364461
v 0.0232076 -0.0213686 0.0363968
v 0.0231735 -0.0213440 0.0363325
v 0.0231520 -0.0213285 0.0362577
v 0.0231447 -0.0213232 0.0361774
v 0.0231520 -0.0213285 0.0360971
v 0.0231735 -0.0213440 0.0360223
v 0.0232076 -0.0213686 0.0359580
v 0.0232521 -0.0214007 0.0359087
v 0.0233040 -0.0214381 0.0358777
v 0.0233142 -0.0214215 0.0364771
v 0.0232718 -0.0213686 0.0364461
v 0.0232355 -0.0213232 0.0363968
v 0.0232076 -0.0212883 0.0363325
v 0.0231901 -0.0212664 0.0362577
v 0.0231841 -0.0212589 0.0361774
v 0.0231901 -0.0212664 0.0360971
v 0.0232076 -0.0212883 0.0360223
v 0.0232355 -0.0213232 0.0359580
v 0.0232718 -0.0213686 0.0359087
v 0.0233142 -0.0214215 0.0358777
v 0.0233275 -0.0214088 0.0364771
v 0.0232975 -0.0213440 0.0364461
v 0.0232718 -0.0212883 0.0363968
v 0.0232521 -0.0212456 0.0363325
v 0.0232397 -0.0212188 0.0362577
v 0.0232355 -0.0212096 0.0361774
v 0.0232397 -0.0212188 0.0360971
v 0.0232521 -0.0212456 0.0360223
v 0.0232718 -0.0212883 0.0359580
v 0.0232975 -0.0213440 0.0359087
v 0.0233275 -0.0214088 0.0358777
v 0.0233429 -0.0214007 0.0364771
v 0.0233275 -0.0213285 0.0364461
v 0.0233142 -0.0212664 0.0363968
v 0.0233040 -0.0212188 0.0363325
v 0.0232975 -0.0211888 0.0362577
v 0.0232954 -0.0211786 0.0361774
v 0.0232975 -0.0211888 0.0360971
v 0.0233040 -0.0212188 0.0360223
v 0.0233142 -0.0212664 0.0359580
v 0.0233275 -0.0213285 0.0359087
v 0.0233429 -0.0214007 0.0358777
v 0.0233596 -0.0213980 0.0364771
v 0.0233596 -0.0213232 0.0364461
v 0.0233596 -0.0211786 0.0362577
v 0.0233596 -0.0211680 0.0361774
v 0.0233596 -0.0211786 0.0360971
v 0.0233596 -0.0212096 0.0360223
v 0.0233596 -0.0212589 0.0359580
v 0.0233596 -0.0213232 0.0359087
v 0.0233596 -0.0213980 0.0358777
v 0.0214878 -0.0212589 0.0363968
v 0.0214878 -0.0212096 0.0363325
v 0.0215044 -0.0214007 0.0364771
v 0.0215199 -0.0213285 0.0364461
v 0.0215332 -0.0212664 0.0363968
v 0.0215434 -0.0212188 0.0363325
v 0.0215498 -0.0211888 0.0362577
v 0.0215520 -0.0211786 0.0361774
v 0.0215498 -0.0211888 0.0360971
v 0.0215434 -0.0212188 0.0360223
v 0.0215332 -0.0212664 0.0359580
v 0.0215199 -0.0213285 0.0359087
v 0.0215044 -0.0214007 0.0358777
v 0.0215199 -0.0214088 0.0364771
v 0.0215498 -0.0213440 0.0364461
v 0.0215755 -0.0212883 0.0363968
v 0.0215952 -0.0212456 0.0363325
v 0.0216076 -0.0212188 0.0362577
v 0.0216118 -0.0212096 0.0361774
v 0.0216076 -0.0212188 0.0360971
v 0.0215952 -0.0212456 0.0360223
v 0.0215755 -0.0212883 0.0359580
v 0.0215498 -0.0213440 0.0359087
v 0.0215199 -0.0214088 0.0358777
v 0.0215332 -0.0214215 0.0364771
v 0.0215755 -0.0213686 0.0364461
v 0.0216118 -0.0213232 0.0363968
v 0.0216397 -0.0212883 0.0363325
v 0.0216572 -0.0212664 0.0362577
v 0.0216632 -0.0212589 0.0361774
v 0.0216572 -0.0212664 0.0360971
v 0.0216397 -0.0212883 0.0360223
v 0.0216118 -0.0213232 0.0359580
v 0.0215755 -0.0213686 0.0359087
v 0.0215332 -0.0214215 0.0358777
v 0.0215434 -0.0214381 0.0364771
v 0.0215952 -0.0214007 0.0364461
v 0.0216397 -0.0213686 0.0363968
v 0.0216738 -0.0213440 0.0363325
v 0.0216953 -0.0213285 0.0362577
v 0.0217026 -0.0213232 0.0361774
v 0.0216953 -0.0213285 0.0360971
v 0.0216738 -0.0213440 0.0360223
v 0.0216397 -0.0213686 0.0359580
v 0.0215952 -0.0214007 0.0359087
v 0.0215434 -0.0214381 0.0358777
v 0.0215498 -0.0214575 0.0364771
v 0.0216076 -0.0214381 0.0364461
v 0.0216572 -0.0214215 0.0363968
v 0.0216953 -0.0214088 0.0363325
v 0.0217192 -0.0214007 0.0362577
v 0.0217274 -0.0213980 0.0361774
v 0.0217192 -0.0214007 0.0360971
v 0.0216953 -0.0214088 0.0360223
v 0.0216572 -0.0214215 0.0359580
v 0.0216076 -0.0214381 0.0359087
v 0.0215498 -0.0214575 0.0358777
v 0.0215520 -0.0214783 0.0364771
v 0.0216118 -0.0214783 0.0364461
v 0.0216632 -0.0214783 0.0363968
v 0.0217026 -0.0214783 0.0363325
v 0.0217274 -0.0214783 0.0362577
v 0.0217359 -0.0214783 0.0361774
v 0.0217274 -0.0214783 0.0360971
v 0.0217026 -0.0214783 0.0360223
v 0.0216632 -0.0214783 0.0359580
v 0.0216118 -0.0214783 0.0359087
v 0.0215520 -0.0214783 0.0358777
v 0.0215498 -0.0214991 0.0364771
v 0.0216076 -0.0215184 0.0364461
v 0.0216572 -0.0215351 0.0363968
v 0.0216953 -0.0215478 0.0363325
v 0.0217192 -0.0215559 0.0362577
v 0.0217274 -0.0215586 0.0361774
v 0.0217192 -0.0215559 0.0360971
v 0.0216953 -0.0215478 0.0360223
v 0.0216572 -0.0215351 0.0359580
v 0.0216076 -0.0215184 0.0359087
v 0.0215498 -0.0214991 0.0358777
v 0.0215434 -0.0215184 0.0364771
v 0.0215952 -0.0215559 0.0364461
v 0.0216397 -0.0215880 0.0363968
v 0.0216738 -0.0216126 0.0363325
v 0.0216953 -0.0216281 0.0362577
v 0.0217026 -0.0216334 0.0361774
v 0.0216953 -0.0216281 0.0360971
v 0.0216738 -0.0216126 0.0360223
v 0.0216397 -0.0215880 0.0359580
v 0.0215952 -0.0215559 0.0359087
v 0.0215434 -0.0215184 0.0358777
v 0.0215332 -0.0215351 0.0364771
v 0.0215755 -0.0215880 0.0364461
v 0.0216118 -0.0216334 0.0363968
v 0.0216397 -0.0216683 0.0363325
v 0.0216572 -0.0216902 0.0362577
v 0.0216632 -0.0216977 0.0361774
v 0.0216572 -0.0216902 0.0360971
v 0.0216397 -0.0216683 0.0360223
v 0.0216118 -0.0216334 0.0359580
v 0.0215755 -0.0215880 0.0359087
v 0.0215332 -0.0215351 0.0358777
v 0.0215199 -0.0215478 0.0364771
v 0.0215498 -0.0216126 0.0364461
v 0.0215755 -0.0216683 0.0363968
v 0.0215952 -0.0217110 0.0363325
v 0.0216076 -0.0217378 0.0362577
v 0.0216118 -0.0217470 0.0361774
v 0.0216076 -0.0217378 0.0360971
v 0.0215952 -0.0217110 0.0360223
v 0.0215755 -0.0216683 0.0359580
v 0.0215498 -0.0216126 0.0359087
v 0.0215199 -0.0215478 0.0358777
v 0.0215044 -0.0215559 0.0364771
v 0.0215199 -0.0216281 0.0364461
v 0.0215332 -0.0216902 0.0363968
v 0.0215434 -0.0217378 0.0363325
v 0.0215498 -0.0217678 0.0362577
v 0.0215520 -0.0217780 0.0361774
v 0.0215498 -0.0217678 0.0360971
v 0.0215434 -0.0217378 0.0360223
v 0.0215332 -0.0216902 0.0359580
v 0.0215199 -0.0216281 0.0359087
v 0.0215044 -0.0215559 0.0358777
v 0.0214878 -0.0215586 0.0364771
v 0.0214878 -0.0216334 0.0364461
v 0.0214878 -0.0216977 0.0363968
v 0.0214878 -0.0217470 0.0363325
v 0.0214878 -0.0217780 0.0362577
v 0.0214878 -0.0217885 0.0361774
v 0.0214878 -0.0217780 0.0360971
v 0.0214878 -0.0217470 0.0360223
v 0.0214878 -0.0216977 0.0359580
v 0.0214878 -0.0216334 0.0359087
v 0.0214878 -0.0215586 0.0358777
v 0.0214878 -0.0214783 0.0364876
v 0.0214711 -0.0215559 0.0364771
v 0.0214557 -0.0216281 0.0364461
v 0.0214424 -0.0216902 0.0363968
v 0.0214322 -0.0217378 0.0363325
v 0.0214257 -0.0217678 0.0362577
v 0.0214236 -0.0217780 0.0361774
v 0.0214257 -0.0217678 0.0360971
v 0.0214322 -0.0217378 0.0360223
v 0.0214424 -0.0216902 0.0359580
v 0.0214557 -0.0216281 0.0359087
v 0.0214711 -0.0215559 0.0358777
v 0.0214557 -0.0215478 0.0364771
v 0.0214257 -0.0216126 0.0364461
v 0.0214001 -0.0216683 0.0363968
v 0.0213803 -0.0217110 0.0363325
v 0.0213679 -0.0217378 0.0362577
v 0.0213637 -0.0217470 0.0361774
v 0.0213679 -0.0217378 0.0360971
v 0.0213803 -0.0217110 0.0360223
v 0.0214001 -0.0216683 0.0359580
v 0.0214257 -0.0216126 0.0359087
v 0.0214557 -0.0215478 0.0358777
v 0.0214424 -0.0215351 0.0364771
v 0.0214001 -0.0215880 0.0364461
v 0.0213637 -0.0216334 0.0363968
v 0.0213358 -0.0216683 0.0363325
v 0.0213183 -0.0216902 0.0362577
v 0.0213123 -0.0216977 0.0361774
v 0.0213183 -0.0216902 0.0360971
v 0.0213358 -0.0216683 0.0360223
v 0.0213637 -0.0216334 0.0359580
v 0.0214001 -0.0215880 0.0359087
v 0.0214424 -0.0215351 0.0358777
v 0.0214878 -0.0214783 0.0358671
v 0.0214322 -0.0215184 0.0364771
v 0.0213803 -0.0215559 0.0364461
v 0.0213358 -0.0215880 0.0363968
v 0.0213017 -0.0216126 0.0363325
v 0.0212802 -0.0216281 0.0362577
v 0.0212729 -0.0216334 0.0361774
v 0.0212802 -0.0216281 0.0360971
v 0.0213017 -0.0216126 0.0360223
v 0.0213358 -0.0215880 0.0359580
v 0.0213803 -0.0215559 0.0359087
v 0.0214322 -0.0215184 0.0358777
v 0.0214257 -0.0214991 0.0364771
v 0.0213679 -0.0215184 0.0364461
v 0.0213183 -0.0215351 0.0363968
v 0.0212802 -0.0215478 0.0363325
v 0.0212563 -0.0215559 0.0362577
v 0.0212481 -0.0215586 0.0361774
v 0.0212563 -0.0215559 0.0360971
v 0.0212802 -0.0215478 0.0360223
v 0.0213183 -0.0215351 0.0359580
v 0.0213679 -0.0215184 0.0359087
v 0.0214257 -0.0214991 0.0358777
v 0.0214236 -0.0214783 0.0364771
v 0.0213637 -0.0214783 0.0364461
v 0.0213123 -0.0214783 0.0363968
v 0.0212729 -0.0214783 0.0363325
v 0.0212481 -0.0214783 0.0362577
v 0.0212397 -0.0214783 0.0361774
v 0.0212481 -0.0214783 0.0360971
v 0.0212729 -0.0214783 0.0360223
v 0.0213123 -0.0214783 0.0359580
v 0.0213637 -0.0214783 0.0359087
v 0.0214236 -0.0214783 0.0358777
v 0.0214257 -0.0214575 0.0364771
v 0.0213679 -0.0214381 0.0364461
v 0.0213183 -0.0214215 0.0363968
v 0.0212802 -0.0214088 0.0363325
v 0.0212563 -0.0214007 0.0362577
v 0.0212481 -0.0213980 0.0361774
v 0.0212563 -0.0214007 0.0360971
v 0.0212802 -0.0214088 0.0360223
v 0.0213183 -0.0214215 0.0359580
v 0.0213679 -0.0214381 0.0359087
v 0.0214257 -0.0214575 0.0358777
v 0.0214322 -0.0214381 0.0364771
v 0.0213803 -0.0214007 0.0364461
v 0.0213358 -0.0213686 0.0363968
v 0.0213017 -0.0213440 0.0363325
v 0.0212802 -0.0213285 0.0362577
v 0.0212729 -0.0213232 0.0361774
v 0.0212802 -0.0213285 0.0360971
v 0.0213017 -0.0213440 0.0360223
v 0.0213358 -0.0213686 0.0359580
v 0.0213803 -0.0214007 0.0359087
v 0.0214322 -0.0214381 0.0358777
v 0.0214424 -0.0214215 0.0364771
v 0.0214001 -0.0213686 0.0364461
v 0.0213637 -0.0213232 0.0363968
v 0.0213358 -0.0212883 0.0363325
v 0.0213183 -0.0212664 0.0362577
v 0.0213123 -0.0212589 0.0361774
v 0.0213183 -0.0212664 0.0360971
v 0.0213358 -0.0212883 0.0360223
v 0.0213637 -0.0213232 0.0359580
v 0.0214001 -0.0213686 0.0359087
v 0.0214424 -0.0214215 0.0358777
v 0.0214557 -0.0214088 0.0364771
v 0.0214257 -0.0213440 0.0364461
v 0.0214001 -0.0212883 0.0363968
v 0.0213803 -0.0212456 0.0363325
v 0.0213679 -0.0212188 0.0362577
v 0.0213637 -0.0212096 0.0361774
v 0.0213679 -0.0212188 0.0360971
v 0.0213803 -0.0212456 0.0360223
v 0.0214001 -0.0212883 0.0359580
v 0.0214257 -0.0213440 0.0359087
v 0.0214557 -0.0214088 0.0358777
v 0.0214711 -0.0214007 0.0364771
v 0.0214557 -0.0213285 0.0364461
v 0.0214424 -0.0212664 0.0363968
v 0.0214322 -0.0212188 0.0363325
v 0.0214257 -0.0211888 0.0362577
v 0.0214236 -0.0211786 0.0361774
v 0.0214257 -0.0211888 0.0360971
v 0.0214322 -0.0212188 0.0360223
v 0.0214424 -0.0212664 0.0359580
v 0.0214557 -0.0213285 0.0359087
v 0.0214711 -0.0214007 0.0358777
v 0.0214878 -0.0213980 0.0364771
v 0.0214878 -0.0213232 0.0364461
v 0.0214878 -0.0211786 0.0362577
v 0.0214878 -0.0211680 0.0361774
v 0.0214878 -0.0211786 0.0360971
v 0.0214878 -0.0212096 0.0360223
v 0.0214878 -0.0212589 0.0359580
v 0.0214878 -0.0213232 0.0359087
v 0.0214878 -0.0213980 0.0358777
v 0.0199735 -0.0212589 0.0350209
v 0.0199735 -0.0212096 0.0349567
v 0.0199901 -0.0214007 0.0351012
v 0.0200056 -0.0213285 0.0350702
v 0.0200189 -0.0212664 0.0350209
v 0.0200291 -0.0212188 0.0349567
v 0.0200355 -0.0211888 0.0348818
v 0.0200377 -0.0211786 0.0348016
v 0.0200355 -0.0211888 0.0347213
v 0.0200291 -0.0212188 0.0346464
v 0.0200189 -0.0212664 0.0345822
v 0.0200056 -0.0213285 0.0345329
v 0.0199901 -0.0214007 0.0345019
v 0.0200056 -0.0214088 0.0351012
v 0.0200355 -0.0213440 0.0350702
v 0.0200612 -0.0212883 0.0350209
v 0.0200809 -0.0212456 0.0349567
v 0.0200933 -0.0212188 0.0348818
v 0.0200975 -0.0212096 0.0348016
v 0.0200933 -0.0212188 0.0347213
v 0.0200809 -0.0212456 0.0346464
v 0.0200612 -0.0212883 0.0345822
v 0.0200355 -0.0213440 0.0345329
v 0.0200056 -0.0214088 0.0345019
v 0.0200189 -0.0214215 0.0351012
v 0.0200612 -0.0213686 0.0350702
v 0.0200975 -0.0213232 0.0350209
v 0.0201254 -0.0212883 0.0349567
v 0.0201429 -0.0212664 0.0348818
v 0.0201489 -0.0212589 0.0348016
v 0.0201429 -0.0212664 0.0347213
v 0.0201254 -0.0212883 0.0346464
v 0.0200975 -0.0213232 0.0345822
v 0.0200612 -0.0213686 0.0345329
v 0.0200189 -0.0214215 0.0345019
v 0.0200291 -0.0214381 0.0351012
v 0.0200809 -0.0214007 0.0350702
v 0.0201254 -0.0213686 0.0350209
v 0.0201595 -0.0213440 0.0349567
v 0.0201810 -0.0213285 0.0348818
v 0.0201883 -0.0213232 0.0348016
v 0.0201810 -0.0213285 0.0347213
v 0.0201595 -0.0213440 0.0346464
v 0.0201254 -0.0213686 0.0345822
v 0.0200809 -0.0214007 0.0345329
v 0.0200291 -0.0214381 0.0345019
v 0.0200355 -0.0214575 0.0351012
v 0.0200933 -0.0214381 0.0350702
v 0.0201429 -0.0214215 0.0350209
v 0.0201810 -0.0214088 0.0349567
v 0.0202049 -0.0214007 0.0348818
v 0.0202131 -0.0213980 0.0348016
v 0.0202049 -0.0214007 0.0347213
v 0.0201810 -0.0214088 0.0346464
v 0.0201429 -0.0214215 0.0345822
v 0.0200933 -0.0214381 0.0345329
v 0.0200355 -0.0214575 0.0345019
v 0.0200377 -0.0214783 0.0351012
v 0.0200975 -0.0214783 0.0350702
v 0.0201489 -0.0214783 0.0350209
v 0.0201883 -0.0214783 0.0349567
v 0.0202131 -0.0214783 0.0348818
v 0.0202215 -0.0214783 0.0348016
v 0.0202131 -0.0214783 0.0347213
v 0.0201883 -0.0214783 0.0346464
v 0.0201489 -0.0214783 0.0345822
v 0.0200975 -0.0214783 0.0345329
v 0.0200377 -0.0214783 0.0345019
v 0.0200355 -0.0214991 0.0351012
v 0.0200933 -0.0215184 0.0350702
v 0.0201429 -0.0215351 0.0350209
v 0.0201810 -0.0215478 0.0349567
v 0.0202049 -0.0215559 0.0348818
v 0.0202131 -0.0215586 0.0348016
v 0.0202049 -0.0215559 0.0347213
v 0.0201810 -0.0215478 0.0346464
v 0.0201429 -0.0215351 0.0345822
v 0.0200933 -0.0215184 0.0345329
v 0.0200355 -0.0214991 0.0345019
v 0.0200291 -0.0215184 0.0351012
v 0.0200809 -0.0215559 0.0350702
v 0.0201254 -0.0215880 0.0350209
v 0.0201595 -0.0216126 0.0349567
v 0.0201810 -0.0216281 0.0348818
v 0.0201883 -0.0216334 0.0348016
v 0.0201810 -0.0216281 0.0347213
v 0.0201595 -0.0216126 0.0346464
v 0.0201254 -0.0215880 0.0345822
v 0.0200809 -0.0215559 0.0345329
v 0.0200291 -0.0215184 0.0345019
v 0.0200189 -0.0215351 0.0351012
v 0.0200612 -0.0215880 0.0350702
v 0.0200975 -0.0216334 0.0350209
v 0.0201254 -0.0216683 0.0349567
v 0.0201429 -0.0216902 0.0348818
v 0.0201489 -0.0216977 0.0348016
v 0.0201429 -0.0216902 0.0347213
v 0.0201254 -0.0216683 0.0346464
v 0.0200975 -0.0216334 0.0345822
v 0.0200612 -0.0215880 0.0345329
v 0.0200189 -0.0215351 0.0345019
v 0.0200056 -0.0215478 0.0351012
v 0.0200355 -0.0216126 0.0350702
v 0.0200612 -0.0216683 0.0350209
v 0.0200809 -0.0217110 0.0349567
v 0.0200933 -0.0217378 0.0348818
v 0.0200975 -0.0217470 0.0348016
v 0.0200933 -0.0217378 0.0347213
v 0.0200809 -0.0217110 0.0346464
v 0.0200612 -0.0216683 0.0345822
v 0.0200355 -0.0216126 0.0345329
v 0.0200056 -0.0215478 0.0345019
v 0.0199901 -0.0215559 0.0351012
v 0.0200056 -0.0216281 0.0350702
v 0.0200189 -0.0216902 0.0350209
v 0.0200291 -0.0217378 0.0349567
v 0.0200355 -0.0217678 0.0348818
v 0.0200377 -0.0217780 0.0348016
v 0.0200355 -0.0217678 0.0347213
v 0.0200291 -0.0217378 0.0346464
v 0.0200189 -0.0216902 0.0345822
v 0.0200056 -0.0216281 0.0345329
v 0.0199901 -0.0215559 0.0345019
v 0.0199735 -0.0215586 0.0351012
v 0.0199735 -0.0216334 0.0350702
v 0.0199735 -0.0216977 0.0350209
v 0.0199735 -0.0217470 0.0349567
v 0.0199735 -0.0217780 0.0348818
v 0.0199735 -0.0217885 0.0348016
v 0.0199735 -0.0217780 0.0347213
v 0.0199735 -0.0217470 0.0346464
v 0.0199735 -0.0216977 0.0345822
v 0.0199735 -0.0216334 0.0345329
v 0.0199735 -0.0215586 0.0345019
v 0.0199735 -0.0214783 0.0351118
v 0.0199568 -0.0215559 0.0351012
v 0.0199413 -0.0216281 0.0350702
v 0.0199280 -0.0216902 0.0350209
v 0.0199178 -0.0217378 0.0349567
v 0.0199114 -0.0217678 0.0348818
v 0.0199092 -0.0217780 0.0348016
v 0.0199114 -0.0217678 0.0347213
v 0.0199178 -0.0217378 0.0346464
v 0.0199280 -0.0216902 0.0345822
v 0.0199413 -0.0216281 0.0345329
v 0.0199568 -0.0215559 0.0345019
v 0.0199413 -0.0215478 0.0351012
v 0.0199114 -0.0216126 0.0350702
v 0.0198857 -0.0216683 0.0350209
v 0.0198660 -0.0217110 0.0349567
v 0.0198536 -0.0217378 0.0348818
v 0.0198494 -0.0217470 0.0348016
v 0.0198536 -0.0217378 0.0347213
v 0.0198660 -0.0217110 0.0346464
v 0.0198857 -0.0216683 0.0345822
v 0.0199114 -0.0216126 0.0345329
v 0.0199413 -0.0215478 0.0345019
v 0.0199280 -0.0215351 0.0351012
v 0.0198857 -0.0215880 0.0350702
v 0.0198494 -0.0216334 0.0350209
v 0.0198215 -0.0216683 0.0349567
v 0.0198040 -0.0216902 0.0348818
v 0.0197980 -0.0216977 0.0348016
v 0.0198040 -0.0216902 0.0347213
v 0.0198215 -0.0216683 0.0346464
v 0.0198494 -0.0216334 0.0345822
v 0.0198857 -0.0215880 0.0345329
v 0.0199280 -0.0215351 0.0345019
v 0.0199735 -0.0214783 0.0344913
v 0.0199178 -0.0215184 0.0351012
v 0.0198660 -0.0215559 0.0350702
v 0.0198215 -0.0215880 0.0350209
v 0.0197874 -0.0216126 0.0349567
v 0.0197659 -0.0216281 0.0348818
v 0.0197586 -0.0216334 0.0348016
v 0.0197659 -0.0216281 0.0347213
v 0.0197874 -0.0216126 0.0346464
v 0.0198215 -0.0215880 0.0345822
v 0.0198660 -0.0215559 0.0345329
v 0.0199178 -0.0215184 0.0345019
v 0.0199114 -0.0214991 0.0351012
v 0.0198536 -0.0215184 0.0350702
v 0.0198040 -0.0215351 0.0350209
v 0.0197659 -0.0215478 0.0349567
v 0.0197420 -0.0215559 0.0348818
v 0.0197338 -0.0215586 0.0348016
v 0.0197420 -0.0215559 0.0347213
v 0.0197659 -0.0215478 0.0346464
v 0.0198040 -0.0215351 0.0345822
v 0.0198536 -0.0215184 0.0345329
v 0.0199114 -0.0214991 0.0345019
v 0.0199092 -0.0214783 0.0351012
v 0.0198494 -0.0214783 0.0350702
v 0.0197980 -0.0214783 0.0350209
v 0.0197586 -0.0214783 0.0349567
v 0.0197338 -0.0214783 0.0348818
v 0.0197254 -0.0214783 0.0348016
v 0.0197338 -0.0214783 0.0347213
v 0.0197586 -0.0214783 0.0346464
v 0.0197980 -0.0214783 0.0345822
v 0.0198494 -0.0214783 0.0345329
v 0.0199092 -0.0214783 0.0345019
v 0.0199114 -0.0214575 0.0351012
v 0.0198536 -0.0214381 0.0350702
v 0.0198040 -0.0214215 0.0350209
v 0.0197659 -0.0214088 0.0349567
v 0.0197420 -0.0214007 0.0348818
v 0.0197338 -0.0213980 0.0348016
v 0.0197420 -0.0214007 0.0347213
v 0.0197659 -0.0214088 0.0346464
v 0.0198040 -0.0214215 0.0345822
v 0.0198536 -0.0214381 0.0345329
v 0.0199114 -0.0214575 0.0345019
v 0.0199178 -0.0214381 0.0351012
v 0.0198660 -0.0214007 0.0350702
v 0.0198215 -0.0213686 0.0350209
v 0.0197874 -0.0213440 0.0349567
v 0.0197659 -0.0213285 0.0348818
v 0.0197586 -0.0213232 0.0348016
v 0.0197659 -0.0213285 0.0347213
v 0.0197874 -0.0213440 0.0346464
v 0.0198215 -0.0213686 0.0345822
v 0.0198660 -0.0214007 0.0345329
v 0.0199178 -0.0214381 0.0345019
v 0.0199280 -0.0214215 0.0351012
v 0.0198857 -0.0213686 0.0350702
v 0.0198494 -0.0213232 0.0350209
v 0.0198215 -0.0212883 0.0349567
v 0.0198040 -0.0212664 0.0348818
v 0.0197980 -0.0212589 0.0348016
v 0.0198040 -0.0212664 0.0347213
v 0.0198215 -0.0212883 0.0346464
v 0.0198494 -0.0213232 0.0345822
v 0.0198857 -0.0213686 0.0345329
v 0.0199280 -0.0214215 0.0345019
v 0.0199413 -0.0214088 0.0351012
v 0.0199114 -0.0213440 0.0350702
v 0.0198857 -0.0212883 0.0350209
v 0.0198660 -0.0212456 0.0349567
v 0.0198536 -0.0212188 0.0348818
v 0.0198494 -0.0212096 0.0348016
v 0.0198536 -0.0212188 0.0347213
v 0.0198660 -0.0212456 0.0346464
v 0.0198857 -0.0212883 0.0345822
v 0.0199114 -0.0213440 0.0345329
v 0.0199413 -0.0214088 0.0345019
v 0.0199568 -0.0214007 0.0351012
v 0.0199413 -0.0213285 0.0350702
v 0.0199280 -0.0212664 0.0350209
v 0.0199178 -0.0212188 0.0349567
v 0.0199114 -0.0211888 0.0348818
v 0.0199092 -0.0211786 0.0348016
v 0.0199114 -0.0211888 0.0347213
v 0.0199178 -0.0212188 0.0346464
v 0.0199280 -0.0212664 0.0345822
v 0.0199413 -0.0213285 0.0345329
v 0.0199568 -0.0214007 0.0345019
v 0.0199735 -0.0213980 0.0351012
v 0.0199735 -0.0213232 0.0350702
v 0.0199735 -0.0211786 0.0348818
v 0.0199735 -0.0211680 0.0348016
v 0.0199735 -0.0211786 0.0347213
v 0.0199735 -0.0212096 0.0346464
v 0.0199735 -0.0212589 0.0345822
v 0.0199735 -0.0213232 0.0345329
v 0.0199735 -0.0213980 0.0345019
v 0.0193950 -0.0212589 0.0327948
v 0.0193950 -0.0212096 0.0327305
v 0.0194117 -0.0214007 0.0328751
v 0.0194271 -0.0213285 0.0328441
v 0.0194404 -0.0212664 0.0327948
v 0.0194506 -0.0212188 0.0327305
v 0.0194571 -0.0211888 0.0326557
v 0.0194592 -0.0211786 0.0325754
v 0.0194571 -0.0211888 0.0324951
v 0.0194506 -0.0212188 0.0324203
v 0.0194404 -0.0212664 0.0323560
v 0.0194271 -0.0213285 0.0323067
v 0.0194117 -0.0214007 0.0322758
v 0.0194271 -0.0214088 0.0328751
v 0.0194571 -0.0213440 0.0328441
v 0.0194828 -0.0212883 0.0327948
v 0.0195025 -0.0212456 0.0327305
v 0.0195149 -0.0212188 0.0326557
v 0.0195191 -0.0212096 0.0325754
v 0.0195149 -0.0212188 0.0324951
v 0.0195025 -0.0212456 0.0324203
v 0.0194828 -0.0212883 0.0323560
v 0.0194571 -0.0213440 0.0323067
v 0.0194271 -0.0214088 0.0322758
v 0.0194404 -0.0214215 0.0328751
v 0.0194828 -0.0213686 0.0328441
v 0.0195191 -0.0213232 0.0327948
v 0.0195470 -0.0212883 0.0327305
v 0.0195645 -0.0212664 0.0326557
v 0.0195705 -0.0212589 0.0325754
v 0.0195645 -0.0212664 0.0324951
v 0.0195470 -0.0212883 0.0324203
v 0.0195191 -0.0213232 0.0323560
v 0.0194828 -0.0213686 0.0323067
v 0.0194404 -0.0214215 0.0322758
v 0.0194506 -0.0214381 0.0328751
v 0.0195025 -0.0214007 0.0328441
v 0.0195470 -0.0213686 0.0327948
v 0.0195811 -0.0213440 0.0327305
v 0.0196026 -0.0213285 0.0326557
v 0.0196099 -0.0213232 0.0325754
v 0.0196026 -0.0213285 0.0324951
v 0.0195811 -0.0213440 0.0324203
v 0.0195470 -0.0213686 0.0323560
v 0.0195025 -0.0214007 0.0323067
v 0.0194506 -0.0214381 0.0322758
v 0.0194571 -0.0214575 0.0328751
v 0.0195149 -0.0214381 0.0328441
v 0.0195645 -0.0214215 0.0327948
v 0.0196026 -0.0214088 0.0327305
v 0.0196265 -0.0214007 0.0326557
v 0.0196347 -0.0213980 0.0325754
v 0.0196265 -0.0214007 0.0324951
v 0.0196026 -0.0214088 0.0324203
v 0.0195645 -0.0214215 0.0323560
v 0.0195149 -0.0214381 0.0323067
v 0.0194571 -0.0214575 0.0322758
v 0.0194592 -0.0214783 0.0328751
v 0.0195191 -0.0214783 0.0328441
v 0.0195705 -0.0214783 0.0327948
v 0.0196099 -0.0214783 0.0327305
v 0.0196347 -0.0214783 0.0326557
v 0.0196431 -0.0214783 0.0325754
v 0.0196347 -0.0214783 0.0324951
v 0.0196099 -0.0214783 0.0324203
v 0.0195705 -0.0214783 0.0323560
v 0.0195191 -0.0214783 0.0323067
v 0.0194592 -0.0214783 0.0322758
v 0.0194571 -0.0214991 0.0328751
v 0.0195149 -0.0215184 0.0328441
v 0.0195645 -0.0215351 0.0327948
v 0.0196026 -0.0215478 0.0327305
v 0.0196265 -0.0215559 0.0326557
v 0.0196347 -0.0215586 0.0325754
v 0.0196265 -0.0215559 0.0324951
v 0.0196026 -0.0215478 0.0324203
v 0.0195645 -0.0215351 0.0323560
v 0.0195149 -0.0215184 0.0323067
v 0.0194571 -0.0214991 0.0322758
v 0.0194506 -0.0215184 0.0328751
v 0.0195025 -0.0215559 0.0328441
v 0.0195470 -0.0215880 0.0327948
v 0.0195811 -0.0216126 0.0327305
v 0.0196026 -0.0216281 0.0326557
v 0.0196099 -0.0216334 0.0325754
v 0.0196026 -0.0216281 0.0324951
v 0.0195811 -0.0216126 0.0324203
v 0.0195470 -0.0215880 0.0323560
v 0.0195025 -0.0215559 0.0323067
v 0.0194506 -0.0215184 0.0322758
v 0.0194404 -0.0215351 0.0328751
v 0.0194828 -0.0215880 0.0328441
v 0.0195191 -0.0216334 0.0327948
v 0.0195470 -0.0216683 0.0327305
v 0.0195645 -0.0216902 0.0326557
v 0.0195705 -0.0216977 0.0325754
v 0.0195645 -0.0216902 0.0324951
v 0.0195470 -0.0216683 0.0324203
v 0.0195191 -0.0216334 0.0323560
v 0.0194828 -0.0215880 0.0323067
v 0.0194404 -0.0215351 0.0322758
v 0.0194271 -0.0215478 0.0328751
v 0.0194571 -0.0216126 0.0328441
v 0.0194828 -0.0216683 0.0327948
v 0.0195025 -0.0217110 0.0327305
v 0.0195149 -0.0217378 0.0326557
v 0.0195191 -0.0217470 0.0325754
v 0.0195149 -0.0217378 0.0324951
v 0.0195025 -0.0217110 0.0324203
v 0.0194828 -0.0216683 0.0323560
v 0.0194571 -0.0216126 0.0323067
v 0.0194271 -0.0215478 0.0322758
v 0.0194117 -0.0215559 0.0328751
v 0.0194271 -0.0216281 0.0328441
v 0.0194404 -0.0216902 0.0327948
v 0.0194506 -0.0217378 0.0327305
v 0.0194571 -0.0217678 0.0326557
v 0.0194592 -0.0217780 0.0325754
v 0.0194571 -0.0217678 0.0324951
v 0.0194506 -0.0217378 0.0324203
v 0.0194404 -0.0216902 0.0323560
v 0.0194271 -0.0216281 0.0323067
v 0.0194117 -0.0215559 0.0322758
v 0.0193950 -0.0215586 0.0328751
v 0.0193950 -0.0216334 0.0328441
v 0.0193950 -0.0216977 0.0327948
v 0.0193950 -0.0217470 0.0327305
v 0.0193950 -0.0217780 0.0326557
v 0.0193950 -0.0217885 0.0325754
v 0.0193950 -0.0217780 0.0324951
v 0.0193950 -0.0217470 0.0324203
v 0.0193950 -0.0216977 0.0323560
v 0.0193950 -0.0216334 0.0323067
v 0.0193950 -0.0215586 0.0322758
v 0.0193950 -0.0214783 0.0328857
v 0.0193784 -0.0215559 0.0328751
v 0.0193629 -0.0216281 0.0328441
v 0.0193496 -0.0216902 0.0327948
v 0.0193394 -0.0217378 0.0327305
v 0.0193330 -0.0217678 0.0326557
v 0.0193308 -0.0217780 0.0325754
v 0.0193330 -0.0217678 0.0324951
v 0.0193394 -0.0217378 0.0324203
v 0.0193496 -0.0216902 0.0323560
v 0.0193629 -0.0216281 0.0323067
v 0.0193784 -0.0215559 0.0322758
v 0.0193629 -0.0215478 0.0328751
v 0.0193330 -0.0216126 0.0328441
v 0.0193073 -0.0216683 0.0327948
v 0.0192876 -0.0217110 0.0327305
v 0.0192752 -0.0217378 0.0326557
v 0.0192710 -0.0217470 0.0325754
v 0.0192752 -0.0217378 0.0324951
v 0.0192876 -0.0217110 0.0324203
v 0.0193073 -0.0216683 0.0323560
v 0.0193330 -0.0216126 0.0323067
v 0.0193629 -0.0215478 0.0322758
v 0.0193496 -0.0215351 0.0328751
v 0.0193073 -0.0215880 0.0328441
v 0.0192710 -0.0216334 0.0327948
v 0.0192431 -0.0216683 0.0327305
v 0.0192256 -0.0216902 0.0326557
v 0.0192196 -0.0216977 0.0325754
v 0.0192256 -0.0216902 0.0324951
v 0.0192431 -0.0216683 0.0324203
v 0.0192710 -0.0216334 0.0323560
v 0.0193073 -0.0215880 0.0323067
v 0.0193496 -0.0215351 0.0322758
v 0.0193950 -0.0214783 0.0322652
v 0.0193394 -0.0215184 0.0328751
v 0.0192876 -0.0215559 0.0328441
v 0.0192431 -0.0215880 0.0327948
v 0.0192090 -0.0216126 0.0327305
v 0.0191875 -0.0216281 0.0326557
v 0.0191802 -0.0216334 0.0325754
v 0.0191875 -0.0216281 0.0324951
v 0.0192090 -0.0216126 0.0324203
v 0.0192431 -0.0215880 0.0323560
v 0.0192876 -0.0215559 0.0323067
v 0.0193394 -0.0215184 0.0322758
v 0.0193330 -0.0214991 0.0328751
v 0.0192752 -0.0215184 0.0328441
v 0.0192256 -0.0215351 0.0327948
v 0.0191875 -0.0215478 0.0327305
v 0.0191636 -0.0215559 0.0326557
v 0.0191554 -0.0215586 0.0325754
v 0.0191636 -0.0215559 0.0324951
v 0.0191875 -0.0215478 0.0324203
v 0.0192256 -0.0215351 0.0323560
v 0.0192752 -0.0215184 0.0323067
v 0.0193330 -0.0214991 0.0322758
v 0.0193308 -0.0214783 0.0328751
v 0.0192710 -0.0214783 0.0328441
v 0.0192196 -0.0214783 0.0327948
v 0.0191802 -0.0214783 0.0327305
v 0.0191554 -0.0214783 0.0326557
v 0.0191469 -0.0214783 0.0325754
v 0.0191554 -0.0214783 0.0324951
v 0.0191802 -0.0214783 0.0324203
v 0.0192196 -0.0214783 0.0323560
v 0.0192710 -0.0214783 0.0323067
v 0.0193308 -0.0214783 0.0322758
v 0.0193330 -0.0214575 0.0328751
v 0.0192752 -0.0214381 0.0328441
v 0.0192256 -0.0214215 0.0327948
v 0.0191875 -0.0214088 0.0327305
v 0.0191636 -0.0214007 0.0326557
v 0.0191554 -0.0213980 0.0325754
v 0.0191636 -0.0214007 0.0324951
v 0.0191875 -0.0214088 0.0324203
v 0.0192256 -0.0214215 0.0323560
v 0.0192752 -0.0214381 0.0323067
v 0.0193330 -0.0214575 0.0322758
v 0.0193394 -0.0214381 0.0328751
v 0.0192876 -0.0214007 0.0328441
v 0.0192431 -0.0213686 0.0327948
v 0.0192090 -0.0213440 0.0327305
v 0.0191875 -0.0213285 0.0326557
v 0.0191802 -0.0213232 0.0325754
v 0.0191875 -0.0213285 0.0324951
v 0.0192090 -0.0213440 0.0324203
v 0.0192431 -0.0213686 0.0323560
v 0.0192876 -0.0214007 0.0323067
v 0.0193394 -0.0214381 0.0322758
v 0.0193496 -0.0214215 0.0328751
v 0.0193073 -0.0213686 0.0328441
v 0.0192710 -0.0213232 0.0327948
v 0.0192431 -0.0212883 0.0327305
v 0.0192256 -0.0212664 0.0326557
v 0.0192196 -0.0212589 0.0325754
v 0.0192256 -0.0212664 0.0324951
v 0.0192431 -0.0212883 0.0324203
v 0.0192710 -0.0213232 0.0323560
v 0.0193073 -0.0213686 0.0323067
v 0.0193496 -0.0214215 0.0322758
v 0.0193629 -0.0214088 0.0328751
v 0.0193330 -0.0213440 0.0328441
v 0.0193073 -0.0212883 0.0327948
v 0.0192876 -0.0212456 0.0327305
v 0.0192752 -0.0212188 0.0326557
v 0.0192710 -0.0212096 0.0325754
v 0.0192752 -0.0212188 0.0324951
v 0.0192876 -0.0212456 0.0324203
v 0.0193073 -0.0212883 0.0323560
v 0.0193330 -0.0213440 0.0323067
v 0.0193629 -0.0214088 0.0322758
v 0.0193784 -0.0214007 0.0328751
v 0.0193629 -0.0213285 0.0328441
v 0.0193496 -0.0212664 0.0327948
v 0.0193394 -0.0212188 0.0327305
v 0.0193330 -0.0211888 0.0326557
v 0.0193308 -0.0211786 0.0325754
v 0.0193330 -0.0211888 0.0324951
v 0.0193394 -0.0212188 0.0324203
v 0.0193496 -0.0212664 0.0323560
v 0.0193629 -0.0213285 0.0323067
v 0.0193784 -0.0214007 0.0322758
v 0.0193950 -0.0213980 0.0328751
v 0.0193950 -0.0213232 0.0328441
v 0.0193950 -0.0211786 0.0326557
v 0.0193950 -0.0211680 0.0325754
v 0.0193950 -0.0211786 0.0324951
v 0.0193950 -0.0212096 0.0324203
v 0.0193950 -0.0212589 0.0323560
v 0.0193950 -0.0213232 0.0323067
v 0.0193950 -0.0213980 0.0322758
v 0.0199735 -0.0212589 0.0305686
v 0.0199735 -0.0212096 0.0305044
v 0.0199901 -0.0214007 0.0306489
v 0.0200056 -0.0213285 0.0306179
v 0.0200189 -0.0212664 0.0305686
v 0.0200291 -0.0212188 0.0305044
v 0.0200355 -0.0211888 0.0304296
v 0.0200377 -0.0211786 0.0303493
v 0.0200355 -0.0211888 0.0302690
v 0.0200291 -0.0212188 0.0301941
v 0.0200189 -0.0212664 0.0301299
v 0.0200056 -0.0213285 0.0300806
v 0.0199901 -0.0214007 0.0300496
v 0.0200056 -0.0214088 0.0306489
v 0.0200355 -0.0213440 0.0306179
v 0.0200612 -0.0212883 0.0305686
v 0.0200809 -0.0212456 0.0305044
v 0.0200933 -0.0212188 0.0304296
v 0.0200975 -0.0212096 0.0303493
v 0.0200933 -0.0212188 0.0302690
v 0.0200809 -0.0212456 0.0301941
v 0.0200612 -0.0212883 0.0301299
v 0.0200355 -0.0213440 0.0300806
v 0.0200056 -0.0214088 0.0300496
v 0.0200189 -0.0214215 0.0306489
v 0.0200612 -0.0213686 0.0306179
v 0.0200975 -0.0213232 0.0305686
v 0.0201254 -0.0212883 0.0305044
v 0.0201429 -0.0212664 0.0304296
v 0.0201489 -0.0212589 0.0303493
v 0.0201429 -0.0212664 0.0302690
v 0.0201254 -0.0212883 0.0301941
v 0.0200975 -0.0213232 0.0301299
v 0.0200612 -0.0213686 0.0300806
v 0.0200189 -0.0214215 0.0300496
v 0.0200291 -0.0214381 0.0306489
v 0.0200809 -0.0214007 0.0306179
v 0.0201254 -0.0213686 0.0305686
v 0.0201595 -0.0213440 0.0305044
v 0.0201810 -0.0213285 0.0304296
v 0.0201883 -0.0213232 0.0303493
v 0.0201810 -0.0213285 0.0302690
v 0.0201595 -0.0213440 0.0301941
v 0.0201254 -0.0213686 0.0301299
v 0.0200809 -0.0214007 0.0300806
v 0.0200291 -0.0214381 0.0300496
v 0.0200355 -0.0214575 0.0306489
v 0.0200933 -0.0214381 0.0306179
v 0.0201429 -0.0214215 0.0305686
v 0.0201810 -0.0214088 0.0305044
v 0.0202049 -0.0214007 0.0304296
v 0.0202131 -0.0213980 0.0303493
v 0.0202049 -0.0214007 0.0302690
v 0.0201810 -0.0214088 0.0301941
v 0.0201429 -0.0214215 0.0301299
v 0.0200933 -0.0214381 0.0300806
v 0.0200355 -0.0214575 0.0300496
v 0.0200377 -0.0214783 0.0306489
v 0.0200975 -0.0214783 0.0306179
v 0.0201489 -0.0214783 0.0305686
v 0.0201883 -0.0214783 0.0305044
v 0.0202131 -0.0214783 0.0304296
v 0.0202215 -0.0214783 0.0303493
v 0.0202131 -0.0214783 0.0302690
v 0.0201883 -0.0214783 0.0301941
v 0.0201489 -0.0214783 0.0301299
v 0.0200975 -0.0214783 0.0300806
v 0.0200377 -0.0214783 0.0300496
v 0.0200355 -0.0214991 0.0306489
v 0.0200933 -0.0215184 0.0306179
v 0.0201429 -0.0215351 0.0305686
v 0.0201810 -0.0215478 0.0305044
v 0.0202049 -0.0215559 0.0304296
v 0.0202131 -0.0215586 0.0303493
v 0.0202049 -0.0215559 0.0302690
v 0.0201810 -0.0215478 0.0301941
v 0.0201429 -0.0215351 0.0301299
v 0.0200933 -0.0215184 0.0300806
v 0.0200355 -0.0214991 0.0300496
v 0.0200291 -0.0215184 0.0306489
v 0.0200809 -0.0215559 0.0306179
v 0.0201254 -0.0215880 0.0305686
v 0.0201595 -0.0216126 0.0305044
v 0.0201810 -0.0216281 0.0304296
v 0.0201883 -0.0216334 0.0303493
v 0.0201810 -0.0216281 0.0302690
v 0.0201595 -0.0216126 0.0301941
v 0.0201254 -0.0215880 0.0301299
v 0.0200809 -0.0215559 0.0300806
v 0.0200291 -0.0215184 0.0300496
v 0.0200189 -0.0215351 0.0306489
v 0.0200612 -0.0215880 0.0306179
v 0.0200975 -0.0216334 0.0305686
v 0.0201254 -0.0216683 0.0305044
v 0.0201429 -0.0216902 0.0304296
v 0.0201489 -0.0216977 0.0303493
v 0.0201429 -0.0216902 0.0302690
v 0.0201254 -0.0216683 0.0301941
v 0.0200975 -0.0216334 0.0301299
v 0.0200612 -0.0215880 0.0300806
v 0.0200189 -0.0215351 0.0300496
v 0.0200056 -0.0215478 0.0306489
v 0.0200355 -0.0216126 0.0306179
v 0.0200612 -0.0216683 0.0305686
v 0.0200809 -0.0217110 0.0305044
v 0.0200933 -0.0217378 0.0304296
v 0.0200975 -0.0217470 0.0303493
v 0.0200933 -0.0217378 0.0302690
v 0.0200809 -0.0217110 0.0301941
v 0.0200612 -0.0216683 0.0301299
v 0.0200355 -0.0216126 0.0300806
v 0.0200056 -0.0215478 0.0300496
v 0.0199901 -0.0215559 0.0306489
v 0.0200056 -0.0216281 0.0306179
v 0.0200189 -0.0216902 0.0305686
v 0.0200291 -0.0217378 0.0305044
v 0.0200355 -0.0217678 0.0304296
v 0.0200377 -0.0217780 0.0303493
v 0.0200355 -0.0217678 0.0302690
v 0.0200291 -0.0217378 0.0301941
v 0.0200189 -0.0216902 0.0301299
v 0.0200056 -0.0216281 0.0300806
v 0.0199901 -0.0215559 0.0300496
v 0.0199735 -0.0215586 0.0306489
v 0.0199735 -0.0216334 0.0306179
v 0.0199735 -0.0216977 0.0305686
v 0.0199735 -0.0217470 0.0305044
v 0.0199735 -0.0217780 0.0304296
v 0.0199735 -0.0217885 0.0303493
v 0.0199735 -0.0217780 0.0302690
v 0.0199735 -0.0217470 0.0301941
v 0.0199735 -0.0216977 0.0301299
v 0.0199735 -0.0216334 0.0300806
v 0.0199735 -0.0215586 0.0300496
v 0.0199735 -0.0214783 0.0306595
v 0.0199568 -0.0215559 0.0306489
v 0.0199413 -0.0216281 0.0306179
v 0.0199280 -0.0216902 0.0305686
v 0.0199178 -0.0217378 0.0305044
v 0.0199114 -0.0217678 0.0304296
v 0.0199092 -0.0217780 0.0303493
v 0.0199114 -0.0217678 0.0302690
v 0.0199178 -0.0217378 0.0301941
v 0.0199280 -0.0216902 0.0301299
v 0.0199413 -0.0216281 0.0300806
v 0.0199568 -0.0215559 0.0300496
v 0.0199413 -0.0215478 0.0306489
v 0.0199114 -0.0216126 0.0306179
v 0.0198857 -0.0216683 0.0305686
v 0.0198660 -0.0217110 0.0305044
v 0.0198536 -0.0217378 0.0304296
v 0.0198494 -0.0217470 0.0303493
v 0.0198536 -0.0217378 0.0302690
v 0.0198660 -0.0217110 0.0301941
v 0.0198857 -0.0216683 0.0301299
v 0.0199114 -0.0216126 0.0300806
v 0.0199413 -0.0215478 0.0300496
v 0.0199280 -0.0215351 0.0306489
v 0.0198857 -0.0215880 0.0306179
v 0.0198494 -0.0216334 0.0305686
v 0.0198215 -0.0216683 0.0305044
v 0.0198040 -0.0216902 0.0304296
v 0.0197980 -0.0216977 0.0303493
v 0.0198040 -0.0216902 0.0302690
v 0.0198215 -0.0216683 0.0301941
v 0.0198494 -0.0216334 0.0301299
v 0.0198857 -0.0215880 0.0300806
v 0.0199280 -0.0215351 0.0300496
v 0.0199735 -0.0214783 0.0300390
v 0.0199178 -0.0215184 0.0306489
v 0.0198660 -0.0215559 0.0306179
v 0.0198215 -0.0215880 0.0305686
v 0.0197874 -0.0216126 0.0305044
v 0.0197659 -0.0216281 0.0304296
v 0.0197586 -0.0216334 0.0303493
v 0.0197659 -0.0216281 0.0302690
v 0.0197874 -0.0216126 0.0301941
v 0.0198215 -0.0215880 0.0301299
v 0.0198660 -0.0215559 0.0300806
v 0.0199178 -0.0215184 0.0300496
v 0.0199114 -0.0214991 0.0306489
v 0.0198536 -0.0215184 0.0306179
v 0.0198040 -0.0215351 0.0305686
v 0.0197659 -0.0215478 0.0305044
v 0.0197420 -0.0215559 0.0304296
v 0.0197338 -0.0215586 0.0303493
v 0.0197420 -0.0215559 0.0302690
v 0.0197659 -0.0215478 0.0301941
v 0.0198040 -0.0215351 0.0301299
v 0.0198536 -0.0215184 0.0300806
v 0.0199114 -0.0214991 0.0300496
v 0.0199092 -0.0214783 0.0306489
v 0.0198494 -0.0214783 0.0306179
v 0.0197980 -0.0214783 0.0305686
v 0.0197586 -0.0214783 0.0305044
v 0.0197338 -0.0214783 0.0304296
v 0.0197254 -0.0214783 0.0303493
v 0.0197338 -0.0214783 0.0302690
v 0.0197586 -0.0214783 0.0301941
v 0.0197980 -0.0214783 0.0301299
v 0.0198494 -0.0214783 0.0300806
v 0.0199092 -0.0214783 0.0300496
v 0.0199114 -0.0214575 0.0306489
v 0.0198536 -0.0214381 0.0306179
v 0.0198040 -0.0214215 0.0305686
v 0.0197659 -0.0214088 0.0305044
v 0.0197420 -0.0214007 0.0304296
v 0.0197338 -0.0213980 0.0303493
v 0.0197420 -0.0214007 0.0302690
v 0.0197659 -0.0214088 0.0301941
v 0.0198040 -0.0214215 0.0301299
v 0.0198536 -0.0214381 0.0300806
v 0.0199114 -0.0214575 0.0300496
v 0.0199178 -0.0214381 0.0306489
v 0.0198660 -0.0214007 0.0306179
v 0.0198215 -0.0213686 0.0305686
v 0.0197874 -0.0213440 0.0305044
v 0.0197659 -0.0213285 0.0304296
v 0.0197586 -0.0213232 0.0303493
v 0.0197659 -0.0213285 0.0302690
v 0.0197874 -0.0213440 0.0301941
v 0.0198215 -0.0213686 0.0301299
v 0.0198660 -0.0214007 0.0300806
v 0.0199178 -0.0214381 0.0300496
v 0.0199280 -0.0214215 0.0306489
v 0.0198857 -0.0213686 0.0306179
v 0.0198494 -0.0213232 0.0305686
v 0.0198215 -0.0212883 0.0305044
v 0.0198040 -0.0212664 0.0304296
v 0.0197980 -0.0212589 0.0303493
v 0.0198040 -0.0212664 0.0302690
v 0.0198215 -0.0212883 0.0301941
v 0.0198494 -0.0213232 0.0301299
v 0.0198857 -0.0213686 0.0300806
v 0.0199280 -0.0214215 0.0300496
v 0.0199413 -0.0214088 0.0306489
v 0.0199114 -0.0213440 0.0306179
v 0.0198857 -0.0212883 0.0305686
v 0.0198660 -0.0212456 0.0305044
v 0.0198536 -0.0212188 0.0304296
v 0.0198494 -0.0212096 0.0303493
v 0.0198536 -0.0212188 0.0302690
v 0.0198660 -0.0212456 0.0301941
v 0.0198857 -0.0212883 0.0301299
v 0.0199114 -0.0213440 0.0300806
v 0.0199413 -0.0214088 0.0300496
v 0.0199568 -0.0214007 0.0306489
v 0.0199413 -0.0213285 0.0306179
v 0.0199280 -0.0212664 0.0305686
v 0.0199178 -0.0212188 0.0305044
v 0.0199114 -0.0211888 0.0304296
v 0.0199092 -0.0211786 0.0303493
v 0.0199114 -0.0211888 0.0302690
v 0.0199178 -0.0212188 0.0301941
v 0.0199280 -0.0212664 0.0301299
v 0.0199413 -0.0213285 0.0300806
v 0.0199568 -0.0214007 0.0300496
v 0.0199735 -0.0213980 0.0306489
v 0.0199735 -0.0213232 0.0306179
v 0.0199735 -0.0211786 0.0304296
v 0.0199735 -0.0211680 0.0303493
v 0.0199735 -0.0211786 0.0302690
v 0.0199735 -0.0212096 0.0301941
v 0.0199735 -0.0212589 0.0301299
v 0.0199735 -0.0213232 0.0300806
v 0.0199735 -0.0213980 0.0300496
v 0.0214878 -0.0212589 0.0291928
v 0.0214878 -0.0212096 0.0291286
v 0.0215044 -0.0214007 0.0292731
v 0.0215199 -0.0213285 0.0292421
v 0.0215332 -0.0212664 0.0291928
v 0.0215434 -0.0212188 0.0291286
v 0.0215498 -0.0211888 0.0290537
v 0.0215520 -0.0211786 0.0289734
v 0.0215498 -0.0211888 0.0288931
v 0.0215434 -0.0212188 0.0288183
v 0.0215332 -0.0212664 0.0287541
v 0.0215199 -0.0213285 0.0287048
v 0.0215044 -0.0214007 0.0286738
v 0.0215199 -0.0214088 0.0292731
v 0.0215498 -0.0213440 0.0292421
v 0.0215755 -0.0212883 0.0291928
v 0.0215952 -0.0212456 0.0291286
v 0.0216076 -0.0212188 0.0290537
v 0.0216118 -0.0212096 0.0289734
v 0.0216076 -0.0212188 0.0288931
v 0.0215952 -0.0212456 0.0288183
v 0.0215755 -0.0212883 0.0287541
v 0.0215498 -0.0213440 0.0287048
v 0.0215199 -0.0214088 0.0286738
v 0.0215332 -0.0214215 0.0292731
v 0.0215755 -0.0213686 0.0292421
v 0.0216118 -0.0213232 0.0291928
v 0.0216397 -0.0212883 0.0291286
v 0.0216572 -0.0212664 0.0290537
v 0.0216632 -0.0212589 0.0289734
v 0.0216572 -0.0212664 0.0288931
v 0.0216397 -0.0212883 0.0288183
v 0.0216118 -0.0213232 0.0287541
v 0.0215755 -0.0213686 0.0287048
v 0.0215332 -0.0214215 0.0286738
v 0.0215434 -0.0214381 0.0292731
v 0.0215952 -0.0214007 0.0292421
v 0.0216397 -0.0213686 0.0291928
v 0.0216738 -0.0213440 0.0291286
v 0.0216953 -0.0213285 0.0290537
v 0.0217026 -0.0213232 0.0289734
v 0.0216953 -0.0213285 0.0288931
v 0.0216738 -0.0213440 0.0288183
v 0.0216397 -0.0213686 0.0287541
v 0.0215952 -0.0214007 0.0287048
v 0.0215434 -0.0214381 0.0286738
v 0.0215498 -0.0214575 0.0292731
v 0.0216076 -0.0214381 0.0292421
v 0.0216572 -0.0214215 0.0291928
v 0.0216953 -0.0214088 0.0291286
v 0.0217192 -0.0214007 0.0290537
v 0.0217274 -0.0213980 0.0289734
v 0.0217192 -0.0214007 0.0288931
v 0.0216953 -0.0214088 0.0288183
v 0.0216572 -0.0214215 0.0287541
v 0.0216076 -0.0214381 0.0287048
v 0.0215498 -0.0214575 0.0286738
v 0.0215520 -0.0214783 0.0292731
v 0.0216118 -0.0214783 0.0292421
v 0.0216632 -0.0214783 0.0291928
v 0.0217026 -0.0214783 0.0291286
v 0.0217274 -0.0214783 0.0290537
v 0.0217359 -0.0214783 0.0289734
v 0.0217274 -0.0214783 0.0288931
v 0.0217026 -0.0214783 0.0288183
v 0.0216632 -0.0214783 0.0287541
v 0.0216118 -0.0214783 0.0287048
v 0.0215520 -0.0214783 0.0286738
v 0.0215498 -0.0214991 0.0292731
v 0.0216076 -0.0215184 0.0292421
v 0.0216572 -0.0215351 0.0291928
v 0.0216953 -0.0215478 0.0291286
v 0.0217192 -0.0215559 0.0290537
v 0.0217274 -0.0215586 0.0289734
v 0.0217192 -0.0215559 0.0288931
v 0.0216953 -0.0215478 0.0288183
v 0.0216572 -0.0215351 0.0287541
v 0.0216076 -0.0215184 0.0287048
v 0.0215498 -0.0214991 0.0286738
v 0.0215434 -0.0215184 0.0292731
v 0.0215952 -0.0215559 0.0292421
v 0.0216397 -0.0215880 0.0291928
v 0.0216738 -0.0216126 0.0291286
v 0.0216953 -0.0216281 0.0290537
v 0.0217026 -0.0216334 0.0289734
v 0.0216953 -0.0216281 0.0288931
v 0.0216738 -0.0216126 0.0288183
v 0.0216397 -0.0215880 0.0287541
v 0.0215952 -0.0215559 0.0287048
v 0.0215434 -0.0215184 0.0286738
v 0.0215332 -0.0215351 0.0292731
v 0.0215755 -0.0215880 0.0292421
v 0.0216118 -0.0216334 0.0291928
v 0.0216397 -0.0216683 0.0291286
v 0.0216572 -0.0216902 0.0290537
v 0.0216632 -0.0216977 0.0289734
v 0.0216572 -0.0216902 0.0288931
v 0.0216397 -0.0216683 0.0288183
v 0.0216118 -0.0216334 0.0287541
v 0.0215755 -0.0215880 0.0287048
v 0.0215332 -0.0215351 0.0286738
v 0.0215199 -0.0215478 0.0292731
v 0.0215498 -0.0216126 0.0292421
v 0.0215755 -0.0216683 0.0291928
v 0.0215952 -0.0217110 0.0291286
v 0.0216076 -0.0217378 0.0290537
v 0.0216118 -0.0217470 0.0289734
v 0.0216076 -0.0217378 0.0288931
v 0.0215952 -0.0217110 0.0288183
v 0.0215755 -0.0216683 0.0287541
v 0.0215498 -0.0216126 0.0287048
v 0.0215199 -0.0215478 0.0286738
v 0.0215044 -0.0215559 0.0292731
v 0.0215199 -0.0216281 0.0292421
v 0.0215332 -0.0216902 0.0291928
v 0.0215434 -0.0217378 0.0291286
v 0.0215498 -0.0217678 0.0290537
v 0.0215520 -0.0217780 0.0289734
v 0.0215498 -0.0217678 0.0288931
v 0.0215434 -0.0217378 0.0288183
v 0.0215332 -0.0216902 0.0287541
v 0.0215199 -0.0216281 0.0287048
v 0.0215044 -0.0215559 0.0286738
v 0.0214878 -0.0215586 0.0292731
v 0.0214878 -0.0216334 0.0292421
v 0.0214878 -0.0216977 0.0291928
v 0.0214878 -0.0217470 0.0291286
v 0.0214878 -0.0217780 0.0290537
v 0.0214878 -0.0217885 0.0289734
v 0.0214878 -0.0217780 0.0288931
v 0.0214878 -0.0217470 0.0288183
v 0.0214878 -0.0216977 0.0287541
v 0.0214878 -0.0216334 0.0287048
v 0.0214878 -0.0215586 0.0286738
v 0.0214878 -0.0214783 0.0292837
v 0.0214711 -0.0215559 0.0292731
v 0.0214557 -0.0216281 0.0292421
v 0.0214424 -0.0216902 0.0291928
v 0.0214322 -0.0217378 0.0291286
v 0.0214257 -0.0217678 0.0290537
v 0.0214236 -0.0217780 0.0289734
v 0.0214257 -0.0217678 0.0288931
v 0.0214322 -0.0217378 0.0288183
v 0.0214424 -0.0216902 0.0287541
v 0.0214557 -0.0216281 0.0287048
v 0.0214711 -0.0215559 0.0286738
v 0.0214557 -0.0215478 0.0292731
v 0.0214257 -0.0216126 0.0292421
v 0.0214001 -0.0216683 0.0291928
v 0.0213803 -0.0217110 0.0291286
v 0.0213679 -0.0217378 0.0290537
v 0.0213637 -0.0217470 0.0289734
v 0.0213679 -0.0217378 0.0288931
v 0.0213803 -0.0217110 0.0288183
v 0.0214001 -0.0216683 0.0287541
v 0.0214257 -0.0216126 0.0287048
v 0.0214557 -0.0215478 0.0286738
v 0.0214424 -0.0215351 0.0292731
v 0.0214001 -0.0215880 0.0292421
v 0.0213637 -0.0216334 0.0291928
v 0.0213358 -0.0216683 0.0291286
v 0.0213183 -0.0216902 0.0290537
v 0.0213123 -0.0216977 0.0289734
v 0.0213183 -0.0216902 0.0288931
v 0.0213358 -0.0216683 0.0288183
v 0.0213637 -0.0216334 0.0287541
v 0.0214001 -0.0215880 0.0287048
v 0.0214424 -0.0215351 0.0286738
v 0.0214878 -0.0214783 0.0286632
v 0.0214322 -0.0215184 0.0292731
v 0.0213803 -0.0215559 0.0292421
v 0.0213358 -0.0215880 0.0291928
v 0.0213017 -0.0216126 0.0291286
v 0.0212802 -0.0216281 0.0290537
v 0.0212729 -0.0216334 0.0289734
v 0.0212802 -0.0216281 0.0288931
v 0.0213017 -0.0216126 0.0288183
v 0.0213358 -0.0215880 0.0287541
v 0.0213803 -0.0215559 0.0287048
v 0.0214322 -0.0215184 0.0286738
v 0.0214257 -0.0214991 0.0292731
v 0.0213679 -0.0215184 0.0292421
v 0.0213183 -0.0215351 0.0291928
v 0.0212802 -0.0215478 0.0291286
v 0.0212563 -0.0215559 0.0290537
v 0.0212481 -0.0215586 0.0289734
v 0.0212563 -0.0215559 0.0288931
v 0.0212802 -0.0215478 0.0288183
v 0.0213183 -0.0215351 0.0287541
v 0.0213679 -0.0215184 0.0287048
v 0.0214257 -0.0214991 0.0286738
v 0.0214236 -0.0214783 0.0292731
v 0.0213637 -0.0214783 0.0292421
v 0.0213123 -0.0214783 0.0291928
v 0.0212729 -0.0214783 0.0291286
v 0.0212481 -0.0214783 0.0290537
v 0.0212397 -0.0214783 0.0289734
v 0.0212481 -0.0214783 0.0288931
v 0.0212729 -0.0214783 0.0288183
v 0.0213123 -0.0214783 0.0287541
v 0.0213637 -0.0214783 0.0287048
v 0.0214236 -0.0214783 0.0286738
v 0.0214257 -0.0214575 0.0292731
v 0.0213679 -0.0214381 0.0292421
v 0.0213183 -0.0214215 0.0291928
v 0.0212802 -0.0214088 0.0291286
v 0.0212563 -0.0214007 0.0290537
v 0.0212481 -0.0213980 0.0289734
v 0.0212563 -0.0214007 0.0288931
v 0.0212802 -0.0214088 0.0288183
v 0.0213183 -0.0214215 0.0287541
v 0.0213679 -0.0214381 0.0287048
v 0.0214257 -0.0214575 0.0286738
v 0.0214322 -0.0214381 0.0292731
v 0.0213803 -0.0214007 0.0292421
v 0.0213358 -0.0213686 0.0291928
v 0.0213017 -0.0213440 0.0291286
v 0.0212802 -0.0213285 0.0290537
v 0.0212729 -0.0213232 0.0289734
v 0.0212802 -0.0213285 0.0288931
v 0.0213017 -0.0213440 0.0288183
v 0.0213358 -0.0213686 0.0287541
v 0.0213803 -0.0214007 0.0287048
v 0.0214322 -0.0214381 0.0286738
v 0.0214424 -0.0214215 0.0292731
v 0.0214001 -0.0213686 0.0292421
v 0.0213637 -0.0213232 0.0291928
v 0.0213358 -0.0212883 0.0291286
v 0.0213183 -0.0212664 0.0290537
v 0.0213123 -0.0212589 0.0289734
v 0.0213183 -0.0212664 0.0288931
v 0.0213358 -0.0212883 0.0288183
v 0.0213637 -0.0213232 0.0287541
v 0.0214001 -0.0213686 0.0287048
v 0.0214424 -0.0214215 0.0286738
v 0.0214557 -0.0214088 0.0292731
v 0.0214257 -0.0213440 0.0292421
v 0.0214001 -0.0212883 0.0291928
v 0.0213803 -0.0212456 0.0291286
v 0.0213679 -0.0212188 0.0290537
v 0.0213637 -0.0212096 0.0289734
v 0.0213679 -0.0212188 0.0288931
v 0.0213803 -0.0212456 0.0288183
v 0.0214001 -0.0212883 0.0287541
v 0.0214257 -0.0213440 0.0287048
v 0.0214557 -0.0214088 0.0286738
v 0.0214711 -0.0214007 0.0292731
v 0.0214557 -0.0213285 0.0292421
v 0.0214424 -0.0212664 0.0291928
v 0.0214322 -0.0212188 0.0291286
v 0.0214257 -0.0211888 0.0290537
v 0.0214236 -0.0211786 0.0289734
v 0.0214257 -0.0211888 0.0288931
v 0.0214322 -0.0212188 0.0288183
v 0.0214424 -0.0212664 0.0287541
v 0.0214557 -0.0213285 0.0287048
v 0.0214711 -0.0214007 0.0286738
v 0.0214878 -0.0213980 0.0292731
v 0.0214878 -0.0213232 0.0292421
v 0.0214878 -0.0211786 0.0290537
v 0.0214878 -0.0211680 0.0289734
v 0.0214878 -0.0211786 0.0288931
v 0.0214878 -0.0212096 0.0288183
v 0.0214878 -0.0212589 0.0287541
v 0.0214878 -0.0213232 0.0287048
v 0.0214878 -0.0213980 0.0286738
v 0.0233596 -0.0212589 0.0291928
v 0.0233596 -0.0212096 0.0291286
v 0.0233762 -0.0214007 0.0292731
v 0.0233917 -0.0213285 0.0292421
v 0.0234050 -0.0212664 0.0291928
v 0.0234152 -0.0212188 0.0291286
v 0.0234216 -0.0211888 0.0290537
v 0.0234238 -0.0211786 0.0289734
v 0.0234216 -0.0211888 0.0288931
v 0.0234152 -0.0212188 0.0288183
v 0.0234050 -0.0212664 0.0287541
v 0.0233917 -0.0213285 0.0287048
v 0.0233762 -0.0214007 0.0286738
v 0.0233917 -0.0214088 0.0292731
v 0.0234216 -0.0213440 0.0292421
v 0.0234473 -0.0212883 0.0291928
v 0.0234670 -0.0212456 0.0291286
v 0.0234794 -0.0212188 0.0290537
v 0.0234836 -0.0212096 0.0289734
v 0.0234794 -0.0212188 0.0288931
v 0.0234670 -0.0212456 0.0288183
v 0.0234473 -0.0212883 0.0287541
v 0.0234216 -0.0213440 0.0287048
v 0.0233917 -0.0214088 0.0286738
v 0.0234050 -0.0214215 0.0292731
v 0.0234473 -0.0213686 0.0292421
v 0.0234836 -0.0213232 0.0291928
v 0.0235115 -0.0212883 0.0291286
v 0.0235290 -0.0212664 0.0290537
v 0.0235350 -0.0212589 0.0289734
v 0.0235290 -0.0212664 0.0288931
v 0.0235115 -0.0212883 0.0288183
v 0.0234836 -0.0213232 0.0287541
v 0.0234473 -0.0213686 0.0287048
v 0.0234050 -0.0214215 0.0286738
v 0.0234152 -0.0214381 0.0292731
v 0.0234670 -0.0214007 0.0292421
v 0.0235115 -0.0213686 0.0291928
v 0.0235456 -0.0213440 0.0291286
v 0.0235671 -0.0213285 0.0290537
v 0.0235744 -0.0213232 0.0289734
v 0.0235671 -0.0213285 0.0288931
v 0.0235456 -0.0213440 0.0288183
v 0.0235115 -0.0213686 0.0287541
v 0.0234670 -0.0214007 0.0287048
v 0.0234152 -0.0214381 0.0286738
v 0.0234216 -0.0214575 0.0292731
v 0.0234794 -0.0214381 0.0292421
v 0.0235290 -0.0214215 0.0291928
v 0.0235671 -0.0214088 0.0291286
v 0.0235910 -0.0214007 0.0290537
v 0.0235992 -0.0213980 0.0289734
v 0.0235910 -0.0214007 0.0288931
v 0.0235671 -0.0214088 0.0288183
v 0.0235290 -0.0214215 0.0287541
v 0.0234794 -0.0214381 0.0287048
v 0.0234216 -0.0214575 0.0286738
v 0.0234238 -0.0214783 0.0292731
v 0.0234836 -0.0214783 0.0292421
v 0.0235350 -0.0214783 0.0291928
v 0.0235744 -0.0214783 0.0291286
v 0.0235992 -0.0214783 0.0290537
v 0.0236077 -0.0214783 0.0289734
v 0.0235992 -0.0214783 0.0288931
v 0.0235744 -0.0214783 0.0288183
v 0.0235350 -0.0214783 0.0287541
v 0.0234836 -0.0214783 0.0287048
v 0.0234238 -0.0214783 0.0286738
v 0.0234216 -0.0214991 0.0292731
v 0.0234794 -0.0215184 0.0292421
v 0.0235290 -0.0215351 0.0291928
v 0.0235671 -0.0215478 0.0291286
v 0.0235910 -0.0215559 0.0290537
v 0.0235992 -0.0215586 0.0289734
v 0.0235910 -0.0215559 0.0288931
v 0.0235671 -0.0215478 0.0288183
v 0.0235290 -0.0215351 0.0287541
v 0.0234794 -0.0215184 0.0287048
v 0.0234216 -0.0214991 0.0286738
v 0.0234152 -0.0215184 0.0292731
v 0.0234670 -0.0215559 0.0292421
v 0.0235115 -0.0215880 0.0291928
v 0.0235456 -0.0216126 0.0291286
v 0.0235671 -0.0216281 0.0290537
v 0.0235744 -0.0216334 0.0289734
v 0.0235671 -0.0216281 0.0288931
v 0.0235456 -0.0216126 0.0288183
v 0.0235115 -0.0215880 0.0287541
v 0.0234670 -0.0215559 0.0287048
v 0.0234152 -0.0215184 0.0286738
v 0.0234050 -0.0215351 0.0292731
v 0.0234473 -0.0215880 0.0292421
v 0.0234836 -0.0216334 0.0291928
v 0.0235115 -0.0216683 0.0291286
v 0.0235290 -0.0216902 0.0290537
v 0.0235350 -0.0216977 0.0289734
v 0.0235290 -0.0216902 0.0288931
v 0.0235115 -0.0216683 0.0288183
v 0.0234836 -0.0216334 0.0287541
v 0.0234473 -0.0215880 0.0287048
v 0.0234050 -0.0215351 0.0286738
v 0.0233917 -0.0215478 0.0292731
v 0.0234216 -0.0216126 0.0292421
v 0.0234473 -0.0216683 0.0291928
v 0.0234670 -0.0217110 0.0291286
v 0.0234794 -0.0217378 0.0290537
v 0.0234836 -0.0217470 0.0289734
v 0.0234794 -0.0217378 0.0288931
v 0.0234670 -0.0217110 0.0288183
v 0.0234473 -0.0216683 0.0287541
v 0.0234216 -0.0216126 0.0287048
v 0.0233917 -0.0215478 0.0286738
v 0.0233762 -0.0215559 0.0292731
v 0.0233917 -0.0216281 0.0292421
v 0.0234050 -0.0216902 0.0291928
v 0.0234152 -0.0217378 0.0291286
v 0.0234216 -0.0217678 0.0290537
v 0.0234238 -0.0217780 0.0289734
v 0.0234216 -0.0217678 0.0288931
v 0.0234152 -0.0217378 0.0288183
v 0.0234050 -0.0216902 0.0287541
v 0.0233917 -0.0216281 0.0287048
v 0.0233762 -0.0215559 0.0286738
v 0.0233596 -0.0215586 0.0292731
v 0.0233596 -0.0216334 0.0292421
v 0.0233596 -0.0216977 0.0291928
v 0.0233596 -0.0217470 0.0291286
v 0.0233596 -0.0217780 0.0290537
v 0.0233596 -0.0217885 0.0289734
v 0.0233596 -0.0217780 0.0288931
v 0.0233596 -0.0217470 0.0288183
v 0.0233596 -0.0216977 0.0287541
v 0.0233596 -0.0216334 0.0287048
v 0.0233596 -0.0215586 0.0286738
v 0.0233596 -0.0214783 0.0292837
v 0.0233429 -0.0215559 0.0292731
v 0.0233275 -0.0216281 0.0292421
v 0.0233142 -0.0216902 0.0291928
v 0.0233040 -0.0217378 0.0291286
v 0.0232975 -0.0217678 0.0290537
v 0.0232954 -0.0217780 0.0289734
v 0.0232975 -0.0217678 0.0288931
v 0.0233040 -0.0217378 0.0288183
v 0.0233142 -0.0216902 0.0287541
v 0.0233275 -0.0216281 0.0287048
v 0.0233429 -0.0215559 0.0286738
v 0.0233275 -0.0215478 0.0292731
v 0.0232975 -0.0216126 0.0292421
v 0.0232718 -0.0216683 0.0291928
v 0.0232521 -0.0217110 0.0291286
v 0.0232397 -0.0217378 0.0290537
v 0.0232355 -0.0217470 0.0289734
v 0.0232397 -0.0217378 0.0288931
v 0.0232521 -0.0217110 0.0288183
v 0.0232718 -0.0216683 0.0287541
v 0.0232975 -0.0216126 0.0287048
v 0.0233275 -0.0215478 0.0286738
v 0.0233142 -0.0215351 0.0292731
v 0.0232718 -0.0215880 0.0292421
v 0.0232355 -0.0216334 0.0291928
v 0.0232076 -0.0216683 0.0291286
v 0.0231901 -0.0216902 0.0290537
v 0.0231841 -0.0216977 0.0289734
v 0.0231901 -0.0216902 0.0288931
v 0.0232076 -0.0216683 0.0288183
v 0.0232355 -0.0216334 0.0287541
v 0.0232718 -0.0215880 0.0287048
v 0.0233142 -0.0215351 0.0286738
v 0.0233596 -0.0214783 0.0286632
v 0.0233040 -0.0215184 0.0292731
v 0.0232521 -0.0215559 0.0292421
v 0.0232076 -0.0215880 0.0291928
v 0.0231735 -0.0216126 0.0291286
v 0.0231520 -0.0216281 0.0290537
v 0.0231447 -0.0216334 0.0289734
v 0.0231520 -0.0216281 0.0288931
v 0.0231735 -0.0216126 0.0288183
v 0.0232076 -0.0215880 0.0287541
v 0.0232521 -0.0215559 0.0287048
v 0.0233040 -0.0215184 0.0286738
v 0.0232975 -0.0214991 0.0292731
v 0.0232397 -0.0215184 0.0292421
v 0.0231901 -0.0215351 0.0291928
v 0.0231520 -0.0215478 0.0291286
v 0.0231281 -0.0215559 0.0290537
v 0.0231199 -0.0215586 0.0289734
v 0.0231281 -0.0215559 0.0288931
v 0.0231520 -0.0215478 0.0288183
v 0.0231901 -0.0215351 0.0287541
v 0.0232397 -0.0215184 0.0287048
v 0.0232975 -0.0214991 0.0286738
v 0.0232954 -0.0214783 0.0292731
v 0.0232355 -0.0214783 0.0292421
v 0.0231841 -0.0214783 0.0291928
v 0.0231447 -0.0214783 0.0291286
v 0.0231199 -0.0214783 0.0290537
v 0.0231115 -0.0214783 0.0289734
v 0.0231199 -0.0214783 0.0288931
v 0.0231447 -0.0214783 0.0288183
v 0.0231841 -0.0214783 0.0287541
v 0.0232355 -0.0214783 0.0287048
v 0.0232954 -0.0214783 0.0286738
v 0.0232975 -0.0214575 0.0292731
v 0.0232397 -0.0214381 0.0292421
v 0.0231901 -0.0214215 0.0291928
v 0.0231520 -0.0214088 0.0291286
v 0.0231281 -0.0214007 0.0290537
v 0.0231199 -0.0213980 0.0289734
v 0.0231281 -0.0214007 0.0288931
v 0.0231520 -0.0214088 0.0288183
v 0.0231901 -0.0214215 0.0287541
v 0.0232397 -0.0214381 0.0287048
v 0.0232975 -0.0214575 0.0286738
v 0.0233040 -0.0214381 0.0292731
v 0.0232521 -0.0214007 0.0292421
v 0.0232076 -0.0213686 0.0291928
v 0.0231735 -0.0213440 0.0291286
v 0.0231520 -0.0213285 0.0290537
v 0.0231447 -0.0213232 0.0289734
v 0.0231520 -0.0213285 0.0288931
v 0.0231735 -0.0213440 0.0288183
v 0.0232076 -0.0213686 0.0287541
v 0.0232521 -0.0214007 0.0287048
v 0.0233040 -0.0214381 0.0286738
v 0.0233142 -0.0214215 0.0292731
v 0.0232718 -0.0213686 0.0292421
v 0.0232355 -0.0213232 0.0291928
v 0.0232076 -0.0212883 0.0291286
v 0.0231901 -0.0212664 0.0290537
v 0.0231841 -0.0212589 0.0289734
v 0.0231901 -0.0212664 0.0288931
v 0.0232076 -0.0212883 0.0288183
v 0.0232355 -0.0213232 0.0287541
v 0.0232718 -0.0213686 0.0287048
v 0.0233142 -0.0214215 0.0286738
v 0.0233275 -0.0214088 0.0292731
v 0.0232975 -0.0213440 0.0292421
v 0.0232718 -0.0212883 0.0291928
v 0.0232521 -0.0212456 0.0291286
v 0.0232397 -0.0212188 0.0290537
v 0.0232355 -0.0212096 0.0289734
v 0.0232397 -0.0212188 0.0288931
v 0.0232521 -0.0212456 0.0288183
v 0.0232718 -0.0212883 0.0287541
v 0.0232975 -0.0213440 0.0287048
v 0.0233275 -0.0214088 0.0286738
v 0.0233429 -0.0214007 0.0292731
v 0.0233275 -0.0213285 0.0292421
v 0.0233142 -0.0212664 0.0291928
v 0.0233040 -0.0212188 0.0291286
v 0.0232975 -0.0211888 0.0290537
v 0.0232954 -0.0211786 0.0289734
v 0.0232975 -0.0211888 0.0288931
v 0.0233040 -0.0212188 0.0288183
v 0.0233142 -0.0212664 0.0287541
v 0.0233275 -0.0213285 0.0287048
v 0.0233429 -0.0214007 0.0286738
v 0.0233596 -0.0213980 0.0292731
v 0.0233596 -0.0213232 0.0292421
v 0.0233596 -0.0211786 0.0290537
v 0.0233596 -0.0211680 0.0289734
v 0.0233596 -0.0211786 0.0288931
v 0.0233596 -0.0212096 0.0288183
v 0.0233596 -0.0212589 0.0287541
v 0.0233596 -0.0213232 0.0287048
v 0.0233596 -0.0213980 0.0286738
v 0.0248739 -0.0212589 0.0305686
v 0.0248739 -0.0212096 0.0305044
v 0.0248905 -0.0214007 0.0306489
v 0.0249060 -0.0213285 0.0306179
v 0.0249193 -0.0212664 0.0305686
v 0.0249295 -0.0212188 0.0305044
v 0.0249359 -0.0211888 0.0304296
v 0.0249381 -0.0211786 0.0303493
v 0.0249359 -0.0211888 0.0302690
v 0.0249295 -0.0212188 0.0301941
v 0.0249193 -0.0212664 0.0301299
v 0.0249060 -0.0213285 0.0300806
v 0.0248905 -0.0214007 0.0300496
v 0.0249060 -0.0214088 0.0306489
v 0.0249359 -0.0213440 0.0306179
v 0.0249616 -0.0212883 0.0305686
v 0.0249813 -0.0212456 0.0305044
v 0.0249937 -0.0212188 0.0304296
v 0.0249979 -0.0212096 0.0303493
v 0.0249937 -0.0212188 0.0302690
v 0.0249813 -0.0212456 0.0301941
v 0.0249616 -0.0212883 0.0301299
v 0.0249359 -0.0213440 0.0300806
v 0.0249060 -0.0214088 0.0300496
v 0.0249193 -0.0214215 0.0306489
v 0.0249616 -0.0213686 0.0306179
v 0.0249979 -0.0213232 0.0305686
v 0.0250258 -0.0212883 0.0305044
v 0.0250433 -0.0212664 0.0304296
v 0.0250493 -0.0212589 0.0303493
v 0.0250433 -0.0212664 0.0302690
v 0.0250258 -0.0212883 0.0301941
v 0.0249979 -0.0213232 0.0301299
v 0.0249616 -0.0213686 0.0300806
v 0.0249193 -0.0214215 0.0300496
v 0.0249295 -0.0214381 0.0306489
v 0.0249813 -0.0214007 0.0306179
v 0.0250258 -0.0213686 0.0305686
v 0.0250599 -0.0213440 0.0305044
v 0.0250814 -0.0213285 0.0304296
v 0.0250887 -0.0213232 0.0303493
v 0.0250814 -0.0213285 0.0302690
v 0.0250599 -0.0213440 0.0301941
v 0.0250258 -0.0213686 0.0301299
v 0.0249813 -0.0214007 0.0300806
v 0.0249295 -0.0214381 0.0300496
v 0.0249359 -0.0214575 0.0306489
v 0.0249937 -0.0214381 0.0306179
v 0.0250433 -0.0214215 0.0305686
v 0.0250814 -0.0214088 0.0305044
v 0.0251053 -0.0214007 0.0304296
v 0.0251135 -0.0213980 0.0303493
v 0.0251053 -0.0214007 0.0302690
v 0.0250814 -0.0214088 0.0301941
v 0.0250433 -0.0214215 0.0301299
v 0.0249937 -0.0214381 0.0300806
v 0.0249359 -0.0214575 0.0300496
v 0.0249381 -0.0214783 0.0306489
v 0.0249979 -0.0214783 0.0306179
v 0.0250493 -0.0214783 0.0305686
v 0.0250887 -0.0214783 0.0305044
v 0.0251135 -0.0214783 0.0304296
v 0.0251220 -0.0214783 0.0303493
v 0.0251135 -0.0214783 0.0302690
v 0.0250887 -0.0214783 0.0301941
v 0.0250493 -0.0214783 0.0301299
v 0.0249979 -0.0214783 0.0300806
v 0.0249381 -0.0214783 0.0300496
v 0.0249359 -0.0214991 0.0306489
v 0.0249937 -0.0215184 0.0306179
v 0.0250433 -0.0215351 0.0305686
v 0.0250814 -0.0215478 0.0305044
v 0.0251053 -0.0215559 0.0304296
v 0.0251135 -0.0215586 0.0303493
v 0.0251053 -0.0215559 0.0302690
v 0.0250814 -0.0215478 0.0301941
v 0.0250433 -0.0215351 0.0301299
v 0.0249937 -0.0215184 0.0300806
v 0.0249359 -0.0214991 0.0300496
v 0.0249295 -0.0215184 0.0306489
v 0.0249813 -0.0215559 0.0306179
v 0.0250258 -0.0215880 0.0305686
v 0.0250599 -0.0216126 0.0305044
v 0.0250814 -0.0216281 0.0304296
v 0.0250887 -0.0216334 0.0303493
v 0.0250814 -0.0216281 0.0302690
v 0.0250599 -0.0216126 0.0301941
v 0.0250258 -0.0215880 0.0301299
v 0.0249813 -0.0215559 0.0300806
v 0.0249295 -0.0215184 0.0300496
v 0.0249193 -0.0215351 0.0306489
v 0.0249616 -0.0215880 0.0306179
v 0.0249979 -0.0216334 0.0305686
v 0.0250258 -0.0216683 0.0305044
v 0.0250433 -0.0216902 0.0304296
v 0.0250493 -0.0216977 0.0303493
v 0.0250433 -0.0216902 0.0302690
v 0.0250258 -0.0216683 0.0301941
v 0.0249979 -0.0216334 0.0301299
v 0.0249616 -0.0215880 0.0300806
v 0.0249193 -0.0215351 0.0300496
v 0.0249060 -0.0215478 0.0306489
v 0.0249359 -0.0216126 0.0306179
v 0.0249616 -0.0216683 0.0305686
v 0.0249813 -0.0217110 0.0305044
v 0.0249937 -0.0217378 0.0304296
v 0.0249979 -0.0217470 0.0303493
v 0.0249937 -0.0217378 0.0302690
v 0.0249813 -0.0217110 0.0301941
v 0.0249616 -0.0216683 0.0301299
v 0.0249359 -0.0216126 0.0300806
v 0.0249060 -0.0215478 0.0300496
v 0.0248905 -0.0215559 0.0306489
v 0.0249060 -0.0216281 0.0306179
v 0.0249193 -0.0216902 0.0305686
v 0.0249295 -0.0217378 0.0305044
v 0.0249359 -0.0217678 0.0304296
v 0.0249381 -0.0217780 0.0303493
v 0.0249359 -0.0217678 0.0302690
v 0.0249295 -0.0217378 0.0301941
v 0.0249193 -0.0216902 0.0301299
v 0.0249060 -0.0216281 0.0300806
v 0.0248905 -0.0215559 0.0300496
v 0.0248739 -0.0215586 0.0306489
v 0.0248739 -0.0216334 0.0306179
v 0.0248739 -0.0216977 0.0305686
v 0.0248739 -0.0217470 0.0305044
v 0.0248739 -0.0217780 0.0304296
v 0.0248739 -0.0217885 0.0303493
v 0.0248739 -0.0217780 0.0302690
v 0.0248739 -0.0217470 0.0301941
v 0.0248739 -0.0216977 0.0301299
v 0.0248739 -0.0216334 0.0300806
v 0.0248739 -0.0215586 0.0300496
v 0.0248739 -0.0214783 0.0306595
v 0.0248573 -0.0215559 0.0306489
v 0.0248418 -0.0216281 0.0306179
v 0.0248285 -0.0216902 0.0305686
v 0.0248183 -0.0217378 0.0305044
v 0.0248119 -0.0217678 0.0304296
v 0.0248097 -0.0217780 0.0303493
v 0.0248119 -0.0217678 0.0302690
v 0.0248183 -0.0217378 0.0301941
v 0.0248285 -0.0216902 0.0301299
v 0.0248418 -0.0216281 0.0300806
v 0.0248573 -0.0215559 0.0300496
v 0.0248418 -0.0215478 0.0306489
v 0.0248119 -0.0216126 0.0306179
v 0.0247862 -0.0216683 0.0305686
v 0.0247664 -0.0217110 0.0305044
v 0.0247541 -0.0217378 0.0304296
v 0.0247498 -0.0217470 0.0303493
v 0.0247541 -0.0217378 0.0302690
v 0.0247664 -0.0217110 0.0301941
v 0.0247862 -0.0216683 0.0301299
v 0.0248119 -0.0216126 0.0300806
v 0.0248418 -0.0215478 0.0300496
v 0.0248285 -0.0215351 0.0306489
v 0.0247862 -0.0215880 0.0306179
v 0.0247498 -0.0216334 0.0305686
v 0.0247219 -0.0216683 0.0305044
v 0.0247044 -0.0216902 0.0304296
v 0.0246984 -0.0216977 0.0303493
v 0.0247044 -0.0216902 0.0302690
v 0.0247219 -0.0216683 0.0301941
v 0.0247498 -0.0216334 0.0301299
v 0.0247862 -0.0215880 0.0300806
v 0.0248285 -0.0215351 0.0300496
v 0.0248739 -0.0214783 0.0300390
v 0.0248183 -0.0215184 0.0306489
v 0.0247664 -0.0215559 0.0306179
v 0.0247219 -0.0215880 0.0305686
v 0.0246878 -0.0216126 0.0305044
v 0.0246663 -0.0216281 0.0304296
v 0.0246590 -0.0216334 0.0303493
v 0.0246663 -0.0216281 0.0302690
v 0.0246878 -0.0216126 0.0301941
v 0.0247219 -0.0215880 0.0301299
v 0.0247664 -0.0215559 0.0300806
v 0.0248183 -0.0215184 0.0300496
v 0.0248119 -0.0214991 0.0306489
v 0.0247541 -0.0215184 0.0306179
v 0.0247044 -0.0215351 0.0305686
v 0.0246663 -0.0215478 0.0305044
v 0.0246424 -0.0215559 0.0304296
v 0.0246342 -0.0215586 0.0303493
v 0.0246424 -0.0215559 0.0302690
v 0.0246663 -0.0215478 0.0301941
v 0.0247044 -0.0215351 0.0301299
v 0.0247541 -0.0215184 0.0300806
v 0.0248119 -0.0214991 0.0300496
v 0.0248097 -0.0214783 0.0306489
v 0.0247498 -0.0214783 0.0306179
v 0.0246984 -0.0214783 0.0305686
v 0.0246590 -0.0214783 0.0305044
v 0.0246342 -0.0214783 0.0304296
v 0.0246258 -0.0214783 0.0303493
v 0.0246342 -0.0214783 0.0302690
v 0.0246590 -0.0214783 0.0301941
v 0.0246984 -0.0214783 0.0301299
v 0.0247498 -0.0214783 0.0300806
v 0.0248097 -0.0214783 0.0300496
v 0.0248119 -0.0214575 0.0306489
v 0.0247541 -0.0214381 0.0306179
v 0.0247044 -0.0214215 0.0305686
v 0.0246663 -0.0214088 0.0305044
v 0.0246424 -0.0214007 0.0304296
v 0.0246342 -0.0213980 0.0303493
v 0.0246424 -0.0214007 0.0302690
v 0.0246663 -0.0214088 0.0301941
v 0.0247044 -0.0214215 0.0301299
v 0.0247541 -0.0214381 0.0300806
v 0.0248119 -0.0214575 0.0300496
v 0.0248183 -0.0214381 0.0306489
v 0.0247664 -0.0214007 0.0306179
v 0.0247219 -0.0213686 0.0305686
v 0.0246878 -0.0213440 0.0305044
v 0.0246663 -0.0213285 0.0304296
v 0.0246590 -0.0213232 0.0303493
v 0.0246663 -0.0213285 0.0302690
v 0.0246878 -0.0213440 0.0301941
v 0.0247219 -0.0213686 0.0301299
v 0.0247664 -0.0214007 0.0300806
v 0.0248183 -0.0214381 0.0300496
v 0.0248285 -0.0214215 0.0306489
v 0.0247862 -0.0213686 0.0306179
v 0.0247498 -0.0213232 0.0305686
v 0.0247219 -0.0212883 0.0305044
v 0.0247044 -0.0212664 0.0304296
v 0.0246984 -0.0212589 0.0303493
v 0.0247044 -0.0212664 0.0302690
v 0.0247219 -0.0212883 0.0301941
v 0.0247498 -0.0213232 0.0301299
v 0.0247862 -0.0213686 0.0300806
v 0.0248285 -0.0214215 0.0300496
v 0.0248418 -0.0214088 0.0306489
v 0.0248119 -0.0213440 0.0306179
v 0.0247862 -0.0212883 0.0305686
v 0.0247664 -0.0212456 0.0305044
v 0.0247541 -0.0212188 0.0304296
v 0.0247498 -0.0212096 0.0303493
v 0.0247541 -0.0212188 0.0302690
v 0.0247664 -0.0212456 0.0301941
v 0.0247862 -0.0212883 0.0301299
v 0.0248119 -0.0213440 0.0300806
v 0.0248418 -0.0214088 0.0300496
v 0.0248573 -0.0214007 0.0306489
v 0.0248418 -0.0213285 0.0306179
v 0.0248285 -0.0212664 0.0305686
v 0.0248183 -0.0212188 0.0305044
v 0.0248119 -0.0211888 0.0304296
v 0.0248097 -0.0211786 0.0303493
v 0.0248119 -0.0211888 0.0302690
v 0.0248183 -0.0212188 0.0301941
v 0.0248285 -0.0212664 0.0301299
v 0.0248418 -0.0213285 0.0300806
v 0.0248573 -0.0214007 0.0300496
v 0.0248739 -0.0213980 0.0306489
v 0.0248739 -0.0213232 0.0306179
v 0.0248739 -0.0211786 0.0304296
v 0.0248739 -0.0211680 0.0303493
v 0.0248739 -0.0211786 0.0302690
v 0.0248739 -0.0212096 0.0301941
v 0.0248739 -0.0212589 0.0301299
v 0.0248739 -0.0213232 0.0300806
v 0.0248739 -0.0213980 0.0300496
f 1 4 6
f 1 6 5
f 4 8 9
f 4 9 6
f 2 7 9
f 2 9 8
f 7 11 12
f 7 12 9
f 3 10 12
f 3 12 11
f 10 5 6
f 10 6 12
f 6 9 12
f 13 16 18
f 13 18 17
f 16 20 21
f 16 21 18
f 14 19 21
f 14 21 20
f 19 23 24
f 19 24 21
f 15 22 24
f 15 24 23
f 22 17 18
f 22 18 24
f 18 21 24
f 25 28 30
f 25 30 29
f 28 32 33
f 28 33 30
f 26 31 33
f 26 33 32
f 31 35 36
f 31 36 33
f 27 34 36
f 27 36 35
f 34 29 30
f 34 30 36
f 30 33 36
f 37 40 42
f 37 42 41
f 40 44 45
f 40 45 42
f 38 43 45
f 38 45 44
f 43 47 48
f 43 48 45
f 39 46 48
f 39 48 47
f 46 41 42
f 46 42 48
f 42 45 48
f 49 52 54
f 49 54 53
f 52 56 57
f 52 57 54
f 50 55 57
f 50 57 56
f 55 59 60
f 55 60 57
f 51 58 60
f 51 60 59
f 58 53 54
f 58 54 60
f 54 57 60
f 61 64 66
f 61 66 65
f 64 68 69
f 64 69 66
f 62 67 69
f 62 69 68
f 67 71 72
f 67 72 69
f 63 70 72
f 63 72 71
f 70 65 66
f 70 66 72
f 66 69 72
f 73 76 78
f 73 78 77
f 76 80 81
f 76 81 78
f 74 79 81
f 74 81 80
f 79 83 84
f 79 84 81
f 75 82 84
f 75 84 83
f 82 77 78
f 82 78 84
f 78 81 84
f 85 88 90
f 85 90 89
f 88 92 93
f 88 93 90
f 86 91 93
f 86 93 92
f 91 95 96
f 91 96 93
f 87 94 96
f 87 96 95
f 94 89 90
f 94 90 96
f 90 93 96
f 25 1 5
f 25 5 28
f 28 5 10
f 28 10 32
f 32 10 3
f 32 3 26
f 2 13 17
f 2 17 7
f 7 17 22
f 7 22 11
f 11 22 15
f 11 15 3
f 14 37 41
f 14 41 19
f 19 41 46
f 19 46 23
f 23 46 39
f 23 39 15
f 38 27 35
f 38 35 43
f 43 35 31
f 43 31 47
f 47 31 26
f 47 26 39
f 73 25 29
f 73 29 76
f 76 29 34
f 76 34 80
f 80 34 27
f 80 27 74
f 37 85 89
f 37 89 40
f 40 89 94
f 40 94 44
f 44 94 87
f 44 87 38
f 86 75 83
f 86 83 91
f 91 83 79
f 91 79 95
f 95 79 74
f 95 74 87
f 49 73 77
f 49 77 52
f 52 77 82
f 52 82 56
f 56 82 75
f 56 75 50
f 85 61 65
f 85 65 88
f 88 65 70
f 88 70 92
f 92 70 63
f 92 63 86
f 62 51 59
f 62 59 67
f 67 59 55
f 67 55 71
f 71 55 50
f 71 50 63
f 1 49 53
f 1 53 4
f 4 53 58
f 4 58 8
f 8 58 51
f 8 51 2
f 61 14 20
f 61 20 64
f 64 20 16
f 64 16 68
f 68 16 13
f 68 13 62
f 25 73 49
f 25 49 1
f 3 15 39
f 3 39 26
f 51 62 13
f 51 13 2
f 85 37 14
f 85 14 61
f 27 38 87
f 27 87 74
f 75 86 63
f 75 63 50
f 97 100 102
f 97 102 101
f 100 104 105
f 100 105 102
f 98 103 105
f 98 105 104
f 103 107 108
f 103 108 105
f 99 106 108
f 99 108 107
f 106 101 102
f 106 102 108
f 102 105 108
f 109 112 114
f 109 114 113
f 112 116 117
f 112 117 114
f 110 115 117
f 110 117 116
f 115 119 120
f 115 120 117
f 111 118 120
f 111 120 119
f 118 113 114
f 118 114 120
f 114 117 120
f 121 124 126
f 121 126 125
f 124 128 129
f 124 129 126
f 122 127 129
f 122 129 128
f 127 131 132
f 127 132 129
f 123 130 132
f 123 132 131
f 130 125 126
f 130 126 132
f 126 129 132
f 133 136 138
f 133 138 137
f 136 140 141
f 136 141 138
f 134 139 141
f 134 141 140
f 139 143 144
f 139 144 141
f 135 142 144
f 135 144 143
f 142 137 138
f 142 138 144
f 138 141 144
f 145 148 150
f 145 150 149
f 148 152 153
f 148 153 150
f 146 151 153
f 146 153 152
f 151 155 156
f 151 156 153
f 147 154 156
f 147 156 155
f 154 149 150
f 154 150 156
f 150 153 156
f 157 160 162
f 157 162 161
f 160 164 165
f 160 165 162
f 158 163 165
f 158 165 164
f 163 167 168
f 163 168 165
f 159 166 168
f 159 168 167
f 166 161 162
f 166 162 168
f 162 165 168
f 169 172 174
f 169 174 173
f 172 176 177
f 172 177 174
f 170 175 177
f 170 177 176
f 175 179 180
f 175 180 177
f 171 178 180
f 171 180 179
f 178 173 174
f 178 174 180
f 174 177 180
f 181 184 186
f 181 186 185
f 184 188 189
f 184 189 186
f 182 187 189
f 182 189 188
f 187 191 192
f 187 192 189
f 183 190 192
f 183 192 191
f 190 185 186
f 190 186 192
f 186 189 192
f 121 97 101
f 121 101 124
f 124 101 106
f 124 106 128
f 128 106 99
f 128 99 122
f 98 109 113
f 98 113 103
f 103 113 118
f 103 118 107
f 107 118 111
f 107 111 99
f 110 133 137
f 110 137 115
f 115 137 142
f 115 142 119
f 119 142 135
f 119 135 111
f 134 123 131
f 134 131 139
f 139 131 127
f 139 127 143
f 143 127 122
f 143 122 135
f 169 121 125
f 169 125 172
f 172 125 130
f 172 130 176
f 176 130 123
f 176 123 170
f 133 181 185
f 133 185 136
f 136 185 190
f 136 190 140
f 140 190 183
f 140 183 134
f 182 171 179
f 182 179 187
f 187 179 175
f 187 175 191
f 191 175 170
f 191 170 183
f 145 169 173
f 145 173 148
f 148 173 178
f 148 178 152
f 152 178 171
f 152 171 146
f 181 157 161
f 181 161 184
f 184 161 166
f 184 166 188
f 188 166 159
f 188 159 182
f 158 147 155
f 158 155 163
f 163 155 151
f 163 151 167
f 167 151 146
f 167 146 159
f 97 145 149
f 97 149 100
f 100 149 154
f 100 154 104
f 104 154 147
f 104 147 98
f 157 110 116
f 157 116 160
f 160 116 112
f 160 112 164
f 164 112 109
f 164 109 158
f 121 169 145
f 121 145 97
f 99 111 135
f 99 135 122
f 147 158 109
f 147 109 98
f 181 133 110
f 181 110 157
f 123 134 183
f 123 183 170
f 171 182 159
f 171 159 146
f 194 193 197
f 194 197 198
f 458 457 204
f 458 204 205
f 450 327 195
f 455 454 201
f 455 201 202
f 452 194 198
f 452 198 199
f 361 458 205
f 451 450 195
f 451 195 196
f 456 455 202
f 456 202 203
f 453 452 199
f 453 199 200
f 193 451 196
f 193 196 197
f 457 456 203
f 457 203 204
f 454 453 200
f 454 200 201
f 203 202 213
f 203 213 214
f 200 199 210
f 200 210 211
f 197 196 207
f 197 207 208
f 204 203 214
f 204 214 215
f 201 200 211
f 201 211 212
f 198 197 208
f 198 208 209
f 205 204 215
f 205 215 216
f 195 327 206
f 202 201 212
f 202 212 213
f 199 198 209
f 199 209 210
f 361 205 216
f 196 195 206
f 196 206 207
f 206 327 217
f 213 212 223
f 213 223 224
f 210 209 220
f 210 220 221
f 361 216 227
f 207 206 217
f 207 217 218
f 214 213 224
f 214 224 225
f 211 210 221
f 211 221 222
f 208 207 218
f 208 218 219
f 215 214 225
f 215 225 226
f 212 211 222
f 212 222 223
f 209 208 219
f 209 219 220
f 216 215 226
f 216 226 227
f 226 225 236
f 226 236 237
f 223 222 233
f 223 233 234
f 220 219 230
f 220 230 231
f 227 226 237
f 227 237 238
f 217 327 228
f 224 223 234
f 224 234 235
f 221 220 231
f 221 231 232
f 361 227 238
f 218 217 228
f 218 228 229
f 225 224 235
f 225 235 236
f 222 221 232
f 222 232 233
f 219 218 229
f 219 229 230
f 229 228 239
f 229 239 240
f 236 235 246
f 236 246 247
f 233 232 243
f 233 243 244
f 230 229 240
f 230 240 241
f 237 236 247
f 237 247 248
f 234 233 244
f 234 244 245
f 231 230 241
f 231 241 242
f 238 237 248
f 238 248 249
f 228 327 239
f 235 234 245
f 235 245 246
f 232 231 242
f 232 242 243
f 361 238 249
f 249 248 259
f 249 259 260
f 239 327 250
f 246 245 256
f 246 256 257
f 243 242 253
f 243 253 254
f 361 249 260
f 240 239 250
f 240 250 251
f 247 246 257
f 247 257 258
f 244 243 254
f 244 254 255
f 241 240 251
f 241 251 252
f 248 247 258
f 248 258 259
f 245 244 255
f 245 255 256
f 242 241 252
f 242 252 253
f 252 251 262
f 252 262 263
f 259 258 269
f 259 269 270
f 256 255 266
f 256 266 267
f 253 252 263
f 253 263 264
f 260 259 270
f 260 270 271
f 250 327 261
f 257 256 267
f 257 267 268
f 254 253 264
f 254 264 265
f 361 260 271
f 251 250 261
f 251 261 262
f 258 257 268
f 258 268 269
f 255 254 265
f 255 265 266
f 361 271 282
f 262 261 272
f 262 272 273
f 269 268 279
f 269 279 280
f 266 265 276
f 266 276 277
f 263 262 273
f 263 273 274
f 270 269 280
f 270 280 281
f 267 266 277
f 267 277 278
f 264 263 274
f 264 274 275
f 271 270 281
f 271 281 282
f 261 327 272
f 268 267 278
f 268 278 279
f 265 264 275
f 265 275 276
f 275 274 285
f 275 285 286
f 282 281 292
f 282 292 293
f 272 327 283
f 279 278 289
f 279 289 290
f 276 275 286
f 276 286 287
f 361 282 293
f 273 272 283
f 273 283 284
f 280 279 290
f 280 290 291
f 277 276 287
f 277 287 288
f 274 273 284
f 274 284 285
f 281 280 291
f 281 291 292
f 278 277 288
f 278 288 289
f 285 284 295
f 285 295 296
f 292 291 302
f 292 302 303
f 289 288 299
f 289 299 300
f 286 285 296
f 286 296 297
f 293 292 303
f 293 303 304
f 283 327 294
f 290 289 300
f 290 300 301
f 287 286 297
f 287 297 298
f 361 293 304
f 284 283 294
f 284 294 295
f 291 290 301
f 291 301 302
f 288 287 298
f 288 298 299
f 298 297 308
f 298 308 309
f 361 304 315
f 295 294 305
f 295 305 306
f 302 301 312
f 302 312 313
f 299 298 309
f 299 309 310
f 296 295 306
f 296 306 307
f 303 302 313
f 303 313 314
f 300 299 310
f 300 310 311
f 297 296 307
f 297 307 308
f 304 303 314
f 304 314 315
f 294 327 305
f 301 300 311
f 301 311 312
f 308 307 318
f 308 318 319
f 315 314 325
f 315 325 326
f 305 327 316
f 312 311 322
f 312 322 323
f 309 308 319
f 309 319 320
f 361 315 326
f 306 305 316
f 306 316 317
f 313 312 323
f 313 323 324
f 310 309 320
f 310 320 321
f 307 306 317
f 307 317 318
f 314 313 324
f 314 324 325
f 311 310 321
f 311 321 322
f 321 320 332
f 321 332 333
f 318 317 329
f 318 329 330
f 325 324 336
f 325 336 337
f 322 321 333
f 322 333 334
f 319 318 330
f 319 330 331
f 326 325 337
f 326 337 338
f 316 327 328
f 323 322 334
f 323 334 335
f 320 319 331
f 320 331 332
f 361 326 338
f 317 316 328
f 317 328 329
f 324 323 335
f 324 335 336
f 332 331 342
f 332 342 343
f 361 338 349
f 329 328 339
f 329 339 340
f 336 335 346
f 336 346 347
f 333 332 343
f 333 343 344
f 330 329 340
f 330 340 341
f 337 336 347
f 337 347 348
f 334 333 344
f 334 344 345
f 331 330 341
f 331 341 342
f 338 337 348
f 338 348 349
f 328 327 339
f 335 334 345
f 335 345 346
f 345 344 355
f 345 355 356
f 342 341 352
f 342 352 353
f 349 348 359
f 349 359 360
f 339 327 350
f 346 345 356
f 346 356 357
f 343 342 353
f 343 353 354
f 361 349 360
f 340 339 350
f 340 350 351
f 347 346 357
f 347 357 358
f 344 343 354
f 344 354 355
f 341 340 351
f 341 351 352
f 348 347 358
f 348 358 359
f 355 354 366
f 355 366 367
f 352 351 363
f 352 363 364
f 359 358 370
f 359 370 371
f 356 355 367
f 356 367 368
f 353 352 364
f 353 364 365
f 360 359 371
f 360 371 372
f 350 327 362
f 357 356 368
f 357 368 369
f 354 353 365
f 354 365 366
f 361 360 372
f 351 350 362
f 351 362 363
f 358 357 369
f 358 369 370
f 369 368 379
f 369 379 380
f 366 365 376
f 366 376 377
f 361 372 383
f 363 362 373
f 363 373 374
f 370 369 380
f 370 380 381
f 367 366 377
f 367 377 378
f 364 363 374
f 364 374 375
f 371 370 381
f 371 381 382
f 368 367 378
f 368 378 379
f 365 364 375
f 365 375 376
f 372 371 382
f 372 382 383
f 362 327 373
f 379 378 389
f 379 389 390
f 376 375 386
f 376 386 387
f 383 382 393
f 383 393 394
f 373 327 384
f 380 379 390
f 380 390 391
f 377 376 387
f 377 387 388
f 361 383 394
f 374 373 384
f 374 384 385
f 381 380 391
f 381 391 392
f 378 377 388
f 378 388 389
f 375 374 385
f 375 385 386
f 382 381 392
f 382 392 393
f 392 391 402
f 392 402 403
f 389 388 399
f 389 399 400
f 386 385 396
f 386 396 397
f 393 392 403
f 393 403 404
f 390 389 400
f 390 400 401
f 387 386 397
f 387 397 398
f 394 393 404
f 394 404 405
f 384 327 395
f 391 390 401
f 391 401 402
f 388 387 398
f 388 398 399
f 361 394 405
f 385 384 395
f 385 395 396
f 395 327 406
f 402 401 412
f 402 412 413
f 399 398 409
f 399 409 410
f 361 405 416
f 396 395 406
f 396 406 407
f 403 402 413
f 403 413 414
f 400 399 410
f 400 410 411
f 397 396 407
f 397 407 408
f 404 403 414
f 404 414 415
f 401 400 411
f 401 411 412
f 398 397 408
f 398 408 409
f 405 404 415
f 405 415 416
f 415 414 425
f 415 425 426
f 412 411 422
f 412 422 423
f 409 408 419
f 409 419 420
f 416 415 426
f 416 426 427
f 406 327 417
f 413 412 423
f 413 423 424
f 410 409 420
f 410 420 421
f 361 416 427
f 407 406 417
f 407 417 418
f 414 413 424
f 414 424 425
f 411 410 421
f 411 421 422
f 408 407 418
f 408 418 419
f 418 417 428
f 418 428 429
f 425 424 435
f 425 435 436
f 422 421 432
f 422 432 433
f 419 418 429
f 419 429 430
f 426 425 436
f 426 436 437
f 423 422 433
f 423 433 434
f 420 419 430
f 420 430 431
f 427 426 437
f 427 437 438
f 417 327 428
f 424 423 434
f 424 434 435
f 421 420 431
f 421 431 432
f 361 427 438
f 438 437 448
f 438 448 449
f 428 327 439
f 435 434 445
f 435 445 446
f 432 431 442
f 432 442 443
f 361 438 449
f 429 428 439
f 429 439 440
f 436 435 446
f 436 446 447
f 433 432 443
f 433 443 444
f 430 429 440
f 430 440 441
f 437 436 447
f 437 447 448
f 434 433 444
f 434 444 445
f 431 430 441
f 431 441 442
f 441 440 451
f 441 451 193
f 448 447 456
f 448 456 457
f 445 444 453
f 445 453 454
f 442 441 193
f 442 193 194
f 449 448 457
f 449 457 458
f 439 327 450
f 446 445 454
f 446 454 455
f 443 442 194
f 443 194 452
f 361 449 458
f 440 439 450
f 440 450 451
f 447 446 455
f 447 455 456
f 444 443 452
f 444 452 453
f 460 459 463
f 460 463 464
f 724 723 470
f 724 470 471
f 716 593 461
f 721 720 467
f 721 467 468
f 718 460 464
f 718 464 465
f 627 724 471
f 717 716 461
f 717 461 462
f 722 721 468
f 722 468 469
f 719 718 465
f 719 465 466
f 459 717 462
f 459 462 463
f 723 722 469
f 723 469 470
f 720 719 466
f 720 466 467
f 469 468 479
f 469 479 480
f 466 465 476
f 466 476 477
f 463 462 473
f 463 473 474
f 470 469 480
f 470 480 481
f 467 466 477
f 467 477 478
f 464 463 474
f 464 474 475
f 471 470 481
f 471 481 482
f 461 593 472
f 468 467 478
f 468 478 479
f 465 464 475
f 465 475 476
f 627 471 482
f 462 461 472
f 462 472 473
f 472 593 483
f 479 478 489
f 479 489 490
f 476 475 486
f 476 486 487
f 627 482 493
f 473 472 483
f 473 483 484
f 480 479 490
f 480 490 491
f 477 476 487
f 477 487 488
f 474 473 484
f 474 484 485
f 481 480 491
f 481 491 492
f 478 477 488
f 478 488 489
f 475 474 485
f 475 485 486
f 482 481 492
f 482 492 493
f 492 491 502
f 492 502 503
f 489 488 499
f 489 499 500
f 486 485 496
f 486 496 497
f 493 492 503
f 493 503 504
f 483 593 494
f 490 489 500
f 490 500 501
f 487 486 497
f 487 497 498
f 627 493 504
f 484 483 494
f 484 494 495
f 491 490 501
f 491 501 502
f 488 487 498
f 488 498 499
f 485 484 495
f 485 495 496
f 495 494 505
f 495 505 506
f 502 501 512
f 502 512 513
f 499 498 509
f 499 509 510
f 496 495 506
f 496 506 507
f 503 502 513
f 503 513 514
f 500 499 510
f 500 510 511
f 497 496 507
f 497 507 508
f 504 503 514
f 504 514 515
f 494 593 505
f 501 500 511
f 501 511 512
f 498 497 508
f 498 508 509
f 627 504 515
f 515 514 525
f 515 525 526
f 505 593 516
f 512 511 522
f 512 522 523
f 509 508 519
f 509 519 520
f 627 515 526
f 506 505 516
f 506 516 517
f 513 512 523
f 513 523 524
f 510 509 520
f 510 520 521
f 507 506 517
f 507 517 518
f 514 513 524
f 514 524 525
f 511 510 521
f 511 521 522
f 508 507 518
f 508 518 519
f 518 517 528
f 518 528 529
f 525 524 535
f 525 535 536
f 522 521 532
f 522 532 533
f 519 518 529
f 519 529 530
f 526 525 536
f 526 536 537
f 516 593 527
f 523 522 533
f 523 533 534
f 520 519 530
f 520 530 531
f 627 526 537
f 517 516 527
f 517 527 528
f 524 523 534
f 524 534 535
f 521 520 531
f 521 531 532
f 627 537 548
f 528 527 538
f 528 538 539
f 535 534 545
f 535 545 546
f 532 531 542
f 532 542 543
f 529 528 539
f 529 539 540
f 536 535 546
f 536 546 547
f 533 532 543
f 533 543 544
f 530 529 540
f 530 540 541
f 537 536 547
f 537 547 548
f 527 593 538
f 534 533 544
f 534 544 545
f 531 530 541
f 531 541 542
f 541 540 551
f 541 551 552
f 548 547 558
f 548 558 559
f 538 593 549
f 545 544 555
f 545 555 556
f 542 541 552
f 542 552 553
f 627 548 559
f 539 538 549
f 539 549 550
f 546 545 556
f 546 556 557
f 543 542 553
f 543 553 554
f 540 539 550
f 540 550 551
f 547 546 557
f 547 557 558
f 544 543 554
f 544 554 555
f 551 550 561
f 551 561 562
f 558 557 568
f 558 568 569
f 555 554 565
f 555 565 566
f 552 551 562
f 552 562 563
f 559 558 569
f 559 569 570
f 549 593 560
f 556 555 566
f 556 566 567
f 553 552 563
f 553 563 564
f 627 559 570
f 550 549 560
f 550 560 561
f 557 556 567
f 557 567 568
f 554 553 564
f 554 564 565
f 564 563 574
f 564 574 575
f 627 570 581
f 561 560 571
f 561 571 572
f 568 567 578
f 568 578 579
f 565 564 575
f 565 575 576
f 562 561 572
f 562 572 573
f 569 568 579
f 569 579 580
f 566 565 576
f 566 576 577
f 563 562 573
f 563 573 574
f 570 569 580
f 570 580 581
f 560 593 571
f 567 566 577
f 567 577 578
f 574 573 584
f 574 584 585
f 581 580 591
f 581 591 592
f 571 593 582
f 578 577 588
f 578 588 589
f 575 574 585
f 575 585 586
f 627 581 592
f 572 571 582
f 572 582 583
f 579 578 589
f 579 589 590
f 576 575 586
f 576 586 587
f 573 572 583
f 573 583 584
f 580 579 590
f 580 590 591
f 577 576 587
f 577 587 588
f 587 586 598
f 587 598 599
f 584 583 595
f 584 595 596
f 591 590 602
f 591 602 603
f 588 587 599
f 588 599 600
f 585 584 596
f 585 596 597
f 592 591 603
f 592 603 604
f 582 593 594
f 589 588 600
f 589 600 601
f 586 585 597
f 586 597 598
f 627 592 604
f 583 582 594
f 583 594 595
f 590 589 601
f 590 601 602
f 598 597 608
f 598 608 609
f 627 604 615
f 595 594 605
f 595 605 606
f 602 601 612
f 602 612 613
f 599 598 609
f 599 609 610
f 596 595 606
f 596 606 607
f 603 602 613
f 603 613 614
f 600 599 610
f 600 610 611
f 597 596 607
f 597 607 608
f 604 603 614
f 604 614 615
f 594 593 605
f 601 600 611
f 601 611 612
f 611 610 621
f 611 621 622
f 608 607 618
f 608 618 619
f 615 614 625
f 615 625 626
f 605 593 616
f 612 611 622
f 612 622 623
f 609 608 619
f 609 619 620
f 627 615 626
f 606 605 616
f 606 616 617
f 613 612 623
f 613 623 624
f 610 609 620
f 610 620 621
f 607 606 617
f 607 617 618
f 614 613 624
f 614 624 625
f 621 620 632
f 621 632 633
f 618 617 629
f 618 629 630
f 625 624 636
f 625 636 637
f 622 621 633
f 622 633 634
f 619 618 630
f 619 630 631
f 626 625 637
f 626 637 638
f 616 593 628
f 623 622 634
f 623 634 635
f 620 619 631
f 620 631 632
f 627 626 638
f 617 616 628
f 617 628 629
f 624 623 635
f 624 635 636
f 635 634 645
f 635 645 646
f 632 631 642
f 632 642 643
f 627 638 649
f 629 628 639
f 629 639 640
f 636 635 646
f 636 646 647
f 633 632 643
f 633 643 644
f 630 629 640
f 630 640 641
f 637 636 647
f 637 647 648
f 634 633 644
f 634 644 645
f 631 630 641
f 631 641 642
f 638 637 648
f 638 648 649
f 628 593 639
f 645 644 655
f 645 655 656
f 642 641 652
f 642 652 653
f 649 648 659
f 649 659 660
f 639 593 650
f 646 645 656
f 646 656 657
f 643 642 653
f 643 653 654
f 627 649 660
f 640 639 650
f 640 650 651
f 647 646 657
f 647 657 658
f 644 643 654
f 644 654 655
f 641 640 651
f 641 651 652
f 648 647 658
f 648 658 659
f 658 657 668
f 658 668 669
f 655 654 665
f 655 665 666
f 652 651 662
f 652 662 663
f 659 658 669
f 659 669 670
f 656 655 666
f 656 666 667
f 653 652 663
f 653 663 664
f 660 659 670
f 660 670 671
f 650 593 661
f 657 656 667
f 657 667 668
f 654 653 664
f 654 664 665
f 627 660 671
f 651 650 661
f 651 661 662
f 661 593 672
f 668 667 678
f 668 678 679
f 665 664 675
f 665 675 676
f 627 671 682
f 662 661 672
f 662 672 673
f 669 668 679
f 669 679 680
f 666 665 676
f 666 676 677
f 663 662 673
f 663 673 674
f 670 669 680
f 670 680 681
f 667 666 677
f 667 677 678
f 664 663 674
f 664 674 675
f 671 670 681
f 671 681 682
f 681 680 691
f 681 691 692
f 678 677 688
f 678 688 689
f 675 674 685
f 675 685 686
f 682 681 692
f 682 692 693
f 672 593 683
f 679 678 689
f 679 689 690
f 676 675 686
f 676 686 687
f 627 682 693
f 673 672 683
f 673 683 684
f 680 679 690
f 680 690 691
f 677 676 687
f 677 687 688
f 674 673 684
f 674 684 685
f 684 683 694
f 684 694 695
f 691 690 701
f 691 701 702
f 688 687 698
f 688 698 699
f 685 684 695
f 685 695 696
f 692 691 702
f 692 702 703
f 689 688 699
f 689 699 700
f 686 685 696
f 686 696 697
f 693 692 703
f 693 703 704
f 683 593 694
f 690 689 700
f 690 700 701
f 687 686 697
f 687 697 698
f 627 693 704
f 704 703 714
f 704 714 715
f 694 593 705
f 701 700 711
f 701 711 712
f 698 697 708
f 698 708 709
f 627 704 715
f 695 694 705
f 695 705 706
f 702 701 712
f 702 712 713
f 699 698 709
f 699 709 710
f 696 695 706
f 696 706 707
f 703 702 713
f 703 713 714
f 700 699 710
f 700 710 711
f 697 696 707
f 697 707 708
f 707 706 717
f 707 717 459
f 714 713 722
f 714 722 723
f 711 710 719
f 711 719 720
f 708 707 459
f 708 459 460
f 715 714 723
f 715 723 724
f 705 593 716
f 712 711 720
f 712 720 721
f 709 708 460
f 709 460 718
f 627 715 724
f 706 705 716
f 706 716 717
f 713 712 721
f 713 721 722
f 710 709 718
f 710 718 719
f 726 725 729
f 726 729 730
f 990 989 736
f 990 736 737
f 982 859 727
f 987 986 733
f 987 733 734
f 984 726 730
f 984 730 731
f 893 990 737
f 983 982 727
f 983 727 728
f 988 987 734
f 988 734 735
f 985 984 731
f 985 731 732
f 725 983 728
f 725 728 729
f 989 988 735
f 989 735 736
f 986 985 732
f 986 732 733
f 735 734 745
f 735 745 746
f 732 731 742
f 732 742 743
f 729 728 739
f 729 739 740
f 736 735 746
f 736 746 747
f 733 732 743
f 733 743 744
f 730 729 740
f 730 740 741
f 737 736 747
f 737 747 748
f 727 859 738
f 734 733 744
f 734 744 745
f 731 730 741
f 731 741 742
f 893 737 748
f 728 727 738
f 728 738 739
f 738 859 749
f 745 744 755
f 745 755 756
f 742 741 752
f 742 752 753
f 893 748 759
f 739 738 749
f 739 749 750
f 746 745 756
f 746 756 757
f 743 742 753
f 743 753 754
f 740 739 750
f 740 750 751
f 747 746 757
f 747 757 758
f 744 743 754
f 744 754 755
f 741 740 751
f 741 751 752
f 748 747 758
f 748 758 759
f 758 757 768
f 758 768 769
f 755 754 765
f 755 765 766
f 752 751 762
f 752 762 763
f 759 758 769
f 759 769 770
f 749 859 760
f 756 755 766
f 756 766 767
f 753 752 763
f 753 763 764
f 893 759 770
f 750 749 760
f 750 760 761
f 757 756 767
f 757 767 768
f 754 753 764
f 754 764 765
f 751 750 761
f 751 761 762
f 761 760 771
f 761 771 772
f 768 767 778
f 768 778 779
f 765 764 775
f 765 775 776
f 762 761 772
f 762 772 773
f 769 768 779
f 769 779 780
f 766 765 776
f 766 776 777
f 763 762 773
f 763 773 774
f 770 769 780
f 770 780 781
f 760 859 771
f 767 766 777
f 767 777 778
f 764 763 774
f 764 774 775
f 893 770 781
f 781 780 791
f 781 791 792
f 771 859 782
f 778 777 788
f 778 788 789
f 775 774 785
f 775 785 786
f 893 781 792
f 772 771 782
f 772 782 783
f 779 778 789
f 779 789 790
f 776 775 786
f 776 786 787
f 773 772 783
f 773 783 784
f 780 779 790
f 780 790 791
f 777 776 787
f 777 787 788
f 774 773 784
f 774 784 785
f 784 783 794
f 784 794 795
f 791 790 801
f 791 801 802
f 788 787 798
f 788 798 799
f 785 784 795
f 785 795 796
f 792 791 802
f 792 802 803
f 782 859 793
f 789 788 799
f 789 799 800
f 786 785 796
f 786 796 797
f 893 792 803
f 783 782 793
f 783 793 794
f 790 789 800
f 790 800 801
f 787 786 797
f 787 797 798
f 893 803 814
f 794 793 804
f 794 804 805
f 801 800 811
f 801 811 812
f 798 797 808
f 798 808 809
f 795 794 805
f 795 805 806
f 802 801 812
f 802 812 813
f 799 798 809
f 799 809 810
f 796 795 806
f 796 806 807
f 803 802 813
f 803 813 814
f 793 859 804
f 800 799 810
f 800 810 811
f 797 796 807
f 797 807 808
f 807 806 817
f 807 817 818
f 814 813 824
f 814 824 825
f 804 859 815
f 811 810 821
f 811 821 822
f 808 807 818
f 808 818 819
f 893 814 825
f 805 804 815
f 805 815 816
f 812 811 822
f 812 822 823
f 809 808 819
f 809 819 820
f 806 805 816
f 806 816 817
f 813 812 823
f 813 823 824
f 810 809 820
f 810 820 821
f 817 816 827
f 817 827 828
f 824 823 834
f 824 834 835
f 821 820 831
f 821 831 832
f 818 817 828
f 818 828 829
f 825 824 835
f 825 835 836
f 815 859 826
f 822 821 832
f 822 832 833
f 819 818 829
f 819 829 830
f 893 825 836
f 816 815 826
f 816 826 827
f 823 822 833
f 823 833 834
f 820 819 830
f 820 830 831
f 830 829 840
f 830 840 841
f 893 836 847
f 827 826 837
f 827 837 838
f 834 833 844
f 834 844 845
f 831 830 841
f 831 841 842
f 828 827 838
f 828 838 839
f 835 834 845
f 835 845 846
f 832 831 842
f 832 842 843
f 829 828 839
f 829 839 840
f 836 835 846
f 836 846 847
f 826 859 837
f 833 832 843
f 833 843 844
f 840 839 850
f 840 850 851
f 847 846 857
f 847 857 858
f 837 859 848
f 844 843 854
f 844 854 855
f 841 840 851
f 841 851 852
f 893 847 858
f 838 837 848
f 838 848 849
f 845 844 855
f 845 855 856
f 842 841 852
f 842 852 853
f 839 838 849
f 839 849 850
f 846 845 856
f 846 856 857
f 843 842 853
f 843 853 854
f 853 852 864
f 853 864 865
f 850 849 861
f 850 861 862
f 857 856 868
f 857 868 869
f 854 853 865
f 854 865 866
f 851 850 862
f 851 862 863
f 858 857 869
f 858 869 870
f 848 859 860
f 855 854 866
f 855 866 867
f 852 851 863
f 852 863 864
f 893 858 870
f 849 848 860
f 849 860 861
f 856 855 867
f 856 867 868
f 864 863 874
f 864 874 875
f 893 870 881
f 861 860 871
f 861 871 872
f 868 867 878
f 868 878 879
f 865 864 875
f 865 875 876
f 862 861 872
f 862 872 873
f 869 868 879
f 869 879 880
f 866 865 876
f 866 876 877
f 863 862 873
f 863 873 874
f 870 869 880
f 870 880 881
f 860 859 871
f 867 866 877
f 867 877 878
f 877 876 887
f 877 887 888
f 874 873 884
f 874 884 885
f 881 880 891
f 881 891 892
f 871 859 882
f 878 877 888
f 878 888 889
f 875 874 885
f 875 885 886
f 893 881 892
f 872 871 882
f 872 882 883
f 879 878 889
f 879 889 890
f 876 875 886
f 876 886 887
f 873 872 883
f 873 883 884
f 880 879 890
f 880 890 891
f 887 886 898
f 887 898 899
f 884 883 895
f 884 895 896
f 891 890 902
f 891 902 903
f 888 887 899
f 888 899 900
f 885 884 896
f 885 896 897
f 892 891 903
f 892 903 904
f 882 859 894
f 889 888 900
f 889 900 901
f 886 885 897
f 886 897 898
f 893 892 904
f 883 882 894
f 883 894 895
f 890 889 901
f 890 901 902
f 901 900 911
f 901 911 912
f 898 897 908
f 898 908 909
f 893 904 915
f 895 894 905
f 895 905 906
f 902 901 912
f 902 912 913
f 899 898 909
f 899 909 910
f 896 895 906
f 896 906 907
f 903 902 913
f 903 913 914
f 900 899 910
f 900 910 911
f 897 896 907
f 897 907 908
f 904 903 914
f 904 914 915
f 894 859 905
f 911 910 921
f 911 921 922
f 908 907 918
f 908 918 919
f 915 914 925
f 915 925 926
f 905 859 916
f 912 911 922
f 912 922 923
f 909 908 919
f 909 919 920
f 893 915 926
f 906 905 916
f 906 916 917
f 913 912 923
f 913 923 924
f 910 909 920
f 910 920 921
f 907 906 917
f 907 917 918
f 914 913 924
f 914 924 925
f 924 923 934
f 924 934 935
f 921 920 931
f 921 931 932
f 918 917 928
f 918 928 929
f 925 924 935
f 925 935 936
f 922 921 932
f 922 932 933
f 919 918 929
f 919 929 930
f 926 925 936
f 926 936 937
f 916 859 927
f 923 922 933
f 923 933 934
f 920 919 930
f 920 930 931
f 893 926 937
f 917 916 927
f 917 927 928
f 927 859 938
f 934 933 944
f 934 944 945
f 931 930 941
f 931 941 942
f 893 937 948
f 928 927 938
f 928 938 939
f 935 934 945
f 935 945 946
f 932 931 942
f 932 942 943
f 929 928 939
f 929 939 940
f 936 935 946
f 936 946 947
f 933 932 943
f 933 943 944
f 930 929 940
f 930 940 941
f 937 936 947
f 937 947 948
f 947 946 957
f 947 957 958
f 944 943 954
f 944 954 955
f 941 940 951
f 941 951 952
f 948 947 958
f 948 958 959
f 938 859 949
f 945 944 955
f 945 955 956
f 942 941 952
f 942 952 953
f 893 948 959
f 939 938 949
f 939 949 950
f 946 945 956
f 946 956 957
f 943 942 953
f 943 953 954
f 940 939 950
f 940 950 951
f 950 949 960
f 950 960 961
f 957 956 967
f 957 967 968
f 954 953 964
f 954 964 965
f 951 950 961
f 951 961 962
f 958 957 968
f 958 968 969
f 955 954 965
f 955 965 966
f 952 951 962
f 952 962 963
f 959 958 969
f 959 969 970
f 949 859 960
f 956 955 966
f 956 966 967
f 953 952 963
f 953 963 964
f 893 959 970
f 970 969 980
f 970 980 981
f 960 859 971
f 967 966 977
f 967 977 978
f 964 963 974
f 964 974 975
f 893 970 981
f 961 960 971
f 961 971 972
f 968 967 978
f 968 978 979
f 965 964 975
f 965 975 976
f 962 961 972
f 962 972 973
f 969 968 979
f 969 979 980
f 966 965 976
f 966 976 977
f 963 962 973
f 963 973 974
f 973 972 983
f 973 983 725
f 980 979 988
f 980 988 989
f 977 976 985
f 977 985 986
f 974 973 725
f 974 725 726
f 981 980 989
f 981 989 990
f 971 859 982
f 978 977 986
f 978 986 987
f 975 974 726
f 975 726 984
f 893 981 990
f 972 971 982
f 972 982 983
f 979 978 987
f 979 987 988
f 976 975 984
f 976 984 985
f 992 991 995
f 992 995 996
f 1256 1255 1002
f 1256 1002 1003
f 1248 1125 993
f 1253 1252 999
f 1253 999 1000
f 1250 992 996
f 1250 996 997
f 1159 1256 1003
f 1249 1248 993
f 1249 993 994
f 1254 1253 1000
f 1254 1000 1001
f 1251 1250 997
f 1251 997 998
f 991 1249 994
f 991 994 995
f 1255 1254 1001
f 1255 1001 1002
f 1252 1251 998
f 1252 998 999
f 1001 1000 1011
f 1001 1011 1012
f 998 997 1008
f 998 1008 1009
f 995 994 1005
f 995 1005 1006
f 1002 1001 1012
f 1002 1012 1013
f 999 998 1009
f 999 1009 1010
f 996 995 1006
f 996 1006 1007
f 1003 1002 1013
f 1003 1013 1014
f 993 1125 1004
f 1000 999 1010
f 1000 1010 1011
f 997 996 1007
f 997 1007 1008
f 1159 1003 1014
f 994 993 1004
f 994 1004 1005
f 1004 1125 1015
f 1011 1010 1021
f 1011 1021 1022
f 1008 1007 1018
f 1008 1018 1019
f 1159 1014 1025
f 1005 1004 1015
f 1005 1015 1016
f 1012 1011 1022
f 1012 1022 1023
f 1009 1008 1019
f 1009 1019 1020
f 1006 1005 1016
f 1006 1016 1017
f 1013 1012 1023
f 1013 1023 1024
f 1010 1009 1020
f 1010 1020 1021
f 1007 1006 1017
f 1007 1017 1018
f 1014 1013 1024
f 1014 1024 1025
f 1024 1023 1034
f 1024 1034 1035
f 1021 1020 1031
f 1021 1031 1032
f 1018 1017 1028
f 1018 1028 1029
f 1025 1024 1035
f 1025 1035 1036
f 1015 1125 1026
f 1022 1021 1032
f 1022 1032 1033
f 1019 1018 1029
f 1019 1029 1030
f 1159 1025 1036
f 1016 1015 1026
f 1016 1026 1027
f 1023 1022 1033
f 1023 1033 1034
f 1020 1019 1030
f 1020 1030 1031
f 1017 1016 1027
f 1017 1027 1028
f 1027 1026 1037
f 1027 1037 1038
f 1034 1033 1044
f 1034 1044 1045
f 1031 1030 1041
f 1031 1041 1042
f 1028 1027 1038
f 1028 1038 1039
f 1035 1034 1045
f 1035 1045 1046
f 1032 1031 1042
f 1032 1042 1043
f 1029 1028 1039
f 1029 1039 1040
f 1036 1035 1046
f 1036 1046 1047
f 1026 1125 1037
f 1033 1032 1043
f 1033 1043 1044
f 1030 1029 1040
f 1030 1040 1041
f 1159 1036 1047
f 1047 1046 1057
f 1047 1057 1058
f 1037 1125 1048
f 1044 1043 1054
f 1044 1054 1055
f 1041 1040 1051
f 1041 1051 1052
f 1159 1047 1058
f 1038 1037 1048
f 1038 1048 1049
f 1045 1044 1055
f 1045 1055 1056
f 1042 1041 1052
f 1042 1052 1053
f 1039 1038 1049
f 1039 1049 1050
f 1046 1045 1056
f 1046 1056 1057
f 1043 1042 1053
f 1043 1053 1054
f 1040 1039 1050
f 1040 1050 1051
f 1050 1049 1060
f 1050 1060 1061
f 1057 1056 1067
f 1057 1067 1068
f 1054 1053 1064
f 1054 1064 1065
f 1051 1050 1061
f 1051 1061 1062
f 1058 1057 1068
f 1058 1068 1069
f 1048 1125 1059
f 1055 1054 1065
f 1055 1065 1066
f 1052 1051 1062
f 1052 1062 1063
f 1159 1058 1069
f 1049 1048 1059
f 1049 1059 1060
f 1056 1055 1066
f 1056 1066 1067
f 1053 1052 1063
f 1053 1063 1064
f 1159 1069 1080
f 1060 1059 1070
f 1060 1070 1071
f 1067 1066 1077
f 1067 1077 1078
f 1064 1063 1074
f 1064 1074 1075
f 1061 1060 1071
f 1061 1071 1072
f 1068 1067 1078
f 1068 1078 1079
f 1065 1064 1075
f 1065 1075 1076
f 1062 1061 1072
f 1062 1072 1073
f 1069 1068 1079
f 1069 1079 1080
f 1059 1125 1070
f 1066 1065 1076
f 1066 1076 1077
f 1063 1062 1073
f 1063 1073 1074
f 1073 1072 1083
f 1073 1083 1084
f 1080 1079 1090
f 1080 1090 1091
f 1070 1125 1081
f 1077 1076 1087
f 1077 1087 1088
f 1074 1073 1084
f 1074 1084 1085
f 1159 1080 1091
f 1071 1070 1081
f 1071 1081 1082
f 1078 1077 1088
f 1078 1088 1089
f 1075 1074 1085
f 1075 1085 1086
f 1072 1071 1082
f 1072 1082 1083
f 1079 1078 1089
f 1079 1089 1090
f 1076 1075 1086
f 1076 1086 1087
f 1083 1082 1093
f 1083 1093 1094
f 1090 1089 1100
f 1090 1100 1101
f 1087 1086 1097
f 1087 1097 1098
f 1084 1083 1094
f 1084 1094 1095
f 1091 1090 1101
f 1091 1101 1102
f 1081 1125 1092
f 1088 1087 1098
f 1088 1098 1099
f 1085 1084 1095
f 1085 1095 1096
f 1159 1091 1102
f 1082 1081 1092
f 1082 1092 1093
f 1089 1088 1099
f 1089 1099 1100
f 1086 1085 1096
f 1086 1096 1097
f 1096 1095 1106
f 1096 1106 1107
f 1159 1102 1113
f 1093 1092 1103
f 1093 1103 1104
f 1100 1099 1110
f 1100 1110 1111
f 1097 1096 1107
f 1097 1107 1108
f 1094 1093 1104
f 1094 1104 1105
f 1101 1100 1111
f 1101 1111 1112
f 1098 1097 1108
f 1098 1108 1109
f 1095 1094 1105
f 1095 1105 1106
f 1102 1101 1112
f 1102 1112 1113
f 1092 1125 1103
f 1099 1098 1109
f 1099 1109 1110
f 1106 1105 1116
f 1106 1116 1117
f 1113 1112 1123
f 1113 1123 1124
f 1103 1125 1114
f 1110 1109 1120
f 1110 1120 1121
f 1107 1106 1117
f 1107 1117 1118
f 1159 1113 1124
f 1104 1103 1114
f 1104 1114 1115
f 1111 1110 1121
f 1111 1121 1122
f 1108 1107 1118
f 1108 1118 1119
f 1105 1104 1115
f 1105 1115 1116
f 1112 1111 1122
f 1112 1122 1123
f 1109 1108 1119
f 1109 1119 1120
f 1119 1118 1130
f 1119 1130 1131
f 1116 1115 1127
f 1116 1127 1128
f 1123 1122 1134
f 1123 1134 1135
f 1120 1119 1131
f 1120 1131 1132
f 1117 1116 1128
f 1117 1128 1129
f 1124 1123 1135
f 1124 1135 1136
f 1114 1125 1126
f 1121 1120 1132
f 1121 1132 1133
f 1118 1117 1129
f 1118 1129 1130
f 1159 1124 1136
f 1115 1114 1126
f 1115 1126 1127
f 1122 1121 1133
f 1122 1133 1134
f 1130 1129 1140
f 1130 1140 1141
f 1159 1136 1147
f 1127 1126 1137
f 1127 1137 1138
f 1134 1133 1144
f 1134 1144 1145
f 1131 1130 1141
f 1131 1141 1142
f 1128 1127 1138
f 1128 1138 1139
f 1135 1134 1145
f 1135 1145 1146
f 1132 1131 1142
f 1132 1142 1143
f 1129 1128 1139
f 1129 1139 1140
f 1136 1135 1146
f 1136 1146 1147
f 1126 1125 1137
f 1133 1132 1143
f 1133 1143 1144
f 1143 1142 1153
f 1143 1153 1154
f 1140 1139 1150
f 1140 1150 1151
f 1147 1146 1157
f 1147 1157 1158
f 1137 1125 1148
f 1144 1143 1154
f 1144 1154 1155
f 1141 1140 1151
f 1141 1151 1152
f 1159 1147 1158
f 1138 1137 1148
f 1138 1148 1149
f 1145 1144 1155
f 1145 1155 1156
f 1142 1141 1152
f 1142 1152 1153
f 1139 1138 1149
f 1139 1149 1150
f 1146 1145 1156
f 1146 1156 1157
f 1153 1152 1164
f 1153 1164 1165
f 1150 1149 1161
f 1150 1161 1162
f 1157 1156 1168
f 1157 1168 1169
f 1154 1153 1165
f 1154 1165 1166
f 1151 1150 1162
f 1151 1162 1163
f 1158 1157 1169
f 1158 1169 1170
f 1148 1125 1160
f 1155 1154 1166
f 1155 1166 1167
f 1152 1151 1163
f 1152 1163 1164
f 1159 1158 1170
f 1149 1148 1160
f 1149 1160 1161
f 1156 1155 1167
f 1156 1167 1168
f 1167 1166 1177
f 1167 1177 1178
f 1164 1163 1174
f 1164 1174 1175
f 1159 1170 1181
f 1161 1160 1171
f 1161 1171 1172
f 1168 1167 1178
f 1168 1178 1179
f 1165 1164 1175
f 1165 1175 1176
f 1162 1161 1172
f 1162 1172 1173
f 1169 1168 1179
f 1169 1179 1180
f 1166 1165 1176
f 1166 1176 1177
f 1163 1162 1173
f 1163 1173 1174
f 1170 1169 1180
f 1170 1180 1181
f 1160 1125 1171
f 1177 1176 1187
f 1177 1187 1188
f 1174 1173 1184
f 1174 1184 1185
f 1181 1180 1191
f 1181 1191 1192
f 1171 1125 1182
f 1178 1177 1188
f 1178 1188 1189
f 1175 1174 1185
f 1175 1185 1186
f 1159 1181 1192
f 1172 1171 1182
f 1172 1182 1183
f 1179 1178 1189
f 1179 1189 1190
f 1176 1175 1186
f 1176 1186 1187
f 1173 1172 1183
f 1173 1183 1184
f 1180 1179 1190
f 1180 1190 1191
f 1190 1189 1200
f 1190 1200 1201
f 1187 1186 1197
f 1187 1197 1198
f 1184 1183 1194
f 1184 1194 1195
f 1191 1190 1201
f 1191 1201 1202
f 1188 1187 1198
f 1188 1198 1199
f 1185 1184 1195
f 1185 1195 1196
f 1192 1191 1202
f 1192 1202 1203
f 1182 1125 1193
f 1189 1188 1199
f 1189 1199 1200
f 1186 1185 1196
f 1186 1196 1197
f 1159 1192 1203
f 1183 1182 1193
f 1183 1193 1194
f 1193 1125 1204
f 1200 1199 1210
f 1200 1210 1211
f 1197 1196 1207
f 1197 1207 1208
f 1159 1203 1214
f 1194 1193 1204
f 1194 1204 1205
f 1201 1200 1211
f 1201 1211 1212
f 1198 1197 1208
f 1198 1208 1209
f 1195 1194 1205
f 1195 1205 1206
f 1202 1201 1212
f 1202 1212 1213
f 1199 1198 1209
f 1199 1209 1210
f 1196 1195 1206
f 1196 1206 1207
f 1203 1202 1213
f 1203 1213 1214
f 1213 1212 1223
f 1213 1223 1224
f 1210 1209 1220
f 1210 1220 1221
f 1207 1206 1217
f 1207 1217 1218
f 1214 1213 1224
f 1214 1224 1225
f 1204 1125 1215
f 1211 1210 1221
f 1211 1221 1222
f 1208 1207 1218
f 1208 1218 1219
f 1159 1214 1225
f 1205 1204 1215
f 1205 1215 1216
f 1212 1211 1222
f 1212 1222 1223
f 1209 1208 1219
f 1209 1219 1220
f 1206 1205 1216
f 1206 1216 1217
f 1216 1215 1226
f 1216 1226 1227
f 1223 1222 1233
f 1223 1233 1234
f 1220 1219 1230
f 1220 1230 1231
f 1217 1216 1227
f 1217 1227 1228
f 1224 1223 1234
f 1224 1234 1235
f 1221 1220 1231
f 1221 1231 1232
f 1218 1217 1228
f 1218 1228 1229
f 1225 1224 1235
f 1225 1235 1236
f 1215 1125 1226
f 1222 1221 1232
f 1222 1232 1233
f 1219 1218 1229
f 1219 1229 1230
f 1159 1225 1236
f 1236 1235 1246
f 1236 1246 1247
f 1226 1125 1237
f 1233 1232 1243
f 1233 1243 1244
f 1230 1229 1240
f 1230 1240 1241
f 1159 1236 1247
f 1227 1226 1237
f 1227 1237 1238
f 1234 1233 1244
f 1234 1244 1245
f 1231 1230 1241
f 1231 1241 1242
f 1228 1227 1238
f 1228 1238 1239
f 1235 1234 1245
f 1235 1245 1246
f 1232 1231 1242
f 1232 1242 1243
f 1229 1228 1239
f 1229 1239 1240
f 1239 1238 1249
f 1239 1249 991
f 1246 1245 1254
f 1246 1254 1255
f 1243 1242 1251
f 1243 1251 1252
f 1240 1239 991
f 1240 991 992
f 1247 1246 1255
f 1247 1255 1256
f 1237 1125 1248
f 1244 1243 1252
f 1244 1252 1253
f 1241 1240 992
f 1241 992 1250
f 1159 1247 1256
f 1238 1237 1248
f 1238 1248 1249
f 1245 1244 1253
f 1245 1253 1254
f 1242 1241 1250
f 1242 1250 1251
f 1258 1257 1261
f 1258 1261 1262
f 1522 1521 1268
f 1522 1268 1269
f 1514 1391 1259
f 1519 1518 1265
f 1519 1265 1266
f 1516 1258 1262
f 1516 1262 1263
f 1425 1522 1269
f 1515 1514 1259
f 1515 1259 1260
f 1520 1519 1266
f 1520 1266 1267
f 1517 1516 1263
f 1517 1263 1264
f 1257 1515 1260
f 1257 1260 1261
f 1521 1520 1267
f 1521 1267 1268
f 1518 1517 1264
f 1518 1264 1265
f 1267 1266 1277
f 1267 1277 1278
f 1264 1263 1274
f 1264 1274 1275
f 1261 1260 1271
f 1261 1271 1272
f 1268 1267 1278
f 1268 1278 1279
f 1265 1264 1275
f 1265 1275 1276
f 1262 1261 1272
f 1262 1272 1273
f 1269 1268 1279
f 1269 1279 1280
f 1259 1391 1270
f 1266 1265 1276
f 1266 1276 1277
f 1263 1262 1273
f 1263 1273 1274
f 1425 1269 1280
f 1260 1259 1270
f 1260 1270 1271
f 1270 1391 1281
f 1277 1276 1287
f 1277 1287 1288
f 1274 1273 1284
f 1274 1284 1285
f 1425 1280 1291
f 1271 1270 1281
f 1271 1281 1282
f 1278 1277 1288
f 1278 1288 1289
f 1275 1274 1285
f 1275 1285 1286
f 1272 1271 1282
f 1272 1282 1283
f 1279 1278 1289
f 1279 1289 1290
f 1276 1275 1286
f 1276 1286 1287
f 1273 1272 1283
f 1273 1283 1284
f 1280 1279 1290
f 1280 1290 1291
f 1290 1289 1300
f 1290 1300 1301
f 1287 1286 1297
f 1287 1297 1298
f 1284 1283 1294
f 1284 1294 1295
f 1291 1290 1301
f 1291 1301 1302
f 1281 1391 1292
f 1288 1287 1298
f 1288 1298 1299
f 1285 1284 1295
f 1285 1295 1296
f 1425 1291 1302
f 1282 1281 1292
f 1282 1292 1293
f 1289 1288 1299
f 1289 1299 1300
f 1286 1285 1296
f 1286 1296 1297
f 1283 1282 1293
f 1283 1293 1294
f 1293 1292 1303
f 1293 1303 1304
f 1300 1299 1310
f 1300 1310 1311
f 1297 1296 1307
f 1297 1307 1308
f 1294 1293 1304
f 1294 1304 1305
f 1301 1300 1311
f 1301 1311 1312
f 1298 1297 1308
f 1298 1308 1309
f 1295 1294 1305
f 1295 1305 1306
f 1302 1301 1312
f 1302 1312 1313
f 1292 1391 1303
f 1299 1298 1309
f 1299 1309 1310
f 1296 1295 1306
f 1296 1306 1307
f 1425 1302 1313
f 1313 1312 1323
f 1313 1323 1324
f 1303 1391 1314
f 1310 1309 1320
f 1310 1320 1321
f 1307 1306 1317
f 1307 1317 1318
f 1425 1313 1324
f 1304 1303 1314
f 1304 1314 1315
f 1311 1310 1321
f 1311 1321 1322
f 1308 1307 1318
f 1308 1318 1319
f 1305 1304 1315
f 1305 1315 1316
f 1312 1311 1322
f 1312 1322 1323
f 1309 1308 1319
f 1309 1319 1320
f 1306 1305 1316
f 1306 1316 1317
f 1316 1315 1326
f 1316 1326 1327
f 1323 1322 1333
f 1323 1333 1334
f 1320 1319 1330
f 1320 1330 1331
f 1317 1316 1327
f 1317 1327 1328
f 1324 1323 1334
f 1324 1334 1335
f 1314 1391 1325
f 1321 1320 1331
f 1321 1331 1332
f 1318 1317 1328
f 1318 1328 1329
f 1425 1324 1335
f 1315 1314 1325
f 1315 1325 1326
f 1322 1321 1332
f 1322 1332 1333
f 1319 1318 1329
f 1319 1329 1330
f 1425 1335 1346
f 1326 1325 1336
f 1326 1336 1337
f 1333 1332 1343
f 1333 1343 1344
f 1330 1329 1340
f 1330 1340 1341
f 1327 1326 1337
f 1327 1337 1338
f 1334 1333 1344
f 1334 1344 1345
f 1331 1330 1341
f 1331 1341 1342
f 1328 1327 1338
f 1328 1338 1339
f 1335 1334 1345
f 1335 1345 1346
f 1325 1391 1336
f 1332 1331 1342
f 1332 1342 1343
f 1329 1328 1339
f 1329 1339 1340
f 1339 1338 1349
f 1339 1349 1350
f 1346 1345 1356
f 1346 1356 1357
f 1336 1391 1347
f 1343 1342 1353
f 1343 1353 1354
f 1340 1339 1350
f 1340 1350 1351
f 1425 1346 1357
f 1337 1336 1347
f 1337 1347 1348
f 1344 1343 1354
f 1344 1354 1355
f 1341 1340 1351
f 1341 1351 1352
f 1338 1337 1348
f 1338 1348 1349
f 1345 1344 1355
f 1345 1355 1356
f 1342 1341 1352
f 1342 1352 1353
f 1349 1348 1359
f 1349 1359 1360
f 1356 1355 1366
f 1356 1366 1367
f 1353 1352 1363
f 1353 1363 1364
f 1350 1349 1360
f 1350 1360 1361
f 1357 1356 1367
f 1357 1367 1368
f 1347 1391 1358
f 1354 1353 1364
f 1354 1364 1365
f 1351 1350 1361
f 1351 1361 1362
f 1425 1357 1368
f 1348 1347 1358
f 1348 1358 1359
f 1355 1354 1365
f 1355 1365 1366
f 1352 1351 1362
f 1352 1362 1363
f 1362 1361 1372
f 1362 1372 1373
f 1425 1368 1379
f 1359 1358 1369
f 1359 1369 1370
f 1366 1365 1376
f 1366 1376 1377
f 1363 1362 1373
f 1363 1373 1374
f 1360 1359 1370
f 1360 1370 1371
f 1367 1366 1377
f 1367 1377 1378
f 1364 1363 1374
f 1364 1374 1375
f 1361 1360 1371
f 1361 1371 1372
f 1368 1367 1378
f 1368 1378 1379
f 1358 1391 1369
f 1365 1364 1375
f 1365 1375 1376
f 1372 1371 1382
f 1372 1382 1383
f 1379 1378 1389
f 1379 1389 1390
f 1369 1391 1380
f 1376 1375 1386
f 1376 1386 1387
f 1373 1372 1383
f 1373 1383 1384
f 1425 1379 1390
f 1370 1369 1380
f 1370 1380 1381
f 1377 1376 1387
f 1377 1387 1388
f 1374 1373 1384
f 1374 1384 1385
f 1371 1370 1381
f 1371 1381 1382
f 1378 1377 1388
f 1378 1388 1389
f 1375 1374 1385
f 1375 1385 1386
f 1385 1384 1396
f 1385 1396 1397
f 1382 1381 1393
f 1382 1393 1394
f 1389 1388 1400
f 1389 1400 1401
f 1386 1385 1397
f 1386 1397 1398
f 1383 1382 1394
f 1383 1394 1395
f 1390 1389 1401
f 1390 1401 1402
f 1380 1391 1392
f 1387 1386 1398
f 1387 1398 1399
f 1384 1383 1395
f 1384 1395 1396
f 1425 1390 1402
f 1381 1380 1392
f 1381 1392 1393
f 1388 1387 1399
f 1388 1399 1400
f 1396 1395 1406
f 1396 1406 1407
f 1425 1402 1413
f 1393 1392 1403
f 1393 1403 1404
f 1400 1399 1410
f 1400 1410 1411
f 1397 1396 1407
f 1397 1407 1408
f 1394 1393 1404
f 1394 1404 1405
f 1401 1400 1411
f 1401 1411 1412
f 1398 1397 1408
f 1398 1408 1409
f 1395 1394 1405
f 1395 1405 1406
f 1402 1401 1412
f 1402 1412 1413
f 1392 1391 1403
f 1399 1398 1409
f 1399 1409 1410
f 1409 1408 1419
f 1409 1419 1420
f 1406 1405 1416
f 1406 1416 1417
f 1413 1412 1423
f 1413 1423 1424
f 1403 1391 1414
f 1410 1409 1420
f 1410 1420 1421
f 1407 1406 1417
f 1407 1417 1418
f 1425 1413 1424
f 1404 1403 1414
f 1404 1414 1415
f 1411 1410 1421
f 1411 1421 1422
f 1408 1407 1418
f 1408 1418 1419
f 1405 1404 1415
f 1405 1415 1416
f 1412 1411 1422
f 1412 1422 1423
f 1419 1418 1430
f 1419 1430 1431
f 1416 1415 1427
f 1416 1427 1428
f 1423 1422 1434
f 1423 1434 1435
f 1420 1419 1431
f 1420 1431 1432
f 1417 1416 1428
f 1417 1428 1429
f 1424 1423 1435
f 1424 1435 1436
f 1414 1391 1426
f 1421 1420 1432
f 1421 1432 1433
f 1418 1417 1429
f 1418 1429 1430
f 1425 1424 1436
f 1415 1414 1426
f 1415 1426 1427
f 1422 1421 1433
f 1422 1433 1434
f 1433 1432 1443
f 1433 1443 1444
f 1430 1429 1440
f 1430 1440 1441
f 1425 1436 1447
f 1427 1426 1437
f 1427 1437 1438
f 1434 1433 1444
f 1434 1444 1445
f 1431 1430 1441
f 1431 1441 1442
f 1428 1427 1438
f 1428 1438 1439
f 1435 1434 1445
f 1435 1445 1446
f 1432 1431 1442
f 1432 1442 1443
f 1429 1428 1439
f 1429 1439 1440
f 1436 1435 1446
f 1436 1446 1447
f 1426 1391 1437
f 1443 1442 1453
f 1443 1453 1454
f 1440 1439 1450
f 1440 1450 1451
f 1447 1446 1457
f 1447 1457 1458
f 1437 1391 1448
f 1444 1443 1454
f 1444 1454 1455
f 1441 1440 1451
f 1441 1451 1452
f 1425 1447 1458
f 1438 1437 1448
f 1438 1448 1449
f 1445 1444 1455
f 1445 1455 1456
f 1442 1441 1452
f 1442 1452 1453
f 1439 1438 1449
f 1439 1449 1450
f 1446 1445 1456
f 1446 1456 1457
f 1456 1455 1466
f 1456 1466 1467
f 1453 1452 1463
f 1453 1463 1464
f 1450 1449 1460
f 1450 1460 1461
f 1457 1456 1467
f 1457 1467 1468
f 1454 1453 1464
f 1454 1464 1465
f 1451 1450 1461
f 1451 1461 1462
f 1458 1457 1468
f 1458 1468 1469
f 1448 1391 1459
f 1455 1454 1465
f 1455 1465 1466
f 1452 1451 1462
f 1452 1462 1463
f 1425 1458 1469
f 1449 1448 1459
f 1449 1459 1460
f 1459 1391 1470
f 1466 1465 1476
f 1466 1476 1477
f 1463 1462 1473
f 1463 1473 1474
f 1425 1469 1480
f 1460 1459 1470
f 1460 1470 1471
f 1467 1466 1477
f 1467 1477 1478
f 1464 1463 1474
f 1464 1474 1475
f 1461 1460 1471
f 1461 1471 1472
f 1468 1467 1478
f 1468 1478 1479
f 1465 1464 1475
f 1465 1475 1476
f 1462 1461 1472
f 1462 1472 1473
f 1469 1468 1479
f 1469 1479 1480
f 1479 1478 1489
f 1479 1489 1490
f 1476 1475 1486
f 1476 1486 1487
f 1473 1472 1483
f 1473 1483 1484
f 1480 1479 1490
f 1480 1490 1491
f 1470 1391 1481
f 1477 1476 1487
f 1477 1487 1488
f 1474 1473 1484
f 1474 1484 1485
f 1425 1480 1491
f 1471 1470 1481
f 1471 1481 1482
f 1478 1477 1488
f 1478 1488 1489
f 1475 1474 1485
f 1475 1485 1486
f 1472 1471 1482
f 1472 1482 1483
f 1482 1481 1492
f 1482 1492 1493
f 1489 1488 1499
f 1489 1499 1500
f 1486 1485 1496
f 1486 1496 1497
f 1483 1482 1493
f 1483 1493 1494
f 1490 1489 1500
f 1490 1500 1501
f 1487 1486 1497
f 1487 1497 1498
f 1484 1483 1494
f 1484 1494 1495
f 1491 1490 1501
f 1491 1501 1502
f 1481 1391 1492
f 1488 1487 1498
f 1488 1498 1499
f 1485 1484 1495
f 1485 1495 1496
f 1425 1491 1502
f 1502 1501 1512
f 1502 1512 1513
f 1492 1391 1503
f 1499 1498 1509
f 1499 1509 1510
f 1496 1495 1506
f 1496 1506 1507
f 1425 1502 1513
f 1493 1492 1503
f 1493 1503 1504
f 1500 1499 1510
f 1500 1510 1511
f 1497 1496 1507
f 1497 1507 1508
f 1494 1493 1504
f 1494 1504 1505
f 1501 1500 1511
f 1501 1511 1512
f 1498 1497 1508
f 1498 1508 1509
f 1495 1494 1505
f 1495 1505 1506
f 1505 1504 1515
f 1505 1515 1257
f 1512 1511 1520
f 1512 1520 1521
f 1509 1508 1517
f 1509 1517 1518
f 1506 1505 1257
f 1506 1257 1258
f 1513 1512 1521
f 1513 1521 1522
f 1503 1391 1514
f 1510 1509 1518
f 1510 1518 1519
f 1507 1506 1258
f 1507 1258 1516
f 1425 1513 1522
f 1504 1503 1514
f 1504 1514 1515
f 1511 1510 1519
f 1511 1519 1520
f 1508 1507 1516
f 1508 1516 1517
f 1524 1523 1527
f 1524 1527 1528
f 1788 1787 1534
f 1788 1534 1535
f 1780 1657 1525
f 1785 1784 1531
f 1785 1531 1532
f 1782 1524 1528
f 1782 1528 1529
f 1691 1788 1535
f 1781 1780 1525
f 1781 1525 1526
f 1786 1785 1532
f 1786 1532 1533
f 1783 1782 1529
f 1783 1529 1530
f 1523 1781 1526
f 1523 1526 1527
f 1787 1786 1533
f 1787 1533 1534
f 1784 1783 1530
f 1784 1530 1531
f 1533 1532 1543
f 1533 1543 1544
f 1530 1529 1540
f 1530 1540 1541
f 1527 1526 1537
f 1527 1537 1538
f 1534 1533 1544
f 1534 1544 1545
f 1531 1530 1541
f 1531 1541 1542
f 1528 1527 1538
f 1528 1538 1539
f 1535 1534 1545
f 1535 1545 1546
f 1525 1657 1536
f 1532 1531 1542
f 1532 1542 1543
f 1529 1528 1539
f 1529 1539 1540
f 1691 1535 1546
f 1526 1525 1536
f 1526 1536 1537
f 1536 1657 1547
f 1543 1542 1553
f 1543 1553 1554
f 1540 1539 1550
f 1540 1550 1551
f 1691 1546 1557
f 1537 1536 1547
f 1537 1547 1548
f 1544 1543 1554
f 1544 1554 1555
f 1541 1540 1551
f 1541 1551 1552
f 1538 1537 1548
f 1538 1548 1549
f 1545 1544 1555
f 1545 1555 1556
f 1542 1541 1552
f 1542 1552 1553
f 1539 1538 1549
f 1539 1549 1550
f 1546 1545 1556
f 1546 1556 1557
f 1556 1555 1566
f 1556 1566 1567
f 1553 1552 1563
f 1553 1563 1564
f 1550 1549 1560
f 1550 1560 1561
f 1557 1556 1567
f 1557 1567 1568
f 1547 1657 1558
f 1554 1553 1564
f 1554 1564 1565
f 1551 1550 1561
f 1551 1561 1562
f 1691 1557 1568
f 1548 1547 1558
f 1548 1558 1559
f 1555 1554 1565
f 1555 1565 1566
f 1552 1551 1562
f 1552 1562 1563
f 1549 1548 1559
f 1549 1559 1560
f 1559 1558 1569
f 1559 1569 1570
f 1566 1565 1576
f 1566 1576 1577
f 1563 1562 1573
f 1563 1573 1574
f 1560 1559 1570
f 1560 1570 1571
f 1567 1566 1577
f 1567 1577 1578
f 1564 1563 1574
f 1564 1574 1575
f 1561 1560 1571
f 1561 1571 1572
f 1568 1567 1578
f 1568 1578 1579
f 1558 1657 1569
f 1565 1564 1575
f 1565 1575 1576
f 1562 1561 1572
f 1562 1572 1573
f 1691 1568 1579
f 1579 1578 1589
f 1579 1589 1590
f 1569 1657 1580
f 1576 1575 1586
f 1576 1586 1587
f 1573 1572 1583
f 1573 1583 1584
f 1691 1579 1590
f 1570 1569 1580
f 1570 1580 1581
f 1577 1576 1587
f 1577 1587 1588
f 1574 1573 1584
f 1574 1584 1585
f 1571 1570 1581
f 1571 1581 1582
f 1578 1577 1588
f 1578 1588 1589
f 1575 1574 1585
f 1575 1585 1586
f 1572 1571 1582
f 1572 1582 1583
f 1582 1581 1592
f 1582 1592 1593
f 1589 1588 1599
f 1589 1599 1600
f 1586 1585 1596
f 1586 1596 1597
f 1583 1582 1593
f 1583 1593 1594
f 1590 1589 1600
f 1590 1600 1601
f 1580 1657 1591
f 1587 1586 1597
f 1587 1597 1598
f 1584 1583 1594
f 1584 1594 1595
f 1691 1590 1601
f 1581 1580 1591
f 1581 1591 1592
f 1588 1587 1598
f 1588 1598 1599
f 1585 1584 1595
f 1585 1595 1596
f 1691 1601 1612
f 1592 1591 1602
f 1592 1602 1603
f 1599 1598 1609
f 1599 1609 1610
f 1596 1595 1606
f 1596 1606 1607
f 1593 1592 1603
f 1593 1603 1604
f 1600 1599 1610
f 1600 1610 1611
f 1597 1596 1607
f 1597 1607 1608
f 1594 1593 1604
f 1594 1604 1605
f 1601 1600 1611
f 1601 1611 1612
f 1591 1657 1602
f 1598 1597 1608
f 1598 1608 1609
f 1595 1594 1605
f 1595 1605 1606
f 1605 1604 1615
f 1605 1615 1616
f 1612 1611 1622
f 1612 1622 1623
f 1602 1657 1613
f 1609 1608 1619
f 1609 1619 1620
f 1606 1605 1616
f 1606 1616 1617
f 1691 1612 1623
f 1603 1602 1613
f 1603 1613 1614
f 1610 1609 1620
f 1610 1620 1621
f 1607 1606 1617
f 1607 1617 1618
f 1604 1603 1614
f 1604 1614 1615
f 1611 1610 1621
f 1611 1621 1622
f 1608 1607 1618
f 1608 1618 1619
f 1615 1614 1625
f 1615 1625 1626
f 1622 1621 1632
f 1622 1632 1633
f 1619 1618 1629
f 1619 1629 1630
f 1616 1615 1626
f 1616 1626 1627
f 1623 1622 1633
f 1623 1633 1634
f 1613 1657 1624
f 1620 1619 1630
f 1620 1630 1631
f 1617 1616 1627
f 1617 1627 1628
f 1691 1623 1634
f 1614 1613 1624
f 1614 1624 1625
f 1621 1620 1631
f 1621 1631 1632
f 1618 1617 1628
f 1618 1628 1629
f 1628 1627 1638
f 1628 1638 1639
f 1691 1634 1645
f 1625 1624 1635
f 1625 1635 1636
f 1632 1631 1642
f 1632 1642 1643
f 1629 1628 1639
f 1629 1639 1640
f 1626 1625 1636
f 1626 1636 1637
f 1633 1632 1643
f 1633 1643 1644
f 1630 1629 1640
f 1630 1640 1641
f 1627 1626 1637
f 1627 1637 1638
f 1634 1633 1644
f 1634 1644 1645
f 1624 1657 1635
f 1631 1630 1641
f 1631 1641 1642
f 1638 1637 1648
f 1638 1648 1649
f 1645 1644 1655
f 1645 1655 1656
f 1635 1657 1646
f 1642 1641 1652
f 1642 1652 1653
f 1639 1638 1649
f 1639 1649 1650
f 1691 1645 1656
f 1636 1635 1646
f 1636 1646 1647
f 1643 1642 1653
f 1643 1653 1654
f 1640 1639 1650
f 1640 1650 1651
f 1637 1636 1647
f 1637 1647 1648
f 1644 1643 1654
f 1644 1654 1655
f 1641 1640 1651
f 1641 1651 1652
f 1651 1650 1662
f 1651 1662 1663
f 1648 1647 1659
f 1648 1659 1660
f 1655 1654 1666
f 1655 1666 1667
f 1652 1651 1663
f 1652 1663 1664
f 1649 1648 1660
f 1649 1660 1661
f 1656 1655 1667
f 1656 1667 1668
f 1646 1657 1658
f 1653 1652 1664
f 1653 1664 1665
f 1650 1649 1661
f 1650 1661 1662
f 1691 1656 1668
f 1647 1646 1658
f 1647 1658 1659
f 1654 1653 1665
f 1654 1665 1666
f 1662 1661 1672
f 1662 1672 1673
f 1691 1668 1679
f 1659 1658 1669
f 1659 1669 1670
f 1666 1665 1676
f 1666 1676 1677
f 1663 1662 1673
f 1663 1673 1674
f 1660 1659 1670
f 1660 1670 1671
f 1667 1666 1677
f 1667 1677 1678
f 1664 1663 1674
f 1664 1674 1675
f 1661 1660 1671
f 1661 1671 1672
f 1668 1667 1678
f 1668 1678 1679
f 1658 1657 1669
f 1665 1664 1675
f 1665 1675 1676
f 1675 1674 1685
f 1675 1685 1686
f 1672 1671 1682
f 1672 1682 1683
f 1679 1678 1689
f 1679 1689 1690
f 1669 1657 1680
f 1676 1675 1686
f 1676 1686 1687
f 1673 1672 1683
f 1673 1683 1684
f 1691 1679 1690
f 1670 1669 1680
f 1670 1680 1681
f 1677 1676 1687
f 1677 1687 1688
f 1674 1673 1684
f 1674 1684 1685
f 1671 1670 1681
f 1671 1681 1682
f 1678 1677 1688
f 1678 1688 1689
f 1685 1684 1696
f 1685 1696 1697
f 1682 1681 1693
f 1682 1693 1694
f 1689 1688 1700
f 1689 1700 1701
f 1686 1685 1697
f 1686 1697 1698
f 1683 1682 1694
f 1683 1694 1695
f 1690 1689 1701
f 1690 1701 1702
f 1680 1657 1692
f 1687 1686 1698
f 1687 1698 1699
f 1684 1683 1695
f 1684 1695 1696
f 1691 1690 1702
f 1681 1680 1692
f 1681 1692 1693
f 1688 1687 1699
f 1688 1699 1700
f 1699 1698 1709
f 1699 1709 1710
f 1696 1695 1706
f 1696 1706 1707
f 1691 1702 1713
f 1693 1692 1703
f 1693 1703 1704
f 1700 1699 1710
f 1700 1710 1711
f 1697 1696 1707
f 1697 1707 1708
f 1694 1693 1704
f 1694 1704 1705
f 1701 1700 1711
f 1701 1711 1712
f 1698 1697 1708
f 1698 1708 1709
f 1695 1694 1705
f 1695 1705 1706
f 1702 1701 1712
f 1702 1712 1713
f 1692 1657 1703
f 1709 1708 1719
f 1709 1719 1720
f 1706 1705 1716
f 1706 1716 1717
f 1713 1712 1723
f 1713 1723 1724
f 1703 1657 1714
f 1710 1709 1720
f 1710 1720 1721
f 1707 1706 1717
f 1707 1717 1718
f 1691 1713 1724
f 1704 1703 1714
f 1704 1714 1715
f 1711 1710 1721
f 1711 1721 1722
f 1708 1707 1718
f 1708 1718 1719
f 1705 1704 1715
f 1705 1715 1716
f 1712 1711 1722
f 1712 1722 1723
f 1722 1721 1732
f 1722 1732 1733
f 1719 1718 1729
f 1719 1729 1730
f 1716 1715 1726
f 1716 1726 1727
f 1723 1722 1733
f 1723 1733 1734
f 1720 1719 1730
f 1720 1730 1731
f 1717 1716 1727
f 1717 1727 1728
f 1724 1723 1734
f 1724 1734 1735
f 1714 1657 1725
f 1721 1720 1731
f 1721 1731 1732
f 1718 1717 1728
f 1718 1728 1729
f 1691 1724 1735
f 1715 1714 1725
f 1715 1725 1726
f 1725 1657 1736
f 1732 1731 1742
f 1732 1742 1743
f 1729 1728 1739
f 1729 1739 1740
f 1691 1735 1746
f 1726 1725 1736
f 1726 1736 1737
f 1733 1732 1743
f 1733 1743 1744
f 1730 1729 1740
f 1730 1740 1741
f 1727 1726 1737
f 1727 1737 1738
f 1734 1733 1744
f 1734 1744 1745
f 1731 1730 1741
f 1731 1741 1742
f 1728 1727 1738
f 1728 1738 1739
f 1735 1734 1745
f 1735 1745 1746
f 1745 1744 1755
f 1745 1755 1756
f 1742 1741 1752
f 1742 1752 1753
f 1739 1738 1749
f 1739 1749 1750
f 1746 1745 1756
f 1746 1756 1757
f 1736 1657 1747
f 1743 1742 1753
f 1743 1753 1754
f 1740 1739 1750
f 1740 1750 1751
f 1691 1746 1757
f 1737 1736 1747
f 1737 1747 1748
f 1744 1743 1754
f 1744 1754 1755
f 1741 1740 1751
f 1741 1751 1752
f 1738 1737 1748
f 1738 1748 1749
f 1748 1747 1758
f 1748 1758 1759
f 1755 1754 1765
f 1755 1765 1766
f 1752 1751 1762
f 1752 1762 1763
f 1749 1748 1759
f 1749 1759 1760
f 1756 1755 1766
f 1756 1766 1767
f 1753 1752 1763
f 1753 1763 1764
f 1750 1749 1760
f 1750 1760 1761
f 1757 1756 1767
f 1757 1767 1768
f 1747 1657 1758
f 1754 1753 1764
f 1754 1764 1765
f 1751 1750 1761
f 1751 1761 1762
f 1691 1757 1768
f 1768 1767 1778
f 1768 1778 1779
f 1758 1657 1769
f 1765 1764 1775
f 1765 1775 1776
f 1762 1761 1772
f 1762 1772 1773
f 1691 1768 1779
f 1759 1758 1769
f 1759 1769 1770
f 1766 1765 1776
f 1766 1776 1777
f 1763 1762 1773
f 1763 1773 1774
f 1760 1759 1770
f 1760 1770 1771
f 1767 1766 1777
f 1767 1777 1778
f 1764 1763 1774
f 1764 1774 1775
f 1761 1760 1771
f 1761 1771 1772
f 1771 1770 1781
f 1771 1781 1523
f 1778 1777 1786
f 1778 1786 1787
f 1775 1774 1783
f 1775 1783 1784
f 1772 1771 1523
f 1772 1523 1524
f 1779 1778 1787
f 1779 1787 1788
f 1769 1657 1780
f 1776 1775 1784
f 1776 1784 1785
f 1773 1772 1524
f 1773 1524 1782
f 1691 1779 1788
f 1770 1769 1780
f 1770 1780 1781
f 1777 1776 1785
f 1777 1785 1786
f 1774 1773 1782
f 1774 1782 1783
f 1790 1789 1793
f 1790 1793 1794
f 2054 2053 1800
f 2054 1800 1801
f 2046 1923 1791
f 2051 2050 1797
f 2051 1797 1798
f 2048 1790 1794
f 2048 1794 1795
f 1957 2054 1801
f 2047 2046 1791
f 2047 1791 1792
f 2052 2051 1798
f 2052 1798 1799
f 2049 2048 1795
f 2049 1795 1796
f 1789 2047 1792
f 1789 1792 1793
f 2053 2052 1799
f 2053 1799 1800
f 2050 2049 1796
f 2050 1796 1797
f 1799 1798 1809
f 1799 1809 1810
f 1796 1795 1806
f 1796 1806 1807
f 1793 1792 1803
f 1793 1803 1804
f 1800 1799 1810
f 1800 1810 1811
f 1797 1796 1807
f 1797 1807 1808
f 1794 1793 1804
f 1794 1804 1805
f 1801 1800 1811
f 1801 1811 1812
f 1791 1923 1802
f 1798 1797 1808
f 1798 1808 1809
f 1795 1794 1805
f 1795 1805 1806
f 1957 1801 1812
f 1792 1791 1802
f 1792 1802 1803
f 1802 1923 1813
f 1809 1808 1819
f 1809 1819 1820
f 1806 1805 1816
f 1806 1816 1817
f 1957 1812 1823
f 1803 1802 1813
f 1803 1813 1814
f 1810 1809 1820
f 1810 1820 1821
f 1807 1806 1817
f 1807 1817 1818
f 1804 1803 1814
f 1804 1814 1815
f 1811 1810 1821
f 1811 1821 1822
f 1808 1807 1818
f 1808 1818 1819
f 1805 1804 1815
f 1805 1815 1816
f 1812 1811 1822
f 1812 1822 1823
f 1822 1821 1832
f 1822 1832 1833
f 1819 1818 1829
f 1819 1829 1830
f 1816 1815 1826
f 1816 1826 1827
f 1823 1822 1833
f 1823 1833 1834
f 1813 1923 1824
f 1820 1819 1830
f 1820 1830 1831
f 1817 1816 1827
f 1817 1827 1828
f 1957 1823 1834
f 1814 1813 1824
f 1814 1824 1825
f 1821 1820 1831
f 1821 1831 1832
f 1818 1817 1828
f 1818 1828 1829
f 1815 1814 1825
f 1815 1825 1826
f 1825 1824 1835
f 1825 1835 1836
f 1832 1831 1842
f 1832 1842 1843
f 1829 1828 1839
f 1829 1839 1840
f 1826 1825 1836
f 1826 1836 1837
f 1833 1832 1843
f 1833 1843 1844
f 1830 1829 1840
f 1830 1840 1841
f 1827 1826 1837
f 1827 1837 1838
f 1834 1833 1844
f 1834 1844 1845
f 1824 1923 1835
f 1831 1830 1841
f 1831 1841 1842
f 1828 1827 1838
f 1828 1838 1839
f 1957 1834 1845
f 1845 1844 1855
f 1845 1855 1856
f 1835 1923 1846
f 1842 1841 1852
f 1842 1852 1853
f 1839 1838 1849
f 1839 1849 1850
f 1957 1845 1856
f 1836 1835 1846
f 1836 1846 1847
f 1843 1842 1853
f 1843 1853 1854
f 1840 1839 1850
f 1840 1850 1851
f 1837 1836 1847
f 1837 1847 1848
f 1844 1843 1854
f 1844 1854 1855
f 1841 1840 1851
f 1841 1851 1852
f 1838 1837 1848
f 1838 1848 1849
f 1848 1847 1858
f 1848 1858 1859
f 1855 1854 1865
f 1855 1865 1866
f 1852 1851 1862
f 1852 1862 1863
f 1849 1848 1859
f 1849 1859 1860
f 1856 1855 1866
f 1856 1866 1867
f 1846 1923 1857
f 1853 1852 1863
f 1853 1863 1864
f 1850 1849 1860
f 1850 1860 1861
f 1957 1856 1867
f 1847 1846 1857
f 1847 1857 1858
f 1854 1853 1864
f 1854 1864 1865
f 1851 1850 1861
f 1851 1861 1862
f 1957 1867 1878
f 1858 1857 1868
f 1858 1868 1869
f 1865 1864 1875
f 1865 1875 1876
f 1862 1861 1872
f 1862 1872 1873
f 1859 1858 1869
f 1859 1869 1870
f 1866 1865 1876
f 1866 1876 1877
f 1863 1862 1873
f 1863 1873 1874
f 1860 1859 1870
f 1860 1870 1871
f 1867 1866 1877
f 1867 1877 1878
f 1857 1923 1868
f 1864 1863 1874
f 1864 1874 1875
f 1861 1860 1871
f 1861 1871 1872
f 1871 1870 1881
f 1871 1881 1882
f 1878 1877 1888
f 1878 1888 1889
f 1868 1923 1879
f 1875 1874 1885
f 1875 1885 1886
f 1872 1871 1882
f 1872 1882 1883
f 1957 1878 1889
f 1869 1868 1879
f 1869 1879 1880
f 1876 1875 1886
f 1876 1886 1887
f 1873 1872 1883
f 1873 1883 1884
f 1870 1869 1880
f 1870 1880 1881
f 1877 1876 1887
f 1877 1887 1888
f 1874 1873 1884
f 1874 1884 1885
f 1881 1880 1891
f 1881 1891 1892
f 1888 1887 1898
f 1888 1898 1899
f 1885 1884 1895
f 1885 1895 1896
f 1882 1881 1892
f 1882 1892 1893
f 1889 1888 1899
f 1889 1899 1900
f 1879 1923 1890
f 1886 1885 1896
f 1886 1896 1897
f 1883 1882 1893
f 1883 1893 1894
f 1957 1889 1900
f 1880 1879 1890
f 1880 1890 1891
f 1887 1886 1897
f 1887 1897 1898
f 1884 1883 1894
f 1884 1894 1895
f 1894 1893 1904
f 1894 1904 1905
f 1957 1900 1911
f 1891 1890 1901
f 1891 1901 1902
f 1898 1897 1908
f 1898 1908 1909
f 1895 1894 1905
f 1895 1905 1906
f 1892 1891 1902
f 1892 1902 1903
f 1899 1898 1909
f 1899 1909 1910
f 1896 1895 1906
f 1896 1906 1907
f 1893 1892 1903
f 1893 1903 1904
f 1900 1899 1910
f 1900 1910 1911
f 1890 1923 1901
f 1897 1896 1907
f 1897 1907 1908
f 1904 1903 1914
f 1904 1914 1915
f 1911 1910 1921
f 1911 1921 1922
f 1901 1923 1912
f 1908 1907 1918
f 1908 1918 1919
f 1905 1904 1915
f 1905 1915 1916
f 1957 1911 1922
f 1902 1901 1912
f 1902 1912 1913
f 1909 1908 1919
f 1909 1919 1920
f 1906 1905 1916
f 1906 1916 1917
f 1903 1902 1913
f 1903 1913 1914
f 1910 1909 1920
f 1910 1920 1921
f 1907 1906 1917
f 1907 1917 1918
f 1917 1916 1928
f 1917 1928 1929
f 1914 1913 1925
f 1914 1925 1926
f 1921 1920 1932
f 1921 1932 1933
f 1918 1917 1929
f 1918 1929 1930
f 1915 1914 1926
f 1915 1926 1927
f 1922 1921 1933
f 1922 1933 1934
f 1912 1923 1924
f 1919 1918 1930
f 1919 1930 1931
f 1916 1915 1927
f 1916 1927 1928
f 1957 1922 1934
f 1913 1912 1924
f 1913 1924 1925
f 1920 1919 1931
f 1920 1931 1932
f 1928 1927 1938
f 1928 1938 1939
f 1957 1934 1945
f 1925 1924 1935
f 1925 1935 1936
f 1932 1931 1942
f 1932 1942 1943
f 1929 1928 1939
f 1929 1939 1940
f 1926 1925 1936
f 1926 1936 1937
f 1933 1932 1943
f 1933 1943 1944
f 1930 1929 1940
f 1930 1940 1941
f 1927 1926 1937
f 1927 1937 1938
f 1934 1933 1944
f 1934 1944 1945
f 1924 1923 1935
f 1931 1930 1941
f 1931 1941 1942
f 1941 1940 1951
f 1941 1951 1952
f 1938 1937 1948
f 1938 1948 1949
f 1945 1944 1955
f 1945 1955 1956
f 1935 1923 1946
f 1942 1941 1952
f 1942 1952 1953
f 1939 1938 1949
f 1939 1949 1950
f 1957 1945 1956
f 1936 1935 1946
f 1936 1946 1947
f 1943 1942 1953
f 1943 1953 1954
f 1940 1939 1950
f 1940 1950 1951
f 1937 1936 1947
f 1937 1947 1948
f 1944 1943 1954
f 1944 1954 1955
f 1951 1950 1962
f 1951 1962 1963
f 1948 1947 1959
f 1948 1959 1960
f 1955 1954 1966
f 1955 1966 1967
f 1952 1951 1963
f 1952 1963 1964
f 1949 1948 1960
f 1949 1960 1961
f 1956 1955 1967
f 1956 1967 1968
f 1946 1923 1958
f 1953 1952 1964
f 1953 1964 1965
f 1950 1949 1961
f 1950 1961 1962
f 1957 1956 1968
f 1947 1946 1958
f 1947 1958 1959
f 1954 1953 1965
f 1954 1965 1966
f 1965 1964 1975
f 1965 1975 1976
f 1962 1961 1972
f 1962 1972 1973
f 1957 1968 1979
f 1959 1958 1969
f 1959 1969 1970
f 1966 1965 1976
f 1966 1976 1977
f 1963 1962 1973
f 1963 1973 1974
f 1960 1959 1970
f 1960 1970 1971
f 1967 1966 1977
f 1967 1977 1978
f 1964 1963 1974
f 1964 1974 1975
f 1961 1960 1971
f 1961 1971 1972
f 1968 1967 1978
f 1968 1978 1979
f 1958 1923 1969
f 1975 1974 1985
f 1975 1985 1986
f 1972 1971 1982
f 1972 1982 1983
f 1979 1978 1989
f 1979 1989 1990
f 1969 1923 1980
f 1976 1975 1986
f 1976 1986 1987
f 1973 1972 1983
f 1973 1983 1984
f 1957 1979 1990
f 1970 1969 1980
f 1970 1980 1981
f 1977 1976 1987
f 1977 1987 1988
f 1974 1973 1984
f 1974 1984 1985
f 1971 1970 1981
f 1971 1981 1982
f 1978 1977 1988
f 1978 1988 1989
f 1988 1987 1998
f 1988 1998 1999
f 1985 1984 1995
f 1985 1995 1996
f 1982 1981 1992
f 1982 1992 1993
f 1989 1988 1999
f 1989 1999 2000
f 1986 1985 1996
f 1986 1996 1997
f 1983 1982 1993
f 1983 1993 1994
f 1990 1989 2000
f 1990 2000 2001
f 1980 1923 1991
f 1987 1986 1997
f 1987 1997 1998
f 1984 1983 1994
f 1984 1994 1995
f 1957 1990 2001
f 1981 1980 1991
f 1981 1991 1992
f 1991 1923 2002
f 1998 1997 2008
f 1998 2008 2009
f 1995 1994 2005
f 1995 2005 2006
f 1957 2001 2012
f 1992 1991 2002
f 1992 2002 2003
f 1999 1998 2009
f 1999 2009 2010
f 1996 1995 2006
f 1996 2006 2007
f 1993 1992 2003
f 1993 2003 2004
f 2000 1999 2010
f 2000 2010 2011
f 1997 1996 2007
f 1997 2007 2008
f 1994 1993 2004
f 1994 2004 2005
f 2001 2000 2011
f 2001 2011 2012
f 2011 2010 2021
f 2011 2021 2022
f 2008 2007 2018
f 2008 2018 2019
f 2005 2004 2015
f 2005 2015 2016
f 2012 2011 2022
f 2012 2022 2023
f 2002 1923 2013
f 2009 2008 2019
f 2009 2019 2020
f 2006 2005 2016
f 2006 2016 2017
f 1957 2012 2023
f 2003 2002 2013
f 2003 2013 2014
f 2010 2009 2020
f 2010 2020 2021
f 2007 2006 2017
f 2007 2017 2018
f 2004 2003 2014
f 2004 2014 2015
f 2014 2013 2024
f 2014 2024 2025
f 2021 2020 2031
f 2021 2031 2032
f 2018 2017 2028
f 2018 2028 2029
f 2015 2014 2025
f 2015 2025 2026
f 2022 2021 2032
f 2022 2032 2033
f 2019 2018 2029
f 2019 2029 2030
f 2016 2015 2026
f 2016 2026 2027
f 2023 2022 2033
f 2023 2033 2034
f 2013 1923 2024
f 2020 2019 2030
f 2020 2030 2031
f 2017 2016 2027
f 2017 2027 2028
f 1957 2023 2034
f 2034 2033 2044
f 2034 2044 2045
f 2024 1923 2035
f 2031 2030 2041
f 2031 2041 2042
f 2028 2027 2038
f 2028 2038 2039
f 1957 2034 2045
f 2025 2024 2035
f 2025 2035 2036
f 2032 2031 2042
f 2032 2042 2043
f 2029 2028 2039
f 2029 2039 2040
f 2026 2025 2036
f 2026 2036 2037
f 2033 2032 2043
f 2033 2043 2044
f 2030 2029 2040
f 2030 2040 2041
f 2027 2026 2037
f 2027 2037 2038
f 2037 2036 2047
f 2037 2047 1789
f 2044 2043 2052
f 2044 2052 2053
f 2041 2040 2049
f 2041 2049 2050
f 2038 2037 1789
f 2038 1789 1790
f 2045 2044 2053
f 2045 2053 2054
f 2035 1923 2046
f 2042 2041 2050
f 2042 2050 2051
f 2039 2038 1790
f 2039 1790 2048
f 1957 2045 2054
f 2036 2035 2046
f 2036 2046 2047
f 2043 2042 2051
f 2043 2051 2052
f 2040 2039 2048
f 2040 2048 2049
f 2056 2055 2059
f 2056 2059 2060
f 2320 2319 2066
f 2320 2066 2067
f 2312 2189 2057
f 2317 2316 2063
f 2317 2063 2064
f 2314 2056 2060
f 2314 2060 2061
f 2223 2320 2067
f 2313 2312 2057
f 2313 2057 2058
f 2318 2317 2064
f 2318 2064 2065
f 2315 2314 2061
f 2315 2061 2062
f 2055 2313 2058
f 2055 2058 2059
f 2319 2318 2065
f 2319 2065 2066
f 2316 2315 2062
f 2316 2062 2063
f 2065 2064 2075
f 2065 2075 2076
f 2062 2061 2072
f 2062 2072 2073
f 2059 2058 2069
f 2059 2069 2070
f 2066 2065 2076
f 2066 2076 2077
f 2063 2062 2073
f 2063 2073 2074
f 2060 2059 2070
f 2060 2070 2071
f 2067 2066 2077
f 2067 2077 2078
f 2057 2189 2068
f 2064 2063 2074
f 2064 2074 2075
f 2061 2060 2071
f 2061 2071 2072
f 2223 2067 2078
f 2058 2057 2068
f 2058 2068 2069
f 2068 2189 2079
f 2075 2074 2085
f 2075 2085 2086
f 2072 2071 2082
f 2072 2082 2083
f 2223 2078 2089
f 2069 2068 2079
f 2069 2079 2080
f 2076 2075 2086
f 2076 2086 2087
f 2073 2072 2083
f 2073 2083 2084
f 2070 2069 2080
f 2070 2080 2081
f 2077 2076 2087
f 2077 2087 2088
f 2074 2073 2084
f 2074 2084 2085
f 2071 2070 2081
f 2071 2081 2082
f 2078 2077 2088
f 2078 2088 2089
f 2088 2087 2098
f 2088 2098 2099
f 2085 2084 2095
f 2085 2095 2096
f 2082 2081 2092
f 2082 2092 2093
f 2089 2088 2099
f 2089 2099 2100
f 2079 2189 2090
f 2086 2085 2096
f 2086 2096 2097
f 2083 2082 2093
f 2083 2093 2094
f 2223 2089 2100
f 2080 2079 2090
f 2080 2090 2091
f 2087 2086 2097
f 2087 2097 2098
f 2084 2083 2094
f 2084 2094 2095
f 2081 2080 2091
f 2081 2091 2092
f 2091 2090 2101
f 2091 2101 2102
f 2098 2097 2108
f 2098 2108 2109
f 2095 2094 2105
f 2095 2105 2106
f 2092 2091 2102
f 2092 2102 2103
f 2099 2098 2109
f 2099 2109 2110
f 2096 2095 2106
f 2096 2106 2107
f 2093 2092 2103
f 2093 2103 2104
f 2100 2099 2110
f 2100 2110 2111
f 2090 2189 2101
f 2097 2096 2107
f 2097 2107 2108
f 2094 2093 2104
f 2094 2104 2105
f 2223 2100 2111
f 2111 2110 2121
f 2111 2121 2122
f 2101 2189 2112
f 2108 2107 2118
f 2108 2118 2119
f 2105 2104 2115
f 2105 2115 2116
f 2223 2111 2122
f 2102 2101 2112
f 2102 2112 2113
f 2109 2108 2119
f 2109 2119 2120
f 2106 2105 2116
f 2106 2116 2117
f 2103 2102 2113
f 2103 2113 2114
f 2110 2109 2120
f 2110 2120 2121
f 2107 2106 2117
f 2107 2117 2118
f 2104 2103 2114
f 2104 2114 2115
f 2114 2113 2124
f 2114 2124 2125
f 2121 2120 2131
f 2121 2131 2132
f 2118 2117 2128
f 2118 2128 2129
f 2115 2114 2125
f 2115 2125 2126
f 2122 2121 2132
f 2122 2132 2133
f 2112 2189 2123
f 2119 2118 2129
f 2119 2129 2130
f 2116 2115 2126
f 2116 2126 2127
f 2223 2122 2133
f 2113 2112 2123
f 2113 2123 2124
f 2120 2119 2130
f 2120 2130 2131
f 2117 2116 2127
f 2117 2127 2128
f 2223 2133 2144
f 2124 2123 2134
f 2124 2134 2135
f 2131 2130 2141
f 2131 2141 2142
f 2128 2127 2138
f 2128 2138 2139
f 2125 2124 2135
f 2125 2135 2136
f 2132 2131 2142
f 2132 2142 2143
f 2129 2128 2139
f 2129 2139 2140
f 2126 2125 2136
f 2126 2136 2137
f 2133 2132 2143
f 2133 2143 2144
f 2123 2189 2134
f 2130 2129 2140
f 2130 2140 2141
f 2127 2126 2137
f 2127 2137 2138
f 2137 2136 2147
f 2137 2147 2148
f 2144 2143 2154
f 2144 2154 2155
f 2134 2189 2145
f 2141 2140 2151
f 2141 2151 2152
f 2138 2137 2148
f 2138 2148 2149
f 2223 2144 2155
f 2135 2134 2145
f 2135 2145 2146
f 2142 2141 2152
f 2142 2152 2153
f 2139 2138 2149
f 2139 2149 2150
f 2136 2135 2146
f 2136 2146 2147
f 2143 2142 2153
f 2143 2153 2154
f 2140 2139 2150
f 2140 2150 2151
f 2147 2146 2157
f 2147 2157 2158
f 2154 2153 2164
f 2154 2164 2165
f 2151 2150 2161
f 2151 2161 2162
f 2148 2147 2158
f 2148 2158 2159
f 2155 2154 2165
f 2155 2165 2166
f 2145 2189 2156
f 2152 2151 2162
f 2152 2162 2163
f 2149 2148 2159
f 2149 2159 2160
f 2223 2155 2166
f 2146 2145 2156
f 2146 2156 2157
f 2153 2152 2163
f 2153 2163 2164
f 2150 2149 2160
f 2150 2160 2161
f 2160 2159 2170
f 2160 2170 2171
f 2223 2166 2177
f 2157 2156 2167
f 2157 2167 2168
f 2164 2163 2174
f 2164 2174 2175
f 2161 2160 2171
f 2161 2171 2172
f 2158 2157 2168
f 2158 2168 2169
f 2165 2164 2175
f 2165 2175 2176
f 2162 2161 2172
f 2162 2172 2173
f 2159 2158 2169
f 2159 2169 2170
f 2166 2165 2176
f 2166 2176 2177
f 2156 2189 2167
f 2163 2162 2173
f 2163 2173 2174
f 2170 2169 2180
f 2170 2180 2181
f 2177 2176 2187
f 2177 2187 2188
f 2167 2189 2178
f 2174 2173 2184
f 2174 2184 2185
f 2171 2170 2181
f 2171 2181 2182
f 2223 2177 2188
f 2168 2167 2178
f 2168 2178 2179
f 2175 2174 2185
f 2175 2185 2186
f 2172 2171 2182
f 2172 2182 2183
f 2169 2168 2179
f 2169 2179 2180
f 2176 2175 2186
f 2176 2186 2187
f 2173 2172 2183
f 2173 2183 2184
f 2183 2182 2194
f 2183 2194 2195
f 2180 2179 2191
f 2180 2191 2192
f 2187 2186 2198
f 2187 2198 2199
f 2184 2183 2195
f 2184 2195 2196
f 2181 2180 2192
f 2181 2192 2193
f 2188 2187 2199
f 2188 2199 2200
f 2178 2189 2190
f 2185 2184 2196
f 2185 2196 2197
f 2182 2181 2193
f 2182 2193 2194
f 2223 2188 2200
f 2179 2178 2190
f 2179 2190 2191
f 2186 2185 2197
f 2186 2197 2198
f 2194 2193 2204
f 2194 2204 2205
f 2223 2200 2211
f 2191 2190 2201
f 2191 2201 2202
f 2198 2197 2208
f 2198 2208 2209
f 2195 2194 2205
f 2195 2205 2206
f 2192 2191 2202
f 2192 2202 2203
f 2199 2198 2209
f 2199 2209 2210
f 2196 2195 2206
f 2196 2206 2207
f 2193 2192 2203
f 2193 2203 2204
f 2200 2199 2210
f 2200 2210 2211
f 2190 2189 2201
f 2197 2196 2207
f 2197 2207 2208
f 2207 2206 2217
f 2207 2217 2218
f 2204 2203 2214
f 2204 2214 2215
f 2211 2210 2221
f 2211 2221 2222
f 2201 2189 2212
f 2208 2207 2218
f 2208 2218 2219
f 2205 2204 2215
f 2205 2215 2216
f 2223 2211 2222
f 2202 2201 2212
f 2202 2212 2213
f 2209 2208 2219
f 2209 2219 2220
f 2206 2205 2216
f 2206 2216 2217
f 2203 2202 2213
f 2203 2213 2214
f 2210 2209 2220
f 2210 2220 2221
f 2217 2216 2228
f 2217 2228 2229
f 2214 2213 2225
f 2214 2225 2226
f 2221 2220 2232
f 2221 2232 2233
f 2218 2217 2229
f 2218 2229 2230
f 2215 2214 2226
f 2215 2226 2227
f 2222 2221 2233
f 2222 2233 2234
f 2212 2189 2224
f 2219 2218 2230
f 2219 2230 2231
f 2216 2215 2227
f 2216 2227 2228
f 2223 2222 2234
f 2213 2212 2224
f 2213 2224 2225
f 2220 2219 2231
f 2220 2231 2232
f 2231 2230 2241
f 2231 2241 2242
f 2228 2227 2238
f 2228 2238 2239
f 2223 2234 2245
f 2225 2224 2235
f 2225 2235 2236
f 2232 2231 2242
f 2232 2242 2243
f 2229 2228 2239
f 2229 2239 2240
f 2226 2225 2236
f 2226 2236 2237
f 2233 2232 2243
f 2233 2243 2244
f 2230 2229 2240
f 2230 2240 2241
f 2227 2226 2237
f 2227 2237 2238
f 2234 2233 2244
f 2234 2244 2245
f 2224 2189 2235
f 2241 2240 2251
f 2241 2251 2252
f 2238 2237 2248
f 2238 2248 2249
f 2245 2244 2255
f 2245 2255 2256
f 2235 2189 2246
f 2242 2241 2252
f 2242 2252 2253
f 2239 2238 2249
f 2239 2249 2250
f 2223 2245 2256
f 2236 2235 2246
f 2236 2246 2247
f 2243 2242 2253
f 2243 2253 2254
f 2240 2239 2250
f 2240 2250 2251
f 2237 2236 2247
f 2237 2247 2248
f 2244 2243 2254
f 2244 2254 2255
f 2254 2253 2264
f 2254 2264 2265
f 2251 2250 2261
f 2251 2261 2262
f 2248 2247 2258
f 2248 2258 2259
f 2255 2254 2265
f 2255 2265 2266
f 2252 2251 2262
f 2252 2262 2263
f 2249 2248 2259
f 2249 2259 2260
f 2256 2255 2266
f 2256 2266 2267
f 2246 2189 2257
f 2253 2252 2263
f 2253 2263 2264
f 2250 2249 2260
f 2250 2260 2261
f 2223 2256 2267
f 2247 2246 2257
f 2247 2257 2258
f 2257 2189 2268
f 2264 2263 2274
f 2264 2274 2275
f 2261 2260 2271
f 2261 2271 2272
f 2223 2267 2278
f 2258 2257 2268
f 2258 2268 2269
f 2265 2264 2275
f 2265 2275 2276
f 2262 2261 2272
f 2262 2272 2273
f 2259 2258 2269
f 2259 2269 2270
f 2266 2265 2276
f 2266 2276 2277
f 2263 2262 2273
f 2263 2273 2274
f 2260 2259 2270
f 2260 2270 2271
f 2267 2266 2277
f 2267 2277 2278
f 2277 2276 2287
f 2277 2287 2288
f 2274 2273 2284
f 2274 2284 2285
f 2271 2270 2281
f 2271 2281 2282
f 2278 2277 2288
f 2278 2288 2289
f 2268 2189 2279
f 2275 2274 2285
f 2275 2285 2286
f 2272 2271 2282
f 2272 2282 2283
f 2223 2278 2289
f 2269 2268 2279
f 2269 2279 2280
f 2276 2275 2286
f 2276 2286 2287
f 2273 2272 2283
f 2273 2283 2284
f 2270 2269 2280
f 2270 2280 2281
f 2280 2279 2290
f 2280 2290 2291
f 2287 2286 2297
f 2287 2297 2298
f 2284 2283 2294
f 2284 2294 2295
f 2281 2280 2291
f 2281 2291 2292
f 2288 2287 2298
f 2288 2298 2299
f 2285 2284 2295
f 2285 2295 2296
f 2282 2281 2292
f 2282 2292 2293
f 2289 2288 2299
f 2289 2299 2300
f 2279 2189 2290
f 2286 2285 2296
f 2286 2296 2297
f 2283 2282 2293
f 2283 2293 2294
f 2223 2289 2300
f 2300 2299 2310
f 2300 2310 2311
f 2290 2189 2301
f 2297 2296 2307
f 2297 2307 2308
f 2294 2293 2304
f 2294 2304 2305
f 2223 2300 2311
f 2291 2290 2301
f 2291 2301 2302
f 2298 2297 2308
f 2298 2308 2309
f 2295 2294 2305
f 2295 2305 2306
f 2292 2291 2302
f 2292 2302 2303
f 2299 2298 2309
f 2299 2309 2310
f 2296 2295 2306
f 2296 2306 2307
f 2293 2292 2303
f 2293 2303 2304
f 2303 2302 2313
f 2303 2313 2055
f 2310 2309 2318
f 2310 2318 2319
f 2307 2306 2315
f 2307 2315 2316
f 2304 2303 2055
f 2304 2055 2056
f 2311 2310 2319
f 2311 2319 2320
f 2301 2189 2312
f 2308 2307 2316
f 2308 2316 2317
f 2305 2304 2056
f 2305 2056 2314
f 2223 2311 2320
f 2302 2301 2312
f 2302 2312 2313
f 2309 2308 2317
f 2309 2317 2318
f 2306 2305 2314
f 2306 2314 2315
f 2583 2582 2329
f 2583 2329 2330
f 2580 2322 2326
f 2580 2326 2327
f 2489 2586 2333
f 2579 2578 2323
f 2579 2323 2324
f 2584 2583 2330
f 2584 2330 2331
f 2581 2580 2327
f 2581 2327 2328
f 2321 2579 2324
f 2321 2324 2325
f 2585 2584 2331
f 2585 2331 2332
f 2582 2581 2328
f 2582 2328 2329
f 2322 2321 2325
f 2322 2325 2326
f 2586 2585 2332
f 2586 2332 2333
f 2578 2455 2323
f 2325 2324 2335
f 2325 2335 2336
f 2332 2331 2342
f 2332 2342 2343
f 2329 2328 2339
f 2329 2339 2340
f 2326 2325 2336
f 2326 2336 2337
f 2333 2332 2343
f 2333 2343 2344
f 2323 2455 2334
f 2330 2329 2340
f 2330 2340 2341
f 2327 2326 2337
f 2327 2337 2338
f 2489 2333 2344
f 2324 2323 2334
f 2324 2334 2335
f 2331 2330 2341
f 2331 2341 2342
f 2328 2327 2338
f 2328 2338 2339
f 2338 2337 2348
f 2338 2348 2349
f 2489 2344 2355
f 2335 2334 2345
f 2335 2345 2346
f 2342 2341 2352
f 2342 2352 2353
f 2339 2338 2349
f 2339 2349 2350
f 2336 2335 2346
f 2336 2346 2347
f 2343 2342 2353
f 2343 2353 2354
f 2340 2339 2350
f 2340 2350 2351
f 2337 2336 2347
f 2337 2347 2348
f 2344 2343 2354
f 2344 2354 2355
f 2334 2455 2345
f 2341 2340 2351
f 2341 2351 2352
f 2348 2347 2358
f 2348 2358 2359
f 2355 2354 2365
f 2355 2365 2366
f 2345 2455 2356
f 2352 2351 2362
f 2352 2362 2363
f 2349 2348 2359
f 2349 2359 2360
f 2489 2355 2366
f 2346 2345 2356
f 2346 2356 2357
f 2353 2352 2363
f 2353 2363 2364
f 2350 2349 2360
f 2350 2360 2361
f 2347 2346 2357
f 2347 2357 2358
f 2354 2353 2364
f 2354 2364 2365
f 2351 2350 2361
f 2351 2361 2362
f 2361 2360 2371
f 2361 2371 2372
f 2358 2357 2368
f 2358 2368 2369
f 2365 2364 2375
f 2365 2375 2376
f 2362 2361 2372
f 2362 2372 2373
f 2359 2358 2369
f 2359 2369 2370
f 2366 2365 2376
f 2366 2376 2377
f 2356 2455 2367
f 2363 2362 2373
f 2363 2373 2374
f 2360 2359 2370
f 2360 2370 2371
f 2489 2366 2377
f 2357 2356 2367
f 2357 2367 2368
f 2364 2363 2374
f 2364 2374 2375
f 2371 2370 2381
f 2371 2381 2382
f 2489 2377 2388
f 2368 2367 2378
f 2368 2378 2379
f 2375 2374 2385
f 2375 2385 2386
f 2372 2371 2382
f 2372 2382 2383
f 2369 2368 2379
f 2369 2379 2380
f 2376 2375 2386
f 2376 2386 2387
f 2373 2372 2383
f 2373 2383 2384
f 2370 2369 2380
f 2370 2380 2381
f 2377 2376 2387
f 2377 2387 2388
f 2367 2455 2378
f 2374 2373 2384
f 2374 2384 2385
f 2384 2383 2394
f 2384 2394 2395
f 2381 2380 2391
f 2381 2391 2392
f 2388 2387 2398
f 2388 2398 2399
f 2378 2455 2389
f 2385 2384 2395
f 2385 2395 2396
f 2382 2381 2392
f 2382 2392 2393
f 2489 2388 2399
f 2379 2378 2389
f 2379 2389 2390
f 2386 2385 2396
f 2386 2396 2397
f 2383 2382 2393
f 2383 2393 2394
f 2380 2379 2390
f 2380 2390 2391
f 2387 2386 2397
f 2387 2397 2398
f 2394 2393 2404
f 2394 2404 2405
f 2391 2390 2401
f 2391 2401 2402
f 2398 2397 2408
f 2398 2408 2409
f 2395 2394 2405
f 2395 2405 2406
f 2392 2391 2402
f 2392 2402 2403
f 2399 2398 2409
f 2399 2409 2410
f 2389 2455 2400
f 2396 2395 2406
f 2396 2406 2407
f 2393 2392 2403
f 2393 2403 2404
f 2489 2399 2410
f 2390 2389 2400
f 2390 2400 2401
f 2397 2396 2407
f 2397 2407 2408
f 2407 2406 2417
f 2407 2417 2418
f 2404 2403 2414
f 2404 2414 2415
f 2489 2410 2421
f 2401 2400 2411
f 2401 2411 2412
f 2408 2407 2418
f 2408 2418 2419
f 2405 2404 2415
f 2405 2415 2416
f 2402 2401 2412
f 2402 2412 2413
f 2409 2408 2419
f 2409 2419 2420
f 2406 2405 2416
f 2406 2416 2417
f 2403 2402 2413
f 2403 2413 2414
f 2410 2409 2420
f 2410 2420 2421
f 2400 2455 2411
f 2417 2416 2427
f 2417 2427 2428
f 2414 2413 2424
f 2414 2424 2425
f 2421 2420 2431
f 2421 2431 2432
f 2411 2455 2422
f 2418 2417 2428
f 2418 2428 2429
f 2415 2414 2425
f 2415 2425 2426
f 2489 2421 2432
f 2412 2411 2422
f 2412 2422 2423
f 2419 2418 2429
f 2419 2429 2430
f 2416 2415 2426
f 2416 2426 2427
f 2413 2412 2423
f 2413 2423 2424
f 2420 2419 2430
f 2420 2430 2431
f 2430 2429 2440
f 2430 2440 2441
f 2427 2426 2437
f 2427 2437 2438
f 2424 2423 2434
f 2424 2434 2435
f 2431 2430 2441
f 2431 2441 2442
f 2428 2427 2438
f 2428 2438 2439
f 2425 2424 2435
f 2425 2435 2436
f 2432 2431 2442
f 2432 2442 2443
f 2422 2455 2433
f 2429 2428 2439
f 2429 2439 2440
f 2426 2425 2436
f 2426 2436 2437
f 2489 2432 2443
f 2423 2422 2433
f 2423 2433 2434
f 2433 2455 2444
f 2440 2439 2450
f 2440 2450 2451
f 2437 2436 2447
f 2437 2447 2448
f 2489 2443 2454
f 2434 2433 2444
f 2434 2444 2445
f 2441 2440 2451
f 2441 2451 2452
f 2438 2437 2448
f 2438 2448 2449
f 2435 2434 2445
f 2435 2445 2446
f 2442 2441 2452
f 2442 2452 2453
f 2439 2438 2449
f 2439 2449 2450
f 2436 2435 2446
f 2436 2446 2447
f 2443 2442 2453
f 2443 2453 2454
f 2453 2452 2464
f 2453 2464 2465
f 2450 2449 2461
f 2450 2461 2462
f 2447 2446 2458
f 2447 2458 2459
f 2454 2453 2465
f 2454 2465 2466
f 2444 2455 2456
f 2451 2450 2462
f 2451 2462 2463
f 2448 2447 2459
f 2448 2459 2460
f 2489 2454 2466
f 2445 2444 2456
f 2445 2456 2457
f 2452 2451 2463
f 2452 2463 2464
f 2449 2448 2460
f 2449 2460 2461
f 2446 2445 2457
f 2446 2457 2458
f 2457 2456 2467
f 2457 2467 2468
f 2464 2463 2474
f 2464 2474 2475
f 2461 2460 2471
f 2461 2471 2472
f 2458 2457 2468
f 2458 2468 2469
f 2465 2464 2475
f 2465 2475 2476
f 2462 2461 2472
f 2462 2472 2473
f 2459 2458 2469
f 2459 2469 2470
f 2466 2465 2476
f 2466 2476 2477
f 2456 2455 2467
f 2463 2462 2473
f 2463 2473 2474
f 2460 2459 2470
f 2460 2470 2471
f 2489 2466 2477
f 2477 2476 2487
f 2477 2487 2488
f 2467 2455 2478
f 2474 2473 2484
f 2474 2484 2485
f 2471 2470 2481
f 2471 2481 2482
f 2489 2477 2488
f 2468 2467 2478
f 2468 2478 2479
f 2475 2474 2485
f 2475 2485 2486
f 2472 2471 2482
f 2472 2482 2483
f 2469 2468 2479
f 2469 2479 2480
f 2476 2475 2486
f 2476 2486 2487
f 2473 2472 2483
f 2473 2483 2484
f 2470 2469 2480
f 2470 2480 2481
f 2480 2479 2491
f 2480 2491 2492
f 2487 2486 2498
f 2487 2498 2499
f 2484 2483 2495
f 2484 2495 2496
f 2481 2480 2492
f 2481 2492 2493
f 2488 2487 2499
f 2488 2499 2500
f 2478 2455 2490
f 2485 2484 2496
f 2485 2496 2497
f 2482 2481 2493
f 2482 2493 2494
f 2489 2488 2500
f 2479 2478 2490
f 2479 2490 2491
f 2486 2485 2497
f 2486 2497 2498
f 2483 2482 2494
f 2483 2494 2495
f 2489 2500 2511
f 2491 2490 2501
f 2491 2501 2502
f 2498 2497 2508
f 2498 2508 2509
f 2495 2494 2505
f 2495 2505 2506
f 2492 2491 2502
f 2492 2502 2503
f 2499 2498 2509
f 2499 2509 2510
f 2496 2495 2506
f 2496 2506 2507
f 2493 2492 2503
f 2493 2503 2504
f 2500 2499 2510
f 2500 2510 2511
f 2490 2455 2501
f 2497 2496 2507
f 2497 2507 2508
f 2494 2493 2504
f 2494 2504 2505
f 2504 2503 2514
f 2504 2514 2515
f 2511 2510 2521
f 2511 2521 2522
f 2501 2455 2512
f 2508 2507 2518
f 2508 2518 2519
f 2505 2504 2515
f 2505 2515 2516
f 2489 2511 2522
f 2502 2501 2512
f 2502 2512 2513
f 2509 2508 2519
f 2509 2519 2520
f 2506 2505 2516
f 2506 2516 2517
f 2503 2502 2513
f 2503 2513 2514
f 2510 2509 2520
f 2510 2520 2521
f 2507 2506 2517
f 2507 2517 2518
f 2514 2513 2524
f 2514 2524 2525
f 2521 2520 2531
f 2521 2531 2532
f 2518 2517 2528
f 2518 2528 2529
f 2515 2514 2525
f 2515 2525 2526
f 2522 2521 2532
f 2522 2532 2533
f 2512 2455 2523
f 2519 2518 2529
f 2519 2529 2530
f 2516 2515 2526
f 2516 2526 2527
f 2489 2522 2533
f 2513 2512 2523
f 2513 2523 2524
f 2520 2519 2530
f 2520 2530 2531
f 2517 2516 2527
f 2517 2527 2528
f 2527 2526 2537
f 2527 2537 2538
f 2489 2533 2544
f 2524 2523 2534
f 2524 2534 2535
f 2531 2530 2541
f 2531 2541 2542
f 2528 2527 2538
f 2528 2538 2539
f 2525 2524 2535
f 2525 2535 2536
f 2532 2531 2542
f 2532 2542 2543
f 2529 2528 2539
f 2529 2539 2540
f 2526 2525 2536
f 2526 2536 2537
f 2533 2532 2543
f 2533 2543 2544
f 2523 2455 2534
f 2530 2529 2540
f 2530 2540 2541
f 2537 2536 2547
f 2537 2547 2548
f 2544 2543 2554
f 2544 2554 2555
f 2534 2455 2545
f 2541 2540 2551
f 2541 2551 2552
f 2538 2537 2548
f 2538 2548 2549
f 2489 2544 2555
f 2535 2534 2545
f 2535 2545 2546
f 2542 2541 2552
f 2542 2552 2553
f 2539 2538 2549
f 2539 2549 2550
f 2536 2535 2546
f 2536 2546 2547
f 2543 2542 2553
f 2543 2553 2554
f 2540 2539 2550
f 2540 2550 2551
f 2550 2549 2560
f 2550 2560 2561
f 2547 2546 2557
f 2547 2557 2558
f 2554 2553 2564
f 2554 2564 2565
f 2551 2550 2561
f 2551 2561 2562
f 2548 2547 2558
f 2548 2558 2559
f 2555 2554 2565
f 2555 2565 2566
f 2545 2455 2556
f 2552 2551 2562
f 2552 2562 2563
f 2549 2548 2559
f 2549 2559 2560
f 2489 2555 2566
f 2546 2545 2556
f 2546 2556 2557
f 2553 2552 2563
f 2553 2563 2564
f 2560 2559 2570
f 2560 2570 2571
f 2489 2566 2577
f 2557 2556 2567
f 2557 2567 2568
f 2564 2563 2574
f 2564 2574 2575
f 2561 2560 2571
f 2561 2571 2572
f 2558 2557 2568
f 2558 2568 2569
f 2565 2564 2575
f 2565 2575 2576
f 2562 2561 2572
f 2562 2572 2573
f 2559 2558 2569
f 2559 2569 2570
f 2566 2565 2576
f 2566 2576 2577
f 2556 2455 2567
f 2563 2562 2573
f 2563 2573 2574
f 2573 2572 2581
f 2573 2581 2582
f 2570 2569 2321
f 2570 2321 2322
f 2577 2576 2585
f 2577 2585 2586
f 2567 2455 2578
f 2574 2573 2582
f 2574 2582 2583
f 2571 2570 2322
f 2571 2322 2580
f 2489 2577 2586
f 2568 2567 2578
f 2568 2578 2579
f 2575 2574 2583
f 2575 2583 2584
f 2572 2571 2580
f 2572 2580 2581
f 2569 2568 2579
f 2569 2579 2321
f 2576 2575 2584
f 2576 2584 2585
f 2587 2845 2590
f 2587 2590 2591
f 2851 2850 2597
f 2851 2597 2598
f 2848 2847 2594
f 2848 2594 2595
f 2588 2587 2591
f 2588 2591 2592
f 2852 2851 2598
f 2852 2598 2599
f 2844 2721 2589
f 2849 2848 2595
f 2849 2595 2596
f 2846 2588 2592
f 2846 2592 2593
f 2755 2852 2599
f 2845 2844 2589
f 2845 2589 2590
f 2850 2849 2596
f 2850 2596 2597
f 2847 2846 2593
f 2847 2593 2594
f 2596 2595 2606
f 2596 2606 2607
f 2593 2592 2603
f 2593 2603 2604
f 2755 2599 2610
f 2590 2589 2600
f 2590 2600 2601
f 2597 2596 2607
f 2597 2607 2608
f 2594 2593 2604
f 2594 2604 2605
f 2591 2590 2601
f 2591 2601 2602
f 2598 2597 2608
f 2598 2608 2609
f 2595 2594 2605
f 2595 2605 2606
f 2592 2591 2602
f 2592 2602 2603
f 2599 2598 2609
f 2599 2609 2610
f 2589 2721 2600
f 2606 2605 2616
f 2606 2616 2617
f 2603 2602 2613
f 2603 2613 2614
f 2610 2609 2620
f 2610 2620 2621
f 2600 2721 2611
f 2607 2606 2617
f 2607 2617 2618
f 2604 2603 2614
f 2604 2614 2615
f 2755 2610 2621
f 2601 2600 2611
f 2601 2611 2612
f 2608 2607 2618
f 2608 2618 2619
f 2605 2604 2615
f 2605 2615 2616
f 2602 2601 2612
f 2602 2612 2613
f 2609 2608 2619
f 2609 2619 2620
f 2619 2618 2629
f 2619 2629 2630
f 2616 2615 2626
f 2616 2626 2627
f 2613 2612 2623
f 2613 2623 2624
f 2620 2619 2630
f 2620 2630 2631
f 2617 2616 2627
f 2617 2627 2628
f 2614 2613 2624
f 2614 2624 2625
f 2621 2620 2631
f 2621 2631 2632
f 2611 2721 2622
f 2618 2617 2628
f 2618 2628 2629
f 2615 2614 2625
f 2615 2625 2626
f 2755 2621 2632
f 2612 2611 2622
f 2612 2622 2623
f 2622 2721 2633
f 2629 2628 2639
f 2629 2639 2640
f 2626 2625 2636
f 2626 2636 2637
f 2755 2632 2643
f 2623 2622 2633
f 2623 2633 2634
f 2630 2629 2640
f 2630 2640 2641
f 2627 2626 2637
f 2627 2637 2638
f 2624 2623 2634
f 2624 2634 2635
f 2631 2630 2641
f 2631 2641 2642
f 2628 2627 2638
f 2628 2638 2639
f 2625 2624 2635
f 2625 2635 2636
f 2632 2631 2642
f 2632 2642 2643
f 2642 2641 2652
f 2642 2652 2653
f 2639 2638 2649
f 2639 2649 2650
f 2636 2635 2646
f 2636 2646 2647
f 2643 2642 2653
f 2643 2653 2654
f 2633 2721 2644
f 2640 2639 2650
f 2640 2650 2651
f 2637 2636 2647
f 2637 2647 2648
f 2755 2643 2654
f 2634 2633 2644
f 2634 2644 2645
f 2641 2640 2651
f 2641 2651 2652
f 2638 2637 2648
f 2638 2648 2649
f 2635 2634 2645
f 2635 2645 2646
f 2645 2644 2655
f 2645 2655 2656
f 2652 2651 2662
f 2652 2662 2663
f 2649 2648 2659
f 2649 2659 2660
f 2646 2645 2656
f 2646 2656 2657
f 2653 2652 2663
f 2653 2663 2664
f 2650 2649 2660
f 2650 2660 2661
f 2647 2646 2657
f 2647 2657 2658
f 2654 2653 2664
f 2654 2664 2665
f 2644 2721 2655
f 2651 2650 2661
f 2651 2661 2662
f 2648 2647 2658
f 2648 2658 2659
f 2755 2654 2665
f 2665 2664 2675
f 2665 2675 2676
f 2655 2721 2666
f 2662 2661 2672
f 2662 2672 2673
f 2659 2658 2669
f 2659 2669 2670
f 2755 2665 2676
f 2656 2655 2666
f 2656 2666 2667
f 2663 2662 2673
f 2663 2673 2674
f 2660 2659 2670
f 2660 2670 2671
f 2657 2656 2667
f 2657 2667 2668
f 2664 2663 2674
f 2664 2674 2675
f 2661 2660 2671
f 2661 2671 2672
f 2658 2657 2668
f 2658 2668 2669
f 2668 2667 2678
f 2668 2678 2679
f 2675 2674 2685
f 2675 2685 2686
f 2672 2671 2682
f 2672 2682 2683
f 2669 2668 2679
f 2669 2679 2680
f 2676 2675 2686
f 2676 2686 2687
f 2666 2721 2677
f 2673 2672 2683
f 2673 2683 2684
f 2670 2669 2680
f 2670 2680 2681
f 2755 2676 2687
f 2667 2666 2677
f 2667 2677 2678
f 2674 2673 2684
f 2674 2684 2685
f 2671 2670 2681
f 2671 2681 2682
f 2755 2687 2698
f 2678 2677 2688
f 2678 2688 2689
f 2685 2684 2695
f 2685 2695 2696
f 2682 2681 2692
f 2682 2692 2693
f 2679 2678 2689
f 2679 2689 2690
f 2686 2685 2696
f 2686 2696 2697
f 2683 2682 2693
f 2683 2693 2694
f 2680 2679 2690
f 2680 2690 2691
f 2687 2686 2697
f 2687 2697 2698
f 2677 2721 2688
f 2684 2683 2694
f 2684 2694 2695
f 2681 2680 2691
f 2681 2691 2692
f 2691 2690 2701
f 2691 2701 2702
f 2698 2697 2708
f 2698 2708 2709
f 2688 2721 2699
f 2695 2694 2705
f 2695 2705 2706
f 2692 2691 2702
f 2692 2702 2703
f 2755 2698 2709
f 2689 2688 2699
f 2689 2699 2700
f 2696 2695 2706
f 2696 2706 2707
f 2693 2692 2703
f 2693 2703 2704
f 2690 2689 2700
f 2690 2700 2701
f 2697 2696 2707
f 2697 2707 2708
f 2694 2693 2704
f 2694 2704 2705
f 2701 2700 2711
f 2701 2711 2712
f 2708 2707 2718
f 2708 2718 2719
f 2705 2704 2715
f 2705 2715 2716
f 2702 2701 2712
f 2702 2712 2713
f 2709 2708 2719
f 2709 2719 2720
f 2699 2721 2710
f 2706 2705 2716
f 2706 2716 2717
f 2703 2702 2713
f 2703 2713 2714
f 2755 2709 2720
f 2700 2699 2710
f 2700 2710 2711
f 2707 2706 2717
f 2707 2717 2718
f 2704 2703 2714
f 2704 2714 2715
f 2714 2713 2725
f 2714 2725 2726
f 2755 2720 2732
f 2711 2710 2722
f 2711 2722 2723
f 2718 2717 2729
f 2718 2729 2730
f 2715 2714 2726
f 2715 2726 2727
f 2712 2711 2723
f 2712 2723 2724
f 2719 2718 2730
f 2719 2730 2731
f 2716 2715 2727
f 2716 2727 2728
f 2713 2712 2724
f 2713 2724 2725
f 2720 2719 2731
f 2720 2731 2732
f 2710 2721 2722
f 2717 2716 2728
f 2717 2728 2729
f 2725 2724 2735
f 2725 2735 2736
f 2732 2731 2742
f 2732 2742 2743
f 2722 2721 2733
f 2729 2728 2739
f 2729 2739 2740
f 2726 2725 2736
f 2726 2736 2737
f 2755 2732 2743
f 2723 2722 2733
f 2723 2733 2734
f 2730 2729 2740
f 2730 2740 2741
f 2727 2726 2737
f 2727 2737 2738
f 2724 2723 2734
f 2724 2734 2735
f 2731 2730 2741
f 2731 2741 2742
f 2728 2727 2738
f 2728 2738 2739
f 2738 2737 2748
f 2738 2748 2749
f 2735 2734 2745
f 2735 2745 2746
f 2742 2741 2752
f 2742 2752 2753
f 2739 2738 2749
f 2739 2749 2750
f 2736 2735 2746
f 2736 2746 2747
f 2743 2742 2753
f 2743 2753 2754
f 2733 2721 2744
f 2740 2739 2750
f 2740 2750 2751
f 2737 2736 2747
f 2737 2747 2748
f 2755 2743 2754
f 2734 2733 2744
f 2734 2744 2745
f 2741 2740 2751
f 2741 2751 2752
f 2748 2747 2759
f 2748 2759 2760
f 2755 2754 2766
f 2745 2744 2756
f 2745 2756 2757
f 2752 2751 2763
f 2752 2763 2764
f 2749 2748 2760
f 2749 2760 2761
f 2746 2745 2757
f 2746 2757 2758
f 2753 2752 2764
f 2753 2764 2765
f 2750 2749 2761
f 2750 2761 2762
f 2747 2746 2758
f 2747 2758 2759
f 2754 2753 2765
f 2754 2765 2766
f 2744 2721 2756
f 2751 2750 2762
f 2751 2762 2763
f 2762 2761 2772
f 2762 2772 2773
f 2759 2758 2769
f 2759 2769 2770
f 2766 2765 2776
f 2766 2776 2777
f 2756 2721 2767
f 2763 2762 2773
f 2763 2773 2774
f 2760 2759 2770
f 2760 2770 2771
f 2755 2766 2777
f 2757 2756 2767
f 2757 2767 2768
f 2764 2763 2774
f 2764 2774 2775
f 2761 2760 2771
f 2761 2771 2772
f 2758 2757 2768
f 2758 2768 2769
f 2765 2764 2775
f 2765 2775 2776
f 2772 2771 2782
f 2772 2782 2783
f 2769 2768 2779
f 2769 2779 2780
f 2776 2775 2786
f 2776 2786 2787
f 2773 2772 2783
f 2773 2783 2784
f 2770 2769 2780
f 2770 2780 2781
f 2777 2776 2787
f 2777 2787 2788
f 2767 2721 2778
f 2774 2773 2784
f 2774 2784 2785
f 2771 2770 2781
f 2771 2781 2782
f 2755 2777 2788
f 2768 2767 2778
f 2768 2778 2779
f 2775 2774 2785
f 2775 2785 2786
f 2785 2784 2795
f 2785 2795 2796
f 2782 2781 2792
f 2782 2792 2793
f 2755 2788 2799
f 2779 2778 2789
f 2779 2789 2790
f 2786 2785 2796
f 2786 2796 2797
f 2783 2782 2793
f 2783 2793 2794
f 2780 2779 2790
f 2780 2790 2791
f 2787 2786 2797
f 2787 2797 2798
f 2784 2783 2794
f 2784 2794 2795
f 2781 2780 2791
f 2781 2791 2792
f 2788 2787 2798
f 2788 2798 2799
f 2778 2721 2789
f 2795 2794 2805
f 2795 2805 2806
f 2792 2791 2802
f 2792 2802 2803
f 2799 2798 2809
f 2799 2809 2810
f 2789 2721 2800
f 2796 2795 2806
f 2796 2806 2807
f 2793 2792 2803
f 2793 2803 2804
f 2755 2799 2810
f 2790 2789 2800
f 2790 2800 2801
f 2797 2796 2807
f 2797 2807 2808
f 2794 2793 2804
f 2794 2804 2805
f 2791 2790 2801
f 2791 2801 2802
f 2798 2797 2808
f 2798 2808 2809
f 2808 2807 2818
f 2808 2818 2819
f 2805 2804 2815
f 2805 2815 2816
f 2802 2801 2812
f 2802 2812 2813
f 2809 2808 2819
f 2809 2819 2820
f 2806 2805 2816
f 2806 2816 2817
f 2803 2802 2813
f 2803 2813 2814
f 2810 2809 2820
f 2810 2820 2821
f 2800 2721 2811
f 2807 2806 2817
f 2807 2817 2818
f 2804 2803 2814
f 2804 2814 2815
f 2755 2810 2821
f 2801 2800 2811
f 2801 2811 2812
f 2811 2721 2822
f 2818 2817 2828
f 2818 2828 2829
f 2815 2814 2825
f 2815 2825 2826
f 2755 2821 2832
f 2812 2811 2822
f 2812 2822 2823
f 2819 2818 2829
f 2819 2829 2830
f 2816 2815 2826
f 2816 2826 2827
f 2813 2812 2823
f 2813 2823 2824
f 2820 2819 2830
f 2820 2830 2831
f 2817 2816 2827
f 2817 2827 2828
f 2814 2813 2824
f 2814 2824 2825
f 2821 2820 2831
f 2821 2831 2832
f 2831 2830 2841
f 2831 2841 2842
f 2828 2827 2838
f 2828 2838 2839
f 2825 2824 2835
f 2825 2835 2836
f 2832 2831 2842
f 2832 2842 2843
f 2822 2721 2833
f 2829 2828 2839
f 2829 2839 2840
f 2826 2825 2836
f 2826 2836 2837
f 2755 2832 2843
f 2823 2822 2833
f 2823 2833 2834
f 2830 2829 2840
f 2830 2840 2841
f 2827 2826 2837
f 2827 2837 2838
f 2824 2823 2834
f 2824 2834 2835
f 2834 2833 2844
f 2834 2844 2845
f 2841 2840 2849
f 2841 2849 2850
f 2838 2837 2846
f 2838 2846 2847
f 2835 2834 2845
f 2835 2845 2587
f 2842 2841 2850
f 2842 2850 2851
f 2839 2838 2847
f 2839 2847 2848
f 2836 2835 2587
f 2836 2587 2588
f 2843 2842 2851
f 2843 2851 2852
f 2833 2721 2844
f 2840 2839 2848
f 2840 2848 2849
f 2837 2836 2588
f 2837 2588 2846
f 2755 2843 2852
f 2853 3111 2856
f 2853 2856 2857
f 3117 3116 2863
f 3117 2863 2864
f 3114 3113 2860
f 3114 2860 2861
f 2854 2853 2857
f 2854 2857 2858
f 3118 3117 2864
f 3118 2864 2865
f 3110 2987 2855
f 3115 3114 2861
f 3115 2861 2862
f 3112 2854 2858
f 3112 2858 2859
f 3021 3118 2865
f 3111 3110 2855
f 3111 2855 2856
f 3116 3115 2862
f 3116 2862 2863
f 3113 3112 2859
f 3113 2859 2860
f 2862 2861 2872
f 2862 2872 2873
f 2859 2858 2869
f 2859 2869 2870
f 3021 2865 2876
f 2856 2855 2866
f 2856 2866 2867
f 2863 2862 2873
f 2863 2873 2874
f 2860 2859 2870
f 2860 2870 2871
f 2857 2856 2867
f 2857 2867 2868
f 2864 2863 2874
f 2864 2874 2875
f 2861 2860 2871
f 2861 2871 2872
f 2858 2857 2868
f 2858 2868 2869
f 2865 2864 2875
f 2865 2875 2876
f 2855 2987 2866
f 2872 2871 2882
f 2872 2882 2883
f 2869 2868 2879
f 2869 2879 2880
f 2876 2875 2886
f 2876 2886 2887
f 2866 2987 2877
f 2873 2872 2883
f 2873 2883 2884
f 2870 2869 2880
f 2870 2880 2881
f 3021 2876 2887
f 2867 2866 2877
f 2867 2877 2878
f 2874 2873 2884
f 2874 2884 2885
f 2871 2870 2881
f 2871 2881 2882
f 2868 2867 2878
f 2868 2878 2879
f 2875 2874 2885
f 2875 2885 2886
f 2885 2884 2895
f 2885 2895 2896
f 2882 2881 2892
f 2882 2892 2893
f 2879 2878 2889
f 2879 2889 2890
f 2886 2885 2896
f 2886 2896 2897
f 2883 2882 2893
f 2883 2893 2894
f 2880 2879 2890
f 2880 2890 2891
f 2887 2886 2897
f 2887 2897 2898
f 2877 2987 2888
f 2884 2883 2894
f 2884 2894 2895
f 2881 2880 2891
f 2881 2891 2892
f 3021 2887 2898
f 2878 2877 2888
f 2878 2888 2889
f 2888 2987 2899
f 2895 2894 2905
f 2895 2905 2906
f 2892 2891 2902
f 2892 2902 2903
f 3021 2898 2909
f 2889 2888 2899
f 2889 2899 2900
f 2896 2895 2906
f 2896 2906 2907
f 2893 2892 2903
f 2893 2903 2904
f 2890 2889 2900
f 2890 2900 2901
f 2897 2896 2907
f 2897 2907 2908
f 2894 2893 2904
f 2894 2904 2905
f 2891 2890 2901
f 2891 2901 2902
f 2898 2897 2908
f 2898 2908 2909
f 2908 2907 2918
f 2908 2918 2919
f 2905 2904 2915
f 2905 2915 2916
f 2902 2901 2912
f 2902 2912 2913
f 2909 2908 2919
f 2909 2919 2920
f 2899 2987 2910
f 2906 2905 2916
f 2906 2916 2917
f 2903 2902 2913
f 2903 2913 2914
f 3021 2909 2920
f 2900 2899 2910
f 2900 2910 2911
f 2907 2906 2917
f 2907 2917 2918
f 2904 2903 2914
f 2904 2914 2915
f 2901 2900 2911
f 2901 2911 2912
f 2911 2910 2921
f 2911 2921 2922
f 2918 2917 2928
f 2918 2928 2929
f 2915 2914 2925
f 2915 2925 2926
f 2912 2911 2922
f 2912 2922 2923
f 2919 2918 2929
f 2919 2929 2930
f 2916 2915 2926
f 2916 2926 2927
f 2913 2912 2923
f 2913 2923 2924
f 2920 2919 2930
f 2920 2930 2931
f 2910 2987 2921
f 2917 2916 2927
f 2917 2927 2928
f 2914 2913 2924
f 2914 2924 2925
f 3021 2920 2931
f 2931 2930 2941
f 2931 2941 2942
f 2921 2987 2932
f 2928 2927 2938
f 2928 2938 2939
f 2925 2924 2935
f 2925 2935 2936
f 3021 2931 2942
f 2922 2921 2932
f 2922 2932 2933
f 2929 2928 2939
f 2929 2939 2940
f 2926 2925 2936
f 2926 2936 2937
f 2923 2922 2933
f 2923 2933 2934
f 2930 2929 2940
f 2930 2940 2941
f 2927 2926 2937
f 2927 2937 2938
f 2924 2923 2934
f 2924 2934 2935
f 2934 2933 2944
f 2934 2944 2945
f 2941 2940 2951
f 2941 2951 2952
f 2938 2937 2948
f 2938 2948 2949
f 2935 2934 2945
f 2935 2945 2946
f 2942 2941 2952
f 2942 2952 2953
f 2932 2987 2943
f 2939 2938 2949
f 2939 2949 2950
f 2936 2935 2946
f 2936 2946 2947
f 3021 2942 2953
f 2933 2932 2943
f 2933 2943 2944
f 2940 2939 2950
f 2940 2950 2951
f 2937 2936 2947
f 2937 2947 2948
f 3021 2953 2964
f 2944 2943 2954
f 2944 2954 2955
f 2951 2950 2961
f 2951 2961 2962
f 2948 2947 2958
f 2948 2958 2959
f 2945 2944 2955
f 2945 2955 2956
f 2952 2951 2962
f 2952 2962 2963
f 2949 2948 2959
f 2949 2959 2960
f 2946 2945 2956
f 2946 2956 2957
f 2953 2952 2963
f 2953 2963 2964
f 2943 2987 2954
f 2950 2949 2960
f 2950 2960 2961
f 2947 2946 2957
f 2947 2957 2958
f 2957 2956 2967
f 2957 2967 2968
f 2964 2963 2974
f 2964 2974 2975
f 2954 2987 2965
f 2961 2960 2971
f 2961 2971 2972
f 2958 2957 2968
f 2958 2968 2969
f 3021 2964 2975
f 2955 2954 2965
f 2955 2965 2966
f 2962 2961 2972
f 2962 2972 2973
f 2959 2958 2969
f 2959 2969 2970
f 2956 2955 2966
f 2956 2966 2967
f 2963 2962 2973
f 2963 2973 2974
f 2960 2959 2970
f 2960 2970 2971
f 2967 2966 2977
f 2967 2977 2978
f 2974 2973 2984
f 2974 2984 2985
f 2971 2970 2981
f 2971 2981 2982
f 2968 2967 2978
f 2968 2978 2979
f 2975 2974 2985
f 2975 2985 2986
f 2965 2987 2976
f 2972 2971 2982
f 2972 2982 2983
f 2969 2968 2979
f 2969 2979 2980
f 3021 2975 2986
f 2966 2965 2976
f 2966 2976 2977
f 2973 2972 2983
f 2973 2983 2984
f 2970 2969 2980
f 2970 2980 2981
f 2980 2979 2991
f 2980 2991 2992
f 3021 2986 2998
f 2977 2976 2988
f 2977 2988 2989
f 2984 2983 2995
f 2984 2995 2996
f 2981 2980 2992
f 2981 2992 2993
f 2978 2977 2989
f 2978 2989 2990
f 2985 2984 2996
f 2985 2996 2997
f 2982 2981 2993
f 2982 2993 2994
f 2979 2978 2990
f 2979 2990 2991
f 2986 2985 2997
f 2986 2997 2998
f 2976 2987 2988
f 2983 2982 2994
f 2983 2994 2995
f 2991 2990 3001
f 2991 3001 3002
f 2998 2997 3008
f 2998 3008 3009
f 2988 2987 2999
f 2995 2994 3005
f 2995 3005 3006
f 2992 2991 3002
f 2992 3002 3003
f 3021 2998 3009
f 2989 2988 2999
f 2989 2999 3000
f 2996 2995 3006
f 2996 3006 3007
f 2993 2992 3003
f 2993 3003 3004
f 2990 2989 3000
f 2990 3000 3001
f 2997 2996 3007
f 2997 3007 3008
f 2994 2993 3004
f 2994 3004 3005
f 3004 3003 3014
f 3004 3014 3015
f 3001 3000 3011
f 3001 3011 3012
f 3008 3007 3018
f 3008 3018 3019
f 3005 3004 3015
f 3005 3015 3016
f 3002 3001 3012
f 3002 3012 3013
f 3009 3008 3019
f 3009 3019 3020
f 2999 2987 3010
f 3006 3005 3016
f 3006 3016 3017
f 3003 3002 3013
f 3003 3013 3014
f 3021 3009 3020
f 3000 2999 3010
f 3000 3010 3011
f 3007 3006 3017
f 3007 3017 3018
f 3014 3013 3025
f 3014 3025 3026
f 3021 3020 3032
f 3011 3010 3022
f 3011 3022 3023
f 3018 3017 3029
f 3018 3029 3030
f 3015 3014 3026
f 3015 3026 3027
f 3012 3011 3023
f 3012 3023 3024
f 3019 3018 3030
f 3019 3030 3031
f 3016 3015 3027
f 3016 3027 3028
f 3013 3012 3024
f 3013 3024 3025
f 3020 3019 3031
f 3020 3031 3032
f 3010 2987 3022
f 3017 3016 3028
f 3017 3028 3029
f 3028 3027 3038
f 3028 3038 3039
f 3025 3024 3035
f 3025 3035 3036
f 3032 3031 3042
f 3032 3042 3043
f 3022 2987 3033
f 3029 3028 3039
f 3029 3039 3040
f 3026 3025 3036
f 3026 3036 3037
f 3021 3032 3043
f 3023 3022 3033
f 3023 3033 3034
f 3030 3029 3040
f 3030 3040 3041
f 3027 3026 3037
f 3027 3037 3038
f 3024 3023 3034
f 3024 3034 3035
f 3031 3030 3041
f 3031 3041 3042
f 3038 3037 3048
f 3038 3048 3049
f 3035 3034 3045
f 3035 3045 3046
f 3042 3041 3052
f 3042 3052 3053
f 3039 3038 3049
f 3039 3049 3050
f 3036 3035 3046
f 3036 3046 3047
f 3043 3042 3053
f 3043 3053 3054
f 3033 2987 3044
f 3040 3039 3050
f 3040 3050 3051
f 3037 3036 3047
f 3037 3047 3048
f 3021 3043 3054
f 3034 3033 3044
f 3034 3044 3045
f 3041 3040 3051
f 3041 3051 3052
f 3051 3050 3061
f 3051 3061 3062
f 3048 3047 3058
f 3048 3058 3059
f 3021 3054 3065
f 3045 3044 3055
f 3045 3055 3056
f 3052 3051 3062
f 3052 3062 3063
f 3049 3048 3059
f 3049 3059 3060
f 3046 3045 3056
f 3046 3056 3057
f 3053 3052 3063
f 3053 3063 3064
f 3050 3049 3060
f 3050 3060 3061
f 3047 3046 3057
f 3047 3057 3058
f 3054 3053 3064
f 3054 3064 3065
f 3044 2987 3055
f 3061 3060 3071
f 3061 3071 3072
f 3058 3057 3068
f 3058 3068 3069
f 3065 3064 3075
f 3065 3075 3076
f 3055 2987 3066
f 3062 3061 3072
f 3062 3072 3073
f 3059 3058 3069
f 3059 3069 3070
f 3021 3065 3076
f 3056 3055 3066
f 3056 3066 3067
f 3063 3062 3073
f 3063 3073 3074
f 3060 3059 3070
f 3060 3070 3071
f 3057 3056 3067
f 3057 3067 3068
f 3064 3063 3074
f 3064 3074 3075
f 3074 3073 3084
f 3074 3084 3085
f 3071 3070 3081
f 3071 3081 3082
f 3068 3067 3078
f 3068 3078 3079
f 3075 3074 3085
f 3075 3085 3086
f 3072 3071 3082
f 3072 3082 3083
f 3069 3068 3079
f 3069 3079 3080
f 3076 3075 3086
f 3076 3086 3087
f 3066 2987 3077
f 3073 3072 3083
f 3073 3083 3084
f 3070 3069 3080
f 3070 3080 3081
f 3021 3076 3087
f 3067 3066 3077
f 3067 3077 3078
f 3077 2987 3088
f 3084 3083 3094
f 3084 3094 3095
f 3081 3080 3091
f 3081 3091 3092
f 3021 3087 3098
f 3078 3077 3088
f 3078 3088 3089
f 3085 3084 3095
f 3085 3095 3096
f 3082 3081 3092
f 3082 3092 3093
f 3079 3078 3089
f 3079 3089 3090
f 3086 3085 3096
f 3086 3096 3097
f 3083 3082 3093
f 3083 3093 3094
f 3080 3079 3090
f 3080 3090 3091
f 3087 3086 3097
f 3087 3097 3098
f 3097 3096 3107
f 3097 3107 3108
f 3094 3093 3104
f 3094 3104 3105
f 3091 3090 3101
f 3091 3101 3102
f 3098 3097 3108
f 3098 3108 3109
f 3088 2987 3099
f 3095 3094 3105
f 3095 3105 3106
f 3092 3091 3102
f 3092 3102 3103
f 3021 3098 3109
f 3089 3088 3099
f 3089 3099 3100
f 3096 3095 3106
f 3096 3106 3107
f 3093 3092 3103
f 3093 3103 3104
f 3090 3089 3100
f 3090 3100 3101
f 3100 3099 3110
f 3100 3110 3111
f 3107 3106 3115
f 3107 3115 3116
f 3104 3103 3112
f 3104 3112 3113
f 3101 3100 3111
f 3101 3111 2853
f 3108 3107 3116
f 3108 3116 3117
f 3105 3104 3113
f 3105 3113 3114
f 3102 3101 2853
f 3102 2853 2854
f 3109 3108 3117
f 3109 3117 3118
f 3099 2987 3110
f 3106 3105 3114
f 3106 3114 3115
f 3103 3102 2854
f 3103 2854 3112
f 3021 3109 3118
f 3382 3381 3128
f 3382 3128 3129
f 3379 3378 3125
f 3379 3125 3126
f 3119 3377 3122
f 3119 3122 3123
f 3383 3382 3129
f 3383 3129 3130
f 3380 3379 3126
f 3380 3126 3127
f 3120 3119 3123
f 3120 3123 3124
f 3384 3383 3130
f 3384 3130 3131
f 3376 3253 3121
f 3381 3380 3127
f 3381 3127 3128
f 3378 3120 3124
f 3378 3124 3125
f 3287 3384 3131
f 3377 3376 3121
f 3377 3121 3122
f 3124 3123 3134
f 3124 3134 3135
f 3131 3130 3141
f 3131 3141 3142
f 3121 3253 3132
f 3128 3127 3138
f 3128 3138 3139
f 3125 3124 3135
f 3125 3135 3136
f 3287 3131 3142
f 3122 3121 3132
f 3122 3132 3133
f 3129 3128 3139
f 3129 3139 3140
f 3126 3125 3136
f 3126 3136 3137
f 3123 3122 3133
f 3123 3133 3134
f 3130 3129 3140
f 3130 3140 3141
f 3127 3126 3137
f 3127 3137 3138
f 3137 3136 3147
f 3137 3147 3148
f 3134 3133 3144
f 3134 3144 3145
f 3141 3140 3151
f 3141 3151 3152
f 3138 3137 3148
f 3138 3148 3149
f 3135 3134 3145
f 3135 3145 3146
f 3142 3141 3152
f 3142 3152 3153
f 3132 3253 3143
f 3139 3138 3149
f 3139 3149 3150
f 3136 3135 3146
f 3136 3146 3147
f 3287 3142 3153
f 3133 3132 3143
f 3133 3143 3144
f 3140 3139 3150
f 3140 3150 3151
f 3147 3146 3157
f 3147 3157 3158
f 3287 3153 3164
f 3144 3143 3154
f 3144 3154 3155
f 3151 3150 3161
f 3151 3161 3162
f 3148 3147 3158
f 3148 3158 3159
f 3145 3144 3155
f 3145 3155 3156
f 3152 3151 3162
f 3152 3162 3163
f 3149 3148 3159
f 3149 3159 3160
f 3146 3145 3156
f 3146 3156 3157
f 3153 3152 3163
f 3153 3163 3164
f 3143 3253 3154
f 3150 3149 3160
f 3150 3160 3161
f 3160 3159 3170
f 3160 3170 3171
f 3157 3156 3167
f 3157 3167 3168
f 3164 3163 3174
f 3164 3174 3175
f 3154 3253 3165
f 3161 3160 3171
f 3161 3171 3172
f 3158 3157 3168
f 3158 3168 3169
f 3287 3164 3175
f 3155 3154 3165
f 3155 3165 3166
f 3162 3161 3172
f 3162 3172 3173
f 3159 3158 3169
f 3159 3169 3170
f 3156 3155 3166
f 3156 3166 3167
f 3163 3162 3173
f 3163 3173 3174
f 3170 3169 3180
f 3170 3180 3181
f 3167 3166 3177
f 3167 3177 3178
f 3174 3173 3184
f 3174 3184 3185
f 3171 3170 3181
f 3171 3181 3182
f 3168 3167 3178
f 3168 3178 3179
f 3175 3174 3185
f 3175 3185 3186
f 3165 3253 3176
f 3172 3171 3182
f 3172 3182 3183
f 3169 3168 3179
f 3169 3179 3180
f 3287 3175 3186
f 3166 3165 3176
f 3166 3176 3177
f 3173 3172 3183
f 3173 3183 3184
f 3183 3182 3193
f 3183 3193 3194
f 3180 3179 3190
f 3180 3190 3191
f 3287 3186 3197
f 3177 3176 3187
f 3177 3187 3188
f 3184 3183 3194
f 3184 3194 3195
f 3181 3180 3191
f 3181 3191 3192
f 3178 3177 3188
f 3178 3188 3189
f 3185 3184 3195
f 3185 3195 3196
f 3182 3181 3192
f 3182 3192 3193
f 3179 3178 3189
f 3179 3189 3190
f 3186 3185 3196
f 3186 3196 3197
f 3176 3253 3187
f 3193 3192 3203
f 3193 3203 3204
f 3190 3189 3200
f 3190 3200 3201
f 3197 3196 3207
f 3197 3207 3208
f 3187 3253 3198
f 3194 3193 3204
f 3194 3204 3205
f 3191 3190 3201
f 3191 3201 3202
f 3287 3197 3208
f 3188 3187 3198
f 3188 3198 3199
f 3195 3194 3205
f 3195 3205 3206
f 3192 3191 3202
f 3192 3202 3203
f 3189 3188 3199
f 3189 3199 3200
f 3196 3195 3206
f 3196 3206 3207
f 3206 3205 3216
f 3206 3216 3217
f 3203 3202 3213
f 3203 3213 3214
f 3200 3199 3210
f 3200 3210 3211
f 3207 3206 3217
f 3207 3217 3218
f 3204 3203 3214
f 3204 3214 3215
f 3201 3200 3211
f 3201 3211 3212
f 3208 3207 3218
f 3208 3218 3219
f 3198 3253 3209
f 3205 3204 3215
f 3205 3215 3216
f 3202 3201 3212
f 3202 3212 3213
f 3287 3208 3219
f 3199 3198 3209
f 3199 3209 3210
f 3209 3253 3220
f 3216 3215 3226
f 3216 3226 3227
f 3213 3212 3223
f 3213 3223 3224
f 3287 3219 3230
f 3210 3209 3220
f 3210 3220 3221
f 3217 3216 3227
f 3217 3227 3228
f 3214 3213 3224
f 3214 3224 3225
f 3211 3210 3221
f 3211 3221 3222
f 3218 3217 3228
f 3218 3228 3229
f 3215 3214 3225
f 3215 3225 3226
f 3212 3211 3222
f 3212 3222 3223
f 3219 3218 3229
f 3219 3229 3230
f 3229 3228 3239
f 3229 3239 3240
f 3226 3225 3236
f 3226 3236 3237
f 3223 3222 3233
f 3223 3233 3234
f 3230 3229 3240
f 3230 3240 3241
f 3220 3253 3231
f 3227 3226 3237
f 3227 3237 3238
f 3224 3223 3234
f 3224 3234 3235
f 3287 3230 3241
f 3221 3220 3231
f 3221 3231 3232
f 3228 3227 3238
f 3228 3238 3239
f 3225 3224 3235
f 3225 3235 3236
f 3222 3221 3232
f 3222 3232 3233
f 3232 3231 3242
f 3232 3242 3243
f 3239 3238 3249
f 3239 3249 3250
f 3236 3235 3246
f 3236 3246 3247
f 3233 3232 3243
f 3233 3243 3244
f 3240 3239 3250
f 3240 3250 3251
f 3237 3236 3247
f 3237 3247 3248
f 3234 3233 3244
f 3234 3244 3245
f 3241 3240 3251
f 3241 3251 3252
f 3231 3253 3242
f 3238 3237 3248
f 3238 3248 3249
f 3235 3234 3245
f 3235 3245 3246
f 3287 3241 3252
f 3252 3251 3263
f 3252 3263 3264
f 3242 3253 3254
f 3249 3248 3260
f 3249 3260 3261
f 3246 3245 3257
f 3246 3257 3258
f 3287 3252 3264
f 3243 3242 3254
f 3243 3254 3255
f 3250 3249 3261
f 3250 3261 3262
f 3247 3246 3258
f 3247 3258 3259
f 3244 3243 3255
f 3244 3255 3256
f 3251 3250 3262
f 3251 3262 3263
f 3248 3247 3259
f 3248 3259 3260
f 3245 3244 3256
f 3245 3256 3257
f 3256 3255 3266
f 3256 3266 3267
f 3263 3262 3273
f 3263 3273 3274
f 3260 3259 3270
f 3260 3270 3271
f 3257 3256 3267
f 3257 3267 3268
f 3264 3263 3274
f 3264 3274 3275
f 3254 3253 3265
f 3261 3260 3271
f 3261 3271 3272
f 3258 3257 3268
f 3258 3268 3269
f 3287 3264 3275
f 3255 3254 3265
f 3255 3265 3266
f 3262 3261 3272
f 3262 3272 3273
f 3259 3258 3269
f 3259 3269 3270
f 3287 3275 3286
f 3266 3265 3276
f 3266 3276 3277
f 3273 3272 3283
f 3273 3283 3284
f 3270 3269 3280
f 3270 3280 3281
f 3267 3266 3277
f 3267 3277 3278
f 3274 3273 3284
f 3274 3284 3285
f 3271 3270 3281
f 3271 3281 3282
f 3268 3267 3278
f 3268 3278 3279
f 3275 3274 3285
f 3275 3285 3286
f 3265 3253 3276
f 3272 3271 3282
f 3272 3282 3283
f 3269 3268 3279
f 3269 3279 3280
f 3279 3278 3290
f 3279 3290 3291
f 3286 3285 3297
f 3286 3297 3298
f 3276 3253 3288
f 3283 3282 3294
f 3283 3294 3295
f 3280 3279 3291
f 3280 3291 3292
f 3287 3286 3298
f 3277 3276 3288
f 3277 3288 3289
f 3284 3283 3295
f 3284 3295 3296
f 3281 3280 3292
f 3281 3292 3293
f 3278 3277 3289
f 3278 3289 3290
f 3285 3284 3296
f 3285 3296 3297
f 3282 3281 3293
f 3282 3293 3294
f 3290 3289 3300
f 3290 3300 3301
f 3297 3296 3307
f 3297 3307 3308
f 3294 3293 3304
f 3294 3304 3305
f 3291 3290 3301
f 3291 3301 3302
f 3298 3297 3308
f 3298 3308 3309
f 3288 3253 3299
f 3295 3294 3305
f 3295 3305 3306
f 3292 3291 3302
f 3292 3302 3303
f 3287 3298 3309
f 3289 3288 3299
f 3289 3299 3300
f 3296 3295 3306
f 3296 3306 3307
f 3293 3292 3303
f 3293 3303 3304
f 3303 3302 3313
f 3303 3313 3314
f 3287 3309 3320
f 3300 3299 3310
f 3300 3310 3311
f 3307 3306 3317
f 3307 3317 3318
f 3304 3303 3314
f 3304 3314 3315
f 3301 3300 3311
f 3301 3311 3312
f 3308 3307 3318
f 3308 3318 3319
f 3305 3304 3315
f 3305 3315 3316
f 3302 3301 3312
f 3302 3312 3313
f 3309 3308 3319
f 3309 3319 3320
f 3299 3253 3310
f 3306 3305 3316
f 3306 3316 3317
f 3313 3312 3323
f 3313 3323 3324
f 3320 3319 3330
f 3320 3330 3331
f 3310 3253 3321
f 3317 3316 3327
f 3317 3327 3328
f 3314 3313 3324
f 3314 3324 3325
f 3287 3320 3331
f 3311 3310 3321
f 3311 3321 3322
f 3318 3317 3328
f 3318 3328 3329
f 3315 3314 3325
f 3315 3325 3326
f 3312 3311 3322
f 3312 3322 3323
f 3319 3318 3329
f 3319 3329 3330
f 3316 3315 3326
f 3316 3326 3327
f 3326 3325 3336
f 3326 3336 3337
f 3323 3322 3333
f 3323 3333 3334
f 3330 3329 3340
f 3330 3340 3341
f 3327 3326 3337
f 3327 3337 3338
f 3324 3323 3334
f 3324 3334 3335
f 3331 3330 3341
f 3331 3341 3342
f 3321 3253 3332
f 3328 3327 3338
f 3328 3338 3339
f 3325 3324 3335
f 3325 3335 3336
f 3287 3331 3342
f 3322 3321 3332
f 3322 3332 3333
f 3329 3328 3339
f 3329 3339 3340
f 3336 3335 3346
f 3336 3346 3347
f 3287 3342 3353
f 3333 3332 3343
f 3333 3343 3344
f 3340 3339 3350
f 3340 3350 3351
f 3337 3336 3347
f 3337 3347 3348
f 3334 3333 3344
f 3334 3344 3345
f 3341 3340 3351
f 3341 3351 3352
f 3338 3337 3348
f 3338 3348 3349
f 3335 3334 3345
f 3335 3345 3346
f 3342 3341 3352
f 3342 3352 3353
f 3332 3253 3343
f 3339 3338 3349
f 3339 3349 3350
f 3349 3348 3359
f 3349 3359 3360
f 3346 3345 3356
f 3346 3356 3357
f 3353 3352 3363
f 3353 3363 3364
f 3343 3253 3354
f 3350 3349 3360
f 3350 3360 3361
f 3347 3346 3357
f 3347 3357 3358
f 3287 3353 3364
f 3344 3343 3354
f 3344 3354 3355
f 3351 3350 3361
f 3351 3361 3362
f 3348 3347 3358
f 3348 3358 3359
f 3345 3344 3355
f 3345 3355 3356
f 3352 3351 3362
f 3352 3362 3363
f 3359 3358 3369
f 3359 3369 3370
f 3356 3355 3366
f 3356 3366 3367
f 3363 3362 3373
f 3363 3373 3374
f 3360 3359 3370
f 3360 3370 3371
f 3357 3356 3367
f 3357 3367 3368
f 3364 3363 3374
f 3364 3374 3375
f 3354 3253 3365
f 3361 3360 3371
f 3361 3371 3372
f 3358 3357 3368
f 3358 3368 3369
f 3287 3364 3375
f 3355 3354 3365
f 3355 3365 3366
f 3362 3361 3372
f 3362 3372 3373
f 3372 3371 3380
f 3372 3380 3381
f 3369 3368 3120
f 3369 3120 3378
f 3287 3375 3384
f 3366 3365 3376
f 3366 3376 3377
f 3373 3372 3381
f 3373 3381 3382
f 3370 3369 3378
f 3370 3378 3379
f 3367 3366 3377
f 3367 3377 3119
f 3374 3373 3382
f 3374 3382 3383
f 3371 3370 3379
f 3371 3379 3380
f 3368 3367 3119
f 3368 3119 3120
f 3375 3374 3383
f 3375 3383 3384
f 3365 3253 3376
f 3385 3643 3388
f 3385 3388 3389
f 3649 3648 3395
f 3649 3395 3396
f 3646 3645 3392
f 3646 3392 3393
f 3386 3385 3389
f 3386 3389 3390
f 3650 3649 3396
f 3650 3396 3397
f 3642 3519 3387
f 3647 3646 3393
f 3647 3393 3394
f 3644 3386 3390
f 3644 3390 3391
f 3553 3650 3397
f 3643 3642 3387
f 3643 3387 3388
f 3648 3647 3394
f 3648 3394 3395
f 3645 3644 3391
f 3645 3391 3392
f 3394 3393 3404
f 3394 3404 3405
f 3391 3390 3401
f 3391 3401 3402
f 3553 3397 3408
f 3388 3387 3398
f 3388 3398 3399
f 3395 3394 3405
f 3395 3405 3406
f 3392 3391 3402
f 3392 3402 3403
f 3389 3388 3399
f 3389 3399 3400
f 3396 3395 3406
f 3396 3406 3407
f 3393 3392 3403
f 3393 3403 3404
f 3390 3389 3400
f 3390 3400 3401
f 3397 3396 3407
f 3397 3407 3408
f 3387 3519 3398
f 3404 3403 3414
f 3404 3414 3415
f 3401 3400 3411
f 3401 3411 3412
f 3408 3407 3418
f 3408 3418 3419
f 3398 3519 3409
f 3405 3404 3415
f 3405 3415 3416
f 3402 3401 3412
f 3402 3412 3413
f 3553 3408 3419
f 3399 3398 3409
f 3399 3409 3410
f 3406 3405 3416
f 3406 3416 3417
f 3403 3402 3413
f 3403 3413 3414
f 3400 3399 3410
f 3400 3410 3411
f 3407 3406 3417
f 3407 3417 3418
f 3417 3416 3427
f 3417 3427 3428
f 3414 3413 3424
f 3414 3424 3425
f 3411 3410 3421
f 3411 3421 3422
f 3418 3417 3428
f 3418 3428 3429
f 3415 3414 3425
f 3415 3425 3426
f 3412 3411 3422
f 3412 3422 3423
f 3419 3418 3429
f 3419 3429 3430
f 3409 3519 3420
f 3416 3415 3426
f 3416 3426 3427
f 3413 3412 3423
f 3413 3423 3424
f 3553 3419 3430
f 3410 3409 3420
f 3410 3420 3421
f 3420 3519 3431
f 3427 3426 3437
f 3427 3437 3438
f 3424 3423 3434
f 3424 3434 3435
f 3553 3430 3441
f 3421 3420 3431
f 3421 3431 3432
f 3428 3427 3438
f 3428 3438 3439
f 3425 3424 3435
f 3425 3435 3436
f 3422 3421 3432
f 3422 3432 3433
f 3429 3428 3439
f 3429 3439 3440
f 3426 3425 3436
f 3426 3436 3437
f 3423 3422 3433
f 3423 3433 3434
f 3430 3429 3440
f 3430 3440 3441
f 3440 3439 3450
f 3440 3450 3451
f 3437 3436 3447
f 3437 3447 3448
f 3434 3433 3444
f 3434 3444 3445
f 3441 3440 3451
f 3441 3451 3452
f 3431 3519 3442
f 3438 3437 3448
f 3438 3448 3449
f 3435 3434 3445
f 3435 3445 3446
f 3553 3441 3452
f 3432 3431 3442
f 3432 3442 3443
f 3439 3438 3449
f 3439 3449 3450
f 3436 3435 3446
f 3436 3446 3447
f 3433 3432 3443
f 3433 3443 3444
f 3443 3442 3453
f 3443 3453 3454
f 3450 3449 3460
f 3450 3460 3461
f 3447 3446 3457
f 3447 3457 3458
f 3444 3443 3454
f 3444 3454 3455
f 3451 3450 3461
f 3451 3461 3462
f 3448 3447 3458
f 3448 3458 3459
f 3445 3444 3455
f 3445 3455 3456
f 3452 3451 3462
f 3452 3462 3463
f 3442 3519 3453
f 3449 3448 3459
f 3449 3459 3460
f 3446 3445 3456
f 3446 3456 3457
f 3553 3452 3463
f 3463 3462 3473
f 3463 3473 3474
f 3453 3519 3464
f 3460 3459 3470
f 3460 3470 3471
f 3457 3456 3467
f 3457 3467 3468
f 3553 3463 3474
f 3454 3453 3464
f 3454 3464 3465
f 3461 3460 3471
f 3461 3471 3472
f 3458 3457 3468
f 3458 3468 3469
f 3455 3454 3465
f 3455 3465 3466
f 3462 3461 3472
f 3462 3472 3473
f 3459 3458 3469
f 3459 3469 3470
f 3456 3455 3466
f 3456 3466 3467
f 3466 3465 3476
f 3466 3476 3477
f 3473 3472 3483
f 3473 3483 3484
f 3470 3469 3480
f 3470 3480 3481
f 3467 3466 3477
f 3467 3477 3478
f 3474 3473 3484
f 3474 3484 3485
f 3464 3519 3475
f 3471 3470 3481
f 3471 3481 3482
f 3468 3467 3478
f 3468 3478 3479
f 3553 3474 3485
f 3465 3464 3475
f 3465 3475 3476
f 3472 3471 3482
f 3472 3482 3483
f 3469 3468 3479
f 3469 3479 3480
f 3553 3485 3496
f 3476 3475 3486
f 3476 3486 3487
f 3483 3482 3493
f 3483 3493 3494
f 3480 3479 3490
f 3480 3490 3491
f 3477 3476 3487
f 3477 3487 3488
f 3484 3483 3494
f 3484 3494 3495
f 3481 3480 3491
f 3481 3491 3492
f 3478 3477 3488
f 3478 3488 3489
f 3485 3484 3495
f 3485 3495 3496
f 3475 3519 3486
f 3482 3481 3492
f 3482 3492 3493
f 3479 3478 3489
f 3479 3489 3490
f 3489 3488 3499
f 3489 3499 3500
f 3496 3495 3506
f 3496 3506 3507
f 3486 3519 3497
f 3493 3492 3503
f 3493 3503 3504
f 3490 3489 3500
f 3490 3500 3501
f 3553 3496 3507
f 3487 3486 3497
f 3487 3497 3498
f 3494 3493 3504
f 3494 3504 3505
f 3491 3490 3501
f 3491 3501 3502
f 3488 3487 3498
f 3488 3498 3499
f 3495 3494 3505
f 3495 3505 3506
f 3492 3491 3502
f 3492 3502 3503
f 3499 3498 3509
f 3499 3509 3510
f 3506 3505 3516
f 3506 3516 3517
f 3503 3502 3513
f 3503 3513 3514
f 3500 3499 3510
f 3500 3510 3511
f 3507 3506 3517
f 3507 3517 3518
f 3497 3519 3508
f 3504 3503 3514
f 3504 3514 3515
f 3501 3500 3511
f 3501 3511 3512
f 3553 3507 3518
f 3498 3497 3508
f 3498 3508 3509
f 3505 3504 3515
f 3505 3515 3516
f 3502 3501 3512
f 3502 3512 3513
f 3512 3511 3523
f 3512 3523 3524
f 3553 3518 3530
f 3509 3508 3520
f 3509 3520 3521
f 3516 3515 3527
f 3516 3527 3528
f 3513 3512 3524
f 3513 3524 3525
f 3510 3509 3521
f 3510 3521 3522
f 3517 3516 3528
f 3517 3528 3529
f 3514 3513 3525
f 3514 3525 3526
f 3511 3510 3522
f 3511 3522 3523
f 3518 3517 3529
f 3518 3529 3530
f 3508 3519 3520
f 3515 3514 3526
f 3515 3526 3527
f 3523 3522 3533
f 3523 3533 3534
f 3530 3529 3540
f 3530 3540 3541
f 3520 3519 3531
f 3527 3526 3537
f 3527 3537 3538
f 3524 3523 3534
f 3524 3534 3535
f 3553 3530 3541
f 3521 3520 3531
f 3521 3531 3532
f 3528 3527 3538
f 3528 3538 3539
f 3525 3524 3535
f 3525 3535 3536
f 3522 3521 3532
f 3522 3532 3533
f 3529 3528 3539
f 3529 3539 3540
f 3526 3525 3536
f 3526 3536 3537
f 3536 3535 3546
f 3536 3546 3547
f 3533 3532 3543
f 3533 3543 3544
f 3540 3539 3550
f 3540 3550 3551
f 3537 3536 3547
f 3537 3547 3548
f 3534 3533 3544
f 3534 3544 3545
f 3541 3540 3551
f 3541 3551 3552
f 3531 3519 3542
f 3538 3537 3548
f 3538 3548 3549
f 3535 3534 3545
f 3535 3545 3546
f 3553 3541 3552
f 3532 3531 3542
f 3532 3542 3543
f 3539 3538 3549
f 3539 3549 3550
f 3546 3545 3557
f 3546 3557 3558
f 3553 3552 3564
f 3543 3542 3554
f 3543 3554 3555
f 3550 3549 3561
f 3550 3561 3562
f 3547 3546 3558
f 3547 3558 3559
f 3544 3543 3555
f 3544 3555 3556
f 3551 3550 3562
f 3551 3562 3563
f 3548 3547 3559
f 3548 3559 3560
f 3545 3544 3556
f 3545 3556 3557
f 3552 3551 3563
f 3552 3563 3564
f 3542 3519 3554
f 3549 3548 3560
f 3549 3560 3561
f 3560 3559 3570
f 3560 3570 3571
f 3557 3556 3567
f 3557 3567 3568
f 3564 3563 3574
f 3564 3574 3575
f 3554 3519 3565
f 3561 3560 3571
f 3561 3571 3572
f 3558 3557 3568
f 3558 3568 3569
f 3553 3564 3575
f 3555 3554 3565
f 3555 3565 3566
f 3562 3561 3572
f 3562 3572 3573
f 3559 3558 3569
f 3559 3569 3570
f 3556 3555 3566
f 3556 3566 3567
f 3563 3562 3573
f 3563 3573 3574
f 3570 3569 3580
f 3570 3580 3581
f 3567 3566 3577
f 3567 3577 3578
f 3574 3573 3584
f 3574 3584 3585
f 3571 3570 3581
f 3571 3581 3582
f 3568 3567 3578
f 3568 3578 3579
f 3575 3574 3585
f 3575 3585 3586
f 3565 3519 3576
f 3572 3571 3582
f 3572 3582 3583
f 3569 3568 3579
f 3569 3579 3580
f 3553 3575 3586
f 3566 3565 3576
f 3566 3576 3577
f 3573 3572 3583
f 3573 3583 3584
f 3583 3582 3593
f 3583 3593 3594
f 3580 3579 3590
f 3580 3590 3591
f 3553 3586 3597
f 3577 3576 3587
f 3577 3587 3588
f 3584 3583 3594
f 3584 3594 3595
f 3581 3580 3591
f 3581 3591 3592
f 3578 3577 3588
f 3578 3588 3589
f 3585 3584 3595
f 3585 3595 3596
f 3582 3581 3592
f 3582 3592 3593
f 3579 3578 3589
f 3579 3589 3590
f 3586 3585 3596
f 3586 3596 3597
f 3576 3519 3587
f 3593 3592 3603
f 3593 3603 3604
f 3590 3589 3600
f 3590 3600 3601
f 3597 3596 3607
f 3597 3607 3608
f 3587 3519 3598
f 3594 3593 3604
f 3594 3604 3605
f 3591 3590 3601
f 3591 3601 3602
f 3553 3597 3608
f 3588 3587 3598
f 3588 3598 3599
f 3595 3594 3605
f 3595 3605 3606
f 3592 3591 3602
f 3592 3602 3603
f 3589 3588 3599
f 3589 3599 3600
f 3596 3595 3606
f 3596 3606 3607
f 3606 3605 3616
f 3606 3616 3617
f 3603 3602 3613
f 3603 3613 3614
f 3600 3599 3610
f 3600 3610 3611
f 3607 3606 3617
f 3607 3617 3618
f 3604 3603 3614
f 3604 3614 3615
f 3601 3600 3611
f 3601 3611 3612
f 3608 3607 3618
f 3608 3618 3619
f 3598 3519 3609
f 3605 3604 3615
f 3605 3615 3616
f 3602 3601 3612
f 3602 3612 3613
f 3553 3608 3619
f 3599 3598 3609
f 3599 3609 3610
f 3609 3519 3620
f 3616 3615 3626
f 3616 3626 3627
f 3613 3612 3623
f 3613 3623 3624
f 3553 3619 3630
f 3610 3609 3620
f 3610 3620 3621
f 3617 3616 3627
f 3617 3627 3628
f 3614 3613 3624
f 3614 3624 3625
f 3611 3610 3621
f 3611 3621 3622
f 3618 3617 3628
f 3618 3628 3629
f 3615 3614 3625
f 3615 3625 3626
f 3612 3611 3622
f 3612 3622 3623
f 3619 3618 3629
f 3619 3629 3630
f 3629 3628 3639
f 3629 3639 3640
f 3626 3625 3636
f 3626 3636 3637
f 3623 3622 3633
f 3623 3633 3634
f 3630 3629 3640
f 3630 3640 3641
f 3620 3519 3631
f 3627 3626 3637
f 3627 3637 3638
f 3624 3623 3634
f 3624 3634 3635
f 3553 3630 3641
f 3621 3620 3631
f 3621 3631 3632
f 3628 3627 3638
f 3628 3638 3639
f 3625 3624 3635
f 3625 3635 3636
f 3622 3621 3632
f 3622 3632 3633
f 3632 3631 3642
f 3632 3642 3643
f 3639 3638 3647
f 3639 3647 3648
f 3636 3635 3644
f 3636 3644 3645
f 3633 3632 3643
f 3633 3643 3385
f 3640 3639 3648
f 3640 3648 3649
f 3637 3636 3645
f 3637 3645 3646
f 3634 3633 3385
f 3634 3385 3386
f 3641 3640 3649
f 3641 3649 3650
f 3631 3519 3642
f 3638 3637 3646
f 3638 3646 3647
f 3635 3634 3386
f 3635 3386 3644
f 3553 3641 3650
f 3651 3909 3654
f 3651 3654 3655
f 3915 3914 3661
f 3915 3661 3662
f 3912 3911 3658
f 3912 3658 3659
f 3652 3651 3655
f 3652 3655 3656
f 3916 3915 3662
f 3916 3662 3663
f 3908 3785 3653
f 3913 3912 3659
f 3913 3659 3660
f 3910 3652 3656
f 3910 3656 3657
f 3819 3916 3663
f 3909 3908 3653
f 3909 3653 3654
f 3914 3913 3660
f 3914 3660 3661
f 3911 3910 3657
f 3911 3657 3658
f 3660 3659 3670
f 3660 3670 3671
f 3657 3656 3667
f 3657 3667 3668
f 3819 3663 3674
f 3654 3653 3664
f 3654 3664 3665
f 3661 3660 3671
f 3661 3671 3672
f 3658 3657 3668
f 3658 3668 3669
f 3655 3654 3665
f 3655 3665 3666
f 3662 3661 3672
f 3662 3672 3673
f 3659 3658 3669
f 3659 3669 3670
f 3656 3655 3666
f 3656 3666 3667
f 3663 3662 3673
f 3663 3673 3674
f 3653 3785 3664
f 3670 3669 3680
f 3670 3680 3681
f 3667 3666 3677
f 3667 3677 3678
f 3674 3673 3684
f 3674 3684 3685
f 3664 3785 3675
f 3671 3670 3681
f 3671 3681 3682
f 3668 3667 3678
f 3668 3678 3679
f 3819 3674 3685
f 3665 3664 3675
f 3665 3675 3676
f 3672 3671 3682
f 3672 3682 3683
f 3669 3668 3679
f 3669 3679 3680
f 3666 3665 3676
f 3666 3676 3677
f 3673 3672 3683
f 3673 3683 3684
f 3683 3682 3693
f 3683 3693 3694
f 3680 3679 3690
f 3680 3690 3691
f 3677 3676 3687
f 3677 3687 3688
f 3684 3683 3694
f 3684 3694 3695
f 3681 3680 3691
f 3681 3691 3692
f 3678 3677 3688
f 3678 3688 3689
f 3685 3684 3695
f 3685 3695 3696
f 3675 3785 3686
f 3682 3681 3692
f 3682 3692 3693
f 3679 3678 3689
f 3679 3689 3690
f 3819 3685 3696
f 3676 3675 3686
f 3676 3686 3687
f 3686 3785 3697
f 3693 3692 3703
f 3693 3703 3704
f 3690 3689 3700
f 3690 3700 3701
f 3819 3696 3707
f 3687 3686 3697
f 3687 3697 3698
f 3694 3693 3704
f 3694 3704 3705
f 3691 3690 3701
f 3691 3701 3702
f 3688 3687 3698
f 3688 3698 3699
f 3695 3694 3705
f 3695 3705 3706
f 3692 3691 3702
f 3692 3702 3703
f 3689 3688 3699
f 3689 3699 3700
f 3696 3695 3706
f 3696 3706 3707
f 3706 3705 3716
f 3706 3716 3717
f 3703 3702 3713
f 3703 3713 3714
f 3700 3699 3710
f 3700 3710 3711
f 3707 3706 3717
f 3707 3717 3718
f 3697 3785 3708
f 3704 3703 3714
f 3704 3714 3715
f 3701 3700 3711
f 3701 3711 3712
f 3819 3707 3718
f 3698 3697 3708
f 3698 3708 3709
f 3705 3704 3715
f 3705 3715 3716
f 3702 3701 3712
f 3702 3712 3713
f 3699 3698 3709
f 3699 3709 3710
f 3709 3708 3719
f 3709 3719 3720
f 3716 3715 3726
f 3716 3726 3727
f 3713 3712 3723
f 3713 3723 3724
f 3710 3709 3720
f 3710 3720 3721
f 3717 3716 3727
f 3717 3727 3728
f 3714 3713 3724
f 3714 3724 3725
f 3711 3710 3721
f 3711 3721 3722
f 3718 3717 3728
f 3718 3728 3729
f 3708 3785 3719
f 3715 3714 3725
f 3715 3725 3726
f 3712 3711 3722
f 3712 3722 3723
f 3819 3718 3729
f 3729 3728 3739
f 3729 3739 3740
f 3719 3785 3730
f 3726 3725 3736
f 3726 3736 3737
f 3723 3722 3733
f 3723 3733 3734
f 3819 3729 3740
f 3720 3719 3730
f 3720 3730 3731
f 3727 3726 3737
f 3727 3737 3738
f 3724 3723 3734
f 3724 3734 3735
f 3721 3720 3731
f 3721 3731 3732
f 3728 3727 3738
f 3728 3738 3739
f 3725 3724 3735
f 3725 3735 3736
f 3722 3721 3732
f 3722 3732 3733
f 3732 3731 3742
f 3732 3742 3743
f 3739 3738 3749
f 3739 3749 3750
f 3736 3735 3746
f 3736 3746 3747
f 3733 3732 3743
f 3733 3743 3744
f 3740 3739 3750
f 3740 3750 3751
f 3730 3785 3741
f 3737 3736 3747
f 3737 3747 3748
f 3734 3733 3744
f 3734 3744 3745
f 3819 3740 3751
f 3731 3730 3741
f 3731 3741 3742
f 3738 3737 3748
f 3738 3748 3749
f 3735 3734 3745
f 3735 3745 3746
f 3819 3751 3762
f 3742 3741 3752
f 3742 3752 3753
f 3749 3748 3759
f 3749 3759 3760
f 3746 3745 3756
f 3746 3756 3757
f 3743 3742 3753
f 3743 3753 3754
f 3750 3749 3760
f 3750 3760 3761
f 3747 3746 3757
f 3747 3757 3758
f 3744 3743 3754
f 3744 3754 3755
f 3751 3750 3761
f 3751 3761 3762
f 3741 3785 3752
f 3748 3747 3758
f 3748 3758 3759
f 3745 3744 3755
f 3745 3755 3756
f 3755 3754 3765
f 3755 3765 3766
f 3762 3761 3772
f 3762 3772 3773
f 3752 3785 3763
f 3759 3758 3769
f 3759 3769 3770
f 3756 3755 3766
f 3756 3766 3767
f 3819 3762 3773
f 3753 3752 3763
f 3753 3763 3764
f 3760 3759 3770
f 3760 3770 3771
f 3757 3756 3767
f 3757 3767 3768
f 3754 3753 3764
f 3754 3764 3765
f 3761 3760 3771
f 3761 3771 3772
f 3758 3757 3768
f 3758 3768 3769
f 3765 3764 3775
f 3765 3775 3776
f 3772 3771 3782
f 3772 3782 3783
f 3769 3768 3779
f 3769 3779 3780
f 3766 3765 3776
f 3766 3776 3777
f 3773 3772 3783
f 3773 3783 3784
f 3763 3785 3774
f 3770 3769 3780
f 3770 3780 3781
f 3767 3766 3777
f 3767 3777 3778
f 3819 3773 3784
f 3764 3763 3774
f 3764 3774 3775
f 3771 3770 3781
f 3771 3781 3782
f 3768 3767 3778
f 3768 3778 3779
f 3778 3777 3789
f 3778 3789 3790
f 3819 3784 3796
f 3775 3774 3786
f 3775 3786 3787
f 3782 3781 3793
f 3782 3793 3794
f 3779 3778 3790
f 3779 3790 3791
f 3776 3775 3787
f 3776 3787 3788
f 3783 3782 3794
f 3783 3794 3795
f 3780 3779 3791
f 3780 3791 3792
f 3777 3776 3788
f 3777 3788 3789
f 3784 3783 3795
f 3784 3795 3796
f 3774 3785 3786
f 3781 3780 3792
f 3781 3792 3793
f 3789 3788 3799
f 3789 3799 3800
f 3796 3795 3806
f 3796 3806 3807
f 3786 3785 3797
f 3793 3792 3803
f 3793 3803 3804
f 3790 3789 3800
f 3790 3800 3801
f 3819 3796 3807
f 3787 3786 3797
f 3787 3797 3798
f 3794 3793 3804
f 3794 3804 3805
f 3791 3790 3801
f 3791 3801 3802
f 3788 3787 3798
f 3788 3798 3799
f 3795 3794 3805
f 3795 3805 3806
f 3792 3791 3802
f 3792 3802 3803
f 3802 3801 3812
f 3802 3812 3813
f 3799 3798 3809
f 3799 3809 3810
f 3806 3805 3816
f 3806 3816 3817
f 3803 3802 3813
f 3803 3813 3814
f 3800 3799 3810
f 3800 3810 3811
f 3807 3806 3817
f 3807 3817 3818
f 3797 3785 3808
f 3804 3803 3814
f 3804 3814 3815
f 3801 3800 3811
f 3801 3811 3812
f 3819 3807 3818
f 3798 3797 3808
f 3798 3808 3809
f 3805 3804 3815
f 3805 3815 3816
f 3812 3811 3823
f 3812 3823 3824
f 3819 3818 3830
f 3809 3808 3820
f 3809 3820 3821
f 3816 3815 3827
f 3816 3827 3828
f 3813 3812 3824
f 3813 3824 3825
f 3810 3809 3821
f 3810 3821 3822
f 3817 3816 3828
f 3817 3828 3829
f 3814 3813 3825
f 3814 3825 3826
f 3811 3810 3822
f 3811 3822 3823
f 3818 3817 3829
f 3818 3829 3830
f 3808 3785 3820
f 3815 3814 3826
f 3815 3826 3827
f 3826 3825 3836
f 3826 3836 3837
f 3823 3822 3833
f 3823 3833 3834
f 3830 3829 3840
f 3830 3840 3841
f 3820 3785 3831
f 3827 3826 3837
f 3827 3837 3838
f 3824 3823 3834
f 3824 3834 3835
f 3819 3830 3841
f 3821 3820 3831
f 3821 3831 3832
f 3828 3827 3838
f 3828 3838 3839
f 3825 3824 3835
f 3825 3835 3836
f 3822 3821 3832
f 3822 3832 3833
f 3829 3828 3839
f 3829 3839 3840
f 3836 3835 3846
f 3836 3846 3847
f 3833 3832 3843
f 3833 3843 3844
f 3840 3839 3850
f 3840 3850 3851
f 3837 3836 3847
f 3837 3847 3848
f 3834 3833 3844
f 3834 3844 3845
f 3841 3840 3851
f 3841 3851 3852
f 3831 3785 3842
f 3838 3837 3848
f 3838 3848 3849
f 3835 3834 3845
f 3835 3845 3846
f 3819 3841 3852
f 3832 3831 3842
f 3832 3842 3843
f 3839 3838 3849
f 3839 3849 3850
f 3849 3848 3859
f 3849 3859 3860
f 3846 3845 3856
f 3846 3856 3857
f 3819 3852 3863
f 3843 3842 3853
f 3843 3853 3854
f 3850 3849 3860
f 3850 3860 3861
f 3847 3846 3857
f 3847 3857 3858
f 3844 3843 3854
f 3844 3854 3855
f 3851 3850 3861
f 3851 3861 3862
f 3848 3847 3858
f 3848 3858 3859
f 3845 3844 3855
f 3845 3855 3856
f 3852 3851 3862
f 3852 3862 3863
f 3842 3785 3853
f 3859 3858 3869
f 3859 3869 3870
f 3856 3855 3866
f 3856 3866 3867
f 3863 3862 3873
f 3863 3873 3874
f 3853 3785 3864
f 3860 3859 3870
f 3860 3870 3871
f 3857 3856 3867
f 3857 3867 3868
f 3819 3863 3874
f 3854 3853 3864
f 3854 3864 3865
f 3861 3860 3871
f 3861 3871 3872
f 3858 3857 3868
f 3858 3868 3869
f 3855 3854 3865
f 3855 3865 3866
f 3862 3861 3872
f 3862 3872 3873
f 3872 3871 3882
f 3872 3882 3883
f 3869 3868 3879
f 3869 3879 3880
f 3866 3865 3876
f 3866 3876 3877
f 3873 3872 3883
f 3873 3883 3884
f 3870 3869 3880
f 3870 3880 3881
f 3867 3866 3877
f 3867 3877 3878
f 3874 3873 3884
f 3874 3884 3885
f 3864 3785 3875
f 3871 3870 3881
f 3871 3881 3882
f 3868 3867 3878
f 3868 3878 3879
f 3819 3874 3885
f 3865 3864 3875
f 3865 3875 3876
f 3875 3785 3886
f 3882 3881 3892
f 3882 3892 3893
f 3879 3878 3889
f 3879 3889 3890
f 3819 3885 3896
f 3876 3875 3886
f 3876 3886 3887
f 3883 3882 3893
f 3883 3893 3894
f 3880 3879 3890
f 3880 3890 3891
f 3877 3876 3887
f 3877 3887 3888
f 3884 3883 3894
f 3884 3894 3895
f 3881 3880 3891
f 3881 3891 3892
f 3878 3877 3888
f 3878 3888 3889
f 3885 3884 3895
f 3885 3895 3896
f 3895 3894 3905
f 3895 3905 3906
f 3892 3891 3902
f 3892 3902 3903
f 3889 3888 3899
f 3889 3899 3900
f 3896 3895 3906
f 3896 3906 3907
f 3886 3785 3897
f 3893 3892 3903
f 3893 3903 3904
f 3890 3889 3900
f 3890 3900 3901
f 3819 3896 3907
f 3887 3886 3897
f 3887 3897 3898
f 3894 3893 3904
f 3894 3904 3905
f 3891 3890 3901
f 3891 3901 3902
f 3888 3887 3898
f 3888 3898 3899
f 3898 3897 3908
f 3898 3908 3909
f 3905 3904 3913
f 3905 3913 3914
f 3902 3901 3910
f 3902 3910 3911
f 3899 3898 3909
f 3899 3909 3651
f 3906 3905 3914
f 3906 3914 3915
f 3903 3902 3911
f 3903 3911 3912
f 3900 3899 3651
f 3900 3651 3652
f 3907 3906 3915
f 3907 3915 3916
f 3897 3785 3908
f 3904 3903 3912
f 3904 3912 3913
f 3901 3900 3652
f 3901 3652 3910
f 3819 3907 3916
f 3917 4175 3920
f 3917 3920 3921
f 4181 4180 3927
f 4181 3927 3928
f 4178 4177 3924
f 4178 3924 3925
f 3918 3917 3921
f 3918 3921 3922
f 4182 4181 3928
f 4182 3928 3929
f 4174 4051 3919
f 4179 4178 3925
f 4179 3925 3926
f 4176 3918 3922
f 4176 3922 3923
f 4085 4182 3929
f 4175 4174 3919
f 4175 3919 3920
f 4180 4179 3926
f 4180 3926 3927
f 4177 4176 3923
f 4177 3923 3924
f 3926 3925 3936
f 3926 3936 3937
f 3923 3922 3933
f 3923 3933 3934
f 4085 3929 3940
f 3920 3919 3930
f 3920 3930 3931
f 3927 3926 3937
f 3927 3937 3938
f 3924 3923 3934
f 3924 3934 3935
f 3921 3920 3931
f 3921 3931 3932
f 3928 3927 3938
f 3928 3938 3939
f 3925 3924 3935
f 3925 3935 3936
f 3922 3921 3932
f 3922 3932 3933
f 3929 3928 3939
f 3929 3939 3940
f 3919 4051 3930
f 3936 3935 3946
f 3936 3946 3947
f 3933 3932 3943
f 3933 3943 3944
f 3940 3939 3950
f 3940 3950 3951
f 3930 4051 3941
f 3937 3936 3947
f 3937 3947 3948
f 3934 3933 3944
f 3934 3944 3945
f 4085 3940 3951
f 3931 3930 3941
f 3931 3941 3942
f 3938 3937 3948
f 3938 3948 3949
f 3935 3934 3945
f 3935 3945 3946
f 3932 3931 3942
f 3932 3942 3943
f 3939 3938 3949
f 3939 3949 3950
f 3949 3948 3959
f 3949 3959 3960
f 3946 3945 3956
f 3946 3956 3957
f 3943 3942 3953
f 3943 3953 3954
f 3950 3949 3960
f 3950 3960 3961
f 3947 3946 3957
f 3947 3957 3958
f 3944 3943 3954
f 3944 3954 3955
f 3951 3950 3961
f 3951 3961 3962
f 3941 4051 3952
f 3948 3947 3958
f 3948 3958 3959
f 3945 3944 3955
f 3945 3955 3956
f 4085 3951 3962
f 3942 3941 3952
f 3942 3952 3953
f 3952 4051 3963
f 3959 3958 3969
f 3959 3969 3970
f 3956 3955 3966
f 3956 3966 3967
f 4085 3962 3973
f 3953 3952 3963
f 3953 3963 3964
f 3960 3959 3970
f 3960 3970 3971
f 3957 3956 3967
f 3957 3967 3968
f 3954 3953 3964
f 3954 3964 3965
f 3961 3960 3971
f 3961 3971 3972
f 3958 3957 3968
f 3958 3968 3969
f 3955 3954 3965
f 3955 3965 3966
f 3962 3961 3972
f 3962 3972 3973
f 3972 3971 3982
f 3972 3982 3983
f 3969 3968 3979
f 3969 3979 3980
f 3966 3965 3976
f 3966 3976 3977
f 3973 3972 3983
f 3973 3983 3984
f 3963 4051 3974
f 3970 3969 3980
f 3970 3980 3981
f 3967 3966 3977
f 3967 3977 3978
f 4085 3973 3984
f 3964 3963 3974
f 3964 3974 3975
f 3971 3970 3981
f 3971 3981 3982
f 3968 3967 3978
f 3968 3978 3979
f 3965 3964 3975
f 3965 3975 3976
f 3975 3974 3985
f 3975 3985 3986
f 3982 3981 3992
f 3982 3992 3993
f 3979 3978 3989
f 3979 3989 3990
f 3976 3975 3986
f 3976 3986 3987
f 3983 3982 3993
f 3983 3993 3994
f 3980 3979 3990
f 3980 3990 3991
f 3977 3976 3987
f 3977 3987 3988
f 3984 3983 3994
f 3984 3994 3995
f 3974 4051 3985
f 3981 3980 3991
f 3981 3991 3992
f 3978 3977 3988
f 3978 3988 3989
f 4085 3984 3995
f 3995 3994 4005
f 3995 4005 4006
f 3985 4051 3996
f 3992 3991 4002
f 3992 4002 4003
f 3989 3988 3999
f 3989 3999 4000
f 4085 3995 4006
f 3986 3985 3996
f 3986 3996 3997
f 3993 3992 4003
f 3993 4003 4004
f 3990 3989 4000
f 3990 4000 4001
f 3987 3986 3997
f 3987 3997 3998
f 3994 3993 4004
f 3994 4004 4005
f 3991 3990 4001
f 3991 4001 4002
f 3988 3987 3998
f 3988 3998 3999
f 3998 3997 4008
f 3998 4008 4009
f 4005 4004 4015
f 4005 4015 4016
f 4002 4001 4012
f 4002 4012 4013
f 3999 3998 4009
f 3999 4009 4010
f 4006 4005 4016
f 4006 4016 4017
f 3996 4051 4007
f 4003 4002 4013
f 4003 4013 4014
f 4000 3999 4010
f 4000 4010 4011
f 4085 4006 4017
f 3997 3996 4007
f 3997 4007 4008
f 4004 4003 4014
f 4004 4014 4015
f 4001 4000 4011
f 4001 4011 4012
f 4085 4017 4028
f 4008 4007 4018
f 4008 4018 4019
f 4015 4014 4025
f 4015 4025 4026
f 4012 4011 4022
f 4012 4022 4023
f 4009 4008 4019
f 4009 4019 4020
f 4016 4015 4026
f 4016 4026 4027
f 4013 4012 4023
f 4013 4023 4024
f 4010 4009 4020
f 4010 4020 4021
f 4017 4016 4027
f 4017 4027 4028
f 4007 4051 4018
f 4014 4013 4024
f 4014 4024 4025
f 4011 4010 4021
f 4011 4021 4022
f 4021 4020 4031
f 4021 4031 4032
f 4028 4027 4038
f 4028 4038 4039
f 4018 4051 4029
f 4025 4024 4035
f 4025 4035 4036
f 4022 4021 4032
f 4022 4032 4033
f 4085 4028 4039
f 4019 4018 4029
f 4019 4029 4030
f 4026 4025 4036
f 4026 4036 4037
f 4023 4022 4033
f 4023 4033 4034
f 4020 4019 4030
f 4020 4030 4031
f 4027 4026 4037
f 4027 4037 4038
f 4024 4023 4034
f 4024 4034 4035
f 4031 4030 4041
f 4031 4041 4042
f 4038 4037 4048
f 4038 4048 4049
f 4035 4034 4045
f 4035 4045 4046
f 4032 4031 4042
f 4032 4042 4043
f 4039 4038 4049
f 4039 4049 4050
f 4029 4051 4040
f 4036 4035 4046
f 4036 4046 4047
f 4033 4032 4043
f 4033 4043 4044
f 4085 4039 4050
f 4030 4029 4040
f 4030 4040 4041
f 4037 4036 4047
f 4037 4047 4048
f 4034 4033 4044
f 4034 4044 4045
f 4044 4043 4055
f 4044 4055 4056
f 4085 4050 4062
f 4041 4040 4052
f 4041 4052 4053
f 4048 4047 4059
f 4048 4059 4060
f 4045 4044 4056
f 4045 4056 4057
f 4042 4041 4053
f 4042 4053 4054
f 4049 4048 4060
f 4049 4060 4061
f 4046 4045 4057
f 4046 4057 4058
f 4043 4042 4054
f 4043 4054 4055
f 4050 4049 4061
f 4050 4061 4062
f 4040 4051 4052
f 4047 4046 4058
f 4047 4058 4059
f 4055 4054 4065
f 4055 4065 4066
f 4062 4061 4072
f 4062 4072 4073
f 4052 4051 4063
f 4059 4058 4069
f 4059 4069 4070
f 4056 4055 4066
f 4056 4066 4067
f 4085 4062 4073
f 4053 4052 4063
f 4053 4063 4064
f 4060 4059 4070
f 4060 4070 4071
f 4057 4056 4067
f 4057 4067 4068
f 4054 4053 4064
f 4054 4064 4065
f 4061 4060 4071
f 4061 4071 4072
f 4058 4057 4068
f 4058 4068 4069
f 4068 4067 4078
f 4068 4078 4079
f 4065 4064 4075
f 4065 4075 4076
f 4072 4071 4082
f 4072 4082 4083
f 4069 4068 4079
f 4069 4079 4080
f 4066 4065 4076
f 4066 4076 4077
f 4073 4072 4083
f 4073 4083 4084
f 4063 4051 4074
f 4070 4069 4080
f 4070 4080 4081
f 4067 4066 4077
f 4067 4077 4078
f 4085 4073 4084
f 4064 4063 4074
f 4064 4074 4075
f 4071 4070 4081
f 4071 4081 4082
f 4078 4077 4089
f 4078 4089 4090
f 4085 4084 4096
f 4075 4074 4086
f 4075 4086 4087
f 4082 4081 4093
f 4082 4093 4094
f 4079 4078 4090
f 4079 4090 4091
f 4076 4075 4087
f 4076 4087 4088
f 4083 4082 4094
f 4083 4094 4095
f 4080 4079 4091
f 4080 4091 4092
f 4077 4076 4088
f 4077 4088 4089
f 4084 4083 4095
f 4084 4095 4096
f 4074 4051 4086
f 4081 4080 4092
f 4081 4092 4093
f 4092 4091 4102
f 4092 4102 4103
f 4089 4088 4099
f 4089 4099 4100
f 4096 4095 4106
f 4096 4106 4107
f 4086 4051 4097
f 4093 4092 4103
f 4093 4103 4104
f 4090 4089 4100
f 4090 4100 4101
f 4085 4096 4107
f 4087 4086 4097
f 4087 4097 4098
f 4094 4093 4104
f 4094 4104 4105
f 4091 4090 4101
f 4091 4101 4102
f 4088 4087 4098
f 4088 4098 4099
f 4095 4094 4105
f 4095 4105 4106
f 4102 4101 4112
f 4102 4112 4113
f 4099 4098 4109
f 4099 4109 4110
f 4106 4105 4116
f 4106 4116 4117
f 4103 4102 4113
f 4103 4113 4114
f 4100 4099 4110
f 4100 4110 4111
f 4107 4106 4117
f 4107 4117 4118
f 4097 4051 4108
f 4104 4103 4114
f 4104 4114 4115
f 4101 4100 4111
f 4101 4111 4112
f 4085 4107 4118
f 4098 4097 4108
f 4098 4108 4109
f 4105 4104 4115
f 4105 4115 4116
f 4115 4114 4125
f 4115 4125 4126
f 4112 4111 4122
f 4112 4122 4123
f 4085 4118 4129
f 4109 4108 4119
f 4109 4119 4120
f 4116 4115 4126
f 4116 4126 4127
f 4113 4112 4123
f 4113 4123 4124
f 4110 4109 4120
f 4110 4120 4121
f 4117 4116 4127
f 4117 4127 4128
f 4114 4113 4124
f 4114 4124 4125
f 4111 4110 4121
f 4111 4121 4122
f 4118 4117 4128
f 4118 4128 4129
f 4108 4051 4119
f 4125 4124 4135
f 4125 4135 4136
f 4122 4121 4132
f 4122 4132 4133
f 4129 4128 4139
f 4129 4139 4140
f 4119 4051 4130
f 4126 4125 4136
f 4126 4136 4137
f 4123 4122 4133
f 4123 4133 4134
f 4085 4129 4140
f 4120 4119 4130
f 4120 4130 4131
f 4127 4126 4137
f 4127 4137 4138
f 4124 4123 4134
f 4124 4134 4135
f 4121 4120 4131
f 4121 4131 4132
f 4128 4127 4138
f 4128 4138 4139
f 4138 4137 4148
f 4138 4148 4149
f 4135 4134 4145
f 4135 4145 4146
f 4132 4131 4142
f 4132 4142 4143
f 4139 4138 4149
f 4139 4149 4150
f 4136 4135 4146
f 4136 4146 4147
f 4133 4132 4143
f 4133 4143 4144
f 4140 4139 4150
f 4140 4150 4151
f 4130 4051 4141
f 4137 4136 4147
f 4137 4147 4148
f 4134 4133 4144
f 4134 4144 4145
f 4085 4140 4151
f 4131 4130 4141
f 4131 4141 4142
f 4141 4051 4152
f 4148 4147 4158
f 4148 4158 4159
f 4145 4144 4155
f 4145 4155 4156
f 4085 4151 4162
f 4142 4141 4152
f 4142 4152 4153
f 4149 4148 4159
f 4149 4159 4160
f 4146 4145 4156
f 4146 4156 4157
f 4143 4142 4153
f 4143 4153 4154
f 4150 4149 4160
f 4150 4160 4161
f 4147 4146 4157
f 4147 4157 4158
f 4144 4143 4154
f 4144 4154 4155
f 4151 4150 4161
f 4151 4161 4162
f 4161 4160 4171
f 4161 4171 4172
f 4158 4157 4168
f 4158 4168 4169
f 4155 4154 4165
f 4155 4165 4166
f 4162 4161 4172
f 4162 4172 4173
f 4152 4051 4163
f 4159 4158 4169
f 4159 4169 4170
f 4156 4155 4166
f 4156 4166 4167
f 4085 4162 4173
f 4153 4152 4163
f 4153 4163 4164
f 4160 4159 4170
f 4160 4170 4171
f 4157 4156 4167
f 4157 4167 4168
f 4154 4153 4164
f 4154 4164 4165
f 4164 4163 4174
f 4164 4174 4175
f 4171 4170 4179
f 4171 4179 4180
f 4168 4167 4176
f 4168 4176 4177
f 4165 4164 4175
f 4165 4175 3917
f 4172 4171 4180
f 4172 4180 4181
f 4169 4168 4177
f 4169 4177 4178
f 4166 4165 3917
f 4166 3917 3918
f 4173 4172 4181
f 4173 4181 4182
f 4163 4051 4174
f 4170 4169 4178
f 4170 4178 4179
f 4167 4166 3918
f 4167 3918 4176
f 4085 4173 4182
f 4184 4183 4187
f 4184 4187 4188
f 4448 4447 4194
f 4448 4194 4195
f 4440 4317 4185
f 4445 4444 4191
f 4445 4191 4192
f 4442 4184 4188
f 4442 4188 4189
f 4351 4448 4195
f 4441 4440 4185
f 4441 4185 4186
f 4446 4445 4192
f 4446 4192 4193
f 4443 4442 4189
f 4443 4189 4190
f 4183 4441 4186
f 4183 4186 4187
f 4447 4446 4193
f 4447 4193 4194
f 4444 4443 4190
f 4444 4190 4191
f 4193 4192 4203
f 4193 4203 4204
f 4190 4189 4200
f 4190 4200 4201
f 4187 4186 4197
f 4187 4197 4198
f 4194 4193 4204
f 4194 4204 4205
f 4191 4190 4201
f 4191 4201 4202
f 4188 4187 4198
f 4188 4198 4199
f 4195 4194 4205
f 4195 4205 4206
f 4185 4317 4196
f 4192 4191 4202
f 4192 4202 4203
f 4189 4188 4199
f 4189 4199 4200
f 4351 4195 4206
f 4186 4185 4196
f 4186 4196 4197
f 4196 4317 4207
f 4203 4202 4213
f 4203 4213 4214
f 4200 4199 4210
f 4200 4210 4211
f 4351 4206 4217
f 4197 4196 4207
f 4197 4207 4208
f 4204 4203 4214
f 4204 4214 4215
f 4201 4200 4211
f 4201 4211 4212
f 4198 4197 4208
f 4198 4208 4209
f 4205 4204 4215
f 4205 4215 4216
f 4202 4201 4212
f 4202 4212 4213
f 4199 4198 4209
f 4199 4209 4210
f 4206 4205 4216
f 4206 4216 4217
f 4216 4215 4226
f 4216 4226 4227
f 4213 4212 4223
f 4213 4223 4224
f 4210 4209 4220
f 4210 4220 4221
f 4217 4216 4227
f 4217 4227 4228
f 4207 4317 4218
f 4214 4213 4224
f 4214 4224 4225
f 4211 4210 4221
f 4211 4221 4222
f 4351 4217 4228
f 4208 4207 4218
f 4208 4218 4219
f 4215 4214 4225
f 4215 4225 4226
f 4212 4211 4222
f 4212 4222 4223
f 4209 4208 4219
f 4209 4219 4220
f 4219 4218 4229
f 4219 4229 4230
f 4226 4225 4236
f 4226 4236 4237
f 4223 4222 4233
f 4223 4233 4234
f 4220 4219 4230
f 4220 4230 4231
f 4227 4226 4237
f 4227 4237 4238
f 4224 4223 4234
f 4224 4234 4235
f 4221 4220 4231
f 4221 4231 4232
f 4228 4227 4238
f 4228 4238 4239
f 4218 4317 4229
f 4225 4224 4235
f 4225 4235 4236
f 4222 4221 4232
f 4222 4232 4233
f 4351 4228 4239
f 4239 4238 4249
f 4239 4249 4250
f 4229 4317 4240
f 4236 4235 4246
f 4236 4246 4247
f 4233 4232 4243
f 4233 4243 4244
f 4351 4239 4250
f 4230 4229 4240
f 4230 4240 4241
f 4237 4236 4247
f 4237 4247 4248
f 4234 4233 4244
f 4234 4244 4245
f 4231 4230 4241
f 4231 4241 4242
f 4238 4237 4248
f 4238 4248 4249
f 4235 4234 4245
f 4235 4245 4246
f 4232 4231 4242
f 4232 4242 4243
f 4242 4241 4252
f 4242 4252 4253
f 4249 4248 4259
f 4249 4259 4260
f 4246 4245 4256
f 4246 4256 4257
f 4243 4242 4253
f 4243 4253 4254
f 4250 4249 4260
f 4250 4260 4261
f 4240 4317 4251
f 4247 4246 4257
f 4247 4257 4258
f 4244 4243 4254
f 4244 4254 4255
f 4351 4250 4261
f 4241 4240 4251
f 4241 4251 4252
f 4248 4247 4258
f 4248 4258 4259
f 4245 4244 4255
f 4245 4255 4256
f 4351 4261 4272
f 4252 4251 4262
f 4252 4262 4263
f 4259 4258 4269
f 4259 4269 4270
f 4256 4255 4266
f 4256 4266 4267
f 4253 4252 4263
f 4253 4263 4264
f 4260 4259 4270
f 4260 4270 4271
f 4257 4256 4267
f 4257 4267 4268
f 4254 4253 4264
f 4254 4264 4265
f 4261 4260 4271
f 4261 4271 4272
f 4251 4317 4262
f 4258 4257 4268
f 4258 4268 4269
f 4255 4254 4265
f 4255 4265 4266
f 4265 4264 4275
f 4265 4275 4276
f 4272 4271 4282
f 4272 4282 4283
f 4262 4317 4273
f 4269 4268 4279
f 4269 4279 4280
f 4266 4265 4276
f 4266 4276 4277
f 4351 4272 4283
f 4263 4262 4273
f 4263 4273 4274
f 4270 4269 4280
f 4270 4280 4281
f 4267 4266 4277
f 4267 4277 4278
f 4264 4263 4274
f 4264 4274 4275
f 4271 4270 4281
f 4271 4281 4282
f 4268 4267 4278
f 4268 4278 4279
f 4275 4274 4285
f 4275 4285 4286
f 4282 4281 4292
f 4282 4292 4293
f 4279 4278 4289
f 4279 4289 4290
f 4276 4275 4286
f 4276 4286 4287
f 4283 4282 4293
f 4283 4293 4294
f 4273 4317 4284
f 4280 4279 4290
f 4280 4290 4291
f 4277 4276 4287
f 4277 4287 4288
f 4351 4283 4294
f 4274 4273 4284
f 4274 4284 4285
f 4281 4280 4291
f 4281 4291 4292
f 4278 4277 4288
f 4278 4288 4289
f 4288 4287 4298
f 4288 4298 4299
f 4351 4294 4305
f 4285 4284 4295
f 4285 4295 4296
f 4292 4291 4302
f 4292 4302 4303
f 4289 4288 4299
f 4289 4299 4300
f 4286 4285 4296
f 4286 4296 4297
f 4293 4292 4303
f 4293 4303 4304
f 4290 4289 4300
f 4290 4300 4301
f 4287 4286 4297
f 4287 4297 4298
f 4294 4293 4304
f 4294 4304 4305
f 4284 4317 4295
f 4291 4290 4301
f 4291 4301 4302
f 4298 4297 4308
f 4298 4308 4309
f 4305 4304 4315
f 4305 4315 4316
f 4295 4317 4306
f 4302 4301 4312
f 4302 4312 4313
f 4299 4298 4309
f 4299 4309 4310
f 4351 4305 4316
f 4296 4295 4306
f 4296 4306 4307
f 4303 4302 4313
f 4303 4313 4314
f 4300 4299 4310
f 4300 4310 4311
f 4297 4296 4307
f 4297 4307 4308
f 4304 4303 4314
f 4304 4314 4315
f 4301 4300 4311
f 4301 4311 4312
f 4311 4310 4322
f 4311 4322 4323
f 4308 4307 4319
f 4308 4319 4320
f 4315 4314 4326
f 4315 4326 4327
f 4312 4311 4323
f 4312 4323 4324
f 4309 4308 4320
f 4309 4320 4321
f 4316 4315 4327
f 4316 4327 4328
f 4306 4317 4318
f 4313 4312 4324
f 4313 4324 4325
f 4310 4309 4321
f 4310 4321 4322
f 4351 4316 4328
f 4307 4306 4318
f 4307 4318 4319
f 4314 4313 4325
f 4314 4325 4326
f 4322 4321 4332
f 4322 4332 4333
f 4351 4328 4339
f 4319 4318 4329
f 4319 4329 4330
f 4326 4325 4336
f 4326 4336 4337
f 4323 4322 4333
f 4323 4333 4334
f 4320 4319 4330
f 4320 4330 4331
f 4327 4326 4337
f 4327 4337 4338
f 4324 4323 4334
f 4324 4334 4335
f 4321 4320 4331
f 4321 4331 4332
f 4328 4327 4338
f 4328 4338 4339
f 4318 4317 4329
f 4325 4324 4335
f 4325 4335 4336
f 4335 4334 4345
f 4335 4345 4346
f 4332 4331 4342
f 4332 4342 4343
f 4339 4338 4349
f 4339 4349 4350
f 4329 4317 4340
f 4336 4335 4346
f 4336 4346 4347
f 4333 4332 4343
f 4333 4343 4344
f 4351 4339 4350
f 4330 4329 4340
f 4330 4340 4341
f 4337 4336 4347
f 4337 4347 4348
f 4334 4333 4344
f 4334 4344 4345
f 4331 4330 4341
f 4331 4341 4342
f 4338 4337 4348
f 4338 4348 4349
f 4345 4344 4356
f 4345 4356 4357
f 4342 4341 4353
f 4342 4353 4354
f 4349 4348 4360
f 4349 4360 4361
f 4346 4345 4357
f 4346 4357 4358
f 4343 4342 4354
f 4343 4354 4355
f 4350 4349 4361
f 4350 4361 4362
f 4340 4317 4352
f 4347 4346 4358
f 4347 4358 4359
f 4344 4343 4355
f 4344 4355 4356
f 4351 4350 4362
f 4341 4340 4352
f 4341 4352 4353
f 4348 4347 4359
f 4348 4359 4360
f 4359 4358 4369
f 4359 4369 4370
f 4356 4355 4366
f 4356 4366 4367
f 4351 4362 4373
f 4353 4352 4363
f 4353 4363 4364
f 4360 4359 4370
f 4360 4370 4371
f 4357 4356 4367
f 4357 4367 4368
f 4354 4353 4364
f 4354 4364 4365
f 4361 4360 4371
f 4361 4371 4372
f 4358 4357 4368
f 4358 4368 4369
f 4355 4354 4365
f 4355 4365 4366
f 4362 4361 4372
f 4362 4372 4373
f 4352 4317 4363
f 4369 4368 4379
f 4369 4379 4380
f 4366 4365 4376
f 4366 4376 4377
f 4373 4372 4383
f 4373 4383 4384
f 4363 4317 4374
f 4370 4369 4380
f 4370 4380 4381
f 4367 4366 4377
f 4367 4377 4378
f 4351 4373 4384
f 4364 4363 4374
f 4364 4374 4375
f 4371 4370 4381
f 4371 4381 4382
f 4368 4367 4378
f 4368 4378 4379
f 4365 4364 4375
f 4365 4375 4376
f 4372 4371 4382
f 4372 4382 4383
f 4382 4381 4392
f 4382 4392 4393
f 4379 4378 4389
f 4379 4389 4390
f 4376 4375 4386
f 4376 4386 4387
f 4383 4382 4393
f 4383 4393 4394
f 4380 4379 4390
f 4380 4390 4391
f 4377 4376 4387
f 4377 4387 4388
f 4384 4383 4394
f 4384 4394 4395
f 4374 4317 4385
f 4381 4380 4391
f 4381 4391 4392
f 4378 4377 4388
f 4378 4388 4389
f 4351 4384 4395
f 4375 4374 4385
f 4375 4385 4386
f 4385 4317 4396
f 4392 4391 4402
f 4392 4402 4403
f 4389 4388 4399
f 4389 4399 4400
f 4351 4395 4406
f 4386 4385 4396
f 4386 4396 4397
f 4393 4392 4403
f 4393 4403 4404
f 4390 4389 4400
f 4390 4400 4401
f 4387 4386 4397
f 4387 4397 4398
f 4394 4393 4404
f 4394 4404 4405
f 4391 4390 4401
f 4391 4401 4402
f 4388 4387 4398
f 4388 4398 4399
f 4395 4394 4405
f 4395 4405 4406
f 4405 4404 4415
f 4405 4415 4416
f 4402 4401 4412
f 4402 4412 4413
f 4399 4398 4409
f 4399 4409 4410
f 4406 4405 4416
f 4406 4416 4417
f 4396 4317 4407
f 4403 4402 4413
f 4403 4413 4414
f 4400 4399 4410
f 4400 4410 4411
f 4351 4406 4417
f 4397 4396 4407
f 4397 4407 4408
f 4404 4403 4414
f 4404 4414 4415
f 4401 4400 4411
f 4401 4411 4412
f 4398 4397 4408
f 4398 4408 4409
f 4408 4407 4418
f 4408 4418 4419
f 4415 4414 4425
f 4415 4425 4426
f 4412 4411 4422
f 4412 4422 4423
f 4409 4408 4419
f 4409 4419 4420
f 4416 4415 4426
f 4416 4426 4427
f 4413 4412 4423
f 4413 4423 4424
f 4410 4409 4420
f 4410 4420 4421
f 4417 4416 4427
f 4417 4427 4428
f 4407 4317 4418
f 4414 4413 4424
f 4414 4424 4425
f 4411 4410 4421
f 4411 4421 4422
f 4351 4417 4428
f 4428 4427 4438
f 4428 4438 4439
f 4418 4317 4429
f 4425 4424 4435
f 4425 4435 4436
f 4422 4421 4432
f 4422 4432 4433
f 4351 4428 4439
f 4419 4418 4429
f 4419 4429 4430
f 4426 4425 4436
f 4426 4436 4437
f 4423 4422 4433
f 4423 4433 4434
f 4420 4419 4430
f 4420 4430 4431
f 4427 4426 4437
f 4427 4437 4438
f 4424 4423 4434
f 4424 4434 4435
f 4421 4420 4431
f 4421 4431 4432
f 4431 4430 4441
f 4431 4441 4183
f 4438 4437 4446
f 4438 4446 4447
f 4435 4434 4443
f 4435 4443 4444
f 4432 4431 4183
f 4432 4183 4184
f 4439 4438 4447
f 4439 4447 4448
f 4429 4317 4440
f 4436 4435 4444
f 4436 4444 4445
f 4433 4432 4184
f 4433 4184 4442
f 4351 4439 4448
f 4430 4429 4440
f 4430 4440 4441
f 4437 4436 4445
f 4437 4445 4446
f 4434 4433 4442
f 4434 4442 4443
f 4450 4449 4453
f 4450 4453 4454
f 4714 4713 4460
f 4714 4460 4461
f 4706 4583 4451
f 4711 4710 4457
f 4711 4457 4458
f 4708 4450 4454
f 4708 4454 4455
f 4617 4714 4461
f 4707 4706 4451
f 4707 4451 4452
f 4712 4711 4458
f 4712 4458 4459
f 4709 4708 4455
f 4709 4455 4456
f 4449 4707 4452
f 4449 4452 4453
f 4713 4712 4459
f 4713 4459 4460
f 4710 4709 4456
f 4710 4456 4457
f 4459 4458 4469
f 4459 4469 4470
f 4456 4455 4466
f 4456 4466 4467
f 4453 4452 4463
f 4453 4463 4464
f 4460 4459 4470
f 4460 4470 4471
f 4457 4456 4467
f 4457 4467 4468
f 4454 4453 4464
f 4454 4464 4465
f 4461 4460 4471
f 4461 4471 4472
f 4451 4583 4462
f 4458 4457 4468
f 4458 4468 4469
f 4455 4454 4465
f 4455 4465 4466
f 4617 4461 4472
f 4452 4451 4462
f 4452 4462 4463
f 4462 4583 4473
f 4469 4468 4479
f 4469 4479 4480
f 4466 4465 4476
f 4466 4476 4477
f 4617 4472 4483
f 4463 4462 4473
f 4463 4473 4474
f 4470 4469 4480
f 4470 4480 4481
f 4467 4466 4477
f 4467 4477 4478
f 4464 4463 4474
f 4464 4474 4475
f 4471 4470 4481
f 4471 4481 4482
f 4468 4467 4478
f 4468 4478 4479
f 4465 4464 4475
f 4465 4475 4476
f 4472 4471 4482
f 4472 4482 4483
f 4482 4481 4492
f 4482 4492 4493
f 4479 4478 4489
f 4479 4489 4490
f 4476 4475 4486
f 4476 4486 4487
f 4483 4482 4493
f 4483 4493 4494
f 4473 4583 4484
f 4480 4479 4490
f 4480 4490 4491
f 4477 4476 4487
f 4477 4487 4488
f 4617 4483 4494
f 4474 4473 4484
f 4474 4484 4485
f 4481 4480 4491
f 4481 4491 4492
f 4478 4477 4488
f 4478 4488 4489
f 4475 4474 4485
f 4475 4485 4486
f 4485 4484 4495
f 4485 4495 4496
f 4492 4491 4502
f 4492 4502 4503
f 4489 4488 4499
f 4489 4499 4500
f 4486 4485 4496
f 4486 4496 4497
f 4493 4492 4503
f 4493 4503 4504
f 4490 4489 4500
f 4490 4500 4501
f 4487 4486 4497
f 4487 4497 4498
f 4494 4493 4504
f 4494 4504 4505
f 4484 4583 4495
f 4491 4490 4501
f 4491 4501 4502
f 4488 4487 4498
f 4488 4498 4499
f 4617 4494 4505
f 4505 4504 4515
f 4505 4515 4516
f 4495 4583 4506
f 4502 4501 4512
f 4502 4512 4513
f 4499 4498 4509
f 4499 4509 4510
f 4617 4505 4516
f 4496 4495 4506
f 4496 4506 4507
f 4503 4502 4513
f 4503 4513 4514
f 4500 4499 4510
f 4500 4510 4511
f 4497 4496 4507
f 4497 4507 4508
f 4504 4503 4514
f 4504 4514 4515
f 4501 4500 4511
f 4501 4511 4512
f 4498 4497 4508
f 4498 4508 4509
f 4508 4507 4518
f 4508 4518 4519
f 4515 4514 4525
f 4515 4525 4526
f 4512 4511 4522
f 4512 4522 4523
f 4509 4508 4519
f 4509 4519 4520
f 4516 4515 4526
f 4516 4526 4527
f 4506 4583 4517
f 4513 4512 4523
f 4513 4523 4524
f 4510 4509 4520
f 4510 4520 4521
f 4617 4516 4527
f 4507 4506 4517
f 4507 4517 4518
f 4514 4513 4524
f 4514 4524 4525
f 4511 4510 4521
f 4511 4521 4522
f 4617 4527 4538
f 4518 4517 4528
f 4518 4528 4529
f 4525 4524 4535
f 4525 4535 4536
f 4522 4521 4532
f 4522 4532 4533
f 4519 4518 4529
f 4519 4529 4530
f 4526 4525 4536
f 4526 4536 4537
f 4523 4522 4533
f 4523 4533 4534
f 4520 4519 4530
f 4520 4530 4531
f 4527 4526 4537
f 4527 4537 4538
f 4517 4583 4528
f 4524 4523 4534
f 4524 4534 4535
f 4521 4520 4531
f 4521 4531 4532
f 4531 4530 4541
f 4531 4541 4542
f 4538 4537 4548
f 4538 4548 4549
f 4528 4583 4539
f 4535 4534 4545
f 4535 4545 4546
f 4532 4531 4542
f 4532 4542 4543
f 4617 4538 4549
f 4529 4528 4539
f 4529 4539 4540
f 4536 4535 4546
f 4536 4546 4547
f 4533 4532 4543
f 4533 4543 4544
f 4530 4529 4540
f 4530 4540 4541
f 4537 4536 4547
f 4537 4547 4548
f 4534 4533 4544
f 4534 4544 4545
f 4541 4540 4551
f 4541 4551 4552
f 4548 4547 4558
f 4548 4558 4559
f 4545 4544 4555
f 4545 4555 4556
f 4542 4541 4552
f 4542 4552 4553
f 4549 4548 4559
f 4549 4559 4560
f 4539 4583 4550
f 4546 4545 4556
f 4546 4556 4557
f 4543 4542 4553
f 4543 4553 4554
f 4617 4549 4560
f 4540 4539 4550
f 4540 4550 4551
f 4547 4546 4557
f 4547 4557 4558
f 4544 4543 4554
f 4544 4554 4555
f 4554 4553 4564
f 4554 4564 4565
f 4617 4560 4571
f 4551 4550 4561
f 4551 4561 4562
f 4558 4557 4568
f 4558 4568 4569
f 4555 4554 4565
f 4555 4565 4566
f 4552 4551 4562
f 4552 4562 4563
f 4559 4558 4569
f 4559 4569 4570
f 4556 4555 4566
f 4556 4566 4567
f 4553 4552 4563
f 4553 4563 4564
f 4560 4559 4570
f 4560 4570 4571
f 4550 4583 4561
f 4557 4556 4567
f 4557 4567 4568
f 4564 4563 4574
f 4564 4574 4575
f 4571 4570 4581
f 4571 4581 4582
f 4561 4583 4572
f 4568 4567 4578
f 4568 4578 4579
f 4565 4564 4575
f 4565 4575 4576
f 4617 4571 4582
f 4562 4561 4572
f 4562 4572 4573
f 4569 4568 4579
f 4569 4579 4580
f 4566 4565 4576
f 4566 4576 4577
f 4563 4562 4573
f 4563 4573 4574
f 4570 4569 4580
f 4570 4580 4581
f 4567 4566 4577
f 4567 4577 4578
f 4577 4576 4588
f 4577 4588 4589
f 4574 4573 4585
f 4574 4585 4586
f 4581 4580 4592
f 4581 4592 4593
f 4578 4577 4589
f 4578 4589 4590
f 4575 4574 4586
f 4575 4586 4587
f 4582 4581 4593
f 4582 4593 4594
f 4572 4583 4584
f 4579 4578 4590
f 4579 4590 4591
f 4576 4575 4587
f 4576 4587 4588
f 4617 4582 4594
f 4573 4572 4584
f 4573 4584 4585
f 4580 4579 4591
f 4580 4591 4592
f 4588 4587 4598
f 4588 4598 4599
f 4617 4594 4605
f 4585 4584 4595
f 4585 4595 4596
f 4592 4591 4602
f 4592 4602 4603
f 4589 4588 4599
f 4589 4599 4600
f 4586 4585 4596
f 4586 4596 4597
f 4593 4592 4603
f 4593 4603 4604
f 4590 4589 4600
f 4590 4600 4601
f 4587 4586 4597
f 4587 4597 4598
f 4594 4593 4604
f 4594 4604 4605
f 4584 4583 4595
f 4591 4590 4601
f 4591 4601 4602
f 4601 4600 4611
f 4601 4611 4612
f 4598 4597 4608
f 4598 4608 4609
f 4605 4604 4615
f 4605 4615 4616
f 4595 4583 4606
f 4602 4601 4612
f 4602 4612 4613
f 4599 4598 4609
f 4599 4609 4610
f 4617 4605 4616
f 4596 4595 4606
f 4596 4606 4607
f 4603 4602 4613
f 4603 4613 4614
f 4600 4599 4610
f 4600 4610 4611
f 4597 4596 4607
f 4597 4607 4608
f 4604 4603 4614
f 4604 4614 4615
f 4611 4610 4622
f 4611 4622 4623
f 4608 4607 4619
f 4608 4619 4620
f 4615 4614 4626
f 4615 4626 4627
f 4612 4611 4623
f 4612 4623 4624
f 4609 4608 4620
f 4609 4620 4621
f 4616 4615 4627
f 4616 4627 4628
f 4606 4583 4618
f 4613 4612 4624
f 4613 4624 4625
f 4610 4609 4621
f 4610 4621 4622
f 4617 4616 4628
f 4607 4606 4618
f 4607 4618 4619
f 4614 4613 4625
f 4614 4625 4626
f 4625 4624 4635
f 4625 4635 4636
f 4622 4621 4632
f 4622 4632 4633
f 4617 4628 4639
f 4619 4618 4629
f 4619 4629 4630
f 4626 4625 4636
f 4626 4636 4637
f 4623 4622 4633
f 4623 4633 4634
f 4620 4619 4630
f 4620 4630 4631
f 4627 4626 4637
f 4627 4637 4638
f 4624 4623 4634
f 4624 4634 4635
f 4621 4620 4631
f 4621 4631 4632
f 4628 4627 4638
f 4628 4638 4639
f 4618 4583 4629
f 4635 4634 4645
f 4635 4645 4646
f 4632 4631 4642
f 4632 4642 4643
f 4639 4638 4649
f 4639 4649 4650
f 4629 4583 4640
f 4636 4635 4646
f 4636 4646 4647
f 4633 4632 4643
f 4633 4643 4644
f 4617 4639 4650
f 4630 4629 4640
f 4630 4640 4641
f 4637 4636 4647
f 4637 4647 4648
f 4634 4633 4644
f 4634 4644 4645
f 4631 4630 4641
f 4631 4641 4642
f 4638 4637 4648
f 4638 4648 4649
f 4648 4647 4658
f 4648 4658 4659
f 4645 4644 4655
f 4645 4655 4656
f 4642 4641 4652
f 4642 4652 4653
f 4649 4648 4659
f 4649 4659 4660
f 4646 4645 4656
f 4646 4656 4657
f 4643 4642 4653
f 4643 4653 4654
f 4650 4649 4660
f 4650 4660 4661
f 4640 4583 4651
f 4647 4646 4657
f 4647 4657 4658
f 4644 4643 4654
f 4644 4654 4655
f 4617 4650 4661
f 4641 4640 4651
f 4641 4651 4652
f 4651 4583 4662
f 4658 4657 4668
f 4658 4668 4669
f 4655 4654 4665
f 4655 4665 4666
f 4617 4661 4672
f 4652 4651 4662
f 4652 4662 4663
f 4659 4658 4669
f 4659 4669 4670
f 4656 4655 4666
f 4656 4666 4667
f 4653 4652 4663
f 4653 4663 4664
f 4660 4659 4670
f 4660 4670 4671
f 4657 4656 4667
f 4657 4667 4668
f 4654 4653 4664
f 4654 4664 4665
f 4661 4660 4671
f 4661 4671 4672
f 4671 4670 4681
f 4671 4681 4682
f 4668 4667 4678
f 4668 4678 4679
f 4665 4664 4675
f 4665 4675 4676
f 4672 4671 4682
f 4672 4682 4683
f 4662 4583 4673
f 4669 4668 4679
f 4669 4679 4680
f 4666 4665 4676
f 4666 4676 4677
f 4617 4672 4683
f 4663 4662 4673
f 4663 4673 4674
f 4670 4669 4680
f 4670 4680 4681
f 4667 4666 4677
f 4667 4677 4678
f 4664 4663 4674
f 4664 4674 4675
f 4674 4673 4684
f 4674 4684 4685
f 4681 4680 4691
f 4681 4691 4692
f 4678 4677 4688
f 4678 4688 4689
f 4675 4674 4685
f 4675 4685 4686
f 4682 4681 4692
f 4682 4692 4693
f 4679 4678 4689
f 4679 4689 4690
f 4676 4675 4686
f 4676 4686 4687
f 4683 4682 4693
f 4683 4693 4694
f 4673 4583 4684
f 4680 4679 4690
f 4680 4690 4691
f 4677 4676 4687
f 4677 4687 4688
f 4617 4683 4694
f 4694 4693 4704
f 4694 4704 4705
f 4684 4583 4695
f 4691 4690 4701
f 4691 4701 4702
f 4688 4687 4698
f 4688 4698 4699
f 4617 4694 4705
f 4685 4684 4695
f 4685 4695 4696
f 4692 4691 4702
f 4692 4702 4703
f 4689 4688 4699
f 4689 4699 4700
f 4686 4685 4696
f 4686 4696 4697
f 4693 4692 4703
f 4693 4703 4704
f 4690 4689 4700
f 4690 4700 4701
f 4687 4686 4697
f 4687 4697 4698
f 4697 4696 4707
f 4697 4707 4449
f 4704 4703 4712
f 4704 4712 4713
f 4701 4700 4709
f 4701 4709 4710
f 4698 4697 4449
f 4698 4449 4450
f 4705 4704 4713
f 4705 4713 4714
f 4695 4583 4706
f 4702 4701 4710
f 4702 4710 4711
f 4699 4698 4450
f 4699 4450 4708
f 4617 4705 4714
f 4696 4695 4706
f 4696 4706 4707
f 4703 4702 4711
f 4703 4711 4712
f 4700 4699 4708
f 4700 4708 4709
f 4716 4715 4719
f 4716 4719 4720
f 4980 4979 4726
f 4980 4726 4727
f 4972 4849 4717
f 4977 4976 4723
f 4977 4723 4724
f 4974 4716 4720
f 4974 4720 4721
f 4883 4980 4727
f 4973 4972 4717
f 4973 4717 4718
f 4978 4977 4724
f 4978 4724 4725
f 4975 4974 4721
f 4975 4721 4722
f 4715 4973 4718
f 4715 4718 4719
f 4979 4978 4725
f 4979 4725 4726
f 4976 4975 4722
f 4976 4722 4723
f 4725 4724 4735
f 4725 4735 4736
f 4722 4721 4732
f 4722 4732 4733
f 4719 4718 4729
f 4719 4729 4730
f 4726 4725 4736
f 4726 4736 4737
f 4723 4722 4733
f 4723 4733 4734
f 4720 4719 4730
f 4720 4730 4731
f 4727 4726 4737
f 4727 4737 4738
f 4717 4849 4728
f 4724 4723 4734
f 4724 4734 4735
f 4721 4720 4731
f 4721 4731 4732
f 4883 4727 4738
f 4718 4717 4728
f 4718 4728 4729
f 4728 4849 4739
f 4735 4734 4745
f 4735 4745 4746
f 4732 4731 4742
f 4732 4742 4743
f 4883 4738 4749
f 4729 4728 4739
f 4729 4739 4740
f 4736 4735 4746
f 4736 4746 4747
f 4733 4732 4743
f 4733 4743 4744
f 4730 4729 4740
f 4730 4740 4741
f 4737 4736 4747
f 4737 4747 4748
f 4734 4733 4744
f 4734 4744 4745
f 4731 4730 4741
f 4731 4741 4742
f 4738 4737 4748
f 4738 4748 4749
f 4748 4747 4758
f 4748 4758 4759
f 4745 4744 4755
f 4745 4755 4756
f 4742 4741 4752
f 4742 4752 4753
f 4749 4748 4759
f 4749 4759 4760
f 4739 4849 4750
f 4746 4745 4756
f 4746 4756 4757
f 4743 4742 4753
f 4743 4753 4754
f 4883 4749 4760
f 4740 4739 4750
f 4740 4750 4751
f 4747 4746 4757
f 4747 4757 4758
f 4744 4743 4754
f 4744 4754 4755
f 4741 4740 4751
f 4741 4751 4752
f 4751 4750 4761
f 4751 4761 4762
f 4758 4757 4768
f 4758 4768 4769
f 4755 4754 4765
f 4755 4765 4766
f 4752 4751 4762
f 4752 4762 4763
f 4759 4758 4769
f 4759 4769 4770
f 4756 4755 4766
f 4756 4766 4767
f 4753 4752 4763
f 4753 4763 4764
f 4760 4759 4770
f 4760 4770 4771
f 4750 4849 4761
f 4757 4756 4767
f 4757 4767 4768
f 4754 4753 4764
f 4754 4764 4765
f 4883 4760 4771
f 4771 4770 4781
f 4771 4781 4782
f 4761 4849 4772
f 4768 4767 4778
f 4768 4778 4779
f 4765 4764 4775
f 4765 4775 4776
f 4883 4771 4782
f 4762 4761 4772
f 4762 4772 4773
f 4769 4768 4779
f 4769 4779 4780
f 4766 4765 4776
f 4766 4776 4777
f 4763 4762 4773
f 4763 4773 4774
f 4770 4769 4780
f 4770 4780 4781
f 4767 4766 4777
f 4767 4777 4778
f 4764 4763 4774
f 4764 4774 4775
f 4774 4773 4784
f 4774 4784 4785
f 4781 4780 4791
f 4781 4791 4792
f 4778 4777 4788
f 4778 4788 4789
f 4775 4774 4785
f 4775 4785 4786
f 4782 4781 4792
f 4782 4792 4793
f 4772 4849 4783
f 4779 4778 4789
f 4779 4789 4790
f 4776 4775 4786
f 4776 4786 4787
f 4883 4782 4793
f 4773 4772 4783
f 4773 4783 4784
f 4780 4779 4790
f 4780 4790 4791
f 4777 4776 4787
f 4777 4787 4788
f 4883 4793 4804
f 4784 4783 4794
f 4784 4794 4795
f 4791 4790 4801
f 4791 4801 4802
f 4788 4787 4798
f 4788 4798 4799
f 4785 4784 4795
f 4785 4795 4796
f 4792 4791 4802
f 4792 4802 4803
f 4789 4788 4799
f 4789 4799 4800
f 4786 4785 4796
f 4786 4796 4797
f 4793 4792 4803
f 4793 4803 4804
f 4783 4849 4794
f 4790 4789 4800
f 4790 4800 4801
f 4787 4786 4797
f 4787 4797 4798
f 4797 4796 4807
f 4797 4807 4808
f 4804 4803 4814
f 4804 4814 4815
f 4794 4849 4805
f 4801 4800 4811
f 4801 4811 4812
f 4798 4797 4808
f 4798 4808 4809
f 4883 4804 4815
f 4795 4794 4805
f 4795 4805 4806
f 4802 4801 4812
f 4802 4812 4813
f 4799 4798 4809
f 4799 4809 4810
f 4796 4795 4806
f 4796 4806 4807
f 4803 4802 4813
f 4803 4813 4814
f 4800 4799 4810
f 4800 4810 4811
f 4807 4806 4817
f 4807 4817 4818
f 4814 4813 4824
f 4814 4824 4825
f 4811 4810 4821
f 4811 4821 4822
f 4808 4807 4818
f 4808 4818 4819
f 4815 4814 4825
f 4815 4825 4826
f 4805 4849 4816
f 4812 4811 4822
f 4812 4822 4823
f 4809 4808 4819
f 4809 4819 4820
f 4883 4815 4826
f 4806 4805 4816
f 4806 4816 4817
f 4813 4812 4823
f 4813 4823 4824
f 4810 4809 4820
f 4810 4820 4821
f 4820 4819 4830
f 4820 4830 4831
f 4883 4826 4837
f 4817 4816 4827
f 4817 4827 4828
f 4824 4823 4834
f 4824 4834 4835
f 4821 4820 4831
f 4821 4831 4832
f 4818 4817 4828
f 4818 4828 4829
f 4825 4824 4835
f 4825 4835 4836
f 4822 4821 4832
f 4822 4832 4833
f 4819 4818 4829
f 4819 4829 4830
f 4826 4825 4836
f 4826 4836 4837
f 4816 4849 4827
f 4823 4822 4833
f 4823 4833 4834
f 4830 4829 4840
f 4830 4840 4841
f 4837 4836 4847
f 4837 4847 4848
f 4827 4849 4838
f 4834 4833 4844
f 4834 4844 4845
f 4831 4830 4841
f 4831 4841 4842
f 4883 4837 4848
f 4828 4827 4838
f 4828 4838 4839
f 4835 4834 4845
f 4835 4845 4846
f 4832 4831 4842
f 4832 4842 4843
f 4829 4828 4839
f 4829 4839 4840
f 4836 4835 4846
f 4836 4846 4847
f 4833 4832 4843
f 4833 4843 4844
f 4843 4842 4854
f 4843 4854 4855
f 4840 4839 4851
f 4840 4851 4852
f 4847 4846 4858
f 4847 4858 4859
f 4844 4843 4855
f 4844 4855 4856
f 4841 4840 4852
f 4841 4852 4853
f 4848 4847 4859
f 4848 4859 4860
f 4838 4849 4850
f 4845 4844 4856
f 4845 4856 4857
f 4842 4841 4853
f 4842 4853 4854
f 4883 4848 4860
f 4839 4838 4850
f 4839 4850 4851
f 4846 4845 4857
f 4846 4857 4858
f 4854 4853 4864
f 4854 4864 4865
f 4883 4860 4871
f 4851 4850 4861
f 4851 4861 4862
f 4858 4857 4868
f 4858 4868 4869
f 4855 4854 4865
f 4855 4865 4866
f 4852 4851 4862
f 4852 4862 4863
f 4859 4858 4869
f 4859 4869 4870
f 4856 4855 4866
f 4856 4866 4867
f 4853 4852 4863
f 4853 4863 4864
f 4860 4859 4870
f 4860 4870 4871
f 4850 4849 4861
f 4857 4856 4867
f 4857 4867 4868
f 4867 4866 4877
f 4867 4877 4878
f 4864 4863 4874
f 4864 4874 4875
f 4871 4870 4881
f 4871 4881 4882
f 4861 4849 4872
f 4868 4867 4878
f 4868 4878 4879
f 4865 4864 4875
f 4865 4875 4876
f 4883 4871 4882
f 4862 4861 4872
f 4862 4872 4873
f 4869 4868 4879
f 4869 4879 4880
f 4866 4865 4876
f 4866 4876 4877
f 4863 4862 4873
f 4863 4873 4874
f 4870 4869 4880
f 4870 4880 4881
f 4877 4876 4888
f 4877 4888 4889
f 4874 4873 4885
f 4874 4885 4886
f 4881 4880 4892
f 4881 4892 4893
f 4878 4877 4889
f 4878 4889 4890
f 4875 4874 4886
f 4875 4886 4887
f 4882 4881 4893
f 4882 4893 4894
f 4872 4849 4884
f 4879 4878 4890
f 4879 4890 4891
f 4876 4875 4887
f 4876 4887 4888
f 4883 4882 4894
f 4873 4872 4884
f 4873 4884 4885
f 4880 4879 4891
f 4880 4891 4892
f 4891 4890 4901
f 4891 4901 4902
f 4888 4887 4898
f 4888 4898 4899
f 4883 4894 4905
f 4885 4884 4895
f 4885 4895 4896
f 4892 4891 4902
f 4892 4902 4903
f 4889 4888 4899
f 4889 4899 4900
f 4886 4885 4896
f 4886 4896 4897
f 4893 4892 4903
f 4893 4903 4904
f 4890 4889 4900
f 4890 4900 4901
f 4887 4886 4897
f 4887 4897 4898
f 4894 4893 4904
f 4894 4904 4905
f 4884 4849 4895
f 4901 4900 4911
f 4901 4911 4912
f 4898 4897 4908
f 4898 4908 4909
f 4905 4904 4915
f 4905 4915 4916
f 4895 4849 4906
f 4902 4901 4912
f 4902 4912 4913
f 4899 4898 4909
f 4899 4909 4910
f 4883 4905 4916
f 4896 4895 4906
f 4896 4906 4907
f 4903 4902 4913
f 4903 4913 4914
f 4900 4899 4910
f 4900 4910 4911
f 4897 4896 4907
f 4897 4907 4908
f 4904 4903 4914
f 4904 4914 4915
f 4914 4913 4924
f 4914 4924 4925
f 4911 4910 4921
f 4911 4921 4922
f 4908 4907 4918
f 4908 4918 4919
f 4915 4914 4925
f 4915 4925 4926
f 4912 4911 4922
f 4912 4922 4923
f 4909 4908 4919
f 4909 4919 4920
f 4916 4915 4926
f 4916 4926 4927
f 4906 4849 4917
f 4913 4912 4923
f 4913 4923 4924
f 4910 4909 4920
f 4910 4920 4921
f 4883 4916 4927
f 4907 4906 4917
f 4907 4917 4918
f 4917 4849 4928
f 4924 4923 4934
f 4924 4934 4935
f 4921 4920 4931
f 4921 4931 4932
f 4883 4927 4938
f 4918 4917 4928
f 4918 4928 4929
f 4925 4924 4935
f 4925 4935 4936
f 4922 4921 4932
f 4922 4932 4933
f 4919 4918 4929
f 4919 4929 4930
f 4926 4925 4936
f 4926 4936 4937
f 4923 4922 4933
f 4923 4933 4934
f 4920 4919 4930
f 4920 4930 4931
f 4927 4926 4937
f 4927 4937 4938
f 4937 4936 4947
f 4937 4947 4948
f 4934 4933 4944
f 4934 4944 4945
f 4931 4930 4941
f 4931 4941 4942
f 4938 4937 4948
f 4938 4948 4949
f 4928 4849 4939
f 4935 4934 4945
f 4935 4945 4946
f 4932 4931 4942
f 4932 4942 4943
f 4883 4938 4949
f 4929 4928 4939
f 4929 4939 4940
f 4936 4935 4946
f 4936 4946 4947
f 4933 4932 4943
f 4933 4943 4944
f 4930 4929 4940
f 4930 4940 4941
f 4940 4939 4950
f 4940 4950 4951
f 4947 4946 4957
f 4947 4957 4958
f 4944 4943 4954
f 4944 4954 4955
f 4941 4940 4951
f 4941 4951 4952
f 4948 4947 4958
f 4948 4958 4959
f 4945 4944 4955
f 4945 4955 4956
f 4942 4941 4952
f 4942 4952 4953
f 4949 4948 4959
f 4949 4959 4960
f 4939 4849 4950
f 4946 4945 4956
f 4946 4956 4957
f 4943 4942 4953
f 4943 4953 4954
f 4883 4949 4960
f 4960 4959 4970
f 4960 4970 4971
f 4950 4849 4961
f 4957 4956 4967
f 4957 4967 4968
f 4954 4953 4964
f 4954 4964 4965
f 4883 4960 4971
f 4951 4950 4961
f 4951 4961 4962
f 4958 4957 4968
f 4958 4968 4969
f 4955 4954 4965
f 4955 4965 4966
f 4952 4951 4962
f 4952 4962 4963
f 4959 4958 4969
f 4959 4969 4970
f 4956 4955 4966
f 4956 4966 4967
f 4953 4952 4963
f 4953 4963 4964
f 4963 4962 4973
f 4963 4973 4715
f 4970 4969 4978
f 4970 4978 4979
f 4967 4966 4975
f 4967 4975 4976
f 4964 4963 4715
f 4964 4715 4716
f 4971 4970 4979
f 4971 4979 4980
f 4961 4849 4972
f 4968 4967 4976
f 4968 4976 4977
f 4965 4964 4716
f 4965 4716 4974
f 4883 4971 4980
f 4962 4961 4972
f 4962 4972 4973
f 4969 4968 4977
f 4969 4977 4978
f 4966 4965 4974
f 4966 4974 4975
f 4982 4981 4985
f 4982 4985 4986
f 5246 5245 4992
f 5246 4992 4993
f 5238 5115 4983
f 5243 5242 4989
f 5243 4989 4990
f 5240 4982 4986
f 5240 4986 4987
f 5149 5246 4993
f 5239 5238 4983
f 5239 4983 4984
f 5244 5243 4990
f 5244 4990 4991
f 5241 5240 4987
f 5241 4987 4988
f 4981 5239 4984
f 4981 4984 4985
f 5245 5244 4991
f 5245 4991 4992
f 5242 5241 4988
f 5242 4988 4989
f 4991 4990 5001
f 4991 5001 5002
f 4988 4987 4998
f 4988 4998 4999
f 4985 4984 4995
f 4985 4995 4996
f 4992 4991 5002
f 4992 5002 5003
f 4989 4988 4999
f 4989 4999 5000
f 4986 4985 4996
f 4986 4996 4997
f 4993 4992 5003
f 4993 5003 5004
f 4983 5115 4994
f 4990 4989 5000
f 4990 5000 5001
f 4987 4986 4997
f 4987 4997 4998
f 5149 4993 5004
f 4984 4983 4994
f 4984 4994 4995
f 4994 5115 5005
f 5001 5000 5011
f 5001 5011 5012
f 4998 4997 5008
f 4998 5008 5009
f 5149 5004 5015
f 4995 4994 5005
f 4995 5005 5006
f 5002 5001 5012
f 5002 5012 5013
f 4999 4998 5009
f 4999 5009 5010
f 4996 4995 5006
f 4996 5006 5007
f 5003 5002 5013
f 5003 5013 5014
f 5000 4999 5010
f 5000 5010 5011
f 4997 4996 5007
f 4997 5007 5008
f 5004 5003 5014
f 5004 5014 5015
f 5014 5013 5024
f 5014 5024 5025
f 5011 5010 5021
f 5011 5021 5022
f 5008 5007 5018
f 5008 5018 5019
f 5015 5014 5025
f 5015 5025 5026
f 5005 5115 5016
f 5012 5011 5022
f 5012 5022 5023
f 5009 5008 5019
f 5009 5019 5020
f 5149 5015 5026
f 5006 5005 5016
f 5006 5016 5017
f 5013 5012 5023
f 5013 5023 5024
f 5010 5009 5020
f 5010 5020 5021
f 5007 5006 5017
f 5007 5017 5018
f 5017 5016 5027
f 5017 5027 5028
f 5024 5023 5034
f 5024 5034 5035
f 5021 5020 5031
f 5021 5031 5032
f 5018 5017 5028
f 5018 5028 5029
f 5025 5024 5035
f 5025 5035 5036
f 5022 5021 5032
f 5022 5032 5033
f 5019 5018 5029
f 5019 5029 5030
f 5026 5025 5036
f 5026 5036 5037
f 5016 5115 5027
f 5023 5022 5033
f 5023 5033 5034
f 5020 5019 5030
f 5020 5030 5031
f 5149 5026 5037
f 5037 5036 5047
f 5037 5047 5048
f 5027 5115 5038
f 5034 5033 5044
f 5034 5044 5045
f 5031 5030 5041
f 5031 5041 5042
f 5149 5037 5048
f 5028 5027 5038
f 5028 5038 5039
f 5035 5034 5045
f 5035 5045 5046
f 5032 5031 5042
f 5032 5042 5043
f 5029 5028 5039
f 5029 5039 5040
f 5036 5035 5046
f 5036 5046 5047
f 5033 5032 5043
f 5033 5043 5044
f 5030 5029 5040
f 5030 5040 5041
f 5040 5039 5050
f 5040 5050 5051
f 5047 5046 5057
f 5047 5057 5058
f 5044 5043 5054
f 5044 5054 5055
f 5041 5040 5051
f 5041 5051 5052
f 5048 5047 5058
f 5048 5058 5059
f 5038 5115 5049
f 5045 5044 5055
f 5045 5055 5056
f 5042 5041 5052
f 5042 5052 5053
f 5149 5048 5059
f 5039 5038 5049
f 5039 5049 5050
f 5046 5045 5056
f 5046 5056 5057
f 5043 5042 5053
f 5043 5053 5054
f 5149 5059 5070
f 5050 5049 5060
f 5050 5060 5061
f 5057 5056 5067
f 5057 5067 5068
f 5054 5053 5064
f 5054 5064 5065
f 5051 5050 5061
f 5051 5061 5062
f 5058 5057 5068
f 5058 5068 5069
f 5055 5054 5065
f 5055 5065 5066
f 5052 5051 5062
f 5052 5062 5063
f 5059 5058 5069
f 5059 5069 5070
f 5049 5115 5060
f 5056 5055 5066
f 5056 5066 5067
f 5053 5052 5063
f 5053 5063 5064
f 5063 5062 5073
f 5063 5073 5074
f 5070 5069 5080
f 5070 5080 5081
f 5060 5115 5071
f 5067 5066 5077
f 5067 5077 5078
f 5064 5063 5074
f 5064 5074 5075
f 5149 5070 5081
f 5061 5060 5071
f 5061 5071 5072
f 5068 5067 5078
f 5068 5078 5079
f 5065 5064 5075
f 5065 5075 5076
f 5062 5061 5072
f 5062 5072 5073
f 5069 5068 5079
f 5069 5079 5080
f 5066 5065 5076
f 5066 5076 5077
f 5073 5072 5083
f 5073 5083 5084
f 5080 5079 5090
f 5080 5090 5091
f 5077 5076 5087
f 5077 5087 5088
f 5074 5073 5084
f 5074 5084 5085
f 5081 5080 5091
f 5081 5091 5092
f 5071 5115 5082
f 5078 5077 5088
f 5078 5088 5089
f 5075 5074 5085
f 5075 5085 5086
f 5149 5081 5092
f 5072 5071 5082
f 5072 5082 5083
f 5079 5078 5089
f 5079 5089 5090
f 5076 5075 5086
f 5076 5086 5087
f 5086 5085 5096
f 5086 5096 5097
f 5149 5092 5103
f 5083 5082 5093
f 5083 5093 5094
f 5090 5089 5100
f 5090 5100 5101
f 5087 5086 5097
f 5087 5097 5098
f 5084 5083 5094
f 5084 5094 5095
f 5091 5090 5101
f 5091 5101 5102
f 5088 5087 5098
f 5088 5098 5099
f 5085 5084 5095
f 5085 5095 5096
f 5092 5091 5102
f 5092 5102 5103
f 5082 5115 5093
f 5089 5088 5099
f 5089 5099 5100
f 5096 5095 5106
f 5096 5106 5107
f 5103 5102 5113
f 5103 5113 5114
f 5093 5115 5104
f 5100 5099 5110
f 5100 5110 5111
f 5097 5096 5107
f 5097 5107 5108
f 5149 5103 5114
f 5094 5093 5104
f 5094 5104 5105
f 5101 5100 5111
f 5101 5111 5112
f 5098 5097 5108
f 5098 5108 5109
f 5095 5094 5105
f 5095 5105 5106
f 5102 5101 5112
f 5102 5112 5113
f 5099 5098 5109
f 5099 5109 5110
f 5109 5108 5120
f 5109 5120 5121
f 5106 5105 5117
f 5106 5117 5118
f 5113 5112 5124
f 5113 5124 5125
f 5110 5109 5121
f 5110 5121 5122
f 5107 5106 5118
f 5107 5118 5119
f 5114 5113 5125
f 5114 5125 5126
f 5104 5115 5116
f 5111 5110 5122
f 5111 5122 5123
f 5108 5107 5119
f 5108 5119 5120
f 5149 5114 5126
f 5105 5104 5116
f 5105 5116 5117
f 5112 5111 5123
f 5112 5123 5124
f 5120 5119 5130
f 5120 5130 5131
f 5149 5126 5137
f 5117 5116 5127
f 5117 5127 5128
f 5124 5123 5134
f 5124 5134 5135
f 5121 5120 5131
f 5121 5131 5132
f 5118 5117 5128
f 5118 5128 5129
f 5125 5124 5135
f 5125 5135 5136
f 5122 5121 5132
f 5122 5132 5133
f 5119 5118 5129
f 5119 5129 5130
f 5126 5125 5136
f 5126 5136 5137
f 5116 5115 5127
f 5123 5122 5133
f 5123 5133 5134
f 5133 5132 5143
f 5133 5143 5144
f 5130 5129 5140
f 5130 5140 5141
f 5137 5136 5147
f 5137 5147 5148
f 5127 5115 5138
f 5134 5133 5144
f 5134 5144 5145
f 5131 5130 5141
f 5131 5141 5142
f 5149 5137 5148
f 5128 5127 5138
f 5128 5138 5139
f 5135 5134 5145
f 5135 5145 5146
f 5132 5131 5142
f 5132 5142 5143
f 5129 5128 5139
f 5129 5139 5140
f 5136 5135 5146
f 5136 5146 5147
f 5143 5142 5154
f 5143 5154 5155
f 5140 5139 5151
f 5140 5151 5152
f 5147 5146 5158
f 5147 5158 5159
f 5144 5143 5155
f 5144 5155 5156
f 5141 5140 5152
f 5141 5152 5153
f 5148 5147 5159
f 5148 5159 5160
f 5138 5115 5150
f 5145 5144 5156
f 5145 5156 5157
f 5142 5141 5153
f 5142 5153 5154
f 5149 5148 5160
f 5139 5138 5150
f 5139 5150 5151
f 5146 5145 5157
f 5146 5157 5158
f 5157 5156 5167
f 5157 5167 5168
f 5154 5153 5164
f 5154 5164 5165
f 5149 5160 5171
f 5151 5150 5161
f 5151 5161 5162
f 5158 5157 5168
f 5158 5168 5169
f 5155 5154 5165
f 5155 5165 5166
f 5152 5151 5162
f 5152 5162 5163
f 5159 5158 5169
f 5159 5169 5170
f 5156 5155 5166
f 5156 5166 5167
f 5153 5152 5163
f 5153 5163 5164
f 5160 5159 5170
f 5160 5170 5171
f 5150 5115 5161
f 5167 5166 5177
f 5167 5177 5178
f 5164 5163 5174
f 5164 5174 5175
f 5171 5170 5181
f 5171 5181 5182
f 5161 5115 5172
f 5168 5167 5178
f 5168 5178 5179
f 5165 5164 5175
f 5165 5175 5176
f 5149 5171 5182
f 5162 5161 5172
f 5162 5172 5173
f 5169 5168 5179
f 5169 5179 5180
f 5166 5165 5176
f 5166 5176 5177
f 5163 5162 5173
f 5163 5173 5174
f 5170 5169 5180
f 5170 5180 5181
f 5180 5179 5190
f 5180 5190 5191
f 5177 5176 5187
f 5177 5187 5188
f 5174 5173 5184
f 5174 5184 5185
f 5181 5180 5191
f 5181 5191 5192
f 5178 5177 5188
f 5178 5188 5189
f 5175 5174 5185
f 5175 5185 5186
f 5182 5181 5192
f 5182 5192 5193
f 5172 5115 5183
f 5179 5178 5189
f 5179 5189 5190
f 5176 5175 5186
f 5176 5186 5187
f 5149 5182 5193
f 5173 5172 5183
f 5173 5183 5184
f 5183 5115 5194
f 5190 5189 5200
f 5190 5200 5201
f 5187 5186 5197
f 5187 5197 5198
f 5149 5193 5204
f 5184 5183 5194
f 5184 5194 5195
f 5191 5190 5201
f 5191 5201 5202
f 5188 5187 5198
f 5188 5198 5199
f 5185 5184 5195
f 5185 5195 5196
f 5192 5191 5202
f 5192 5202 5203
f 5189 5188 5199
f 5189 5199 5200
f 5186 5185 5196
f 5186 5196 5197
f 5193 5192 5203
f 5193 5203 5204
f 5203 5202 5213
f 5203 5213 5214
f 5200 5199 5210
f 5200 5210 5211
f 5197 5196 5207
f 5197 5207 5208
f 5204 5203 5214
f 5204 5214 5215
f 5194 5115 5205
f 5201 5200 5211
f 5201 5211 5212
f 5198 5197 5208
f 5198 5208 5209
f 5149 5204 5215
f 5195 5194 5205
f 5195 5205 5206
f 5202 5201 5212
f 5202 5212 5213
f 5199 5198 5209
f 5199 5209 5210
f 5196 5195 5206
f 5196 5206 5207
f 5206 5205 5216
f 5206 5216 5217
f 5213 5212 5223
f 5213 5223 5224
f 5210 5209 5220
f 5210 5220 5221
f 5207 5206 5217
f 5207 5217 5218
f 5214 5213 5224
f 5214 5224 5225
f 5211 5210 5221
f 5211 5221 5222
f 5208 5207 5218
f 5208 5218 5219
f 5215 5214 5225
f 5215 5225 5226
f 5205 5115 5216
f 5212 5211 5222
f 5212 5222 5223
f 5209 5208 5219
f 5209 5219 5220
f 5149 5215 5226
f 5226 5225 5236
f 5226 5236 5237
f 5216 5115 5227
f 5223 5222 5233
f 5223 5233 5234
f 5220 5219 5230
f 5220 5230 5231
f 5149 5226 5237
f 5217 5216 5227
f 5217 5227 5228
f 5224 5223 5234
f 5224 5234 5235
f 5221 5220 5231
f 5221 5231 5232
f 5218 5217 5228
f 5218 5228 5229
f 5225 5224 5235
f 5225 5235 5236
f 5222 5221 5232
f 5222 5232 5233
f 5219 5218 5229
f 5219 5229 5230
f 5229 5228 5239
f 5229 5239 4981
f 5236 5235 5244
f 5236 5244 5245
f 5233 5232 5241
f 5233 5241 5242
f 5230 5229 4981
f 5230 4981 4982
f 5237 5236 5245
f 5237 5245 5246
f 5227 5115 5238
f 5234 5233 5242
f 5234 5242 5243
f 5231 5230 4982
f 5231 4982 5240
f 5149 5237 5246
f 5228 5227 5238
f 5228 5238 5239
f 5235 5234 5243
f 5235 5243 5244
f 5232 5231 5240
f 5232 5240 5241
f 5509 5508 5255
f 5509 5255 5256
f 5506 5248 5252
f 5506 5252 5253
f 5415 5512 5259
f 5505 5504 5249
f 5505 5249 5250
f 5510 5509 5256
f 5510 5256 5257
f 5507 5506 5253
f 5507 5253 5254
f 5247 5505 5250
f 5247 5250 5251
f 5511 5510 5257
f 5511 5257 5258
f 5508 5507 5254
f 5508 5254 5255
f 5248 5247 5251
f 5248 5251 5252
f 5512 5511 5258
f 5512 5258 5259
f 5504 5381 5249
f 5251 5250 5261
f 5251 5261 5262
f 5258 5257 5268
f 5258 5268 5269
f 5255 5254 5265
f 5255 5265 5266
f 5252 5251 5262
f 5252 5262 5263
f 5259 5258 5269
f 5259 5269 5270
f 5249 5381 5260
f 5256 5255 5266
f 5256 5266 5267
f 5253 5252 5263
f 5253 5263 5264
f 5415 5259 5270
f 5250 5249 5260
f 5250 5260 5261
f 5257 5256 5267
f 5257 5267 5268
f 5254 5253 5264
f 5254 5264 5265
f 5264 5263 5274
f 5264 5274 5275
f 5415 5270 5281
f 5261 5260 5271
f 5261 5271 5272
f 5268 5267 5278
f 5268 5278 5279
f 5265 5264 5275
f 5265 5275 5276
f 5262 5261 5272
f 5262 5272 5273
f 5269 5268 5279
f 5269 5279 5280
f 5266 5265 5276
f 5266 5276 5277
f 5263 5262 5273
f 5263 5273 5274
f 5270 5269 5280
f 5270 5280 5281
f 5260 5381 5271
f 5267 5266 5277
f 5267 5277 5278
f 5274 5273 5284
f 5274 5284 5285
f 5281 5280 5291
f 5281 5291 5292
f 5271 5381 5282
f 5278 5277 5288
f 5278 5288 5289
f 5275 5274 5285
f 5275 5285 5286
f 5415 5281 5292
f 5272 5271 5282
f 5272 5282 5283
f 5279 5278 5289
f 5279 5289 5290
f 5276 5275 5286
f 5276 5286 5287
f 5273 5272 5283
f 5273 5283 5284
f 5280 5279 5290
f 5280 5290 5291
f 5277 5276 5287
f 5277 5287 5288
f 5287 5286 5297
f 5287 5297 5298
f 5284 5283 5294
f 5284 5294 5295
f 5291 5290 5301
f 5291 5301 5302
f 5288 5287 5298
f 5288 5298 5299
f 5285 5284 5295
f 5285 5295 5296
f 5292 5291 5302
f 5292 5302 5303
f 5282 5381 5293
f 5289 5288 5299
f 5289 5299 5300
f 5286 5285 5296
f 5286 5296 5297
f 5415 5292 5303
f 5283 5282 5293
f 5283 5293 5294
f 5290 5289 5300
f 5290 5300 5301
f 5297 5296 5307
f 5297 5307 5308
f 5415 5303 5314
f 5294 5293 5304
f 5294 5304 5305
f 5301 5300 5311
f 5301 5311 5312
f 5298 5297 5308
f 5298 5308 5309
f 5295 5294 5305
f 5295 5305 5306
f 5302 5301 5312
f 5302 5312 5313
f 5299 5298 5309
f 5299 5309 5310
f 5296 5295 5306
f 5296 5306 5307
f 5303 5302 5313
f 5303 5313 5314
f 5293 5381 5304
f 5300 5299 5310
f 5300 5310 5311
f 5310 5309 5320
f 5310 5320 5321
f 5307 5306 5317
f 5307 5317 5318
f 5314 5313 5324
f 5314 5324 5325
f 5304 5381 5315
f 5311 5310 5321
f 5311 5321 5322
f 5308 5307 5318
f 5308 5318 5319
f 5415 5314 5325
f 5305 5304 5315
f 5305 5315 5316
f 5312 5311 5322
f 5312 5322 5323
f 5309 5308 5319
f 5309 5319 5320
f 5306 5305 5316
f 5306 5316 5317
f 5313 5312 5323
f 5313 5323 5324
f 5320 5319 5330
f 5320 5330 5331
f 5317 5316 5327
f 5317 5327 5328
f 5324 5323 5334
f 5324 5334 5335
f 5321 5320 5331
f 5321 5331 5332
f 5318 5317 5328
f 5318 5328 5329
f 5325 5324 5335
f 5325 5335 5336
f 5315 5381 5326
f 5322 5321 5332
f 5322 5332 5333
f 5319 5318 5329
f 5319 5329 5330
f 5415 5325 5336
f 5316 5315 5326
f 5316 5326 5327
f 5323 5322 5333
f 5323 5333 5334
f 5333 5332 5343
f 5333 5343 5344
f 5330 5329 5340
f 5330 5340 5341
f 5415 5336 5347
f 5327 5326 5337
f 5327 5337 5338
f 5334 5333 5344
f 5334 5344 5345
f 5331 5330 5341
f 5331 5341 5342
f 5328 5327 5338
f 5328 5338 5339
f 5335 5334 5345
f 5335 5345 5346
f 5332 5331 5342
f 5332 5342 5343
f 5329 5328 5339
f 5329 5339 5340
f 5336 5335 5346
f 5336 5346 5347
f 5326 5381 5337
f 5343 5342 5353
f 5343 5353 5354
f 5340 5339 5350
f 5340 5350 5351
f 5347 5346 5357
f 5347 5357 5358
f 5337 5381 5348
f 5344 5343 5354
f 5344 5354 5355
f 5341 5340 5351
f 5341 5351 5352
f 5415 5347 5358
f 5338 5337 5348
f 5338 5348 5349
f 5345 5344 5355
f 5345 5355 5356
f 5342 5341 5352
f 5342 5352 5353
f 5339 5338 5349
f 5339 5349 5350
f 5346 5345 5356
f 5346 5356 5357
f 5356 5355 5366
f 5356 5366 5367
f 5353 5352 5363
f 5353 5363 5364
f 5350 5349 5360
f 5350 5360 5361
f 5357 5356 5367
f 5357 5367 5368
f 5354 5353 5364
f 5354 5364 5365
f 5351 5350 5361
f 5351 5361 5362
f 5358 5357 5368
f 5358 5368 5369
f 5348 5381 5359
f 5355 5354 5365
f 5355 5365 5366
f 5352 5351 5362
f 5352 5362 5363
f 5415 5358 5369
f 5349 5348 5359
f 5349 5359 5360
f 5359 5381 5370
f 5366 5365 5376
f 5366 5376 5377
f 5363 5362 5373
f 5363 5373 5374
f 5415 5369 5380
f 5360 5359 5370
f 5360 5370 5371
f 5367 5366 5377
f 5367 5377 5378
f 5364 5363 5374
f 5364 5374 5375
f 5361 5360 5371
f 5361 5371 5372
f 5368 5367 5378
f 5368 5378 5379
f 5365 5364 5375
f 5365 5375 5376
f 5362 5361 5372
f 5362 5372 5373
f 5369 5368 5379
f 5369 5379 5380
f 5379 5378 5390
f 5379 5390 5391
f 5376 5375 5387
f 5376 5387 5388
f 5373 5372 5384
f 5373 5384 5385
f 5380 5379 5391
f 5380 5391 5392
f 5370 5381 5382
f 5377 5376 5388
f 5377 5388 5389
f 5374 5373 5385
f 5374 5385 5386
f 5415 5380 5392
f 5371 5370 5382
f 5371 5382 5383
f 5378 5377 5389
f 5378 5389 5390
f 5375 5374 5386
f 5375 5386 5387
f 5372 5371 5383
f 5372 5383 5384
f 5383 5382 5393
f 5383 5393 5394
f 5390 5389 5400
f 5390 5400 5401
f 5387 5386 5397
f 5387 5397 5398
f 5384 5383 5394
f 5384 5394 5395
f 5391 5390 5401
f 5391 5401 5402
f 5388 5387 5398
f 5388 5398 5399
f 5385 5384 5395
f 5385 5395 5396
f 5392 5391 5402
f 5392 5402 5403
f 5382 5381 5393
f 5389 5388 5399
f 5389 5399 5400
f 5386 5385 5396
f 5386 5396 5397
f 5415 5392 5403
f 5403 5402 5413
f 5403 5413 5414
f 5393 5381 5404
f 5400 5399 5410
f 5400 5410 5411
f 5397 5396 5407
f 5397 5407 5408
f 5415 5403 5414
f 5394 5393 5404
f 5394 5404 5405
f 5401 5400 5411
f 5401 5411 5412
f 5398 5397 5408
f 5398 5408 5409
f 5395 5394 5405
f 5395 5405 5406
f 5402 5401 5412
f 5402 5412 5413
f 5399 5398 5409
f 5399 5409 5410
f 5396 5395 5406
f 5396 5406 5407
f 5406 5405 5417
f 5406 5417 5418
f 5413 5412 5424
f 5413 5424 5425
f 5410 5409 5421
f 5410 5421 5422
f 5407 5406 5418
f 5407 5418 5419
f 5414 5413 5425
f 5414 5425 5426
f 5404 5381 5416
f 5411 5410 5422
f 5411 5422 5423
f 5408 5407 5419
f 5408 5419 5420
f 5415 5414 5426
f 5405 5404 5416
f 5405 5416 5417
f 5412 5411 5423
f 5412 5423 5424
f 5409 5408 5420
f 5409 5420 5421
f 5415 5426 5437
f 5417 5416 5427
f 5417 5427 5428
f 5424 5423 5434
f 5424 5434 5435
f 5421 5420 5431
f 5421 5431 5432
f 5418 5417 5428
f 5418 5428 5429
f 5425 5424 5435
f 5425 5435 5436
f 5422 5421 5432
f 5422 5432 5433
f 5419 5418 5429
f 5419 5429 5430
f 5426 5425 5436
f 5426 5436 5437
f 5416 5381 5427
f 5423 5422 5433
f 5423 5433 5434
f 5420 5419 5430
f 5420 5430 5431
f 5430 5429 5440
f 5430 5440 5441
f 5437 5436 5447
f 5437 5447 5448
f 5427 5381 5438
f 5434 5433 5444
f 5434 5444 5445
f 5431 5430 5441
f 5431 5441 5442
f 5415 5437 5448
f 5428 5427 5438
f 5428 5438 5439
f 5435 5434 5445
f 5435 5445 5446
f 5432 5431 5442
f 5432 5442 5443
f 5429 5428 5439
f 5429 5439 5440
f 5436 5435 5446
f 5436 5446 5447
f 5433 5432 5443
f 5433 5443 5444
f 5440 5439 5450
f 5440 5450 5451
f 5447 5446 5457
f 5447 5457 5458
f 5444 5443 5454
f 5444 5454 5455
f 5441 5440 5451
f 5441 5451 5452
f 5448 5447 5458
f 5448 5458 5459
f 5438 5381 5449
f 5445 5444 5455
f 5445 5455 5456
f 5442 5441 5452
f 5442 5452 5453
f 5415 5448 5459
f 5439 5438 5449
f 5439 5449 5450
f 5446 5445 5456
f 5446 5456 5457
f 5443 5442 5453
f 5443 5453 5454
f 5453 5452 5463
f 5453 5463 5464
f 5415 5459 5470
f 5450 5449 5460
f 5450 5460 5461
f 5457 5456 5467
f 5457 5467 5468
f 5454 5453 5464
f 5454 5464 5465
f 5451 5450 5461
f 5451 5461 5462
f 5458 5457 5468
f 5458 5468 5469
f 5455 5454 5465
f 5455 5465 5466
f 5452 5451 5462
f 5452 5462 5463
f 5459 5458 5469
f 5459 5469 5470
f 5449 5381 5460
f 5456 5455 5466
f 5456 5466 5467
f 5463 5462 5473
f 5463 5473 5474
f 5470 5469 5480
f 5470 5480 5481
f 5460 5381 5471
f 5467 5466 5477
f 5467 5477 5478
f 5464 5463 5474
f 5464 5474 5475
f 5415 5470 5481
f 5461 5460 5471
f 5461 5471 5472
f 5468 5467 5478
f 5468 5478 5479
f 5465 5464 5475
f 5465 5475 5476
f 5462 5461 5472
f 5462 5472 5473
f 5469 5468 5479
f 5469 5479 5480
f 5466 5465 5476
f 5466 5476 5477
f 5476 5475 5486
f 5476 5486 5487
f 5473 5472 5483
f 5473 5483 5484
f 5480 5479 5490
f 5480 5490 5491
f 5477 5476 5487
f 5477 5487 5488
f 5474 5473 5484
f 5474 5484 5485
f 5481 5480 5491
f 5481 5491 5492
f 5471 5381 5482
f 5478 5477 5488
f 5478 5488 5489
f 5475 5474 5485
f 5475 5485 5486
f 5415 5481 5492
f 5472 5471 5482
f 5472 5482 5483
f 5479 5478 5489
f 5479 5489 5490
f 5486 5485 5496
f 5486 5496 5497
f 5415 5492 5503
f 5483 5482 5493
f 5483 5493 5494
f 5490 5489 5500
f 5490 5500 5501
f 5487 5486 5497
f 5487 5497 5498
f 5484 5483 5494
f 5484 5494 5495
f 5491 5490 5501
f 5491 5501 5502
f 5488 5487 5498
f 5488 5498 5499
f 5485 5484 5495
f 5485 5495 5496
f 5492 5491 5502
f 5492 5502 5503
f 5482 5381 5493
f 5489 5488 5499
f 5489 5499 5500
f 5499 5498 5507
f 5499 5507 5508
f 5496 5495 5247
f 5496 5247 5248
f 5503 5502 5511
f 5503 5511 5512
f 5493 5381 5504
f 5500 5499 5508
f 5500 5508 5509
f 5497 5496 5248
f 5497 5248 5506
f 5415 5503 5512
f 5494 5493 5504
f 5494 5504 5505
f 5501 5500 5509
f 5501 5509 5510
f 5498 5497 5506
f 5498 5506 5507
f 5495 5494 5505
f 5495 5505 5247
f 5502 5501 5510
f 5502 5510 5511
