# Zoomer visual mesh, local link coordinates in metres
v -0.0200534 -0.0212589 0.0185952
v -0.0200534 -0.0212096 0.0185310
v -0.0200368 -0.0214007 0.0186755
v -0.0200213 -0.0213285 0.0186446
v -0.0200080 -0.0212664 0.0185952
v -0.0199978 -0.0212188 0.0185310
v -0.0199914 -0.0211888 0.0184562
v -0.0199892 -0.0211786 0.0183759
v -0.0199914 -0.0211888 0.0182956
v -0.0199978 -0.0212188 0.0182208
v -0.0200080 -0.0212664 0.0181565
v -0.0200213 -0.0213285 0.0181072
v -0.0200368 -0.0214007 0.0180762
v -0.0200213 -0.0214088 0.0186755
v -0.0199914 -0.0213440 0.0186446
v -0.0199657 -0.0212883 0.0185952
v -0.0199460 -0.0212456 0.0185310
v -0.0199336 -0.0212188 0.0184562
v -0.0199294 -0.0212096 0.0183759
v -0.0199336 -0.0212188 0.0182956
v -0.0199460 -0.0212456 0.0182208
v -0.0199657 -0.0212883 0.0181565
v -0.0199914 -0.0213440 0.0181072
v -0.0200213 -0.0214088 0.0180762
v -0.0200080 -0.0214215 0.0186755
v -0.0199657 -0.0213686 0.0186446
v -0.0199294 -0.0213232 0.0185952
v -0.0199015 -0.0212883 0.0185310
v -0.0198840 -0.0212664 0.0184562
v -0.0198780 -0.0212589 0.0183759
v -0.0198840 -0.0212664 0.0182956
v -0.0199015 -0.0212883 0.0182208
v -0.0199294 -0.0213232 0.0181565
v -0.0199657 -0.0213686 0.0181072
v -0.0200080 -0.0214215 0.0180762
v -0.0199978 -0.0214381 0.0186755
v -0.0199460 -0.0214007 0.0186446
v -0.0199015 -0.0213686 0.0185952
v -0.0198674 -0.0213440 0.0185310
v -0.0198459 -0.0213285 0.0184562
v -0.0198386 -0.0213232 0.0183759
v -0.0198459 -0.0213285 0.0182956
v -0.0198674 -0.0213440 0.0182208
v -0.0199015 -0.0213686 0.0181565
v -0.0199460 -0.0214007 0.0181072
v -0.0199978 -0.0214381 0.0180762
v -0.0199914 -0.0214575 0.0186755
v -0.0199336 -0.0214381 0.0186446
v -0.0198840 -0.0214215 0.0185952
v -0.0198459 -0.0214088 0.0185310
v -0.0198220 -0.0214007 0.0184562
v -0.0198138 -0.0213980 0.0183759
v -0.0198220 -0.0214007 0.0182956
v -0.0198459 -0.0214088 0.0182208
v -0.0198840 -0.0214215 0.0181565
v -0.0199336 -0.0214381 0.0181072
v -0.0199914 -0.0214575 0.0180762
v -0.0199892 -0.0214783 0.0186755
v -0.0199294 -0.0214783 0.0186446
v -0.0198780 -0.0214783 0.0185952
v -0.0198386 -0.0214783 0.0185310
v -0.0198138 -0.0214783 0.0184562
v -0.0198053 -0.0214783 0.0183759
v -0.0198138 -0.0214783 0.0182956
v -0.0198386 -0.0214783 0.0182208
v -0.0198780 -0.0214783 0.0181565
v -0.0199294 -0.0214783 0.0181072
v -0.0199892 -0.0214783 0.0180762
v -0.0199914 -0.0214991 0.0186755
v -0.0199336 -0.0215184 0.0186446
v -0.0198840 -0.0215351 0.0185952
v -0.0198459 -0.0215478 0.0185310
v -0.0198220 -0.0215559 0.0184562
v -0.0198138 -0.0215586 0.0183759
v -0.0198220 -0.0215559 0.0182956
v -0.0198459 -0.0215478 0.0182208
v -0.0198840 -0.0215351 0.0181565
v -0.0199336 -0.0215184 0.0181072
v -0.0199914 -0.0214991 0.0180762
v -0.0199978 -0.0215184 0.0186755
v -0.0199460 -0.0215559 0.0186446
v -0.0199015 -0.0215880 0.0185952
v -0.0198674 -0.0216126 0.0185310
v -0.0198459 -0.0216281 0.0184562
v -0.0198386 -0.0216334 0.0183759
v -0.0198459 -0.0216281 0.0182956
v -0.0198674 -0.0216126 0.0182208
v -0.0199015 -0.0215880 0.0181565
v -0.0199460 -0.0215559 0.0181072
v -0.0199978 -0.0215184 0.0180762
v -0.0200080 -0.0215351 0.0186755
v -0.0199657 -0.0215880 0.0186446
v -0.0199294 -0.0216334 0.0185952
v -0.0199015 -0.0216683 0.0185310
v -0.0198840 -0.0216902 0.0184562
v -0.0198780 -0.0216977 0.0183759
v -0.0198840 -0.0216902 0.0182956
v -0.0199015 -0.0216683 0.0182208
v -0.0199294 -0.0216334 0.0181565
v -0.0199657 -0.0215880 0.0181072
v -0.0200080 -0.0215351 0.0180762
v -0.0200213 -0.0215478 0.0186755
v -0.0199914 -0.0216126 0.0186446
v -0.0199657 -0.0216683 0.0185952
v -0.0199460 -0.0217110 0.0185310
v -0.0199336 -0.0217378 0.0184562
v -0.0199294 -0.0217470 0.0183759
v -0.0199336 -0.0217378 0.0182956
v -0.0199460 -0.0217110 0.0182208
v -0.0199657 -0.0216683 0.0181565
v -0.0199914 -0.0216126 0.0181072
v -0.0200213 -0.0215478 0.0180762
v -0.0200368 -0.0215559 0.0186755
v -0.0200213 -0.0216281 0.0186446
v -0.0200080 -0.0216902 0.0185952
v -0.0199978 -0.0217378 0.0185310
v -0.0199914 -0.0217678 0.0184562
v -0.0199892 -0.0217780 0.0183759
v -0.0199914 -0.0217678 0.0182956
v -0.0199978 -0.0217378 0.0182208
v -0.0200080 -0.0216902 0.0181565
v -0.0200213 -0.0216281 0.0181072
v -0.0200368 -0.0215559 0.0180762
v -0.0200534 -0.0215586 0.0186755
v -0.0200534 -0.0216334 0.0186446
v -0.0200534 -0.0216977 0.0185952
v -0.0200534 -0.0217470 0.0185310
v -0.0200534 -0.0217780 0.0184562
v -0.0200534 -0.0217885 0.0183759
v -0.0200534 -0.0217780 0.0182956
v -0.0200534 -0.0217470 0.0182208
v -0.0200534 -0.0216977 0.0181565
v -0.0200534 -0.0216334 0.0181072
v -0.0200534 -0.0215586 0.0180762
v -0.0200534 -0.0214783 0.0186861
v -0.0200701 -0.0215559 0.0186755
v -0.0200855 -0.0216281 0.0186446
v -0.0200988 -0.0216902 0.0185952
v -0.0201090 -0.0217378 0.0185310
v -0.0201155 -0.0217678 0.0184562
v -0.0201176 -0.0217780 0.0183759
v -0.0201155 -0.0217678 0.0182956
v -0.0201090 -0.0217378 0.0182208
v -0.0200988 -0.0216902 0.0181565
v -0.0200855 -0.0216281 0.0181072
v -0.0200701 -0.0215559 0.0180762
v -0.0200855 -0.0215478 0.0186755
v -0.0201155 -0.0216126 0.0186446
v -0.0201411 -0.0216683 0.0185952
v -0.0201609 -0.0217110 0.0185310
v -0.0201733 -0.0217378 0.0184562
v -0.0201775 -0.0217470 0.0183759
v -0.0201733 -0.0217378 0.0182956
v -0.0201609 -0.0217110 0.0182208
v -0.0201411 -0.0216683 0.0181565
v -0.0201155 -0.0216126 0.0181072
v -0.0200855 -0.0215478 0.0180762
v -0.0200988 -0.0215351 0.0186755
v -0.0201411 -0.0215880 0.0186446
v -0.0201775 -0.0216334 0.0185952
v -0.0202054 -0.0216683 0.0185310
v -0.0202229 -0.0216902 0.0184562
v -0.0202289 -0.0216977 0.0183759
v -0.0202229 -0.0216902 0.0182956
v -0.0202054 -0.0216683 0.0182208
v -0.0201775 -0.0216334 0.0181565
v -0.0201411 -0.0215880 0.0181072
v -0.0200988 -0.0215351 0.0180762
v -0.0200534 -0.0214783 0.0180656
v -0.0201090 -0.0215184 0.0186755
v -0.0201609 -0.0215559 0.0186446
v -0.0202054 -0.0215880 0.0185952
v -0.0202395 -0.0216126 0.0185310
v -0.0202610 -0.0216281 0.0184562
v -0.0202683 -0.0216334 0.0183759
v -0.0202610 -0.0216281 0.0182956
v -0.0202395 -0.0216126 0.0182208
v -0.0202054 -0.0215880 0.0181565
v -0.0201609 -0.0215559 0.0181072
v -0.0201090 -0.0215184 0.0180762
v -0.0201155 -0.0214991 0.0186755
v -0.0201733 -0.0215184 0.0186446
v -0.0202229 -0.0215351 0.0185952
v -0.0202610 -0.0215478 0.0185310
v -0.0202849 -0.0215559 0.0184562
v -0.0202931 -0.0215586 0.0183759
v -0.0202849 -0.0215559 0.0182956
v -0.0202610 -0.0215478 0.0182208
v -0.0202229 -0.0215351 0.0181565
v -0.0201733 -0.0215184 0.0181072
v -0.0201155 -0.0214991 0.0180762
v -0.0201176 -0.0214783 0.0186755
v -0.0201775 -0.0214783 0.0186446
v -0.0202289 -0.0214783 0.0185952
v -0.0202683 -0.0214783 0.0185310
v -0.0202931 -0.0214783 0.0184562
v -0.0203015 -0.0214783 0.0183759
v -0.0202931 -0.0214783 0.0182956
v -0.0202683 -0.0214783 0.0182208
v -0.0202289 -0.0214783 0.0181565
v -0.0201775 -0.0214783 0.0181072
v -0.0201176 -0.0214783 0.0180762
v -0.0201155 -0.0214575 0.0186755
v -0.0201733 -0.0214381 0.0186446
v -0.0202229 -0.0214215 0.0185952
v -0.0202610 -0.0214088 0.0185310
v -0.0202849 -0.0214007 0.0184562
v -0.0202931 -0.0213980 0.0183759
v -0.0202849 -0.0214007 0.0182956
v -0.0202610 -0.0214088 0.0182208
v -0.0202229 -0.0214215 0.0181565
v -0.0201733 -0.0214381 0.0181072
v -0.0201155 -0.0214575 0.0180762
v -0.0201090 -0.0214381 0.0186755
v -0.0201609 -0.0214007 0.0186446
v -0.0202054 -0.0213686 0.0185952
v -0.0202395 -0.0213440 0.0185310
v -0.0202610 -0.0213285 0.0184562
v -0.0202683 -0.0213232 0.0183759
v -0.0202610 -0.0213285 0.0182956
v -0.0202395 -0.0213440 0.0182208
v -0.0202054 -0.0213686 0.0181565
v -0.0201609 -0.0214007 0.0181072
v -0.0201090 -0.0214381 0.0180762
v -0.0200988 -0.0214215 0.0186755
v -0.0201411 -0.0213686 0.0186446
v -0.0201775 -0.0213232 0.0185952
v -0.0202054 -0.0212883 0.0185310
v -0.0202229 -0.0212664 0.0184562
v -0.0202289 -0.0212589 0.0183759
v -0.0202229 -0.0212664 0.0182956
v -0.0202054 -0.0212883 0.0182208
v -0.0201775 -0.0213232 0.0181565
v -0.0201411 -0.0213686 0.0181072
v -0.0200988 -0.0214215 0.0180762
v -0.0200855 -0.0214088 0.0186755
v -0.0201155 -0.0213440 0.0186446
v -0.0201411 -0.0212883 0.0185952
v -0.0201609 -0.0212456 0.0185310
v -0.0201733 -0.0212188 0.0184562
v -0.0201775 -0.0212096 0.0183759
v -0.0201733 -0.0212188 0.0182956
v -0.0201609 -0.0212456 0.0182208
v -0.0201411 -0.0212883 0.0181565
v -0.0201155 -0.0213440 0.0181072
v -0.0200855 -0.0214088 0.0180762
v -0.0200701 -0.0214007 0.0186755
v -0.0200855 -0.0213285 0.0186446
v -0.0200988 -0.0212664 0.0185952
v -0.0201090 -0.0212188 0.0185310
v -0.0201155 -0.0211888 0.0184562
v -0.0201176 -0.0211786 0.0183759
v -0.0201155 -0.0211888 0.0182956
v -0.0201090 -0.0212188 0.0182208
v -0.0200988 -0.0212664 0.0181565
v -0.0200855 -0.0213285 0.0181072
v -0.0200701 -0.0214007 0.0180762
v -0.0200534 -0.0213980 0.0186755
v -0.0200534 -0.0213232 0.0186446
v -0.0200534 -0.0211786 0.0184562
v -0.0200534 -0.0211680 0.0183759
v -0.0200534 -0.0211786 0.0182956
v -0.0200534 -0.0212096 0.0182208
v -0.0200534 -0.0212589 0.0181565
v -0.0200534 -0.0213232 0.0181072
v -0.0200534 -0.0213980 0.0180762
v -0.0205061 -0.0212589 0.0203374
v -0.0205061 -0.0212096 0.0202732
v -0.0204895 -0.0214007 0.0204177
v -0.0204740 -0.0213285 0.0203867
v -0.0204607 -0.0212664 0.0203374
v -0.0204505 -0.0212188 0.0202732
v -0.0204441 -0.0211888 0.0201984
v -0.0204419 -0.0211786 0.0201181
v -0.0204441 -0.0211888 0.0200378
v -0.0204505 -0.0212188 0.0199630
v -0.0204607 -0.0212664 0.0198987
v -0.0204740 -0.0213285 0.0198494
v -0.0204895 -0.0214007 0.0198184
v -0.0204740 -0.0214088 0.0204177
v -0.0204441 -0.0213440 0.0203867
v -0.0204184 -0.0212883 0.0203374
v -0.0203987 -0.0212456 0.0202732
v -0.0203863 -0.0212188 0.0201984
v -0.0203821 -0.0212096 0.0201181
v -0.0203863 -0.0212188 0.0200378
v -0.0203987 -0.0212456 0.0199630
v -0.0204184 -0.0212883 0.0198987
v -0.0204441 -0.0213440 0.0198494
v -0.0204740 -0.0214088 0.0198184
v -0.0204607 -0.0214215 0.0204177
v -0.0204184 -0.0213686 0.0203867
v -0.0203821 -0.0213232 0.0203374
v -0.0203542 -0.0212883 0.0202732
v -0.0203367 -0.0212664 0.0201984
v -0.0203307 -0.0212589 0.0201181
v -0.0203367 -0.0212664 0.0200378
v -0.0203542 -0.0212883 0.0199630
v -0.0203821 -0.0213232 0.0198987
v -0.0204184 -0.0213686 0.0198494
v -0.0204607 -0.0214215 0.0198184
v -0.0204505 -0.0214381 0.0204177
v -0.0203987 -0.0214007 0.0203867
v -0.0203542 -0.0213686 0.0203374
v -0.0203200 -0.0213440 0.0202732
v -0.0202986 -0.0213285 0.0201984
v -0.0202913 -0.0213232 0.0201181
v -0.0202986 -0.0213285 0.0200378
v -0.0203200 -0.0213440 0.0199630
v -0.0203542 -0.0213686 0.0198987
v -0.0203987 -0.0214007 0.0198494
v -0.0204505 -0.0214381 0.0198184
v -0.0204441 -0.0214575 0.0204177
v -0.0203863 -0.0214381 0.0203867
v -0.0203367 -0.0214215 0.0203374
v -0.0202986 -0.0214088 0.0202732
v -0.0202746 -0.0214007 0.0201984
v -0.0202665 -0.0213980 0.0201181
v -0.0202746 -0.0214007 0.0200378
v -0.0202986 -0.0214088 0.0199630
v -0.0203367 -0.0214215 0.0198987
v -0.0203863 -0.0214381 0.0198494
v -0.0204441 -0.0214575 0.0198184
v -0.0204419 -0.0214783 0.0204177
v -0.0203821 -0.0214783 0.0203867
v -0.0203307 -0.0214783 0.0203374
v -0.0202913 -0.0214783 0.0202732
v -0.0202665 -0.0214783 0.0201984
v -0.0202580 -0.0214783 0.0201181
v -0.0202665 -0.0214783 0.0200378
v -0.0202913 -0.0214783 0.0199630
v -0.0203307 -0.0214783 0.0198987
v -0.0203821 -0.0214783 0.0198494
v -0.0204419 -0.0214783 0.0198184
v -0.0204441 -0.0214991 0.0204177
v -0.0203863 -0.0215184 0.0203867
v -0.0203367 -0.0215351 0.0203374
v -0.0202986 -0.0215478 0.0202732
v -0.0202746 -0.0215559 0.0201984
v -0.0202665 -0.0215586 0.0201181
v -0.0202746 -0.0215559 0.0200378
v -0.0202986 -0.0215478 0.0199630
v -0.0203367 -0.0215351 0.0198987
v -0.0203863 -0.0215184 0.0198494
v -0.0204441 -0.0214991 0.0198184
v -0.0204505 -0.0215184 0.0204177
v -0.0203987 -0.0215559 0.0203867
v -0.0203542 -0.0215880 0.0203374
v -0.0203200 -0.0216126 0.0202732
v -0.0202986 -0.0216281 0.0201984
v -0.0202913 -0.0216334 0.0201181
v -0.0202986 -0.0216281 0.0200378
v -0.0203200 -0.0216126 0.0199630
v -0.0203542 -0.0215880 0.0198987
v -0.0203987 -0.0215559 0.0198494
v -0.0204505 -0.0215184 0.0198184
v -0.0204607 -0.0215351 0.0204177
v -0.0204184 -0.0215880 0.0203867
v -0.0203821 -0.0216334 0.0203374
v -0.0203542 -0.0216683 0.0202732
v -0.0203367 -0.0216902 0.0201984
v -0.0203307 -0.0216977 0.0201181
v -0.0203367 -0.0216902 0.0200378
v -0.0203542 -0.0216683 0.0199630
v -0.0203821 -0.0216334 0.0198987
v -0.0204184 -0.0215880 0.0198494
v -0.0204607 -0.0215351 0.0198184
v -0.0204740 -0.0215478 0.0204177
v -0.0204441 -0.0216126 0.0203867
v -0.0204184 -0.0216683 0.0203374
v -0.0203987 -0.0217110 0.0202732
v -0.0203863 -0.0217378 0.0201984
v -0.0203821 -0.0217470 0.0201181
v -0.0203863 -0.0217378 0.0200378
v -0.0203987 -0.0217110 0.0199630
v -0.0204184 -0.0216683 0.0198987
v -0.0204441 -0.0216126 0.0198494
v -0.0204740 -0.0215478 0.0198184
v -0.0204895 -0.0215559 0.0204177
v -0.0204740 -0.0216281 0.0203867
v -0.0204607 -0.0216902 0.0203374
v -0.0204505 -0.0217378 0.0202732
v -0.0204441 -0.0217678 0.0201984
v -0.0204419 -0.0217780 0.0201181
v -0.0204441 -0.0217678 0.0200378
v -0.0204505 -0.0217378 0.0199630
v -0.0204607 -0.0216902 0.0198987
v -0.0204740 -0.0216281 0.0198494
v -0.0204895 -0.0215559 0.0198184
v -0.0205061 -0.0215586 0.0204177
v -0.0205061 -0.0216334 0.0203867
v -0.0205061 -0.0216977 0.0203374
v -0.0205061 -0.0217470 0.0202732
v -0.0205061 -0.0217780 0.0201984
v -0.0205061 -0.0217885 0.0201181
v -0.0205061 -0.0217780 0.0200378
v -0.0205061 -0.0217470 0.0199630
v -0.0205061 -0.0216977 0.0198987
v -0.0205061 -0.0216334 0.0198494
v -0.0205061 -0.0215586 0.0198184
v -0.0205061 -0.0214783 0.0204283
v -0.0205227 -0.0215559 0.0204177
v -0.0205382 -0.0216281 0.0203867
v -0.0205515 -0.0216902 0.0203374
v -0.0205617 -0.0217378 0.0202732
v -0.0205681 -0.0217678 0.0201984
v -0.0205703 -0.0217780 0.0201181
v -0.0205681 -0.0217678 0.0200378
v -0.0205617 -0.0217378 0.0199630
v -0.0205515 -0.0216902 0.0198987
v -0.0205382 -0.0216281 0.0198494
v -0.0205227 -0.0215559 0.0198184
v -0.0205382 -0.0215478 0.0204177
v -0.0205681 -0.0216126 0.0203867
v -0.0205938 -0.0216683 0.0203374
v -0.0206135 -0.0217110 0.0202732
v -0.0206259 -0.0217378 0.0201984
v -0.0206302 -0.0217470 0.0201181
v -0.0206259 -0.0217378 0.0200378
v -0.0206135 -0.0217110 0.0199630
v -0.0205938 -0.0216683 0.0198987
v -0.0205681 -0.0216126 0.0198494
v -0.0205382 -0.0215478 0.0198184
v -0.0205515 -0.0215351 0.0204177
v -0.0205938 -0.0215880 0.0203867
v -0.0206302 -0.0216334 0.0203374
v -0.0206580 -0.0216683 0.0202732
v -0.0206756 -0.0216902 0.0201984
v -0.0206815 -0.0216977 0.0201181
v -0.0206756 -0.0216902 0.0200378
v -0.0206580 -0.0216683 0.0199630
v -0.0206302 -0.0216334 0.0198987
v -0.0205938 -0.0215880 0.0198494
v -0.0205515 -0.0215351 0.0198184
v -0.0205061 -0.0214783 0.0198078
v -0.0205617 -0.0215184 0.0204177
v -0.0206135 -0.0215559 0.0203867
v -0.0206580 -0.0215880 0.0203374
v -0.0206922 -0.0216126 0.0202732
v -0.0207136 -0.0216281 0.0201984
v -0.0207210 -0.0216334 0.0201181
v -0.0207136 -0.0216281 0.0200378
v -0.0206922 -0.0216126 0.0199630
v -0.0206580 -0.0215880 0.0198987
v -0.0206135 -0.0215559 0.0198494
v -0.0205617 -0.0215184 0.0198184
v -0.0205681 -0.0214991 0.0204177
v -0.0206259 -0.0215184 0.0203867
v -0.0206756 -0.0215351 0.0203374
v -0.0207136 -0.0215478 0.0202732
v -0.0207376 -0.0215559 0.0201984
v -0.0207457 -0.0215586 0.0201181
v -0.0207376 -0.0215559 0.0200378
v -0.0207136 -0.0215478 0.0199630
v -0.0206756 -0.0215351 0.0198987
v -0.0206259 -0.0215184 0.0198494
v -0.0205681 -0.0214991 0.0198184
v -0.0205703 -0.0214783 0.0204177
v -0.0206302 -0.0214783 0.0203867
v -0.0206815 -0.0214783 0.0203374
v -0.0207210 -0.0214783 0.0202732
v -0.0207457 -0.0214783 0.0201984
v -0.0207542 -0.0214783 0.0201181
v -0.0207457 -0.0214783 0.0200378
v -0.0207210 -0.0214783 0.0199630
v -0.0206815 -0.0214783 0.0198987
v -0.0206302 -0.0214783 0.0198494
v -0.0205703 -0.0214783 0.0198184
v -0.0205681 -0.0214575 0.0204177
v -0.0206259 -0.0214381 0.0203867
v -0.0206756 -0.0214215 0.0203374
v -0.0207136 -0.0214088 0.0202732
v -0.0207376 -0.0214007 0.0201984
v -0.0207457 -0.0213980 0.0201181
v -0.0207376 -0.0214007 0.0200378
v -0.0207136 -0.0214088 0.0199630
v -0.0206756 -0.0214215 0.0198987
v -0.0206259 -0.0214381 0.0198494
v -0.0205681 -0.0214575 0.0198184
v -0.0205617 -0.0214381 0.0204177
v -0.0206135 -0.0214007 0.0203867
v -0.0206580 -0.0213686 0.0203374
v -0.0206922 -0.0213440 0.0202732
v -0.0207136 -0.0213285 0.0201984
v -0.0207210 -0.0213232 0.0201181
v -0.0207136 -0.0213285 0.0200378
v -0.0206922 -0.0213440 0.0199630
v -0.0206580 -0.0213686 0.0198987
v -0.0206135 -0.0214007 0.0198494
v -0.0205617 -0.0214381 0.0198184
v -0.0205515 -0.0214215 0.0204177
v -0.0205938 -0.0213686 0.0203867
v -0.0206302 -0.0213232 0.0203374
v -0.0206580 -0.0212883 0.0202732
v -0.0206756 -0.0212664 0.0201984
v -0.0206815 -0.0212589 0.0201181
v -0.0206756 -0.0212664 0.0200378
v -0.0206580 -0.0212883 0.0199630
v -0.0206302 -0.0213232 0.0198987
v -0.0205938 -0.0213686 0.0198494
v -0.0205515 -0.0214215 0.0198184
v -0.0205382 -0.0214088 0.0204177
v -0.0205681 -0.0213440 0.0203867
v -0.0205938 -0.0212883 0.0203374
v -0.0206135 -0.0212456 0.0202732
v -0.0206259 -0.0212188 0.0201984
v -0.0206302 -0.0212096 0.0201181
v -0.0206259 -0.0212188 0.0200378
v -0.0206135 -0.0212456 0.0199630
v -0.0205938 -0.0212883 0.0198987
v -0.0205681 -0.0213440 0.0198494
v -0.0205382 -0.0214088 0.0198184
v -0.0205227 -0.0214007 0.0204177
v -0.0205382 -0.0213285 0.0203867
v -0.0205515 -0.0212664 0.0203374
v -0.0205617 -0.0212188 0.0202732
v -0.0205681 -0.0211888 0.0201984
v -0.0205703 -0.0211786 0.0201181
v -0.0205681 -0.0211888 0.0200378
v -0.0205617 -0.0212188 0.0199630
v -0.0205515 -0.0212664 0.0198987
v -0.0205382 -0.0213285 0.0198494
v -0.0205227 -0.0214007 0.0198184
v -0.0205061 -0.0213980 0.0204177
v -0.0205061 -0.0213232 0.0203867
v -0.0205061 -0.0211786 0.0201984
v -0.0205061 -0.0211680 0.0201181
v -0.0205061 -0.0211786 0.0200378
v -0.0205061 -0.0212096 0.0199630
v -0.0205061 -0.0212589 0.0198987
v -0.0205061 -0.0213232 0.0198494
v -0.0205061 -0.0213980 0.0198184
v -0.0216912 -0.0212589 0.0214142
v -0.0216912 -0.0212096 0.0213499
v -0.0216746 -0.0214007 0.0214945
v -0.0216591 -0.0213285 0.0214635
v -0.0216458 -0.0212664 0.0214142
v -0.0216356 -0.0212188 0.0213499
v -0.0216292 -0.0211888 0.0212751
v -0.0216270 -0.0211786 0.0211948
v -0.0216292 -0.0211888 0.0211145
v -0.0216356 -0.0212188 0.0210397
v -0.0216458 -0.0212664 0.0209754
v -0.0216591 -0.0213285 0.0209261
v -0.0216746 -0.0214007 0.0208951
v -0.0216591 -0.0214088 0.0214945
v -0.0216292 -0.0213440 0.0214635
v -0.0216035 -0.0212883 0.0214142
v -0.0215838 -0.0212456 0.0213499
v -0.0215714 -0.0212188 0.0212751
v -0.0215672 -0.0212096 0.0211948
v -0.0215714 -0.0212188 0.0211145
v -0.0215838 -0.0212456 0.0210397
v -0.0216035 -0.0212883 0.0209754
v -0.0216292 -0.0213440 0.0209261
v -0.0216591 -0.0214088 0.0208951
v -0.0216458 -0.0214215 0.0214945
v -0.0216035 -0.0213686 0.0214635
v -0.0215672 -0.0213232 0.0214142
v -0.0215393 -0.0212883 0.0213499
v -0.0215218 -0.0212664 0.0212751
v -0.0215158 -0.0212589 0.0211948
v -0.0215218 -0.0212664 0.0211145
v -0.0215393 -0.0212883 0.0210397
v -0.0215672 -0.0213232 0.0209754
v -0.0216035 -0.0213686 0.0209261
v -0.0216458 -0.0214215 0.0208951
v -0.0216356 -0.0214381 0.0214945
v -0.0215838 -0.0214007 0.0214635
v -0.0215393 -0.0213686 0.0214142
v -0.0215052 -0.0213440 0.0213499
v -0.0214837 -0.0213285 0.0212751
v -0.0214764 -0.0213232 0.0211948
v -0.0214837 -0.0213285 0.0211145
v -0.0215052 -0.0213440 0.0210397
v -0.0215393 -0.0213686 0.0209754
v -0.0215838 -0.0214007 0.0209261
v -0.0216356 -0.0214381 0.0208951
v -0.0216292 -0.0214575 0.0214945
v -0.0215714 -0.0214381 0.0214635
v -0.0215218 -0.0214215 0.0214142
v -0.0214837 -0.0214088 0.0213499
v -0.0214598 -0.0214007 0.0212751
v -0.0214516 -0.0213980 0.0211948
v -0.0214598 -0.0214007 0.0211145
v -0.0214837 -0.0214088 0.0210397
v -0.0215218 -0.0214215 0.0209754
v -0.0215714 -0.0214381 0.0209261
v -0.0216292 -0.0214575 0.0208951
v -0.0216270 -0.0214783 0.0214945
v -0.0215672 -0.0214783 0.0214635
v -0.0215158 -0.0214783 0.0214142
v -0.0214764 -0.0214783 0.0213499
v -0.0214516 -0.0214783 0.0212751
v -0.0214431 -0.0214783 0.0211948
v -0.0214516 -0.0214783 0.0211145
v -0.0214764 -0.0214783 0.0210397
v -0.0215158 -0.0214783 0.0209754
v -0.0215672 -0.0214783 0.0209261
v -0.0216270 -0.0214783 0.0208951
v -0.0216292 -0.0214991 0.0214945
v -0.0215714 -0.0215184 0.0214635
v -0.0215218 -0.0215351 0.0214142
v -0.0214837 -0.0215478 0.0213499
v -0.0214598 -0.0215559 0.0212751
v -0.0214516 -0.0215586 0.0211948
v -0.0214598 -0.0215559 0.0211145
v -0.0214837 -0.0215478 0.0210397
v -0.0215218 -0.0215351 0.0209754
v -0.0215714 -0.0215184 0.0209261
v -0.0216292 -0.0214991 0.0208951
v -0.0216356 -0.0215184 0.0214945
v -0.0215838 -0.0215559 0.0214635
v -0.0215393 -0.0215880 0.0214142
v -0.0215052 -0.0216126 0.0213499
v -0.0214837 -0.0216281 0.0212751
v -0.0214764 -0.0216334 0.0211948
v -0.0214837 -0.0216281 0.0211145
v -0.0215052 -0.0216126 0.0210397
v -0.0215393 -0.0215880 0.0209754
v -0.0215838 -0.0215559 0.0209261
v -0.0216356 -0.0215184 0.0208951
v -0.0216458 -0.0215351 0.0214945
v -0.0216035 -0.0215880 0.0214635
v -0.0215672 -0.0216334 0.0214142
v -0.0215393 -0.0216683 0.0213499
v -0.0215218 -0.0216902 0.0212751
v -0.0215158 -0.0216977 0.0211948
v -0.0215218 -0.0216902 0.0211145
v -0.0215393 -0.0216683 0.0210397
v -0.0215672 -0.0216334 0.0209754
v -0.0216035 -0.0215880 0.0209261
v -0.0216458 -0.0215351 0.0208951
v -0.0216591 -0.0215478 0.0214945
v -0.0216292 -0.0216126 0.0214635
v -0.0216035 -0.0216683 0.0214142
v -0.0215838 -0.0217110 0.0213499
v -0.0215714 -0.0217378 0.0212751
v -0.0215672 -0.0217470 0.0211948
v -0.0215714 -0.0217378 0.0211145
v -0.0215838 -0.0217110 0.0210397
v -0.0216035 -0.0216683 0.0209754
v -0.0216292 -0.0216126 0.0209261
v -0.0216591 -0.0215478 0.0208951
v -0.0216746 -0.0215559 0.0214945
v -0.0216591 -0.0216281 0.0214635
v -0.0216458 -0.0216902 0.0214142
v -0.0216356 -0.0217378 0.0213499
v -0.0216292 -0.0217678 0.0212751
v -0.0216270 -0.0217780 0.0211948
v -0.0216292 -0.0217678 0.0211145
v -0.0216356 -0.0217378 0.0210397
v -0.0216458 -0.0216902 0.0209754
v -0.0216591 -0.0216281 0.0209261
v -0.0216746 -0.0215559 0.0208951
v -0.0216912 -0.0215586 0.0214945
v -0.0216912 -0.0216334 0.0214635
v -0.0216912 -0.0216977 0.0214142
v -0.0216912 -0.0217470 0.0213499
v -0.0216912 -0.0217780 0.0212751
v -0.0216912 -0.0217885 0.0211948
v -0.0216912 -0.0217780 0.0211145
v -0.0216912 -0.0217470 0.0210397
v -0.0216912 -0.0216977 0.0209754
v -0.0216912 -0.0216334 0.0209261
v -0.0216912 -0.0215586 0.0208951
v -0.0216912 -0.0214783 0.0215051
v -0.0217078 -0.0215559 0.0214945
v -0.0217233 -0.0216281 0.0214635
v -0.0217366 -0.0216902 0.0214142
v -0.0217468 -0.0217378 0.0213499
v -0.0217532 -0.0217678 0.0212751
v -0.0217554 -0.0217780 0.0211948
v -0.0217532 -0.0217678 0.0211145
v -0.0217468 -0.0217378 0.0210397
v -0.0217366 -0.0216902 0.0209754
v -0.0217233 -0.0216281 0.0209261
v -0.0217078 -0.0215559 0.0208951
v -0.0217233 -0.0215478 0.0214945
v -0.0217532 -0.0216126 0.0214635
v -0.0217789 -0.0216683 0.0214142
v -0.0217986 -0.0217110 0.0213499
v -0.0218110 -0.0217378 0.0212751
v -0.0218153 -0.0217470 0.0211948
v -0.0218110 -0.0217378 0.0211145
v -0.0217986 -0.0217110 0.0210397
v -0.0217789 -0.0216683 0.0209754
v -0.0217532 -0.0216126 0.0209261
v -0.0217233 -0.0215478 0.0208951
v -0.0217366 -0.0215351 0.0214945
v -0.0217789 -0.0215880 0.0214635
v -0.0218153 -0.0216334 0.0214142
v -0.0218431 -0.0216683 0.0213499
v -0.0218607 -0.0216902 0.0212751
v -0.0218667 -0.0216977 0.0211948
v -0.0218607 -0.0216902 0.0211145
v -0.0218431 -0.0216683 0.0210397
v -0.0218153 -0.0216334 0.0209754
v -0.0217789 -0.0215880 0.0209261
v -0.0217366 -0.0215351 0.0208951
v -0.0216912 -0.0214783 0.0208846
v -0.0217468 -0.0215184 0.0214945
v -0.0217986 -0.0215559 0.0214635
v -0.0218431 -0.0215880 0.0214142
v -0.0218773 -0.0216126 0.0213499
v -0.0218988 -0.0216281 0.0212751
v -0.0219061 -0.0216334 0.0211948
v -0.0218988 -0.0216281 0.0211145
v -0.0218773 -0.0216126 0.0210397
v -0.0218431 -0.0215880 0.0209754
v -0.0217986 -0.0215559 0.0209261
v -0.0217468 -0.0215184 0.0208951
v -0.0217532 -0.0214991 0.0214945
v -0.0218110 -0.0215184 0.0214635
v -0.0218607 -0.0215351 0.0214142
v -0.0218988 -0.0215478 0.0213499
v -0.0219227 -0.0215559 0.0212751
v -0.0219309 -0.0215586 0.0211948
v -0.0219227 -0.0215559 0.0211145
v -0.0218988 -0.0215478 0.0210397
v -0.0218607 -0.0215351 0.0209754
v -0.0218110 -0.0215184 0.0209261
v -0.0217532 -0.0214991 0.0208951
v -0.0217554 -0.0214783 0.0214945
v -0.0218153 -0.0214783 0.0214635
v -0.0218667 -0.0214783 0.0214142
v -0.0219061 -0.0214783 0.0213499
v -0.0219309 -0.0214783 0.0212751
v -0.0219393 -0.0214783 0.0211948
v -0.0219309 -0.0214783 0.0211145
v -0.0219061 -0.0214783 0.0210397
v -0.0218667 -0.0214783 0.0209754
v -0.0218153 -0.0214783 0.0209261
v -0.0217554 -0.0214783 0.0208951
v -0.0217532 -0.0214575 0.0214945
v -0.0218110 -0.0214381 0.0214635
v -0.0218607 -0.0214215 0.0214142
v -0.0218988 -0.0214088 0.0213499
v -0.0219227 -0.0214007 0.0212751
v -0.0219309 -0.0213980 0.0211948
v -0.0219227 -0.0214007 0.0211145
v -0.0218988 -0.0214088 0.0210397
v -0.0218607 -0.0214215 0.0209754
v -0.0218110 -0.0214381 0.0209261
v -0.0217532 -0.0214575 0.0208951
v -0.0217468 -0.0214381 0.0214945
v -0.0217986 -0.0214007 0.0214635
v -0.0218431 -0.0213686 0.0214142
v -0.0218773 -0.0213440 0.0213499
v -0.0218988 -0.0213285 0.0212751
v -0.0219061 -0.0213232 0.0211948
v -0.0218988 -0.0213285 0.0211145
v -0.0218773 -0.0213440 0.0210397
v -0.0218431 -0.0213686 0.0209754
v -0.0217986 -0.0214007 0.0209261
v -0.0217468 -0.0214381 0.0208951
v -0.0217366 -0.0214215 0.0214945
v -0.0217789 -0.0213686 0.0214635
v -0.0218153 -0.0213232 0.0214142
v -0.0218431 -0.0212883 0.0213499
v -0.0218607 -0.0212664 0.0212751
v -0.0218667 -0.0212589 0.0211948
v -0.0218607 -0.0212664 0.0211145
v -0.0218431 -0.0212883 0.0210397
v -0.0218153 -0.0213232 0.0209754
v -0.0217789 -0.0213686 0.0209261
v -0.0217366 -0.0214215 0.0208951
v -0.0217233 -0.0214088 0.0214945
v -0.0217532 -0.0213440 0.0214635
v -0.0217789 -0.0212883 0.0214142
v -0.0217986 -0.0212456 0.0213499
v -0.0218110 -0.0212188 0.0212751
v -0.0218153 -0.0212096 0.0211948
v -0.0218110 -0.0212188 0.0211145
v -0.0217986 -0.0212456 0.0210397
v -0.0217789 -0.0212883 0.0209754
v -0.0217532 -0.0213440 0.0209261
v -0.0217233 -0.0214088 0.0208951
v -0.0217078 -0.0214007 0.0214945
v -0.0217233 -0.0213285 0.0214635
v -0.0217366 -0.0212664 0.0214142
v -0.0217468 -0.0212188 0.0213499
v -0.0217532 -0.0211888 0.0212751
v -0.0217554 -0.0211786 0.0211948
v -0.0217532 -0.0211888 0.0211145
v -0.0217468 -0.0212188 0.0210397
v -0.0217366 -0.0212664 0.0209754
v -0.0217233 -0.0213285 0.0209261
v -0.0217078 -0.0214007 0.0208951
v -0.0216912 -0.0213980 0.0214945
v -0.0216912 -0.0213232 0.0214635
v -0.0216912 -0.0211786 0.0212751
v -0.0216912 -0.0211680 0.0211948
v -0.0216912 -0.0211786 0.0211145
v -0.0216912 -0.0212096 0.0210397
v -0.0216912 -0.0212589 0.0209754
v -0.0216912 -0.0213232 0.0209261
v -0.0216912 -0.0213980 0.0208951
v -0.0231561 -0.0212589 0.0214142
v -0.0231561 -0.0212096 0.0213499
v -0.0231395 -0.0214007 0.0214945
v -0.0231240 -0.0213285 0.0214635
v -0.0231107 -0.0212664 0.0214142
v -0.0231005 -0.0212188 0.0213499
v -0.0230941 -0.0211888 0.0212751
v -0.0230919 -0.0211786 0.0211948
v -0.0230941 -0.0211888 0.0211145
v -0.0231005 -0.0212188 0.0210397
v -0.0231107 -0.0212664 0.0209754
v -0.0231240 -0.0213285 0.0209261
v -0.0231395 -0.0214007 0.0208951
v -0.0231240 -0.0214088 0.0214945
v -0.0230941 -0.0213440 0.0214635
v -0.0230684 -0.0212883 0.0214142
v -0.0230487 -0.0212456 0.0213499
v -0.0230363 -0.0212188 0.0212751
v -0.0230321 -0.0212096 0.0211948
v -0.0230363 -0.0212188 0.0211145
v -0.0230487 -0.0212456 0.0210397
v -0.0230684 -0.0212883 0.0209754
v -0.0230941 -0.0213440 0.0209261
v -0.0231240 -0.0214088 0.0208951
v -0.0231107 -0.0214215 0.0214945
v -0.0230684 -0.0213686 0.0214635
v -0.0230321 -0.0213232 0.0214142
v -0.0230042 -0.0212883 0.0213499
v -0.0229867 -0.0212664 0.0212751
v -0.0229807 -0.0212589 0.0211948
v -0.0229867 -0.0212664 0.0211145
v -0.0230042 -0.0212883 0.0210397
v -0.0230321 -0.0213232 0.0209754
v -0.0230684 -0.0213686 0.0209261
v -0.0231107 -0.0214215 0.0208951
v -0.0231005 -0.0214381 0.0214945
v -0.0230487 -0.0214007 0.0214635
v -0.0230042 -0.0213686 0.0214142
v -0.0229700 -0.0213440 0.0213499
v -0.0229486 -0.0213285 0.0212751
v -0.0229413 -0.0213232 0.0211948
v -0.0229486 -0.0213285 0.0211145
v -0.0229700 -0.0213440 0.0210397
v -0.0230042 -0.0213686 0.0209754
v -0.0230487 -0.0214007 0.0209261
v -0.0231005 -0.0214381 0.0208951
v -0.0230941 -0.0214575 0.0214945
v -0.0230363 -0.0214381 0.0214635
v -0.0229867 -0.0214215 0.0214142
v -0.0229486 -0.0214088 0.0213499
v -0.0229246 -0.0214007 0.0212751
v -0.0229165 -0.0213980 0.0211948
v -0.0229246 -0.0214007 0.0211145
v -0.0229486 -0.0214088 0.0210397
v -0.0229867 -0.0214215 0.0209754
v -0.0230363 -0.0214381 0.0209261
v -0.0230941 -0.0214575 0.0208951
v -0.0230919 -0.0214783 0.0214945
v -0.0230321 -0.0214783 0.0214635
v -0.0229807 -0.0214783 0.0214142
v -0.0229413 -0.0214783 0.0213499
v -0.0229165 -0.0214783 0.0212751
v -0.0229080 -0.0214783 0.0211948
v -0.0229165 -0.0214783 0.0211145
v -0.0229413 -0.0214783 0.0210397
v -0.0229807 -0.0214783 0.0209754
v -0.0230321 -0.0214783 0.0209261
v -0.0230919 -0.0214783 0.0208951
v -0.0230941 -0.0214991 0.0214945
v -0.0230363 -0.0215184 0.0214635
v -0.0229867 -0.0215351 0.0214142
v -0.0229486 -0.0215478 0.0213499
v -0.0229246 -0.0215559 0.0212751
v -0.0229165 -0.0215586 0.0211948
v -0.0229246 -0.0215559 0.0211145
v -0.0229486 -0.0215478 0.0210397
v -0.0229867 -0.0215351 0.0209754
v -0.0230363 -0.0215184 0.0209261
v -0.0230941 -0.0214991 0.0208951
v -0.0231005 -0.0215184 0.0214945
v -0.0230487 -0.0215559 0.0214635
v -0.0230042 -0.0215880 0.0214142
v -0.0229700 -0.0216126 0.0213499
v -0.0229486 -0.0216281 0.0212751
v -0.0229413 -0.0216334 0.0211948
v -0.0229486 -0.0216281 0.0211145
v -0.0229700 -0.0216126 0.0210397
v -0.0230042 -0.0215880 0.0209754
v -0.0230487 -0.0215559 0.0209261
v -0.0231005 -0.0215184 0.0208951
v -0.0231107 -0.0215351 0.0214945
v -0.0230684 -0.0215880 0.0214635
v -0.0230321 -0.0216334 0.0214142
v -0.0230042 -0.0216683 0.0213499
v -0.0229867 -0.0216902 0.0212751
v -0.0229807 -0.0216977 0.0211948
v -0.0229867 -0.0216902 0.0211145
v -0.0230042 -0.0216683 0.0210397
v -0.0230321 -0.0216334 0.0209754
v -0.0230684 -0.0215880 0.0209261
v -0.0231107 -0.0215351 0.0208951
v -0.0231240 -0.0215478 0.0214945
v -0.0230941 -0.0216126 0.0214635
v -0.0230684 -0.0216683 0.0214142
v -0.0230487 -0.0217110 0.0213499
v -0.0230363 -0.0217378 0.0212751
v -0.0230321 -0.0217470 0.0211948
v -0.0230363 -0.0217378 0.0211145
v -0.0230487 -0.0217110 0.0210397
v -0.0230684 -0.0216683 0.0209754
v -0.0230941 -0.0216126 0.0209261
v -0.0231240 -0.0215478 0.0208951
v -0.0231395 -0.0215559 0.0214945
v -0.0231240 -0.0216281 0.0214635
v -0.0231107 -0.0216902 0.0214142
v -0.0231005 -0.0217378 0.0213499
v -0.0230941 -0.0217678 0.0212751
v -0.0230919 -0.0217780 0.0211948
v -0.0230941 -0.0217678 0.0211145
v -0.0231005 -0.0217378 0.0210397
v -0.0231107 -0.0216902 0.0209754
v -0.0231240 -0.0216281 0.0209261
v -0.0231395 -0.0215559 0.0208951
v -0.0231561 -0.0215586 0.0214945
v -0.0231561 -0.0216334 0.0214635
v -0.0231561 -0.0216977 0.0214142
v -0.0231561 -0.0217470 0.0213499
v -0.0231561 -0.0217780 0.0212751
v -0.0231561 -0.0217885 0.0211948
v -0.0231561 -0.0217780 0.0211145
v -0.0231561 -0.0217470 0.0210397
v -0.0231561 -0.0216977 0.0209754
v -0.0231561 -0.0216334 0.0209261
v -0.0231561 -0.0215586 0.0208951
v -0.0231561 -0.0214783 0.0215051
v -0.0231727 -0.0215559 0.0214945
v -0.0231882 -0.0216281 0.0214635
v -0.0232015 -0.0216902 0.0214142
v -0.0232117 -0.0217378 0.0213499
v -0.0232181 -0.0217678 0.0212751
v -0.0232203 -0.0217780 0.0211948
v -0.0232181 -0.0217678 0.0211145
v -0.0232117 -0.0217378 0.0210397
v -0.0232015 -0.0216902 0.0209754
v -0.0231882 -0.0216281 0.0209261
v -0.0231727 -0.0215559 0.0208951
v -0.0231882 -0.0215478 0.0214945
v -0.0232181 -0.0216126 0.0214635
v -0.0232438 -0.0216683 0.0214142
v -0.0232635 -0.0217110 0.0213499
v -0.0232759 -0.0217378 0.0212751
v -0.0232802 -0.0217470 0.0211948
v -0.0232759 -0.0217378 0.0211145
v -0.0232635 -0.0217110 0.0210397
v -0.0232438 -0.0216683 0.0209754
v -0.0232181 -0.0216126 0.0209261
v -0.0231882 -0.0215478 0.0208951
v -0.0232015 -0.0215351 0.0214945
v -0.0232438 -0.0215880 0.0214635
v -0.0232802 -0.0216334 0.0214142
v -0.0233080 -0.0216683 0.0213499
v -0.0233256 -0.0216902 0.0212751
v -0.0233315 -0.0216977 0.0211948
v -0.0233256 -0.0216902 0.0211145
v -0.0233080 -0.0216683 0.0210397
v -0.0232802 -0.0216334 0.0209754
v -0.0232438 -0.0215880 0.0209261
v -0.0232015 -0.0215351 0.0208951
v -0.0231561 -0.0214783 0.0208846
v -0.0232117 -0.0215184 0.0214945
v -0.0232635 -0.0215559 0.0214635
v -0.0233080 -0.0215880 0.0214142
v -0.0233422 -0.0216126 0.0213499
v -0.0233636 -0.0216281 0.0212751
v -0.0233710 -0.0216334 0.0211948
v -0.0233636 -0.0216281 0.0211145
v -0.0233422 -0.0216126 0.0210397
v -0.0233080 -0.0215880 0.0209754
v -0.0232635 -0.0215559 0.0209261
v -0.0232117 -0.0215184 0.0208951
v -0.0232181 -0.0214991 0.0214945
v -0.0232759 -0.0215184 0.0214635
v -0.0233256 -0.0215351 0.0214142
v -0.0233636 -0.0215478 0.0213499
v -0.0233876 -0.0215559 0.0212751
v -0.0233957 -0.0215586 0.0211948
v -0.0233876 -0.0215559 0.0211145
v -0.0233636 -0.0215478 0.0210397
v -0.0233256 -0.0215351 0.0209754
v -0.0232759 -0.0215184 0.0209261
v -0.0232181 -0.0214991 0.0208951
v -0.0232203 -0.0214783 0.0214945
v -0.0232802 -0.0214783 0.0214635
v -0.0233315 -0.0214783 0.0214142
v -0.0233710 -0.0214783 0.0213499
v -0.0233957 -0.0214783 0.0212751
v -0.0234042 -0.0214783 0.0211948
v -0.0233957 -0.0214783 0.0211145
v -0.0233710 -0.0214783 0.0210397
v -0.0233315 -0.0214783 0.0209754
v -0.0232802 -0.0214783 0.0209261
v -0.0232203 -0.0214783 0.0208951
v -0.0232181 -0.0214575 0.0214945
v -0.0232759 -0.0214381 0.0214635
v -0.0233256 -0.0214215 0.0214142
v -0.0233636 -0.0214088 0.0213499
v -0.0233876 -0.0214007 0.0212751
v -0.0233957 -0.0213980 0.0211948
v -0.0233876 -0.0214007 0.0211145
v -0.0233636 -0.0214088 0.0210397
v -0.0233256 -0.0214215 0.0209754
v -0.0232759 -0.0214381 0.0209261
v -0.0232181 -0.0214575 0.0208951
v -0.0232117 -0.0214381 0.0214945
v -0.0232635 -0.0214007 0.0214635
v -0.0233080 -0.0213686 0.0214142
v -0.0233422 -0.0213440 0.0213499
v -0.0233636 -0.0213285 0.0212751
v -0.0233710 -0.0213232 0.0211948
v -0.0233636 -0.0213285 0.0211145
v -0.0233422 -0.0213440 0.0210397
v -0.0233080 -0.0213686 0.0209754
v -0.0232635 -0.0214007 0.0209261
v -0.0232117 -0.0214381 0.0208951
v -0.0232015 -0.0214215 0.0214945
v -0.0232438 -0.0213686 0.0214635
v -0.0232802 -0.0213232 0.0214142
v -0.0233080 -0.0212883 0.0213499
v -0.0233256 -0.0212664 0.0212751
v -0.0233315 -0.0212589 0.0211948
v -0.0233256 -0.0212664 0.0211145
v -0.0233080 -0.0212883 0.0210397
v -0.0232802 -0.0213232 0.0209754
v -0.0232438 -0.0213686 0.0209261
v -0.0232015 -0.0214215 0.0208951
v -0.0231882 -0.0214088 0.0214945
v -0.0232181 -0.0213440 0.0214635
v -0.0232438 -0.0212883 0.0214142
v -0.0232635 -0.0212456 0.0213499
v -0.0232759 -0.0212188 0.0212751
v -0.0232802 -0.0212096 0.0211948
v -0.0232759 -0.0212188 0.0211145
v -0.0232635 -0.0212456 0.0210397
v -0.0232438 -0.0212883 0.0209754
v -0.0232181 -0.0213440 0.0209261
v -0.0231882 -0.0214088 0.0208951
v -0.0231727 -0.0214007 0.0214945
v -0.0231882 -0.0213285 0.0214635
v -0.0232015 -0.0212664 0.0214142
v -0.0232117 -0.0212188 0.0213499
v -0.0232181 -0.0211888 0.0212751
v -0.0232203 -0.0211786 0.0211948
v -0.0232181 -0.0211888 0.0211145
v -0.0232117 -0.0212188 0.0210397
v -0.0232015 -0.0212664 0.0209754
v -0.0231882 -0.0213285 0.0209261
v -0.0231727 -0.0214007 0.0208951
v -0.0231561 -0.0213980 0.0214945
v -0.0231561 -0.0213232 0.0214635
v -0.0231561 -0.0211786 0.0212751
v -0.0231561 -0.0211680 0.0211948
v -0.0231561 -0.0211786 0.0211145
v -0.0231561 -0.0212096 0.0210397
v -0.0231561 -0.0212589 0.0209754
v -0.0231561 -0.0213232 0.0209261
v -0.0231561 -0.0213980 0.0208951
v -0.0243412 -0.0212589 0.0203374
v -0.0243412 -0.0212096 0.0202732
v -0.0243246 -0.0214007 0.0204177
v -0.0243091 -0.0213285 0.0203867
v -0.0242958 -0.0212664 0.0203374
v -0.0242856 -0.0212188 0.0202732
v -0.0242792 -0.0211888 0.0201984
v -0.0242770 -0.0211786 0.0201181
v -0.0242792 -0.0211888 0.0200378
v -0.0242856 -0.0212188 0.0199630
v -0.0242958 -0.0212664 0.0198987
v -0.0243091 -0.0213285 0.0198494
v -0.0243246 -0.0214007 0.0198184
v -0.0243091 -0.0214088 0.0204177
v -0.0242792 -0.0213440 0.0203867
v -0.0242535 -0.0212883 0.0203374
v -0.0242338 -0.0212456 0.0202732
v -0.0242214 -0.0212188 0.0201984
v -0.0242172 -0.0212096 0.0201181
v -0.0242214 -0.0212188 0.0200378
v -0.0242338 -0.0212456 0.0199630
v -0.0242535 -0.0212883 0.0198987
v -0.0242792 -0.0213440 0.0198494
v -0.0243091 -0.0214088 0.0198184
v -0.0242958 -0.0214215 0.0204177
v -0.0242535 -0.0213686 0.0203867
v -0.0242172 -0.0213232 0.0203374
v -0.0241893 -0.0212883 0.0202732
v -0.0241718 -0.0212664 0.0201984
v -0.0241658 -0.0212589 0.0201181
v -0.0241718 -0.0212664 0.0200378
v -0.0241893 -0.0212883 0.0199630
v -0.0242172 -0.0213232 0.0198987
v -0.0242535 -0.0213686 0.0198494
v -0.0242958 -0.0214215 0.0198184
v -0.0242856 -0.0214381 0.0204177
v -0.0242338 -0.0214007 0.0203867
v -0.0241893 -0.0213686 0.0203374
v -0.0241552 -0.0213440 0.0202732
v -0.0241337 -0.0213285 0.0201984
v -0.0241264 -0.0213232 0.0201181
v -0.0241337 -0.0213285 0.0200378
v -0.0241552 -0.0213440 0.0199630
v -0.0241893 -0.0213686 0.0198987
v -0.0242338 -0.0214007 0.0198494
v -0.0242856 -0.0214381 0.0198184
v -0.0242792 -0.0214575 0.0204177
v -0.0242214 -0.0214381 0.0203867
v -0.0241718 -0.0214215 0.0203374
v -0.0241337 -0.0214088 0.0202732
v -0.0241097 -0.0214007 0.0201984
v -0.0241016 -0.0213980 0.0201181
v -0.0241097 -0.0214007 0.0200378
v -0.0241337 -0.0214088 0.0199630
v -0.0241718 -0.0214215 0.0198987
v -0.0242214 -0.0214381 0.0198494
v -0.0242792 -0.0214575 0.0198184
v -0.0242770 -0.0214783 0.0204177
v -0.0242172 -0.0214783 0.0203867
v -0.0241658 -0.0214783 0.0203374
v -0.0241264 -0.0214783 0.0202732
v -0.0241016 -0.0214783 0.0201984
v -0.0240931 -0.0214783 0.0201181
v -0.0241016 -0.0214783 0.0200378
v -0.0241264 -0.0214783 0.0199630
v -0.0241658 -0.0214783 0.0198987
v -0.0242172 -0.0214783 0.0198494
v -0.0242770 -0.0214783 0.0198184
v -0.0242792 -0.0214991 0.0204177
v -0.0242214 -0.0215184 0.0203867
v -0.0241718 -0.0215351 0.0203374
v -0.0241337 -0.0215478 0.0202732
v -0.0241097 -0.0215559 0.0201984
v -0.0241016 -0.0215586 0.0201181
v -0.0241097 -0.0215559 0.0200378
v -0.0241337 -0.0215478 0.0199630
v -0.0241718 -0.0215351 0.0198987
v -0.0242214 -0.0215184 0.0198494
v -0.0242792 -0.0214991 0.0198184
v -0.0242856 -0.0215184 0.0204177
v -0.0242338 -0.0215559 0.0203867
v -0.0241893 -0.0215880 0.0203374
v -0.0241552 -0.0216126 0.0202732
v -0.0241337 -0.0216281 0.0201984
v -0.0241264 -0.0216334 0.0201181
v -0.0241337 -0.0216281 0.0200378
v -0.0241552 -0.0216126 0.0199630
v -0.0241893 -0.0215880 0.0198987
v -0.0242338 -0.0215559 0.0198494
v -0.0242856 -0.0215184 0.0198184
v -0.0242958 -0.0215351 0.0204177
v -0.0242535 -0.0215880 0.0203867
v -0.0242172 -0.0216334 0.0203374
v -0.0241893 -0.0216683 0.0202732
v -0.0241718 -0.0216902 0.0201984
v -0.0241658 -0.0216977 0.0201181
v -0.0241718 -0.0216902 0.0200378
v -0.0241893 -0.0216683 0.0199630
v -0.0242172 -0.0216334 0.0198987
v -0.0242535 -0.0215880 0.0198494
v -0.0242958 -0.0215351 0.0198184
v -0.0243091 -0.0215478 0.0204177
v -0.0242792 -0.0216126 0.0203867
v -0.0242535 -0.0216683 0.0203374
v -0.0242338 -0.0217110 0.0202732
v -0.0242214 -0.0217378 0.0201984
v -0.0242172 -0.0217470 0.0201181
v -0.0242214 -0.0217378 0.0200378
v -0.0242338 -0.0217110 0.0199630
v -0.0242535 -0.0216683 0.0198987
v -0.0242792 -0.0216126 0.0198494
v -0.0243091 -0.0215478 0.0198184
v -0.0243246 -0.0215559 0.0204177
v -0.0243091 -0.0216281 0.0203867
v -0.0242958 -0.0216902 0.0203374
v -0.0242856 -0.0217378 0.0202732
v -0.0242792 -0.0217678 0.0201984
v -0.0242770 -0.0217780 0.0201181
v -0.0242792 -0.0217678 0.0200378
v -0.0242856 -0.0217378 0.0199630
v -0.0242958 -0.0216902 0.0198987
v -0.0243091 -0.0216281 0.0198494
v -0.0243246 -0.0215559 0.0198184
v -0.0243412 -0.0215586 0.0204177
v -0.0243412 -0.0216334 0.0203867
v -0.0243412 -0.0216977 0.0203374
v -0.0243412 -0.0217470 0.0202732
v -0.0243412 -0.0217780 0.0201984
v -0.0243412 -0.0217885 0.0201181
v -0.0243412 -0.0217780 0.0200378
v -0.0243412 -0.0217470 0.0199630
v -0.0243412 -0.0216977 0.0198987
v -0.0243412 -0.0216334 0.0198494
v -0.0243412 -0.0215586 0.0198184
v -0.0243412 -0.0214783 0.0204283
v -0.0243578 -0.0215559 0.0204177
v -0.0243733 -0.0216281 0.0203867
v -0.0243866 -0.0216902 0.0203374
v -0.0243968 -0.0217378 0.0202732
v -0.0244032 -0.0217678 0.0201984
v -0.0244054 -0.0217780 0.0201181
v -0.0244032 -0.0217678 0.0200378
v -0.0243968 -0.0217378 0.0199630
v -0.0243866 -0.0216902 0.0198987
v -0.0243733 -0.0216281 0.0198494
v -0.0243578 -0.0215559 0.0198184
v -0.0243733 -0.0215478 0.0204177
v -0.0244032 -0.0216126 0.0203867
v -0.0244289 -0.0216683 0.0203374
v -0.0244486 -0.0217110 0.0202732
v -0.0244610 -0.0217378 0.0201984
v -0.0244653 -0.0217470 0.0201181
v -0.0244610 -0.0217378 0.0200378
v -0.0244486 -0.0217110 0.0199630
v -0.0244289 -0.0216683 0.0198987
v -0.0244032 -0.0216126 0.0198494
v -0.0243733 -0.0215478 0.0198184
v -0.0243866 -0.0215351 0.0204177
v -0.0244289 -0.0215880 0.0203867
v -0.0244653 -0.0216334 0.0203374
v -0.0244931 -0.0216683 0.0202732
v -0.0245107 -0.0216902 0.0201984
v -0.0245166 -0.0216977 0.0201181
v -0.0245107 -0.0216902 0.0200378
v -0.0244931 -0.0216683 0.0199630
v -0.0244653 -0.0216334 0.0198987
v -0.0244289 -0.0215880 0.0198494
v -0.0243866 -0.0215351 0.0198184
v -0.0243412 -0.0214783 0.0198078
v -0.0243968 -0.0215184 0.0204177
v -0.0244486 -0.0215559 0.0203867
v -0.0244931 -0.0215880 0.0203374
v -0.0245273 -0.0216126 0.0202732
v -0.0245488 -0.0216281 0.0201984
v -0.0245561 -0.0216334 0.0201181
v -0.0245488 -0.0216281 0.0200378
v -0.0245273 -0.0216126 0.0199630
v -0.0244931 -0.0215880 0.0198987
v -0.0244486 -0.0215559 0.0198494
v -0.0243968 -0.0215184 0.0198184
v -0.0244032 -0.0214991 0.0204177
v -0.0244610 -0.0215184 0.0203867
v -0.0245107 -0.0215351 0.0203374
v -0.0245488 -0.0215478 0.0202732
v -0.0245727 -0.0215559 0.0201984
v -0.0245809 -0.0215586 0.0201181
v -0.0245727 -0.0215559 0.0200378
v -0.0245488 -0.0215478 0.0199630
v -0.0245107 -0.0215351 0.0198987
v -0.0244610 -0.0215184 0.0198494
v -0.0244032 -0.0214991 0.0198184
v -0.0244054 -0.0214783 0.0204177
v -0.0244653 -0.0214783 0.0203867
v -0.0245166 -0.0214783 0.0203374
v -0.0245561 -0.0214783 0.0202732
v -0.0245809 -0.0214783 0.0201984
v -0.0245893 -0.0214783 0.0201181
v -0.0245809 -0.0214783 0.0200378
v -0.0245561 -0.0214783 0.0199630
v -0.0245166 -0.0214783 0.0198987
v -0.0244653 -0.0214783 0.0198494
v -0.0244054 -0.0214783 0.0198184
v -0.0244032 -0.0214575 0.0204177
v -0.0244610 -0.0214381 0.0203867
v -0.0245107 -0.0214215 0.0203374
v -0.0245488 -0.0214088 0.0202732
v -0.0245727 -0.0214007 0.0201984
v -0.0245809 -0.0213980 0.0201181
v -0.0245727 -0.0214007 0.0200378
v -0.0245488 -0.0214088 0.0199630
v -0.0245107 -0.0214215 0.0198987
v -0.0244610 -0.0214381 0.0198494
v -0.0244032 -0.0214575 0.0198184
v -0.0243968 -0.0214381 0.0204177
v -0.0244486 -0.0214007 0.0203867
v -0.0244931 -0.0213686 0.0203374
v -0.0245273 -0.0213440 0.0202732
v -0.0245488 -0.0213285 0.0201984
v -0.0245561 -0.0213232 0.0201181
v -0.0245488 -0.0213285 0.0200378
v -0.0245273 -0.0213440 0.0199630
v -0.0244931 -0.0213686 0.0198987
v -0.0244486 -0.0214007 0.0198494
v -0.0243968 -0.0214381 0.0198184
v -0.0243866 -0.0214215 0.0204177
v -0.0244289 -0.0213686 0.0203867
v -0.0244653 -0.0213232 0.0203374
v -0.0244931 -0.0212883 0.0202732
v -0.0245107 -0.0212664 0.0201984
v -0.0245166 -0.0212589 0.0201181
v -0.0245107 -0.0212664 0.0200378
v -0.0244931 -0.0212883 0.0199630
v -0.0244653 -0.0213232 0.0198987
v -0.0244289 -0.0213686 0.0198494
v -0.0243866 -0.0214215 0.0198184
v -0.0243733 -0.0214088 0.0204177
v -0.0244032 -0.0213440 0.0203867
v -0.0244289 -0.0212883 0.0203374
v -0.0244486 -0.0212456 0.0202732
v -0.0244610 -0.0212188 0.0201984
v -0.0244653 -0.0212096 0.0201181
v -0.0244610 -0.0212188 0.0200378
v -0.0244486 -0.0212456 0.0199630
v -0.0244289 -0.0212883 0.0198987
v -0.0244032 -0.0213440 0.0198494
v -0.0243733 -0.0214088 0.0198184
v -0.0243578 -0.0214007 0.0204177
v -0.0243733 -0.0213285 0.0203867
v -0.0243866 -0.0212664 0.0203374
v -0.0243968 -0.0212188 0.0202732
v -0.0244032 -0.0211888 0.0201984
v -0.0244054 -0.0211786 0.0201181
v -0.0244032 -0.0211888 0.0200378
v -0.0243968 -0.0212188 0.0199630
v -0.0243866 -0.0212664 0.0198987
v -0.0243733 -0.0213285 0.0198494
v -0.0243578 -0.0214007 0.0198184
v -0.0243412 -0.0213980 0.0204177
v -0.0243412 -0.0213232 0.0203867
v -0.0243412 -0.0211786 0.0201984
v -0.0243412 -0.0211680 0.0201181
v -0.0243412 -0.0211786 0.0200378
v -0.0243412 -0.0212096 0.0199630
v -0.0243412 -0.0212589 0.0198987
v -0.0243412 -0.0213232 0.0198494
v -0.0243412 -0.0213980 0.0198184
v -0.0247939 -0.0212589 0.0185952
v -0.0247939 -0.0212096 0.0185310
v -0.0247773 -0.0214007 0.0186755
v -0.0247618 -0.0213285 0.0186446
v -0.0247485 -0.0212664 0.0185952
v -0.0247383 -0.0212188 0.0185310
v -0.0247319 -0.0211888 0.0184562
v -0.0247297 -0.0211786 0.0183759
v -0.0247319 -0.0211888 0.0182956
v -0.0247383 -0.0212188 0.0182208
v -0.0247485 -0.0212664 0.0181565
v -0.0247618 -0.0213285 0.0181072
v -0.0247773 -0.0214007 0.0180762
v -0.0247618 -0.0214088 0.0186755
v -0.0247319 -0.0213440 0.0186446
v -0.0247062 -0.0212883 0.0185952
v -0.0246865 -0.0212456 0.0185310
v -0.0246741 -0.0212188 0.0184562
v -0.0246698 -0.0212096 0.0183759
v -0.0246741 -0.0212188 0.0182956
v -0.0246865 -0.0212456 0.0182208
v -0.0247062 -0.0212883 0.0181565
v -0.0247319 -0.0213440 0.0181072
v -0.0247618 -0.0214088 0.0180762
v -0.0247485 -0.0214215 0.0186755
v -0.0247062 -0.0213686 0.0186446
v -0.0246698 -0.0213232 0.0185952
v -0.0246420 -0.0212883 0.0185310
v -0.0246244 -0.0212664 0.0184562
v -0.0246185 -0.0212589 0.0183759
v -0.0246244 -0.0212664 0.0182956
v -0.0246420 -0.0212883 0.0182208
v -0.0246698 -0.0213232 0.0181565
v -0.0247062 -0.0213686 0.0181072
v -0.0247485 -0.0214215 0.0180762
v -0.0247383 -0.0214381 0.0186755
v -0.0246865 -0.0214007 0.0186446
v -0.0246420 -0.0213686 0.0185952
v -0.0246078 -0.0213440 0.0185310
v -0.0245864 -0.0213285 0.0184562
v -0.0245790 -0.0213232 0.0183759
v -0.0245864 -0.0213285 0.0182956
v -0.0246078 -0.0213440 0.0182208
v -0.0246420 -0.0213686 0.0181565
v -0.0246865 -0.0214007 0.0181072
v -0.0247383 -0.0214381 0.0180762
v -0.0247319 -0.0214575 0.0186755
v -0.0246741 -0.0214381 0.0186446
v -0.0246244 -0.0214215 0.0185952
v -0.0245864 -0.0214088 0.0185310
v -0.0245624 -0.0214007 0.0184562
v -0.0245543 -0.0213980 0.0183759
v -0.0245624 -0.0214007 0.0182956
v -0.0245864 -0.0214088 0.0182208
v -0.0246244 -0.0214215 0.0181565
v -0.0246741 -0.0214381 0.0181072
v -0.0247319 -0.0214575 0.0180762
v -0.0247297 -0.0214783 0.0186755
v -0.0246698 -0.0214783 0.0186446
v -0.0246185 -0.0214783 0.0185952
v -0.0245790 -0.0214783 0.0185310
v -0.0245543 -0.0214783 0.0184562
v -0.0245458 -0.0214783 0.0183759
v -0.0245543 -0.0214783 0.0182956
v -0.0245790 -0.0214783 0.0182208
v -0.0246185 -0.0214783 0.0181565
v -0.0246698 -0.0214783 0.0181072
v -0.0247297 -0.0214783 0.0180762
v -0.0247319 -0.0214991 0.0186755
v -0.0246741 -0.0215184 0.0186446
v -0.0246244 -0.0215351 0.0185952
v -0.0245864 -0.0215478 0.0185310
v -0.0245624 -0.0215559 0.0184562
v -0.0245543 -0.0215586 0.0183759
v -0.0245624 -0.0215559 0.0182956
v -0.0245864 -0.0215478 0.0182208
v -0.0246244 -0.0215351 0.0181565
v -0.0246741 -0.0215184 0.0181072
v -0.0247319 -0.0214991 0.0180762
v -0.0247383 -0.0215184 0.0186755
v -0.0246865 -0.0215559 0.0186446
v -0.0246420 -0.0215880 0.0185952
v -0.0246078 -0.0216126 0.0185310
v -0.0245864 -0.0216281 0.0184562
v -0.0245790 -0.0216334 0.0183759
v -0.0245864 -0.0216281 0.0182956
v -0.0246078 -0.0216126 0.0182208
v -0.0246420 -0.0215880 0.0181565
v -0.0246865 -0.0215559 0.0181072
v -0.0247383 -0.0215184 0.0180762
v -0.0247485 -0.0215351 0.0186755
v -0.0247062 -0.0215880 0.0186446
v -0.0246698 -0.0216334 0.0185952
v -0.0246420 -0.0216683 0.0185310
v -0.0246244 -0.0216902 0.0184562
v -0.0246185 -0.0216977 0.0183759
v -0.0246244 -0.0216902 0.0182956
v -0.0246420 -0.0216683 0.0182208
v -0.0246698 -0.0216334 0.0181565
v -0.0247062 -0.0215880 0.0181072
v -0.0247485 -0.0215351 0.0180762
v -0.0247618 -0.0215478 0.0186755
v -0.0247319 -0.0216126 0.0186446
v -0.0247062 -0.0216683 0.0185952
v -0.0246865 -0.0217110 0.0185310
v -0.0246741 -0.0217378 0.0184562
v -0.0246698 -0.0217470 0.0183759
v -0.0246741 -0.0217378 0.0182956
v -0.0246865 -0.0217110 0.0182208
v -0.0247062 -0.0216683 0.0181565
v -0.0247319 -0.0216126 0.0181072
v -0.0247618 -0.0215478 0.0180762
v -0.0247773 -0.0215559 0.0186755
v -0.0247618 -0.0216281 0.0186446
v -0.0247485 -0.0216902 0.0185952
v -0.0247383 -0.0217378 0.0185310
v -0.0247319 -0.0217678 0.0184562
v -0.0247297 -0.0217780 0.0183759
v -0.0247319 -0.0217678 0.0182956
v -0.0247383 -0.0217378 0.0182208
v -0.0247485 -0.0216902 0.0181565
v -0.0247618 -0.0216281 0.0181072
v -0.0247773 -0.0215559 0.0180762
v -0.0247939 -0.0215586 0.0186755
v -0.0247939 -0.0216334 0.0186446
v -0.0247939 -0.0216977 0.0185952
v -0.0247939 -0.0217470 0.0185310
v -0.0247939 -0.0217780 0.0184562
v -0.0247939 -0.0217885 0.0183759
v -0.0247939 -0.0217780 0.0182956
v -0.0247939 -0.0217470 0.0182208
v -0.0247939 -0.0216977 0.0181565
v -0.0247939 -0.0216334 0.0181072
v -0.0247939 -0.0215586 0.0180762
v -0.0247939 -0.0214783 0.0186861
v -0.0248105 -0.0215559 0.0186755
v -0.0248260 -0.0216281 0.0186446
v -0.0248393 -0.0216902 0.0185952
v -0.0248495 -0.0217378 0.0185310
v -0.0248559 -0.0217678 0.0184562
v -0.0248581 -0.0217780 0.0183759
v -0.0248559 -0.0217678 0.0182956
v -0.0248495 -0.0217378 0.0182208
v -0.0248393 -0.0216902 0.0181565
v -0.0248260 -0.0216281 0.0181072
v -0.0248105 -0.0215559 0.0180762
v -0.0248260 -0.0215478 0.0186755
v -0.0248559 -0.0216126 0.0186446
v -0.0248816 -0.0216683 0.0185952
v -0.0249013 -0.0217110 0.0185310
v -0.0249137 -0.0217378 0.0184562
v -0.0249179 -0.0217470 0.0183759
v -0.0249137 -0.0217378 0.0182956
v -0.0249013 -0.0217110 0.0182208
v -0.0248816 -0.0216683 0.0181565
v -0.0248559 -0.0216126 0.0181072
v -0.0248260 -0.0215478 0.0180762
v -0.0248393 -0.0215351 0.0186755
v -0.0248816 -0.0215880 0.0186446
v -0.0249179 -0.0216334 0.0185952
v -0.0249458 -0.0216683 0.0185310
v -0.0249633 -0.0216902 0.0184562
v -0.0249693 -0.0216977 0.0183759
v -0.0249633 -0.0216902 0.0182956
v -0.0249458 -0.0216683 0.0182208
v -0.0249179 -0.0216334 0.0181565
v -0.0248816 -0.0215880 0.0181072
v -0.0248393 -0.0215351 0.0180762
v -0.0247939 -0.0214783 0.0180656
v -0.0248495 -0.0215184 0.0186755
v -0.0249013 -0.0215559 0.0186446
v -0.0249458 -0.0215880 0.0185952
v -0.0249800 -0.0216126 0.0185310
v -0.0250014 -0.0216281 0.0184562
v -0.0250087 -0.0216334 0.0183759
v -0.0250014 -0.0216281 0.0182956
v -0.0249800 -0.0216126 0.0182208
v -0.0249458 -0.0215880 0.0181565
v -0.0249013 -0.0215559 0.0181072
v -0.0248495 -0.0215184 0.0180762
v -0.0248559 -0.0214991 0.0186755
v -0.0249137 -0.0215184 0.0186446
v -0.0249633 -0.0215351 0.0185952
v -0.0250014 -0.0215478 0.0185310
v -0.0250254 -0.0215559 0.0184562
v -0.0250335 -0.0215586 0.0183759
v -0.0250254 -0.0215559 0.0182956
v -0.0250014 -0.0215478 0.0182208
v -0.0249633 -0.0215351 0.0181565
v -0.0249137 -0.0215184 0.0181072
v -0.0248559 -0.0214991 0.0180762
v -0.0248581 -0.0214783 0.0186755
v -0.0249179 -0.0214783 0.0186446
v -0.0249693 -0.0214783 0.0185952
v -0.0250087 -0.0214783 0.0185310
v -0.0250335 -0.0214783 0.0184562
v -0.0250420 -0.0214783 0.0183759
v -0.0250335 -0.0214783 0.0182956
v -0.0250087 -0.0214783 0.0182208
v -0.0249693 -0.0214783 0.0181565
v -0.0249179 -0.0214783 0.0181072
v -0.0248581 -0.0214783 0.0180762
v -0.0248559 -0.0214575 0.0186755
v -0.0249137 -0.0214381 0.0186446
v -0.0249633 -0.0214215 0.0185952
v -0.0250014 -0.0214088 0.0185310
v -0.0250254 -0.0214007 0.0184562
v -0.0250335 -0.0213980 0.0183759
v -0.0250254 -0.0214007 0.0182956
v -0.0250014 -0.0214088 0.0182208
v -0.0249633 -0.0214215 0.0181565
v -0.0249137 -0.0214381 0.0181072
v -0.0248559 -0.0214575 0.0180762
v -0.0248495 -0.0214381 0.0186755
v -0.0249013 -0.0214007 0.0186446
v -0.0249458 -0.0213686 0.0185952
v -0.0249800 -0.0213440 0.0185310
v -0.0250014 -0.0213285 0.0184562
v -0.0250087 -0.0213232 0.0183759
v -0.0250014 -0.0213285 0.0182956
v -0.0249800 -0.0213440 0.0182208
v -0.0249458 -0.0213686 0.0181565
v -0.0249013 -0.0214007 0.0181072
v -0.0248495 -0.0214381 0.0180762
v -0.0248393 -0.0214215 0.0186755
v -0.0248816 -0.0213686 0.0186446
v -0.0249179 -0.0213232 0.0185952
v -0.0249458 -0.0212883 0.0185310
v -0.0249633 -0.0212664 0.0184562
v -0.0249693 -0.0212589 0.0183759
v -0.0249633 -0.0212664 0.0182956
v -0.0249458 -0.0212883 0.0182208
v -0.0249179 -0.0213232 0.0181565
v -0.0248816 -0.0213686 0.0181072
v -0.0248393 -0.0214215 0.0180762
v -0.0248260 -0.0214088 0.0186755
v -0.0248559 -0.0213440 0.0186446
v -0.0248816 -0.0212883 0.0185952
v -0.0249013 -0.0212456 0.0185310
v -0.0249137 -0.0212188 0.0184562
v -0.0249179 -0.0212096 0.0183759
v -0.0249137 -0.0212188 0.0182956
v -0.0249013 -0.0212456 0.0182208
v -0.0248816 -0.0212883 0.0181565
v -0.0248559 -0.0213440 0.0181072
v -0.0248260 -0.0214088 0.0180762
v -0.0248105 -0.0214007 0.0186755
v -0.0248260 -0.0213285 0.0186446
v -0.0248393 -0.0212664 0.0185952
v -0.0248495 -0.0212188 0.0185310
v -0.0248559 -0.0211888 0.0184562
v -0.0248581 -0.0211786 0.0183759
v -0.0248559 -0.0211888 0.0182956
v -0.0248495 -0.0212188 0.0182208
v -0.0248393 -0.0212664 0.0181565
v -0.0248260 -0.0213285 0.0181072
v -0.0248105 -0.0214007 0.0180762
v -0.0247939 -0.0213980 0.0186755
v -0.0247939 -0.0213232 0.0186446
v -0.0247939 -0.0211786 0.0184562
v -0.0247939 -0.0211680 0.0183759
v -0.0247939 -0.0211786 0.0182956
v -0.0247939 -0.0212096 0.0182208
v -0.0247939 -0.0212589 0.0181565
v -0.0247939 -0.0213232 0.0181072
v -0.0247939 -0.0213980 0.0180762
v -0.0243412 -0.0212589 0.0168530
v -0.0243412 -0.0212096 0.0167888
v -0.0243246 -0.0214007 0.0169333
v -0.0243091 -0.0213285 0.0169024
v -0.0242958 -0.0212664 0.0168530
v -0.0242856 -0.0212188 0.0167888
v -0.0242792 -0.0211888 0.0167140
v -0.0242770 -0.0211786 0.0166337
v -0.0242792 -0.0211888 0.0165534
v -0.0242856 -0.0212188 0.0164786
v -0.0242958 -0.0212664 0.0164143
v -0.0243091 -0.0213285 0.0163650
v -0.0243246 -0.0214007 0.0163340
v -0.0243091 -0.0214088 0.0169333
v -0.0242792 -0.0213440 0.0169024
v -0.0242535 -0.0212883 0.0168530
v -0.0242338 -0.0212456 0.0167888
v -0.0242214 -0.0212188 0.0167140
v -0.0242172 -0.0212096 0.0166337
v -0.0242214 -0.0212188 0.0165534
v -0.0242338 -0.0212456 0.0164786
v -0.0242535 -0.0212883 0.0164143
v -0.0242792 -0.0213440 0.0163650
v -0.0243091 -0.0214088 0.0163340
v -0.0242958 -0.0214215 0.0169333
v -0.0242535 -0.0213686 0.0169024
v -0.0242172 -0.0213232 0.0168530
v -0.0241893 -0.0212883 0.0167888
v -0.0241718 -0.0212664 0.0167140
v -0.0241658 -0.0212589 0.0166337
v -0.0241718 -0.0212664 0.0165534
v -0.0241893 -0.0212883 0.0164786
v -0.0242172 -0.0213232 0.0164143
v -0.0242535 -0.0213686 0.0163650
v -0.0242958 -0.0214215 0.0163340
v -0.0242856 -0.0214381 0.0169333
v -0.0242338 -0.0214007 0.0169024
v -0.0241893 -0.0213686 0.0168530
v -0.0241552 -0.0213440 0.0167888
v -0.0241337 -0.0213285 0.0167140
v -0.0241264 -0.0213232 0.0166337
v -0.0241337 -0.0213285 0.0165534
v -0.0241552 -0.0213440 0.0164786
v -0.0241893 -0.0213686 0.0164143
v -0.0242338 -0.0214007 0.0163650
v -0.0242856 -0.0214381 0.0163340
v -0.0242792 -0.0214575 0.0169333
v -0.0242214 -0.0214381 0.0169024
v -0.0241718 -0.0214215 0.0168530
v -0.0241337 -0.0214088 0.0167888
v -0.0241097 -0.0214007 0.0167140
v -0.0241016 -0.0213980 0.0166337
v -0.0241097 -0.0214007 0.0165534
v -0.0241337 -0.0214088 0.0164786
v -0.0241718 -0.0214215 0.0164143
v -0.0242214 -0.0214381 0.0163650
v -0.0242792 -0.0214575 0.0163340
v -0.0242770 -0.0214783 0.0169333
v -0.0242172 -0.0214783 0.0169024
v -0.0241658 -0.0214783 0.0168530
v -0.0241264 -0.0214783 0.0167888
v -0.0241016 -0.0214783 0.0167140
v -0.0240931 -0.0214783 0.0166337
v -0.0241016 -0.0214783 0.0165534
v -0.0241264 -0.0214783 0.0164786
v -0.0241658 -0.0214783 0.0164143
v -0.0242172 -0.0214783 0.0163650
v -0.0242770 -0.0214783 0.0163340
v -0.0242792 -0.0214991 0.0169333
v -0.0242214 -0.0215184 0.0169024
v -0.0241718 -0.0215351 0.0168530
v -0.0241337 -0.0215478 0.0167888
v -0.0241097 -0.0215559 0.0167140
v -0.0241016 -0.0215586 0.0166337
v -0.0241097 -0.0215559 0.0165534
v -0.0241337 -0.0215478 0.0164786
v -0.0241718 -0.0215351 0.0164143
v -0.0242214 -0.0215184 0.0163650
v -0.0242792 -0.0214991 0.0163340
v -0.0242856 -0.0215184 0.0169333
v -0.0242338 -0.0215559 0.0169024
v -0.0241893 -0.0215880 0.0168530
v -0.0241552 -0.0216126 0.0167888
v -0.0241337 -0.0216281 0.0167140
v -0.0241264 -0.0216334 0.0166337
v -0.0241337 -0.0216281 0.0165534
v -0.0241552 -0.0216126 0.0164786
v -0.0241893 -0.0215880 0.0164143
v -0.0242338 -0.0215559 0.0163650
v -0.0242856 -0.0215184 0.0163340
v -0.0242958 -0.0215351 0.0169333
v -0.0242535 -0.0215880 0.0169024
v -0.0242172 -0.0216334 0.0168530
v -0.0241893 -0.0216683 0.0167888
v -0.0241718 -0.0216902 0.0167140
v -0.0241658 -0.0216977 0.0166337
v -0.0241718 -0.0216902 0.0165534
v -0.0241893 -0.0216683 0.0164786
v -0.0242172 -0.0216334 0.0164143
v -0.0242535 -0.0215880 0.0163650
v -0.0242958 -0.0215351 0.0163340
v -0.0243091 -0.0215478 0.0169333
v -0.0242792 -0.0216126 0.0169024
v -0.0242535 -0.0216683 0.0168530
v -0.0242338 -0.0217110 0.0167888
v -0.0242214 -0.0217378 0.0167140
v -0.0242172 -0.0217470 0.0166337
v -0.0242214 -0.0217378 0.0165534
v -0.0242338 -0.0217110 0.0164786
v -0.0242535 -0.0216683 0.0164143
v -0.0242792 -0.0216126 0.0163650
v -0.0243091 -0.0215478 0.0163340
v -0.0243246 -0.0215559 0.0169333
v -0.0243091 -0.0216281 0.0169024
v -0.0242958 -0.0216902 0.0168530
v -0.0242856 -0.0217378 0.0167888
v -0.0242792 -0.0217678 0.0167140
v -0.0242770 -0.0217780 0.0166337
v -0.0242792 -0.0217678 0.0165534
v -0.0242856 -0.0217378 0.0164786
v -0.0242958 -0.0216902 0.0164143
v -0.0243091 -0.0216281 0.0163650
v -0.0243246 -0.0215559 0.0163340
v -0.0243412 -0.0215586 0.0169333
v -0.0243412 -0.0216334 0.0169024
v -0.0243412 -0.0216977 0.0168530
v -0.0243412 -0.0217470 0.0167888
v -0.0243412 -0.0217780 0.0167140
v -0.0243412 -0.0217885 0.0166337
v -0.0243412 -0.0217780 0.0165534
v -0.0243412 -0.0217470 0.0164786
v -0.0243412 -0.0216977 0.0164143
v -0.0243412 -0.0216334 0.0163650
v -0.0243412 -0.0215586 0.0163340
v -0.0243412 -0.0214783 0.0169439
v -0.0243578 -0.0215559 0.0169333
v -0.0243733 -0.0216281 0.0169024
v -0.0243866 -0.0216902 0.0168530
v -0.0243968 -0.0217378 0.0167888
v -0.0244032 -0.0217678 0.0167140
v -0.0244054 -0.0217780 0.0166337
v -0.0244032 -0.0217678 0.0165534
v -0.0243968 -0.0217378 0.0164786
v -0.0243866 -0.0216902 0.0164143
v -0.0243733 -0.0216281 0.0163650
v -0.0243578 -0.0215559 0.0163340
v -0.0243733 -0.0215478 0.0169333
v -0.0244032 -0.0216126 0.0169024
v -0.0244289 -0.0216683 0.0168530
v -0.0244486 -0.0217110 0.0167888
v -0.0244610 -0.0217378 0.0167140
v -0.0244653 -0.0217470 0.0166337
v -0.0244610 -0.0217378 0.0165534
v -0.0244486 -0.0217110 0.0164786
v -0.0244289 -0.0216683 0.0164143
v -0.0244032 -0.0216126 0.0163650
v -0.0243733 -0.0215478 0.0163340
v -0.0243866 -0.0215351 0.0169333
v -0.0244289 -0.0215880 0.0169024
v -0.0244653 -0.0216334 0.0168530
v -0.0244931 -0.0216683 0.0167888
v -0.0245107 -0.0216902 0.0167140
v -0.0245166 -0.0216977 0.0166337
v -0.0245107 -0.0216902 0.0165534
v -0.0244931 -0.0216683 0.0164786
v -0.0244653 -0.0216334 0.0164143
v -0.0244289 -0.0215880 0.0163650
v -0.0243866 -0.0215351 0.0163340
v -0.0243412 -0.0214783 0.0163234
v -0.0243968 -0.0215184 0.0169333
v -0.0244486 -0.0215559 0.0169024
v -0.0244931 -0.0215880 0.0168530
v -0.0245273 -0.0216126 0.0167888
v -0.0245488 -0.0216281 0.0167140
v -0.0245561 -0.0216334 0.0166337
v -0.0245488 -0.0216281 0.0165534
v -0.0245273 -0.0216126 0.0164786
v -0.0244931 -0.0215880 0.0164143
v -0.0244486 -0.0215559 0.0163650
v -0.0243968 -0.0215184 0.0163340
v -0.0244032 -0.0214991 0.0169333
v -0.0244610 -0.0215184 0.0169024
v -0.0245107 -0.0215351 0.0168530
v -0.0245488 -0.0215478 0.0167888
v -0.0245727 -0.0215559 0.0167140
v -0.0245809 -0.0215586 0.0166337
v -0.0245727 -0.0215559 0.0165534
v -0.0245488 -0.0215478 0.0164786
v -0.0245107 -0.0215351 0.0164143
v -0.0244610 -0.0215184 0.0163650
v -0.0244032 -0.0214991 0.0163340
v -0.0244054 -0.0214783 0.0169333
v -0.0244653 -0.0214783 0.0169024
v -0.0245166 -0.0214783 0.0168530
v -0.0245561 -0.0214783 0.0167888
v -0.0245809 -0.0214783 0.0167140
v -0.0245893 -0.0214783 0.0166337
v -0.0245809 -0.0214783 0.0165534
v -0.0245561 -0.0214783 0.0164786
v -0.0245166 -0.0214783 0.0164143
v -0.0244653 -0.0214783 0.0163650
v -0.0244054 -0.0214783 0.0163340
v -0.0244032 -0.0214575 0.0169333
v -0.0244610 -0.0214381 0.0169024
v -0.0245107 -0.0214215 0.0168530
v -0.0245488 -0.0214088 0.0167888
v -0.0245727 -0.0214007 0.0167140
v -0.0245809 -0.0213980 0.0166337
v -0.0245727 -0.0214007 0.0165534
v -0.0245488 -0.0214088 0.0164786
v -0.0245107 -0.0214215 0.0164143
v -0.0244610 -0.0214381 0.0163650
v -0.0244032 -0.0214575 0.0163340
v -0.0243968 -0.0214381 0.0169333
v -0.0244486 -0.0214007 0.0169024
v -0.0244931 -0.0213686 0.0168530
v -0.0245273 -0.0213440 0.0167888
v -0.0245488 -0.0213285 0.0167140
v -0.0245561 -0.0213232 0.0166337
v -0.0245488 -0.0213285 0.0165534
v -0.0245273 -0.0213440 0.0164786
v -0.0244931 -0.0213686 0.0164143
v -0.0244486 -0.0214007 0.0163650
v -0.0243968 -0.0214381 0.0163340
v -0.0243866 -0.0214215 0.0169333
v -0.0244289 -0.0213686 0.0169024
v -0.0244653 -0.0213232 0.0168530
v -0.0244931 -0.0212883 0.0167888
v -0.0245107 -0.0212664 0.0167140
v -0.0245166 -0.0212589 0.0166337
v -0.0245107 -0.0212664 0.0165534
v -0.0244931 -0.0212883 0.0164786
v -0.0244653 -0.0213232 0.0164143
v -0.0244289 -0.0213686 0.0163650
v -0.0243866 -0.0214215 0.0163340
v -0.0243733 -0.0214088 0.0169333
v -0.0244032 -0.0213440 0.0169024
v -0.0244289 -0.0212883 0.0168530
v -0.0244486 -0.0212456 0.0167888
v -0.0244610 -0.0212188 0.0167140
v -0.0244653 -0.0212096 0.0166337
v -0.0244610 -0.0212188 0.0165534
v -0.0244486 -0.0212456 0.0164786
v -0.0244289 -0.0212883 0.0164143
v -0.0244032 -0.0213440 0.0163650
v -0.0243733 -0.0214088 0.0163340
v -0.0243578 -0.0214007 0.0169333
v -0.0243733 -0.0213285 0.0169024
v -0.0243866 -0.0212664 0.0168530
v -0.0243968 -0.0212188 0.0167888
v -0.0244032 -0.0211888 0.0167140
v -0.0244054 -0.0211786 0.0166337
v -0.0244032 -0.0211888 0.0165534
v -0.0243968 -0.0212188 0.0164786
v -0.0243866 -0.0212664 0.0164143
v -0.0243733 -0.0213285 0.0163650
v -0.0243578 -0.0214007 0.0163340
v -0.0243412 -0.0213980 0.0169333
v -0.0243412 -0.0213232 0.0169024
v -0.0243412 -0.0211786 0.0167140
v -0.0243412 -0.0211680 0.0166337
v -0.0243412 -0.0211786 0.0165534
v -0.0243412 -0.0212096 0.0164786
v -0.0243412 -0.0212589 0.0164143
v -0.0243412 -0.0213232 0.0163650
v -0.0243412 -0.0213980 0.0163340
v -0.0231561 -0.0212589 0.0157763
v -0.0231561 -0.0212096 0.0157121
v -0.0231395 -0.0214007 0.0158566
v -0.0231240 -0.0213285 0.0158256
v -0.0231107 -0.0212664 0.0157763
v -0.0231005 -0.0212188 0.0157121
v -0.0230941 -0.0211888 0.0156372
v -0.0230919 -0.0211786 0.0155569
v -0.0230941 -0.0211888 0.0154766
v -0.0231005 -0.0212188 0.0154018
v -0.0231107 -0.0212664 0.0153376
v -0.0231240 -0.0213285 0.0152883
v -0.0231395 -0.0214007 0.0152573
v -0.0231240 -0.0214088 0.0158566
v -0.0230941 -0.0213440 0.0158256
v -0.0230684 -0.0212883 0.0157763
v -0.0230487 -0.0212456 0.0157121
v -0.0230363 -0.0212188 0.0156372
v -0.0230321 -0.0212096 0.0155569
v -0.0230363 -0.0212188 0.0154766
v -0.0230487 -0.0212456 0.0154018
v -0.0230684 -0.0212883 0.0153376
v -0.0230941 -0.0213440 0.0152883
v -0.0231240 -0.0214088 0.0152573
v -0.0231107 -0.0214215 0.0158566
v -0.0230684 -0.0213686 0.0158256
v -0.0230321 -0.0213232 0.0157763
v -0.0230042 -0.0212883 0.0157121
v -0.0229867 -0.0212664 0.0156372
v -0.0229807 -0.0212589 0.0155569
v -0.0229867 -0.0212664 0.0154766
v -0.0230042 -0.0212883 0.0154018
v -0.0230321 -0.0213232 0.0153376
v -0.0230684 -0.0213686 0.0152883
v -0.0231107 -0.0214215 0.0152573
v -0.0231005 -0.0214381 0.0158566
v -0.0230487 -0.0214007 0.0158256
v -0.0230042 -0.0213686 0.0157763
v -0.0229700 -0.0213440 0.0157121
v -0.0229486 -0.0213285 0.0156372
v -0.0229413 -0.0213232 0.0155569
v -0.0229486 -0.0213285 0.0154766
v -0.0229700 -0.0213440 0.0154018
v -0.0230042 -0.0213686 0.0153376
v -0.0230487 -0.0214007 0.0152883
v -0.0231005 -0.0214381 0.0152573
v -0.0230941 -0.0214575 0.0158566
v -0.0230363 -0.0214381 0.0158256
v -0.0229867 -0.0214215 0.0157763
v -0.0229486 -0.0214088 0.0157121
v -0.0229246 -0.0214007 0.0156372
v -0.0229165 -0.0213980 0.0155569
v -0.0229246 -0.0214007 0.0154766
v -0.0229486 -0.0214088 0.0154018
v -0.0229867 -0.0214215 0.0153376
v -0.0230363 -0.0214381 0.0152883
v -0.0230941 -0.0214575 0.0152573
v -0.0230919 -0.0214783 0.0158566
v -0.0230321 -0.0214783 0.0158256
v -0.0229807 -0.0214783 0.0157763
v -0.0229413 -0.0214783 0.0157121
v -0.0229165 -0.0214783 0.0156372
v -0.0229080 -0.0214783 0.0155569
v -0.0229165 -0.0214783 0.0154766
v -0.0229413 -0.0214783 0.0154018
v -0.0229807 -0.0214783 0.0153376
v -0.0230321 -0.0214783 0.0152883
v -0.0230919 -0.0214783 0.0152573
v -0.0230941 -0.0214991 0.0158566
v -0.0230363 -0.0215184 0.0158256
v -0.0229867 -0.0215351 0.0157763
v -0.0229486 -0.0215478 0.0157121
v -0.0229246 -0.0215559 0.0156372
v -0.0229165 -0.0215586 0.0155569
v -0.0229246 -0.0215559 0.0154766
v -0.0229486 -0.0215478 0.0154018
v -0.0229867 -0.0215351 0.0153376
v -0.0230363 -0.0215184 0.0152883
v -0.0230941 -0.0214991 0.0152573
v -0.0231005 -0.0215184 0.0158566
v -0.0230487 -0.0215559 0.0158256
v -0.0230042 -0.0215880 0.0157763
v -0.0229700 -0.0216126 0.0157121
v -0.0229486 -0.0216281 0.0156372
v -0.0229413 -0.0216334 0.0155569
v -0.0229486 -0.0216281 0.0154766
v -0.0229700 -0.0216126 0.0154018
v -0.0230042 -0.0215880 0.0153376
v -0.0230487 -0.0215559 0.0152883
v -0.0231005 -0.0215184 0.0152573
v -0.0231107 -0.0215351 0.0158566
v -0.0230684 -0.0215880 0.0158256
v -0.0230321 -0.0216334 0.0157763
v -0.0230042 -0.0216683 0.0157121
v -0.0229867 -0.0216902 0.0156372
v -0.0229807 -0.0216977 0.0155569
v -0.0229867 -0.0216902 0.0154766
v -0.0230042 -0.0216683 0.0154018
v -0.0230321 -0.0216334 0.0153376
v -0.0230684 -0.0215880 0.0152883
v -0.0231107 -0.0215351 0.0152573
v -0.0231240 -0.0215478 0.0158566
v -0.0230941 -0.0216126 0.0158256
v -0.0230684 -0.0216683 0.0157763
v -0.0230487 -0.0217110 0.0157121
v -0.0230363 -0.0217378 0.0156372
v -0.0230321 -0.0217470 0.0155569
v -0.0230363 -0.0217378 0.0154766
v -0.0230487 -0.0217110 0.0154018
v -0.0230684 -0.0216683 0.0153376
v -0.0230941 -0.0216126 0.0152883
v -0.0231240 -0.0215478 0.0152573
v -0.0231395 -0.0215559 0.0158566
v -0.0231240 -0.0216281 0.0158256
v -0.0231107 -0.0216902 0.0157763
v -0.0231005 -0.0217378 0.0157121
v -0.0230941 -0.0217678 0.0156372
v -0.0230919 -0.0217780 0.0155569
v -0.0230941 -0.0217678 0.0154766
v -0.0231005 -0.0217378 0.0154018
v -0.0231107 -0.0216902 0.0153376
v -0.0231240 -0.0216281 0.0152883
v -0.0231395 -0.0215559 0.0152573
v -0.0231561 -0.0215586 0.0158566
v -0.0231561 -0.0216334 0.0158256
v -0.0231561 -0.0216977 0.0157763
v -0.0231561 -0.0217470 0.0157121
v -0.0231561 -0.0217780 0.0156372
v -0.0231561 -0.0217885 0.0155569
v -0.0231561 -0.0217780 0.0154766
v -0.0231561 -0.0217470 0.0154018
v -0.0231561 -0.0216977 0.0153376
v -0.0231561 -0.0216334 0.0152883
v -0.0231561 -0.0215586 0.0152573
v -0.0231561 -0.0214783 0.0158672
v -0.0231727 -0.0215559 0.0158566
v -0.0231882 -0.0216281 0.0158256
v -0.0232015 -0.0216902 0.0157763
v -0.0232117 -0.0217378 0.0157121
v -0.0232181 -0.0217678 0.0156372
v -0.0232203 -0.0217780 0.0155569
v -0.0232181 -0.0217678 0.0154766
v -0.0232117 -0.0217378 0.0154018
v -0.0232015 -0.0216902 0.0153376
v -0.0231882 -0.0216281 0.0152883
v -0.0231727 -0.0215559 0.0152573
v -0.0231882 -0.0215478 0.0158566
v -0.0232181 -0.0216126 0.0158256
v -0.0232438 -0.0216683 0.0157763
v -0.0232635 -0.0217110 0.0157121
v -0.0232759 -0.0217378 0.0156372
v -0.0232802 -0.0217470 0.0155569
v -0.0232759 -0.0217378 0.0154766
v -0.0232635 -0.0217110 0.0154018
v -0.0232438 -0.0216683 0.0153376
v -0.0232181 -0.0216126 0.0152883
v -0.0231882 -0.0215478 0.0152573
v -0.0232015 -0.0215351 0.0158566
v -0.0232438 -0.0215880 0.0158256
v -0.0232802 -0.0216334 0.0157763
v -0.0233080 -0.0216683 0.0157121
v -0.0233256 -0.0216902 0.0156372
v -0.0233315 -0.0216977 0.0155569
v -0.0233256 -0.0216902 0.0154766
v -0.0233080 -0.0216683 0.0154018
v -0.0232802 -0.0216334 0.0153376
v -0.0232438 -0.0215880 0.0152883
v -0.0232015 -0.0215351 0.0152573
v -0.0231561 -0.0214783 0.0152467
v -0.0232117 -0.0215184 0.0158566
v -0.0232635 -0.0215559 0.0158256
v -0.0233080 -0.0215880 0.0157763
v -0.0233422 -0.0216126 0.0157121
v -0.0233636 -0.0216281 0.0156372
v -0.0233710 -0.0216334 0.0155569
v -0.0233636 -0.0216281 0.0154766
v -0.0233422 -0.0216126 0.0154018
v -0.0233080 -0.0215880 0.0153376
v -0.0232635 -0.0215559 0.0152883
v -0.0232117 -0.0215184 0.0152573
v -0.0232181 -0.0214991 0.0158566
v -0.0232759 -0.0215184 0.0158256
v -0.0233256 -0.0215351 0.0157763
v -0.0233636 -0.0215478 0.0157121
v -0.0233876 -0.0215559 0.0156372
v -0.0233957 -0.0215586 0.0155569
v -0.0233876 -0.0215559 0.0154766
v -0.0233636 -0.0215478 0.0154018
v -0.0233256 -0.0215351 0.0153376
v -0.0232759 -0.0215184 0.0152883
v -0.0232181 -0.0214991 0.0152573
v -0.0232203 -0.0214783 0.0158566
v -0.0232802 -0.0214783 0.0158256
v -0.0233315 -0.0214783 0.0157763
v -0.0233710 -0.0214783 0.0157121
v -0.0233957 -0.0214783 0.0156372
v -0.0234042 -0.0214783 0.0155569
v -0.0233957 -0.0214783 0.0154766
v -0.0233710 -0.0214783 0.0154018
v -0.0233315 -0.0214783 0.0153376
v -0.0232802 -0.0214783 0.0152883
v -0.0232203 -0.0214783 0.0152573
v -0.0232181 -0.0214575 0.0158566
v -0.0232759 -0.0214381 0.0158256
v -0.0233256 -0.0214215 0.0157763
v -0.0233636 -0.0214088 0.0157121
v -0.0233876 -0.0214007 0.0156372
v -0.0233957 -0.0213980 0.0155569
v -0.0233876 -0.0214007 0.0154766
v -0.0233636 -0.0214088 0.0154018
v -0.0233256 -0.0214215 0.0153376
v -0.0232759 -0.0214381 0.0152883
v -0.0232181 -0.0214575 0.0152573
v -0.0232117 -0.0214381 0.0158566
v -0.0232635 -0.0214007 0.0158256
v -0.0233080 -0.0213686 0.0157763
v -0.0233422 -0.0213440 0.0157121
v -0.0233636 -0.0213285 0.0156372
v -0.0233710 -0.0213232 0.0155569
v -0.0233636 -0.0213285 0.0154766
v -0.0233422 -0.0213440 0.0154018
v -0.0233080 -0.0213686 0.0153376
v -0.0232635 -0.0214007 0.0152883
v -0.0232117 -0.0214381 0.0152573
v -0.0232015 -0.0214215 0.0158566
v -0.0232438 -0.0213686 0.0158256
v -0.0232802 -0.0213232 0.0157763
v -0.0233080 -0.0212883 0.0157121
v -0.0233256 -0.0212664 0.0156372
v -0.0233315 -0.0212589 0.0155569
v -0.0233256 -0.0212664 0.0154766
v -0.0233080 -0.0212883 0.0154018
v -0.0232802 -0.0213232 0.0153376
v -0.0232438 -0.0213686 0.0152883
v -0.0232015 -0.0214215 0.0152573
v -0.0231882 -0.0214088 0.0158566
v -0.0232181 -0.0213440 0.0158256
v -0.0232438 -0.0212883 0.0157763
v -0.0232635 -0.0212456 0.0157121
v -0.0232759 -0.0212188 0.0156372
v -0.0232802 -0.0212096 0.0155569
v -0.0232759 -0.0212188 0.0154766
v -0.0232635 -0.0212456 0.0154018
v -0.0232438 -0.0212883 0.0153376
v -0.0232181 -0.0213440 0.0152883
v -0.0231882 -0.0214088 0.0152573
v -0.0231727 -0.0214007 0.0158566
v -0.0231882 -0.0213285 0.0158256
v -0.0232015 -0.0212664 0.0157763
v -0.0232117 -0.0212188 0.0157121
v -0.0232181 -0.0211888 0.0156372
v -0.0232203 -0.0211786 0.0155569
v -0.0232181 -0.0211888 0.0154766
v -0.0232117 -0.0212188 0.0154018
v -0.0232015 -0.0212664 0.0153376
v -0.0231882 -0.0213285 0.0152883
v -0.0231727 -0.0214007 0.0152573
v -0.0231561 -0.0213980 0.0158566
v -0.0231561 -0.0213232 0.0158256
v -0.0231561 -0.0211786 0.0156372
v -0.0231561 -0.0211680 0.0155569
v -0.0231561 -0.0211786 0.0154766
v -0.0231561 -0.0212096 0.0154018
v -0.0231561 -0.0212589 0.0153376
v -0.0231561 -0.0213232 0.0152883
v -0.0231561 -0.0213980 0.0152573
v -0.0216912 -0.0212589 0.0157763
v -0.0216912 -0.0212096 0.0157121
v -0.0216746 -0.0214007 0.0158566
v -0.0216591 -0.0213285 0.0158256
v -0.0216458 -0.0212664 0.0157763
v -0.0216356 -0.0212188 0.0157121
v -0.0216292 -0.0211888 0.0156372
v -0.0216270 -0.0211786 0.0155569
v -0.0216292 -0.0211888 0.0154766
v -0.0216356 -0.0212188 0.0154018
v -0.0216458 -0.0212664 0.0153376
v -0.0216591 -0.0213285 0.0152883
v -0.0216746 -0.0214007 0.0152573
v -0.0216591 -0.0214088 0.0158566
v -0.0216292 -0.0213440 0.0158256
v -0.0216035 -0.0212883 0.0157763
v -0.0215838 -0.0212456 0.0157121
v -0.0215714 -0.0212188 0.0156372
v -0.0215672 -0.0212096 0.0155569
v -0.0215714 -0.0212188 0.0154766
v -0.0215838 -0.0212456 0.0154018
v -0.0216035 -0.0212883 0.0153376
v -0.0216292 -0.0213440 0.0152883
v -0.0216591 -0.0214088 0.0152573
v -0.0216458 -0.0214215 0.0158566
v -0.0216035 -0.0213686 0.0158256
v -0.0215672 -0.0213232 0.0157763
v -0.0215393 -0.0212883 0.0157121
v -0.0215218 -0.0212664 0.0156372
v -0.0215158 -0.0212589 0.0155569
v -0.0215218 -0.0212664 0.0154766
v -0.0215393 -0.0212883 0.0154018
v -0.0215672 -0.0213232 0.0153376
v -0.0216035 -0.0213686 0.0152883
v -0.0216458 -0.0214215 0.0152573
v -0.0216356 -0.0214381 0.0158566
v -0.0215838 -0.0214007 0.0158256
v -0.0215393 -0.0213686 0.0157763
v -0.0215052 -0.0213440 0.0157121
v -0.0214837 -0.0213285 0.0156372
v -0.0214764 -0.0213232 0.0155569
v -0.0214837 -0.0213285 0.0154766
v -0.0215052 -0.0213440 0.0154018
v -0.0215393 -0.0213686 0.0153376
v -0.0215838 -0.0214007 0.0152883
v -0.0216356 -0.0214381 0.0152573
v -0.0216292 -0.0214575 0.0158566
v -0.0215714 -0.0214381 0.0158256
v -0.0215218 -0.0214215 0.0157763
v -0.0214837 -0.0214088 0.0157121
v -0.0214598 -0.0214007 0.0156372
v -0.0214516 -0.0213980 0.0155569
v -0.0214598 -0.0214007 0.0154766
v -0.0214837 -0.0214088 0.0154018
v -0.0215218 -0.0214215 0.0153376
v -0.0215714 -0.0214381 0.0152883
v -0.0216292 -0.0214575 0.0152573
v -0.0216270 -0.0214783 0.0158566
v -0.0215672 -0.0214783 0.0158256
v -0.0215158 -0.0214783 0.0157763
v -0.0214764 -0.0214783 0.0157121
v -0.0214516 -0.0214783 0.0156372
v -0.0214431 -0.0214783 0.0155569
v -0.0214516 -0.0214783 0.0154766
v -0.0214764 -0.0214783 0.0154018
v -0.0215158 -0.0214783 0.0153376
v -0.0215672 -0.0214783 0.0152883
v -0.0216270 -0.0214783 0.0152573
v -0.0216292 -0.0214991 0.0158566
v -0.0215714 -0.0215184 0.0158256
v -0.0215218 -0.0215351 0.0157763
v -0.0214837 -0.0215478 0.0157121
v -0.0214598 -0.0215559 0.0156372
v -0.0214516 -0.0215586 0.0155569
v -0.0214598 -0.0215559 0.0154766
v -0.0214837 -0.0215478 0.0154018
v -0.0215218 -0.0215351 0.0153376
v -0.0215714 -0.0215184 0.0152883
v -0.0216292 -0.0214991 0.0152573
v -0.0216356 -0.0215184 0.0158566
v -0.0215838 -0.0215559 0.0158256
v -0.0215393 -0.0215880 0.0157763
v -0.0215052 -0.0216126 0.0157121
v -0.0214837 -0.0216281 0.0156372
v -0.0214764 -0.0216334 0.0155569
v -0.0214837 -0.0216281 0.0154766
v -0.0215052 -0.0216126 0.0154018
v -0.0215393 -0.0215880 0.0153376
v -0.0215838 -0.0215559 0.0152883
v -0.0216356 -0.0215184 0.0152573
v -0.0216458 -0.0215351 0.0158566
v -0.0216035 -0.0215880 0.0158256
v -0.0215672 -0.0216334 0.0157763
v -0.0215393 -0.0216683 0.0157121
v -0.0215218 -0.0216902 0.0156372
v -0.0215158 -0.0216977 0.0155569
v -0.0215218 -0.0216902 0.0154766
v -0.0215393 -0.0216683 0.0154018
v -0.0215672 -0.0216334 0.0153376
v -0.0216035 -0.0215880 0.0152883
v -0.0216458 -0.0215351 0.0152573
v -0.0216591 -0.0215478 0.0158566
v -0.0216292 -0.0216126 0.0158256
v -0.0216035 -0.0216683 0.0157763
v -0.0215838 -0.0217110 0.0157121
v -0.0215714 -0.0217378 0.0156372
v -0.0215672 -0.0217470 0.0155569
v -0.0215714 -0.0217378 0.0154766
v -0.0215838 -0.0217110 0.0154018
v -0.0216035 -0.0216683 0.0153376
v -0.0216292 -0.0216126 0.0152883
v -0.0216591 -0.0215478 0.0152573
v -0.0216746 -0.0215559 0.0158566
v -0.0216591 -0.0216281 0.0158256
v -0.0216458 -0.0216902 0.0157763
v -0.0216356 -0.0217378 0.0157121
v -0.0216292 -0.0217678 0.0156372
v -0.0216270 -0.0217780 0.0155569
v -0.0216292 -0.0217678 0.0154766
v -0.0216356 -0.0217378 0.0154018
v -0.0216458 -0.0216902 0.0153376
v -0.0216591 -0.0216281 0.0152883
v -0.0216746 -0.0215559 0.0152573
v -0.0216912 -0.0215586 0.0158566
v -0.0216912 -0.0216334 0.0158256
v -0.0216912 -0.0216977 0.0157763
v -0.0216912 -0.0217470 0.0157121
v -0.0216912 -0.0217780 0.0156372
v -0.0216912 -0.0217885 0.0155569
v -0.0216912 -0.0217780 0.0154766
v -0.0216912 -0.0217470 0.0154018
v -0.0216912 -0.0216977 0.0153376
v -0.0216912 -0.0216334 0.0152883
v -0.0216912 -0.0215586 0.0152573
v -0.0216912 -0.0214783 0.0158672
v -0.0217078 -0.0215559 0.0158566
v -0.0217233 -0.0216281 0.0158256
v -0.0217366 -0.0216902 0.0157763
v -0.0217468 -0.0217378 0.0157121
v -0.0217532 -0.0217678 0.0156372
v -0.0217554 -0.0217780 0.0155569
v -0.0217532 -0.0217678 0.0154766
v -0.0217468 -0.0217378 0.0154018
v -0.0217366 -0.0216902 0.0153376
v -0.0217233 -0.0216281 0.0152883
v -0.0217078 -0.0215559 0.0152573
v -0.0217233 -0.0215478 0.0158566
v -0.0217532 -0.0216126 0.0158256
v -0.0217789 -0.0216683 0.0157763
v -0.0217986 -0.0217110 0.0157121
v -0.0218110 -0.0217378 0.0156372
v -0.0218153 -0.0217470 0.0155569
v -0.0218110 -0.0217378 0.0154766
v -0.0217986 -0.0217110 0.0154018
v -0.0217789 -0.0216683 0.0153376
v -0.0217532 -0.0216126 0.0152883
v -0.0217233 -0.0215478 0.0152573
v -0.0217366 -0.0215351 0.0158566
v -0.0217789 -0.0215880 0.0158256
v -0.0218153 -0.0216334 0.0157763
v -0.0218431 -0.0216683 0.0157121
v -0.0218607 -0.0216902 0.0156372
v -0.0218667 -0.0216977 0.0155569
v -0.0218607 -0.0216902 0.0154766
v -0.0218431 -0.0216683 0.0154018
v -0.0218153 -0.0216334 0.0153376
v -0.0217789 -0.0215880 0.0152883
v -0.0217366 -0.0215351 0.0152573
v -0.0216912 -0.0214783 0.0152467
v -0.0217468 -0.0215184 0.0158566
v -0.0217986 -0.0215559 0.0158256
v -0.0218431 -0.0215880 0.0157763
v -0.0218773 -0.0216126 0.0157121
v -0.0218988 -0.0216281 0.0156372
v -0.0219061 -0.0216334 0.0155569
v -0.0218988 -0.0216281 0.0154766
v -0.0218773 -0.0216126 0.0154018
v -0.0218431 -0.0215880 0.0153376
v -0.0217986 -0.0215559 0.0152883
v -0.0217468 -0.0215184 0.0152573
v -0.0217532 -0.0214991 0.0158566
v -0.0218110 -0.0215184 0.0158256
v -0.0218607 -0.0215351 0.0157763
v -0.0218988 -0.0215478 0.0157121
v -0.0219227 -0.0215559 0.0156372
v -0.0219309 -0.0215586 0.0155569
v -0.0219227 -0.0215559 0.0154766
v -0.0218988 -0.0215478 0.0154018
v -0.0218607 -0.0215351 0.0153376
v -0.0218110 -0.0215184 0.0152883
v -0.0217532 -0.0214991 0.0152573
v -0.0217554 -0.0214783 0.0158566
v -0.0218153 -0.0214783 0.0158256
v -0.0218667 -0.0214783 0.0157763
v -0.0219061 -0.0214783 0.0157121
v -0.0219309 -0.0214783 0.0156372
v -0.0219393 -0.0214783 0.0155569
v -0.0219309 -0.0214783 0.0154766
v -0.0219061 -0.0214783 0.0154018
v -0.0218667 -0.0214783 0.0153376
v -0.0218153 -0.0214783 0.0152883
v -0.0217554 -0.0214783 0.0152573
v -0.0217532 -0.0214575 0.0158566
v -0.0218110 -0.0214381 0.0158256
v -0.0218607 -0.0214215 0.0157763
v -0.0218988 -0.0214088 0.0157121
v -0.0219227 -0.0214007 0.0156372
v -0.0219309 -0.0213980 0.0155569
v -0.0219227 -0.0214007 0.0154766
v -0.0218988 -0.0214088 0.0154018
v -0.0218607 -0.0214215 0.0153376
v -0.0218110 -0.0214381 0.0152883
v -0.0217532 -0.0214575 0.0152573
v -0.0217468 -0.0214381 0.0158566
v -0.0217986 -0.0214007 0.0158256
v -0.0218431 -0.0213686 0.0157763
v -0.0218773 -0.0213440 0.0157121
v -0.0218988 -0.0213285 0.0156372
v -0.0219061 -0.0213232 0.0155569
v -0.0218988 -0.0213285 0.0154766
v -0.0218773 -0.0213440 0.0154018
v -0.0218431 -0.0213686 0.0153376
v -0.0217986 -0.0214007 0.0152883
v -0.0217468 -0.0214381 0.0152573
v -0.0217366 -0.0214215 0.0158566
v -0.0217789 -0.0213686 0.0158256
v -0.0218153 -0.0213232 0.0157763
v -0.0218431 -0.0212883 0.0157121
v -0.0218607 -0.0212664 0.0156372
v -0.0218667 -0.0212589 0.0155569
v -0.0218607 -0.0212664 0.0154766
v -0.0218431 -0.0212883 0.0154018
v -0.0218153 -0.0213232 0.0153376
v -0.0217789 -0.0213686 0.0152883
v -0.0217366 -0.0214215 0.0152573
v -0.0217233 -0.0214088 0.0158566
v -0.0217532 -0.0213440 0.0158256
v -0.0217789 -0.0212883 0.0157763
v -0.0217986 -0.0212456 0.0157121
v -0.0218110 -0.0212188 0.0156372
v -0.0218153 -0.0212096 0.0155569
v -0.0218110 -0.0212188 0.0154766
v -0.0217986 -0.0212456 0.0154018
v -0.0217789 -0.0212883 0.0153376
v -0.0217532 -0.0213440 0.0152883
v -0.0217233 -0.0214088 0.0152573
v -0.0217078 -0.0214007 0.0158566
v -0.0217233 -0.0213285 0.0158256
v -0.0217366 -0.0212664 0.0157763
v -0.0217468 -0.0212188 0.0157121
v -0.0217532 -0.0211888 0.0156372
v -0.0217554 -0.0211786 0.0155569
v -0.0217532 -0.0211888 0.0154766
v -0.0217468 -0.0212188 0.0154018
v -0.0217366 -0.0212664 0.0153376
v -0.0217233 -0.0213285 0.0152883
v -0.0217078 -0.0214007 0.0152573
v -0.0216912 -0.0213980 0.0158566
v -0.0216912 -0.0213232 0.0158256
v -0.0216912 -0.0211786 0.0156372
v -0.0216912 -0.0211680 0.0155569
v -0.0216912 -0.0211786 0.0154766
v -0.0216912 -0.0212096 0.0154018
v -0.0216912 -0.0212589 0.0153376
v -0.0216912 -0.0213232 0.0152883
v -0.0216912 -0.0213980 0.0152573
v -0.0205061 -0.0212589 0.0168530
v -0.0205061 -0.0212096 0.0167888
v -0.0204895 -0.0214007 0.0169333
v -0.0204740 -0.0213285 0.0169024
v -0.0204607 -0.0212664 0.0168530
v -0.0204505 -0.0212188 0.0167888
v -0.0204441 -0.0211888 0.0167140
v -0.0204419 -0.0211786 0.0166337
v -0.0204441 -0.0211888 0.0165534
v -0.0204505 -0.0212188 0.0164786
v -0.0204607 -0.0212664 0.0164143
v -0.0204740 -0.0213285 0.0163650
v -0.0204895 -0.0214007 0.0163340
v -0.0204740 -0.0214088 0.0169333
v -0.0204441 -0.0213440 0.0169024
v -0.0204184 -0.0212883 0.0168530
v -0.0203987 -0.0212456 0.0167888
v -0.0203863 -0.0212188 0.0167140
v -0.0203821 -0.0212096 0.0166337
v -0.0203863 -0.0212188 0.0165534
v -0.0203987 -0.0212456 0.0164786
v -0.0204184 -0.0212883 0.0164143
v -0.0204441 -0.0213440 0.0163650
v -0.0204740 -0.0214088 0.0163340
v -0.0204607 -0.0214215 0.0169333
v -0.0204184 -0.0213686 0.0169024
v -0.0203821 -0.0213232 0.0168530
v -0.0203542 -0.0212883 0.0167888
v -0.0203367 -0.0212664 0.0167140
v -0.0203307 -0.0212589 0.0166337
v -0.0203367 -0.0212664 0.0165534
v -0.0203542 -0.0212883 0.0164786
v -0.0203821 -0.0213232 0.0164143
v -0.0204184 -0.0213686 0.0163650
v -0.0204607 -0.0214215 0.0163340
v -0.0204505 -0.0214381 0.0169333
v -0.0203987 -0.0214007 0.0169024
v -0.0203542 -0.0213686 0.0168530
v -0.0203200 -0.0213440 0.0167888
v -0.0202986 -0.0213285 0.0167140
v -0.0202913 -0.0213232 0.0166337
v -0.0202986 -0.0213285 0.0165534
v -0.0203200 -0.0213440 0.0164786
v -0.0203542 -0.0213686 0.0164143
v -0.0203987 -0.0214007 0.0163650
v -0.0204505 -0.0214381 0.0163340
v -0.0204441 -0.0214575 0.0169333
v -0.0203863 -0.0214381 0.0169024
v -0.0203367 -0.0214215 0.0168530
v -0.0202986 -0.0214088 0.0167888
v -0.0202746 -0.0214007 0.0167140
v -0.0202665 -0.0213980 0.0166337
v -0.0202746 -0.0214007 0.0165534
v -0.0202986 -0.0214088 0.0164786
v -0.0203367 -0.0214215 0.0164143
v -0.0203863 -0.0214381 0.0163650
v -0.0204441 -0.0214575 0.0163340
v -0.0204419 -0.0214783 0.0169333
v -0.0203821 -0.0214783 0.0169024
v -0.0203307 -0.0214783 0.0168530
v -0.0202913 -0.0214783 0.0167888
v -0.0202665 -0.0214783 0.0167140
v -0.0202580 -0.0214783 0.0166337
v -0.0202665 -0.0214783 0.0165534
v -0.0202913 -0.0214783 0.0164786
v -0.0203307 -0.0214783 0.0164143
v -0.0203821 -0.0214783 0.0163650
v -0.0204419 -0.0214783 0.0163340
v -0.0204441 -0.0214991 0.0169333
v -0.0203863 -0.0215184 0.0169024
v -0.0203367 -0.0215351 0.0168530
v -0.0202986 -0.0215478 0.0167888
v -0.0202746 -0.0215559 0.0167140
v -0.0202665 -0.0215586 0.0166337
v -0.0202746 -0.0215559 0.0165534
v -0.0202986 -0.0215478 0.0164786
v -0.0203367 -0.0215351 0.0164143
v -0.0203863 -0.0215184 0.0163650
v -0.0204441 -0.0214991 0.0163340
v -0.0204505 -0.0215184 0.0169333
v -0.0203987 -0.0215559 0.0169024
v -0.0203542 -0.0215880 0.0168530
v -0.0203200 -0.0216126 0.0167888
v -0.0202986 -0.0216281 0.0167140
v -0.0202913 -0.0216334 0.0166337
v -0.0202986 -0.0216281 0.0165534
v -0.0203200 -0.0216126 0.0164786
v -0.0203542 -0.0215880 0.0164143
v -0.0203987 -0.0215559 0.0163650
v -0.0204505 -0.0215184 0.0163340
v -0.0204607 -0.0215351 0.0169333
v -0.0204184 -0.0215880 0.0169024
v -0.0203821 -0.0216334 0.0168530
v -0.0203542 -0.0216683 0.0167888
v -0.0203367 -0.0216902 0.0167140
v -0.0203307 -0.0216977 0.0166337
v -0.0203367 -0.0216902 0.0165534
v -0.0203542 -0.0216683 0.0164786
v -0.0203821 -0.0216334 0.0164143
v -0.0204184 -0.0215880 0.0163650
v -0.0204607 -0.0215351 0.0163340
v -0.0204740 -0.0215478 0.0169333
v -0.0204441 -0.0216126 0.0169024
v -0.0204184 -0.0216683 0.0168530
v -0.0203987 -0.0217110 0.0167888
v -0.0203863 -0.0217378 0.0167140
v -0.0203821 -0.0217470 0.0166337
v -0.0203863 -0.0217378 0.0165534
v -0.0203987 -0.0217110 0.0164786
v -0.0204184 -0.0216683 0.0164143
v -0.0204441 -0.0216126 0.0163650
v -0.0204740 -0.0215478 0.0163340
v -0.0204895 -0.0215559 0.0169333
v -0.0204740 -0.0216281 0.0169024
v -0.0204607 -0.0216902 0.0168530
v -0.0204505 -0.0217378 0.0167888
v -0.0204441 -0.0217678 0.0167140
v -0.0204419 -0.0217780 0.0166337
v -0.0204441 -0.0217678 0.0165534
v -0.0204505 -0.0217378 0.0164786
v -0.0204607 -0.0216902 0.0164143
v -0.0204740 -0.0216281 0.0163650
v -0.0204895 -0.0215559 0.0163340
v -0.0205061 -0.0215586 0.0169333
v -0.0205061 -0.0216334 0.0169024
v -0.0205061 -0.0216977 0.0168530
v -0.0205061 -0.0217470 0.0167888
v -0.0205061 -0.0217780 0.0167140
v -0.0205061 -0.0217885 0.0166337
v -0.0205061 -0.0217780 0.0165534
v -0.0205061 -0.0217470 0.0164786
v -0.0205061 -0.0216977 0.0164143
v -0.0205061 -0.0216334 0.0163650
v -0.0205061 -0.0215586 0.0163340
v -0.0205061 -0.0214783 0.0169439
v -0.0205227 -0.0215559 0.0169333
v -0.0205382 -0.0216281 0.0169024
v -0.0205515 -0.0216902 0.0168530
v -0.0205617 -0.0217378 0.0167888
v -0.0205681 -0.0217678 0.0167140
v -0.0205703 -0.0217780 0.0166337
v -0.0205681 -0.0217678 0.0165534
v -0.0205617 -0.0217378 0.0164786
v -0.0205515 -0.0216902 0.0164143
v -0.0205382 -0.0216281 0.0163650
v -0.0205227 -0.0215559 0.0163340
v -0.0205382 -0.0215478 0.0169333
v -0.0205681 -0.0216126 0.0169024
v -0.0205938 -0.0216683 0.0168530
v -0.0206135 -0.0217110 0.0167888
v -0.0206259 -0.0217378 0.0167140
v -0.0206302 -0.0217470 0.0166337
v -0.0206259 -0.0217378 0.0165534
v -0.0206135 -0.0217110 0.0164786
v -0.0205938 -0.0216683 0.0164143
v -0.0205681 -0.0216126 0.0163650
v -0.0205382 -0.0215478 0.0163340
v -0.0205515 -0.0215351 0.0169333
v -0.0205938 -0.0215880 0.0169024
v -0.0206302 -0.0216334 0.0168530
v -0.0206580 -0.0216683 0.0167888
v -0.0206756 -0.0216902 0.0167140
v -0.0206815 -0.0216977 0.0166337
v -0.0206756 -0.0216902 0.0165534
v -0.0206580 -0.0216683 0.0164786
v -0.0206302 -0.0216334 0.0164143
v -0.0205938 -0.0215880 0.0163650
v -0.0205515 -0.0215351 0.0163340
v -0.0205061 -0.0214783 0.0163234
v -0.0205617 -0.0215184 0.0169333
v -0.0206135 -0.0215559 0.0169024
v -0.0206580 -0.0215880 0.0168530
v -0.0206922 -0.0216126 0.0167888
v -0.0207136 -0.0216281 0.0167140
v -0.0207210 -0.0216334 0.0166337
v -0.0207136 -0.0216281 0.0165534
v -0.0206922 -0.0216126 0.0164786
v -0.0206580 -0.0215880 0.0164143
v -0.0206135 -0.0215559 0.0163650
v -0.0205617 -0.0215184 0.0163340
v -0.0205681 -0.0214991 0.0169333
v -0.0206259 -0.0215184 0.0169024
v -0.0206756 -0.0215351 0.0168530
v -0.0207136 -0.0215478 0.0167888
v -0.0207376 -0.0215559 0.0167140
v -0.0207457 -0.0215586 0.0166337
v -0.0207376 -0.0215559 0.0165534
v -0.0207136 -0.0215478 0.0164786
v -0.0206756 -0.0215351 0.0164143
v -0.0206259 -0.0215184 0.0163650
v -0.0205681 -0.0214991 0.0163340
v -0.0205703 -0.0214783 0.0169333
v -0.0206302 -0.0214783 0.0169024
v -0.0206815 -0.0214783 0.0168530
v -0.0207210 -0.0214783 0.0167888
v -0.0207457 -0.0214783 0.0167140
v -0.0207542 -0.0214783 0.0166337
v -0.0207457 -0.0214783 0.0165534
v -0.0207210 -0.0214783 0.0164786
v -0.0206815 -0.0214783 0.0164143
v -0.0206302 -0.0214783 0.0163650
v -0.0205703 -0.0214783 0.0163340
v -0.0205681 -0.0214575 0.0169333
v -0.0206259 -0.0214381 0.0169024
v -0.0206756 -0.0214215 0.0168530
v -0.0207136 -0.0214088 0.0167888
v -0.0207376 -0.0214007 0.0167140
v -0.0207457 -0.0213980 0.0166337
v -0.0207376 -0.0214007 0.0165534
v -0.0207136 -0.0214088 0.0164786
v -0.0206756 -0.0214215 0.0164143
v -0.0206259 -0.0214381 0.0163650
v -0.0205681 -0.0214575 0.0163340
v -0.0205617 -0.0214381 0.0169333
v -0.0206135 -0.0214007 0.0169024
v -0.0206580 -0.0213686 0.0168530
v -0.0206922 -0.0213440 0.0167888
v -0.0207136 -0.0213285 0.0167140
v -0.0207210 -0.0213232 0.0166337
v -0.0207136 -0.0213285 0.0165534
v -0.0206922 -0.0213440 0.0164786
v -0.0206580 -0.0213686 0.0164143
v -0.0206135 -0.0214007 0.0163650
v -0.0205617 -0.0214381 0.0163340
v -0.0205515 -0.0214215 0.0169333
v -0.0205938 -0.0213686 0.0169024
v -0.0206302 -0.0213232 0.0168530
v -0.0206580 -0.0212883 0.0167888
v -0.0206756 -0.0212664 0.0167140
v -0.0206815 -0.0212589 0.0166337
v -0.0206756 -0.0212664 0.0165534
v -0.0206580 -0.0212883 0.0164786
v -0.0206302 -0.0213232 0.0164143
v -0.0205938 -0.0213686 0.0163650
v -0.0205515 -0.0214215 0.0163340
v -0.0205382 -0.0214088 0.0169333
v -0.0205681 -0.0213440 0.0169024
v -0.0205938 -0.0212883 0.0168530
v -0.0206135 -0.0212456 0.0167888
v -0.0206259 -0.0212188 0.0167140
v -0.0206302 -0.0212096 0.0166337
v -0.0206259 -0.0212188 0.0165534
v -0.0206135 -0.0212456 0.0164786
v -0.0205938 -0.0212883 0.0164143
v -0.0205681 -0.0213440 0.0163650
v -0.0205382 -0.0214088 0.0163340
v -0.0205227 -0.0214007 0.0169333
v -0.0205382 -0.0213285 0.0169024
v -0.0205515 -0.0212664 0.0168530
v -0.0205617 -0.0212188 0.0167888
v -0.0205681 -0.0211888 0.0167140
v -0.0205703 -0.0211786 0.0166337
v -0.0205681 -0.0211888 0.0165534
v -0.0205617 -0.0212188 0.0164786
v -0.0205515 -0.0212664 0.0164143
v -0.0205382 -0.0213285 0.0163650
v -0.0205227 -0.0214007 0.0163340
v -0.0205061 -0.0213980 0.0169333
v -0.0205061 -0.0213232 0.0169024
v -0.0205061 -0.0211786 0.0167140
v -0.0205061 -0.0211680 0.0166337
v -0.0205061 -0.0211786 0.0165534
v -0.0205061 -0.0212096 0.0164786
v -0.0205061 -0.0212589 0.0164143
v -0.0205061 -0.0213232 0.0163650
v -0.0205061 -0.0213980 0.0163340
v 0.0247939 -0.0212589 0.0185952
v 0.0247939 -0.0212096 0.0185310
v 0.0248105 -0.0214007 0.0186755
v 0.0248260 -0.0213285 0.0186446
v 0.0248393 -0.0212664 0.0185952
v 0.0248495 -0.0212188 0.0185310
v 0.0248559 -0.0211888 0.0184562
v 0.0248581 -0.0211786 0.0183759
v 0.0248559 -0.0211888 0.0182956
v 0.0248495 -0.0212188 0.0182208
v 0.0248393 -0.0212664 0.0181565
v 0.0248260 -0.0213285 0.0181072
v 0.0248105 -0.0214007 0.0180762
v 0.0248260 -0.0214088 0.0186755
v 0.0248559 -0.0213440 0.0186446
v 0.0248816 -0.0212883 0.0185952
v 0.0249013 -0.0212456 0.0185310
v 0.0249137 -0.0212188 0.0184562
v 0.0249179 -0.0212096 0.0183759
v 0.0249137 -0.0212188 0.0182956
v 0.0249013 -0.0212456 0.0182208
v 0.0248816 -0.0212883 0.0181565
v 0.0248559 -0.0213440 0.0181072
v 0.0248260 -0.0214088 0.0180762
v 0.0248393 -0.0214215 0.0186755
v 0.0248816 -0.0213686 0.0186446
v 0.0249179 -0.0213232 0.0185952
v 0.0249458 -0.0212883 0.0185310
v 0.0249633 -0.0212664 0.0184562
v 0.0249693 -0.0212589 0.0183759
v 0.0249633 -0.0212664 0.0182956
v 0.0249458 -0.0212883 0.0182208
v 0.0249179 -0.0213232 0.0181565
v 0.0248816 -0.0213686 0.0181072
v 0.0248393 -0.0214215 0.0180762
v 0.0248495 -0.0214381 0.0186755
v 0.0249013 -0.0214007 0.0186446
v 0.0249458 -0.0213686 0.0185952
v 0.0249800 -0.0213440 0.0185310
v 0.0250014 -0.0213285 0.0184562
v 0.0250087 -0.0213232 0.0183759
v 0.0250014 -0.0213285 0.0182956
v 0.0249800 -0.0213440 0.0182208
v 0.0249458 -0.0213686 0.0181565
v 0.0249013 -0.0214007 0.0181072
v 0.0248495 -0.0214381 0.0180762
v 0.0248559 -0.0214575 0.0186755
v 0.0249137 -0.0214381 0.0186446
v 0.0249633 -0.0214215 0.0185952
v 0.0250014 -0.0214088 0.0185310
v 0.0250254 -0.0214007 0.0184562
v 0.0250335 -0.0213980 0.0183759
v 0.0250254 -0.0214007 0.0182956
v 0.0250014 -0.0214088 0.0182208
v 0.0249633 -0.0214215 0.0181565
v 0.0249137 -0.0214381 0.0181072
v 0.0248559 -0.0214575 0.0180762
v 0.0248581 -0.0214783 0.0186755
v 0.0249179 -0.0214783 0.0186446
v 0.0249693 -0.0214783 0.0185952
v 0.0250087 -0.0214783 0.0185310
v 0.0250335 -0.0214783 0.0184562
v 0.0250420 -0.0214783 0.0183759
v 0.0250335 -0.0214783 0.0182956
v 0.0250087 -0.0214783 0.0182208
v 0.0249693 -0.0214783 0.0181565
v 0.0249179 -0.0214783 0.0181072
v 0.0248581 -0.0214783 0.0180762
v 0.0248559 -0.0214991 0.0186755
v 0.0249137 -0.0215184 0.0186446
v 0.0249633 -0.0215351 0.0185952
v 0.0250014 -0.0215478 0.0185310
v 0.0250254 -0.0215559 0.0184562
v 0.0250335 -0.0215586 0.0183759
v 0.0250254 -0.0215559 0.0182956
v 0.0250014 -0.0215478 0.0182208
v 0.0249633 -0.0215351 0.0181565
v 0.0249137 -0.0215184 0.0181072
v 0.0248559 -0.0214991 0.0180762
v 0.0248495 -0.0215184 0.0186755
v 0.0249013 -0.0215559 0.0186446
v 0.0249458 -0.0215880 0.0185952
v 0.0249800 -0.0216126 0.0185310
v 0.0250014 -0.0216281 0.0184562
v 0.0250087 -0.0216334 0.0183759
v 0.0250014 -0.0216281 0.0182956
v 0.0249800 -0.0216126 0.0182208
v 0.0249458 -0.0215880 0.0181565
v 0.0249013 -0.0215559 0.0181072
v 0.0248495 -0.0215184 0.0180762
v 0.0248393 -0.0215351 0.0186755
v 0.0248816 -0.0215880 0.0186446
v 0.0249179 -0.0216334 0.0185952
v 0.0249458 -0.0216683 0.0185310
v 0.0249633 -0.0216902 0.0184562
v 0.0249693 -0.0216977 0.0183759
v 0.0249633 -0.0216902 0.0182956
v 0.0249458 -0.0216683 0.0182208
v 0.0249179 -0.0216334 0.0181565
v 0.0248816 -0.0215880 0.0181072
v 0.0248393 -0.0215351 0.0180762
v 0.0248260 -0.0215478 0.0186755
v 0.0248559 -0.0216126 0.0186446
v 0.0248816 -0.0216683 0.0185952
v 0.0249013 -0.0217110 0.0185310
v 0.0249137 -0.0217378 0.0184562
v 0.0249179 -0.0217470 0.0183759
v 0.0249137 -0.0217378 0.0182956
v 0.0249013 -0.0217110 0.0182208
v 0.0248816 -0.0216683 0.0181565
v 0.0248559 -0.0216126 0.0181072
v 0.0248260 -0.0215478 0.0180762
v 0.0248105 -0.0215559 0.0186755
v 0.0248260 -0.0216281 0.0186446
v 0.0248393 -0.0216902 0.0185952
v 0.0248495 -0.0217378 0.0185310
v 0.0248559 -0.0217678 0.0184562
v 0.0248581 -0.0217780 0.0183759
v 0.0248559 -0.0217678 0.0182956
v 0.0248495 -0.0217378 0.0182208
v 0.0248393 -0.0216902 0.0181565
v 0.0248260 -0.0216281 0.0181072
v 0.0248105 -0.0215559 0.0180762
v 0.0247939 -0.0215586 0.0186755
v 0.0247939 -0.0216334 0.0186446
v 0.0247939 -0.0216977 0.0185952
v 0.0247939 -0.0217470 0.0185310
v 0.0247939 -0.0217780 0.0184562
v 0.0247939 -0.0217885 0.0183759
v 0.0247939 -0.0217780 0.0182956
v 0.0247939 -0.0217470 0.0182208
v 0.0247939 -0.0216977 0.0181565
v 0.0247939 -0.0216334 0.0181072
v 0.0247939 -0.0215586 0.0180762
v 0.0247939 -0.0214783 0.0186861
v 0.0247773 -0.0215559 0.0186755
v 0.0247618 -0.0216281 0.0186446
v 0.0247485 -0.0216902 0.0185952
v 0.0247383 -0.0217378 0.0185310
v 0.0247319 -0.0217678 0.0184562
v 0.0247297 -0.0217780 0.0183759
v 0.0247319 -0.0217678 0.0182956
v 0.0247383 -0.0217378 0.0182208
v 0.0247485 -0.0216902 0.0181565
v 0.0247618 -0.0216281 0.0181072
v 0.0247773 -0.0215559 0.0180762
v 0.0247618 -0.0215478 0.0186755
v 0.0247319 -0.0216126 0.0186446
v 0.0247062 -0.0216683 0.0185952
v 0.0246865 -0.0217110 0.0185310
v 0.0246741 -0.0217378 0.0184562
v 0.0246698 -0.0217470 0.0183759
v 0.0246741 -0.0217378 0.0182956
v 0.0246865 -0.0217110 0.0182208
v 0.0247062 -0.0216683 0.0181565
v 0.0247319 -0.0216126 0.0181072
v 0.0247618 -0.0215478 0.0180762
v 0.0247485 -0.0215351 0.0186755
v 0.0247062 -0.0215880 0.0186446
v 0.0246698 -0.0216334 0.0185952
v 0.0246420 -0.0216683 0.0185310
v 0.0246244 -0.0216902 0.0184562
v 0.0246185 -0.0216977 0.0183759
v 0.0246244 -0.0216902 0.0182956
v 0.0246420 -0.0216683 0.0182208
v 0.0246698 -0.0216334 0.0181565
v 0.0247062 -0.0215880 0.0181072
v 0.0247485 -0.0215351 0.0180762
v 0.0247939 -0.0214783 0.0180656
v 0.0247383 -0.0215184 0.0186755
v 0.0246865 -0.0215559 0.0186446
v 0.0246420 -0.0215880 0.0185952
v 0.0246078 -0.0216126 0.0185310
v 0.0245864 -0.0216281 0.0184562
v 0.0245790 -0.0216334 0.0183759
v 0.0245864 -0.0216281 0.0182956
v 0.0246078 -0.0216126 0.0182208
v 0.0246420 -0.0215880 0.0181565
v 0.0246865 -0.0215559 0.0181072
v 0.0247383 -0.0215184 0.0180762
v 0.0247319 -0.0214991 0.0186755
v 0.0246741 -0.0215184 0.0186446
v 0.0246244 -0.0215351 0.0185952
v 0.0245864 -0.0215478 0.0185310
v 0.0245624 -0.0215559 0.0184562
v 0.0245543 -0.0215586 0.0183759
v 0.0245624 -0.0215559 0.0182956
v 0.0245864 -0.0215478 0.0182208
v 0.0246244 -0.0215351 0.0181565
v 0.0246741 -0.0215184 0.0181072
v 0.0247319 -0.0214991 0.0180762
v 0.0247297 -0.0214783 0.0186755
v 0.0246698 -0.0214783 0.0186446
v 0.0246185 -0.0214783 0.0185952
v 0.0245790 -0.0214783 0.0185310
v 0.0245543 -0.0214783 0.0184562
v 0.0245458 -0.0214783 0.0183759
v 0.0245543 -0.0214783 0.0182956
v 0.0245790 -0.0214783 0.0182208
v 0.0246185 -0.0214783 0.0181565
v 0.0246698 -0.0214783 0.0181072
v 0.0247297 -0.0214783 0.0180762
v 0.0247319 -0.0214575 0.0186755
v 0.0246741 -0.0214381 0.0186446
v 0.0246244 -0.0214215 0.0185952
v 0.0245864 -0.0214088 0.0185310
v 0.0245624 -0.0214007 0.0184562
v 0.0245543 -0.0213980 0.0183759
v 0.0245624 -0.0214007 0.0182956
v 0.0245864 -0.0214088 0.0182208
v 0.0246244 -0.0214215 0.0181565
v 0.0246741 -0.0214381 0.0181072
v 0.0247319 -0.0214575 0.0180762
v 0.0247383 -0.0214381 0.0186755
v 0.0246865 -0.0214007 0.0186446
v 0.0246420 -0.0213686 0.0185952
v 0.0246078 -0.0213440 0.0185310
v 0.0245864 -0.0213285 0.0184562
v 0.0245790 -0.0213232 0.0183759
v 0.0245864 -0.0213285 0.0182956
v 0.0246078 -0.0213440 0.0182208
v 0.0246420 -0.0213686 0.0181565
v 0.0246865 -0.0214007 0.0181072
v 0.0247383 -0.0214381 0.0180762
v 0.0247485 -0.0214215 0.0186755
v 0.0247062 -0.0213686 0.0186446
v 0.0246698 -0.0213232 0.0185952
v 0.0246420 -0.0212883 0.0185310
v 0.0246244 -0.0212664 0.0184562
v 0.0246185 -0.0212589 0.0183759
v 0.0246244 -0.0212664 0.0182956
v 0.0246420 -0.0212883 0.0182208
v 0.0246698 -0.0213232 0.0181565
v 0.0247062 -0.0213686 0.0181072
v 0.0247485 -0.0214215 0.0180762
v 0.0247618 -0.0214088 0.0186755
v 0.0247319 -0.0213440 0.0186446
v 0.0247062 -0.0212883 0.0185952
v 0.0246865 -0.0212456 0.0185310
v 0.0246741 -0.0212188 0.0184562
v 0.0246698 -0.0212096 0.0183759
v 0.0246741 -0.0212188 0.0182956
v 0.0246865 -0.0212456 0.0182208
v 0.0247062 -0.0212883 0.0181565
v 0.0247319 -0.0213440 0.0181072
v 0.0247618 -0.0214088 0.0180762
v 0.0247773 -0.0214007 0.0186755
v 0.0247618 -0.0213285 0.0186446
v 0.0247485 -0.0212664 0.0185952
v 0.0247383 -0.0212188 0.0185310
v 0.0247319 -0.0211888 0.0184562
v 0.0247297 -0.0211786 0.0183759
v 0.0247319 -0.0211888 0.0182956
v 0.0247383 -0.0212188 0.0182208
v 0.0247485 -0.0212664 0.0181565
v 0.0247618 -0.0213285 0.0181072
v 0.0247773 -0.0214007 0.0180762
v 0.0247939 -0.0213980 0.0186755
v 0.0247939 -0.0213232 0.0186446
v 0.0247939 -0.0211786 0.0184562
v 0.0247939 -0.0211680 0.0183759
v 0.0247939 -0.0211786 0.0182956
v 0.0247939 -0.0212096 0.0182208
v 0.0247939 -0.0212589 0.0181565
v 0.0247939 -0.0213232 0.0181072
v 0.0247939 -0.0213980 0.0180762
v 0.0243412 -0.0212589 0.0203374
v 0.0243412 -0.0212096 0.0202732
v 0.0243578 -0.0214007 0.0204177
v 0.0243733 -0.0213285 0.0203867
v 0.0243866 -0.0212664 0.0203374
v 0.0243968 -0.0212188 0.0202732
v 0.0244032 -0.0211888 0.0201984
v 0.0244054 -0.0211786 0.0201181
v 0.0244032 -0.0211888 0.0200378
v 0.0243968 -0.0212188 0.0199630
v 0.0243866 -0.0212664 0.0198987
v 0.0243733 -0.0213285 0.0198494
v 0.0243578 -0.0214007 0.0198184
v 0.0243733 -0.0214088 0.0204177
v 0.0244032 -0.0213440 0.0203867
v 0.0244289 -0.0212883 0.0203374
v 0.0244486 -0.0212456 0.0202732
v 0.0244610 -0.0212188 0.0201984
v 0.0244653 -0.0212096 0.0201181
v 0.0244610 -0.0212188 0.0200378
v 0.0244486 -0.0212456 0.0199630
v 0.0244289 -0.0212883 0.0198987
v 0.0244032 -0.0213440 0.0198494
v 0.0243733 -0.0214088 0.0198184
v 0.0243866 -0.0214215 0.0204177
v 0.0244289 -0.0213686 0.0203867
v 0.0244653 -0.0213232 0.0203374
v 0.0244931 -0.0212883 0.0202732
v 0.0245107 -0.0212664 0.0201984
v 0.0245166 -0.0212589 0.0201181
v 0.0245107 -0.0212664 0.0200378
v 0.0244931 -0.0212883 0.0199630
v 0.0244653 -0.0213232 0.0198987
v 0.0244289 -0.0213686 0.0198494
v 0.0243866 -0.0214215 0.0198184
v 0.0243968 -0.0214381 0.0204177
v 0.0244486 -0.0214007 0.0203867
v 0.0244931 -0.0213686 0.0203374
v 0.0245273 -0.0213440 0.0202732
v 0.0245488 -0.0213285 0.0201984
v 0.0245561 -0.0213232 0.0201181
v 0.0245488 -0.0213285 0.0200378
v 0.0245273 -0.0213440 0.0199630
v 0.0244931 -0.0213686 0.0198987
v 0.0244486 -0.0214007 0.0198494
v 0.0243968 -0.0214381 0.0198184
v 0.0244032 -0.0214575 0.0204177
v 0.0244610 -0.0214381 0.0203867
v 0.0245107 -0.0214215 0.0203374
v 0.0245488 -0.0214088 0.0202732
v 0.0245727 -0.0214007 0.0201984
v 0.0245809 -0.0213980 0.0201181
v 0.0245727 -0.0214007 0.0200378
v 0.0245488 -0.0214088 0.0199630
v 0.0245107 -0.0214215 0.0198987
v 0.0244610 -0.0214381 0.0198494
v 0.0244032 -0.0214575 0.0198184
v 0.0244054 -0.0214783 0.0204177
v 0.0244653 -0.0214783 0.0203867
v 0.0245166 -0.0214783 0.0203374
v 0.0245561 -0.0214783 0.0202732
v 0.0245809 -0.0214783 0.0201984
v 0.0245893 -0.0214783 0.0201181
v 0.0245809 -0.0214783 0.0200378
v 0.0245561 -0.0214783 0.0199630
v 0.0245166 -0.0214783 0.0198987
v 0.0244653 -0.0214783 0.0198494
v 0.0244054 -0.0214783 0.0198184
v 0.0244032 -0.0214991 0.0204177
v 0.0244610 -0.0215184 0.0203867
v 0.0245107 -0.0215351 0.0203374
v 0.0245488 -0.0215478 0.0202732
v 0.0245727 -0.0215559 0.0201984
v 0.0245809 -0.0215586 0.0201181
v 0.0245727 -0.0215559 0.0200378
v 0.0245488 -0.0215478 0.0199630
v 0.0245107 -0.0215351 0.0198987
v 0.0244610 -0.0215184 0.0198494
v 0.0244032 -0.0214991 0.0198184
v 0.0243968 -0.0215184 0.0204177
v 0.0244486 -0.0215559 0.0203867
v 0.0244931 -0.0215880 0.0203374
v 0.0245273 -0.0216126 0.0202732
v 0.0245488 -0.0216281 0.0201984
v 0.0245561 -0.0216334 0.0201181
v 0.0245488 -0.0216281 0.0200378
v 0.0245273 -0.0216126 0.0199630
v 0.0244931 -0.0215880 0.0198987
v 0.0244486 -0.0215559 0.0198494
v 0.0243968 -0.0215184 0.0198184
v 0.0243866 -0.0215351 0.0204177
v 0.0244289 -0.0215880 0.0203867
v 0.0244653 -0.0216334 0.0203374
v 0.0244931 -0.0216683 0.0202732
v 0.0245107 -0.0216902 0.0201984
v 0.0245166 -0.0216977 0.0201181
v 0.0245107 -0.0216902 0.0200378
v 0.0244931 -0.0216683 0.0199630
v 0.0244653 -0.0216334 0.0198987
v 0.0244289 -0.0215880 0.0198494
v 0.0243866 -0.0215351 0.0198184
v 0.0243733 -0.0215478 0.0204177
v 0.0244032 -0.0216126 0.0203867
v 0.0244289 -0.0216683 0.0203374
v 0.0244486 -0.0217110 0.0202732
v 0.0244610 -0.0217378 0.0201984
v 0.0244653 -0.0217470 0.0201181
v 0.0244610 -0.0217378 0.0200378
v 0.0244486 -0.0217110 0.0199630
v 0.0244289 -0.0216683 0.0198987
v 0.0244032 -0.0216126 0.0198494
v 0.0243733 -0.0215478 0.0198184
v 0.0243578 -0.0215559 0.0204177
v 0.0243733 -0.0216281 0.0203867
v 0.0243866 -0.0216902 0.0203374
v 0.0243968 -0.0217378 0.0202732
v 0.0244032 -0.0217678 0.0201984
v 0.0244054 -0.0217780 0.0201181
v 0.0244032 -0.0217678 0.0200378
v 0.0243968 -0.0217378 0.0199630
v 0.0243866 -0.0216902 0.0198987
v 0.0243733 -0.0216281 0.0198494
v 0.0243578 -0.0215559 0.0198184
v 0.0243412 -0.0215586 0.0204177
v 0.0243412 -0.0216334 0.0203867
v 0.0243412 -0.0216977 0.0203374
v 0.0243412 -0.0217470 0.0202732
v 0.0243412 -0.0217780 0.0201984
v 0.0243412 -0.0217885 0.0201181
v 0.0243412 -0.0217780 0.0200378
v 0.0243412 -0.0217470 0.0199630
v 0.0243412 -0.0216977 0.0198987
v 0.0243412 -0.0216334 0.0198494
v 0.0243412 -0.0215586 0.0198184
v 0.0243412 -0.0214783 0.0204283
v 0.0243246 -0.0215559 0.0204177
v 0.0243091 -0.0216281 0.0203867
v 0.0242958 -0.0216902 0.0203374
v 0.0242856 -0.0217378 0.0202732
v 0.0242792 -0.0217678 0.0201984
v 0.0242770 -0.0217780 0.0201181
v 0.0242792 -0.0217678 0.0200378
v 0.0242856 -0.0217378 0.0199630
v 0.0242958 -0.0216902 0.0198987
v 0.0243091 -0.0216281 0.0198494
v 0.0243246 -0.0215559 0.0198184
v 0.0243091 -0.0215478 0.0204177
v 0.0242792 -0.0216126 0.0203867
v 0.0242535 -0.0216683 0.0203374
v 0.0242338 -0.0217110 0.0202732
v 0.0242214 -0.0217378 0.0201984
v 0.0242172 -0.0217470 0.0201181
v 0.0242214 -0.0217378 0.0200378
v 0.0242338 -0.0217110 0.0199630
v 0.0242535 -0.0216683 0.0198987
v 0.0242792 -0.0216126 0.0198494
v 0.0243091 -0.0215478 0.0198184
v 0.0242958 -0.0215351 0.0204177
v 0.0242535 -0.0215880 0.0203867
v 0.0242172 -0.0216334 0.0203374
v 0.0241893 -0.0216683 0.0202732
v 0.0241718 -0.0216902 0.0201984
v 0.0241658 -0.0216977 0.0201181
v 0.0241718 -0.0216902 0.0200378
v 0.0241893 -0.0216683 0.0199630
v 0.0242172 -0.0216334 0.0198987
v 0.0242535 -0.0215880 0.0198494
v 0.0242958 -0.0215351 0.0198184
v 0.0243412 -0.0214783 0.0198078
v 0.0242856 -0.0215184 0.0204177
v 0.0242338 -0.0215559 0.0203867
v 0.0241893 -0.0215880 0.0203374
v 0.0241552 -0.0216126 0.0202732
v 0.0241337 -0.0216281 0.0201984
v 0.0241264 -0.0216334 0.0201181
v 0.0241337 -0.0216281 0.0200378
v 0.0241552 -0.0216126 0.0199630
v 0.0241893 -0.0215880 0.0198987
v 0.0242338 -0.0215559 0.0198494
v 0.0242856 -0.0215184 0.0198184
v 0.0242792 -0.0214991 0.0204177
v 0.0242214 -0.0215184 0.0203867
v 0.0241718 -0.0215351 0.0203374
v 0.0241337 -0.0215478 0.0202732
v 0.0241097 -0.0215559 0.0201984
v 0.0241016 -0.0215586 0.0201181
v 0.0241097 -0.0215559 0.0200378
v 0.0241337 -0.0215478 0.0199630
v 0.0241718 -0.0215351 0.0198987
v 0.0242214 -0.0215184 0.0198494
v 0.0242792 -0.0214991 0.0198184
v 0.0242770 -0.0214783 0.0204177
v 0.0242172 -0.0214783 0.0203867
v 0.0241658 -0.0214783 0.0203374
v 0.0241264 -0.0214783 0.0202732
v 0.0241016 -0.0214783 0.0201984
v 0.0240931 -0.0214783 0.0201181
v 0.0241016 -0.0214783 0.0200378
v 0.0241264 -0.0214783 0.0199630
v 0.0241658 -0.0214783 0.0198987
v 0.0242172 -0.0214783 0.0198494
v 0.0242770 -0.0214783 0.0198184
v 0.0242792 -0.0214575 0.0204177
v 0.0242214 -0.0214381 0.0203867
v 0.0241718 -0.0214215 0.0203374
v 0.0241337 -0.0214088 0.0202732
v 0.0241097 -0.0214007 0.0201984
v 0.0241016 -0.0213980 0.0201181
v 0.0241097 -0.0214007 0.0200378
v 0.0241337 -0.0214088 0.0199630
v 0.0241718 -0.0214215 0.0198987
v 0.0242214 -0.0214381 0.0198494
v 0.0242792 -0.0214575 0.0198184
v 0.0242856 -0.0214381 0.0204177
v 0.0242338 -0.0214007 0.0203867
v 0.0241893 -0.0213686 0.0203374
v 0.0241552 -0.0213440 0.0202732
v 0.0241337 -0.0213285 0.0201984
v 0.0241264 -0.0213232 0.0201181
v 0.0241337 -0.0213285 0.0200378
v 0.0241552 -0.0213440 0.0199630
v 0.0241893 -0.0213686 0.0198987
v 0.0242338 -0.0214007 0.0198494
v 0.0242856 -0.0214381 0.0198184
v 0.0242958 -0.0214215 0.0204177
v 0.0242535 -0.0213686 0.0203867
v 0.0242172 -0.0213232 0.0203374
v 0.0241893 -0.0212883 0.0202732
v 0.0241718 -0.0212664 0.0201984
v 0.0241658 -0.0212589 0.0201181
v 0.0241718 -0.0212664 0.0200378
v 0.0241893 -0.0212883 0.0199630
v 0.0242172 -0.0213232 0.0198987
v 0.0242535 -0.0213686 0.0198494
v 0.0242958 -0.0214215 0.0198184
v 0.0243091 -0.0214088 0.0204177
v 0.0242792 -0.0213440 0.0203867
v 0.0242535 -0.0212883 0.0203374
v 0.0242338 -0.0212456 0.0202732
v 0.0242214 -0.0212188 0.0201984
v 0.0242172 -0.0212096 0.0201181
v 0.0242214 -0.0212188 0.0200378
v 0.0242338 -0.0212456 0.0199630
v 0.0242535 -0.0212883 0.0198987
v 0.0242792 -0.0213440 0.0198494
v 0.0243091 -0.0214088 0.0198184
v 0.0243246 -0.0214007 0.0204177
v 0.0243091 -0.0213285 0.0203867
v 0.0242958 -0.0212664 0.0203374
v 0.0242856 -0.0212188 0.0202732
v 0.0242792 -0.0211888 0.0201984
v 0.0242770 -0.0211786 0.0201181
v 0.0242792 -0.0211888 0.0200378
v 0.0242856 -0.0212188 0.0199630
v 0.0242958 -0.0212664 0.0198987
v 0.0243091 -0.0213285 0.0198494
v 0.0243246 -0.0214007 0.0198184
v 0.0243412 -0.0213980 0.0204177
v 0.0243412 -0.0213232 0.0203867
v 0.0243412 -0.0211786 0.0201984
v 0.0243412 -0.0211680 0.0201181
v 0.0243412 -0.0211786 0.0200378
v 0.0243412 -0.0212096 0.0199630
v 0.0243412 -0.0212589 0.0198987
v 0.0243412 -0.0213232 0.0198494
v 0.0243412 -0.0213980 0.0198184
v 0.0231561 -0.0212589 0.0214142
v 0.0231561 -0.0212096 0.0213499
v 0.0231727 -0.0214007 0.0214945
v 0.0231882 -0.0213285 0.0214635
v 0.0232015 -0.0212664 0.0214142
v 0.0232117 -0.0212188 0.0213499
v 0.0232181 -0.0211888 0.0212751
v 0.0232203 -0.0211786 0.0211948
v 0.0232181 -0.0211888 0.0211145
v 0.0232117 -0.0212188 0.0210397
v 0.0232015 -0.0212664 0.0209754
v 0.0231882 -0.0213285 0.0209261
v 0.0231727 -0.0214007 0.0208951
v 0.0231882 -0.0214088 0.0214945
v 0.0232181 -0.0213440 0.0214635
v 0.0232438 -0.0212883 0.0214142
v 0.0232635 -0.0212456 0.0213499
v 0.0232759 -0.0212188 0.0212751
v 0.0232802 -0.0212096 0.0211948
v 0.0232759 -0.0212188 0.0211145
v 0.0232635 -0.0212456 0.0210397
v 0.0232438 -0.0212883 0.0209754
v 0.0232181 -0.0213440 0.0209261
v 0.0231882 -0.0214088 0.0208951
v 0.0232015 -0.0214215 0.0214945
v 0.0232438 -0.0213686 0.0214635
v 0.0232802 -0.0213232 0.0214142
v 0.0233080 -0.0212883 0.0213499
v 0.0233256 -0.0212664 0.0212751
v 0.0233315 -0.0212589 0.0211948
v 0.0233256 -0.0212664 0.0211145
v 0.0233080 -0.0212883 0.0210397
v 0.0232802 -0.0213232 0.0209754
v 0.0232438 -0.0213686 0.0209261
v 0.0232015 -0.0214215 0.0208951
v 0.0232117 -0.0214381 0.0214945
v 0.0232635 -0.0214007 0.0214635
v 0.0233080 -0.0213686 0.0214142
v 0.0233422 -0.0213440 0.0213499
v 0.0233636 -0.0213285 0.0212751
v 0.0233710 -0.0213232 0.0211948
v 0.0233636 -0.0213285 0.0211145
v 0.0233422 -0.0213440 0.0210397
v 0.0233080 -0.0213686 0.0209754
v 0.0232635 -0.0214007 0.0209261
v 0.0232117 -0.0214381 0.0208951
v 0.0232181 -0.0214575 0.0214945
v 0.0232759 -0.0214381 0.0214635
v 0.0233256 -0.0214215 0.0214142
v 0.0233636 -0.0214088 0.0213499
v 0.0233876 -0.0214007 0.0212751
v 0.0233957 -0.0213980 0.0211948
v 0.0233876 -0.0214007 0.0211145
v 0.0233636 -0.0214088 0.0210397
v 0.0233256 -0.0214215 0.0209754
v 0.0232759 -0.0214381 0.0209261
v 0.0232181 -0.0214575 0.0208951
v 0.0232203 -0.0214783 0.0214945
v 0.0232802 -0.0214783 0.0214635
v 0.0233315 -0.0214783 0.0214142
v 0.0233710 -0.0214783 0.0213499
v 0.0233957 -0.0214783 0.0212751
v 0.0234042 -0.0214783 0.0211948
v 0.0233957 -0.0214783 0.0211145
v 0.0233710 -0.0214783 0.0210397
v 0.0233315 -0.0214783 0.0209754
v 0.0232802 -0.0214783 0.0209261
v 0.0232203 -0.0214783 0.0208951
v 0.0232181 -0.0214991 0.0214945
v 0.0232759 -0.0215184 0.0214635
v 0.0233256 -0.0215351 0.0214142
v 0.0233636 -0.0215478 0.0213499
v 0.0233876 -0.0215559 0.0212751
v 0.0233957 -0.0215586 0.0211948
v 0.0233876 -0.0215559 0.0211145
v 0.0233636 -0.0215478 0.0210397
v 0.0233256 -0.0215351 0.0209754
v 0.0232759 -0.0215184 0.0209261
v 0.0232181 -0.0214991 0.0208951
v 0.0232117 -0.0215184 0.0214945
v 0.0232635 -0.0215559 0.0214635
v 0.0233080 -0.0215880 0.0214142
v 0.0233422 -0.0216126 0.0213499
v 0.0233636 -0.0216281 0.0212751
v 0.0233710 -0.0216334 0.0211948
v 0.0233636 -0.0216281 0.0211145
v 0.0233422 -0.0216126 0.0210397
v 0.0233080 -0.0215880 0.0209754
v 0.0232635 -0.0215559 0.0209261
v 0.0232117 -0.0215184 0.0208951
v 0.0232015 -0.0215351 0.0214945
v 0.0232438 -0.0215880 0.0214635
v 0.0232802 -0.0216334 0.0214142
v 0.0233080 -0.0216683 0.0213499
v 0.0233256 -0.0216902 0.0212751
v 0.0233315 -0.0216977 0.0211948
v 0.0233256 -0.0216902 0.0211145
v 0.0233080 -0.0216683 0.0210397
v 0.0232802 -0.0216334 0.0209754
v 0.0232438 -0.0215880 0.0209261
v 0.0232015 -0.0215351 0.0208951
v 0.0231882 -0.0215478 0.0214945
v 0.0232181 -0.0216126 0.0214635
v 0.0232438 -0.0216683 0.0214142
v 0.0232635 -0.0217110 0.0213499
v 0.0232759 -0.0217378 0.0212751
v 0.0232802 -0.0217470 0.0211948
v 0.0232759 -0.0217378 0.0211145
v 0.0232635 -0.0217110 0.0210397
v 0.0232438 -0.0216683 0.0209754
v 0.0232181 -0.0216126 0.0209261
v 0.0231882 -0.0215478 0.0208951
v 0.0231727 -0.0215559 0.0214945
v 0.0231882 -0.0216281 0.0214635
v 0.0232015 -0.0216902 0.0214142
v 0.0232117 -0.0217378 0.0213499
v 0.0232181 -0.0217678 0.0212751
v 0.0232203 -0.0217780 0.0211948
v 0.0232181 -0.0217678 0.0211145
v 0.0232117 -0.0217378 0.0210397
v 0.0232015 -0.0216902 0.0209754
v 0.0231882 -0.0216281 0.0209261
v 0.0231727 -0.0215559 0.0208951
v 0.0231561 -0.0215586 0.0214945
v 0.0231561 -0.0216334 0.0214635
v 0.0231561 -0.0216977 0.0214142
v 0.0231561 -0.0217470 0.0213499
v 0.0231561 -0.0217780 0.0212751
v 0.0231561 -0.0217885 0.0211948
v 0.0231561 -0.0217780 0.0211145
v 0.0231561 -0.0217470 0.0210397
v 0.0231561 -0.0216977 0.0209754
v 0.0231561 -0.0216334 0.0209261
v 0.0231561 -0.0215586 0.0208951
v 0.0231561 -0.0214783 0.0215051
v 0.0231395 -0.0215559 0.0214945
v 0.0231240 -0.0216281 0.0214635
v 0.0231107 -0.0216902 0.0214142
v 0.0231005 -0.0217378 0.0213499
v 0.0230941 -0.0217678 0.0212751
v 0.0230919 -0.0217780 0.0211948
v 0.0230941 -0.0217678 0.0211145
v 0.0231005 -0.0217378 0.0210397
v 0.0231107 -0.0216902 0.0209754
v 0.0231240 -0.0216281 0.0209261
v 0.0231395 -0.0215559 0.0208951
v 0.0231240 -0.0215478 0.0214945
v 0.0230941 -0.0216126 0.0214635
v 0.0230684 -0.0216683 0.0214142
v 0.0230487 -0.0217110 0.0213499
v 0.0230363 -0.0217378 0.0212751
v 0.0230321 -0.0217470 0.0211948
v 0.0230363 -0.0217378 0.0211145
v 0.0230487 -0.0217110 0.0210397
v 0.0230684 -0.0216683 0.0209754
v 0.0230941 -0.0216126 0.0209261
v 0.0231240 -0.0215478 0.0208951
v 0.0231107 -0.0215351 0.0214945
v 0.0230684 -0.0215880 0.0214635
v 0.0230321 -0.0216334 0.0214142
v 0.0230042 -0.0216683 0.0213499
v 0.0229867 -0.0216902 0.0212751
v 0.0229807 -0.0216977 0.0211948
v 0.0229867 -0.0216902 0.0211145
v 0.0230042 -0.0216683 0.0210397
v 0.0230321 -0.0216334 0.0209754
v 0.0230684 -0.0215880 0.0209261
v 0.0231107 -0.0215351 0.0208951
v 0.0231561 -0.0214783 0.0208846
v 0.0231005 -0.0215184 0.0214945
v 0.0230487 -0.0215559 0.0214635
v 0.0230042 -0.0215880 0.0214142
v 0.0229700 -0.0216126 0.0213499
v 0.0229486 -0.0216281 0.0212751
v 0.0229413 -0.0216334 0.0211948
v 0.0229486 -0.0216281 0.0211145
v 0.0229700 -0.0216126 0.0210397
v 0.0230042 -0.0215880 0.0209754
v 0.0230487 -0.0215559 0.0209261
v 0.0231005 -0.0215184 0.0208951
v 0.0230941 -0.0214991 0.0214945
v 0.0230363 -0.0215184 0.0214635
v 0.0229867 -0.0215351 0.0214142
v 0.0229486 -0.0215478 0.0213499
v 0.0229246 -0.0215559 0.0212751
v 0.0229165 -0.0215586 0.0211948
v 0.0229246 -0.0215559 0.0211145
v 0.0229486 -0.0215478 0.0210397
v 0.0229867 -0.0215351 0.0209754
v 0.0230363 -0.0215184 0.0209261
v 0.0230941 -0.0214991 0.0208951
v 0.0230919 -0.0214783 0.0214945
v 0.0230321 -0.0214783 0.0214635
v 0.0229807 -0.0214783 0.0214142
v 0.0229413 -0.0214783 0.0213499
v 0.0229165 -0.0214783 0.0212751
v 0.0229080 -0.0214783 0.0211948
v 0.0229165 -0.0214783 0.0211145
v 0.0229413 -0.0214783 0.0210397
v 0.0229807 -0.0214783 0.0209754
v 0.0230321 -0.0214783 0.0209261
v 0.0230919 -0.0214783 0.0208951
v 0.0230941 -0.0214575 0.0214945
v 0.0230363 -0.0214381 0.0214635
v 0.0229867 -0.0214215 0.0214142
v 0.0229486 -0.0214088 0.0213499
v 0.0229246 -0.0214007 0.0212751
v 0.0229165 -0.0213980 0.0211948
v 0.0229246 -0.0214007 0.0211145
v 0.0229486 -0.0214088 0.0210397
v 0.0229867 -0.0214215 0.0209754
v 0.0230363 -0.0214381 0.0209261
v 0.0230941 -0.0214575 0.0208951
v 0.0231005 -0.0214381 0.0214945
v 0.0230487 -0.0214007 0.0214635
v 0.0230042 -0.0213686 0.0214142
v 0.0229700 -0.0213440 0.0213499
v 0.0229486 -0.0213285 0.0212751
v 0.0229413 -0.0213232 0.0211948
v 0.0229486 -0.0213285 0.0211145
v 0.0229700 -0.0213440 0.0210397
v 0.0230042 -0.0213686 0.0209754
v 0.0230487 -0.0214007 0.0209261
v 0.0231005 -0.0214381 0.0208951
v 0.0231107 -0.0214215 0.0214945
v 0.0230684 -0.0213686 0.0214635
v 0.0230321 -0.0213232 0.0214142
v 0.0230042 -0.0212883 0.0213499
v 0.0229867 -0.0212664 0.0212751
v 0.0229807 -0.0212589 0.0211948
v 0.0229867 -0.0212664 0.0211145
v 0.0230042 -0.0212883 0.0210397
v 0.0230321 -0.0213232 0.0209754
v 0.0230684 -0.0213686 0.0209261
v 0.0231107 -0.0214215 0.0208951
v 0.0231240 -0.0214088 0.0214945
v 0.0230941 -0.0213440 0.0214635
v 0.0230684 -0.0212883 0.0214142
v 0.0230487 -0.0212456 0.0213499
v 0.0230363 -0.0212188 0.0212751
v 0.0230321 -0.0212096 0.0211948
v 0.0230363 -0.0212188 0.0211145
v 0.0230487 -0.0212456 0.0210397
v 0.0230684 -0.0212883 0.0209754
v 0.0230941 -0.0213440 0.0209261
v 0.0231240 -0.0214088 0.0208951
v 0.0231395 -0.0214007 0.0214945
v 0.0231240 -0.0213285 0.0214635
v 0.0231107 -0.0212664 0.0214142
v 0.0231005 -0.0212188 0.0213499
v 0.0230941 -0.0211888 0.0212751
v 0.0230919 -0.0211786 0.0211948
v 0.0230941 -0.0211888 0.0211145
v 0.0231005 -0.0212188 0.0210397
v 0.0231107 -0.0212664 0.0209754
v 0.0231240 -0.0213285 0.0209261
v 0.0231395 -0.0214007 0.0208951
v 0.0231561 -0.0213980 0.0214945
v 0.0231561 -0.0213232 0.0214635
v 0.0231561 -0.0211786 0.0212751
v 0.0231561 -0.0211680 0.0211948
v 0.0231561 -0.0211786 0.0211145
v 0.0231561 -0.0212096 0.0210397
v 0.0231561 -0.0212589 0.0209754
v 0.0231561 -0.0213232 0.0209261
v 0.0231561 -0.0213980 0.0208951
v 0.0216912 -0.0212589 0.0214142
v 0.0216912 -0.0212096 0.0213499
v 0.0217078 -0.0214007 0.0214945
v 0.0217233 -0.0213285 0.0214635
v 0.0217366 -0.0212664 0.0214142
v 0.0217468 -0.0212188 0.0213499
v 0.0217532 -0.0211888 0.0212751
v 0.0217554 -0.0211786 0.0211948
v 0.0217532 -0.0211888 0.0211145
v 0.0217468 -0.0212188 0.0210397
v 0.0217366 -0.0212664 0.0209754
v 0.0217233 -0.0213285 0.0209261
v 0.0217078 -0.0214007 0.0208951
v 0.0217233 -0.0214088 0.0214945
v 0.0217532 -0.0213440 0.0214635
v 0.0217789 -0.0212883 0.0214142
v 0.0217986 -0.0212456 0.0213499
v 0.0218110 -0.0212188 0.0212751
v 0.0218153 -0.0212096 0.0211948
v 0.0218110 -0.0212188 0.0211145
v 0.0217986 -0.0212456 0.0210397
v 0.0217789 -0.0212883 0.0209754
v 0.0217532 -0.0213440 0.0209261
v 0.0217233 -0.0214088 0.0208951
v 0.0217366 -0.0214215 0.0214945
v 0.0217789 -0.0213686 0.0214635
v 0.0218153 -0.0213232 0.0214142
v 0.0218431 -0.0212883 0.0213499
v 0.0218607 -0.0212664 0.0212751
v 0.0218667 -0.0212589 0.0211948
v 0.0218607 -0.0212664 0.0211145
v 0.0218431 -0.0212883 0.0210397
v 0.0218153 -0.0213232 0.0209754
v 0.0217789 -0.0213686 0.0209261
v 0.0217366 -0.0214215 0.0208951
v 0.0217468 -0.0214381 0.0214945
v 0.0217986 -0.0214007 0.0214635
v 0.0218431 -0.0213686 0.0214142
v 0.0218773 -0.0213440 0.0213499
v 0.0218988 -0.0213285 0.0212751
v 0.0219061 -0.0213232 0.0211948
v 0.0218988 -0.0213285 0.0211145
v 0.0218773 -0.0213440 0.0210397
v 0.0218431 -0.0213686 0.0209754
v 0.0217986 -0.0214007 0.0209261
v 0.0217468 -0.0214381 0.0208951
v 0.0217532 -0.0214575 0.0214945
v 0.0218110 -0.0214381 0.0214635
v 0.0218607 -0.0214215 0.0214142
v 0.0218988 -0.0214088 0.0213499
v 0.0219227 -0.0214007 0.0212751
v 0.0219309 -0.0213980 0.0211948
v 0.0219227 -0.0214007 0.0211145
v 0.0218988 -0.0214088 0.0210397
v 0.0218607 -0.0214215 0.0209754
v 0.0218110 -0.0214381 0.0209261
v 0.0217532 -0.0214575 0.0208951
v 0.0217554 -0.0214783 0.0214945
v 0.0218153 -0.0214783 0.0214635
v 0.0218667 -0.0214783 0.0214142
v 0.0219061 -0.0214783 0.0213499
v 0.0219309 -0.0214783 0.0212751
v 0.0219393 -0.0214783 0.0211948
v 0.0219309 -0.0214783 0.0211145
v 0.0219061 -0.0214783 0.0210397
v 0.0218667 -0.0214783 0.0209754
v 0.0218153 -0.0214783 0.0209261
v 0.0217554 -0.0214783 0.0208951
v 0.0217532 -0.0214991 0.0214945
v 0.0218110 -0.0215184 0.0214635
v 0.0218607 -0.0215351 0.0214142
v 0.0218988 -0.0215478 0.0213499
v 0.0219227 -0.0215559 0.0212751
v 0.0219309 -0.0215586 0.0211948
v 0.0219227 -0.0215559 0.0211145
v 0.0218988 -0.0215478 0.0210397
v 0.0218607 -0.0215351 0.0209754
v 0.0218110 -0.0215184 0.0209261
v 0.0217532 -0.0214991 0.0208951
v 0.0217468 -0.0215184 0.0214945
v 0.0217986 -0.0215559 0.0214635
v 0.0218431 -0.0215880 0.0214142
v 0.0218773 -0.0216126 0.0213499
v 0.0218988 -0.0216281 0.0212751
v 0.0219061 -0.0216334 0.0211948
v 0.0218988 -0.0216281 0.0211145
v 0.0218773 -0.0216126 0.0210397
v 0.0218431 -0.0215880 0.0209754
v 0.0217986 -0.0215559 0.0209261
v 0.0217468 -0.0215184 0.0208951
v 0.0217366 -0.0215351 0.0214945
v 0.0217789 -0.0215880 0.0214635
v 0.0218153 -0.0216334 0.0214142
v 0.0218431 -0.0216683 0.0213499
v 0.0218607 -0.0216902 0.0212751
v 0.0218667 -0.0216977 0.0211948
v 0.0218607 -0.0216902 0.0211145
v 0.0218431 -0.0216683 0.0210397
v 0.0218153 -0.0216334 0.0209754
v 0.0217789 -0.0215880 0.0209261
v 0.0217366 -0.0215351 0.0208951
v 0.0217233 -0.0215478 0.0214945
v 0.0217532 -0.0216126 0.0214635
v 0.0217789 -0.0216683 0.0214142
v 0.0217986 -0.0217110 0.0213499
v 0.0218110 -0.0217378 0.0212751
v 0.0218153 -0.0217470 0.0211948
v 0.0218110 -0.0217378 0.0211145
v 0.0217986 -0.0217110 0.0210397
v 0.0217789 -0.0216683 0.0209754
v 0.0217532 -0.0216126 0.0209261
v 0.0217233 -0.0215478 0.0208951
v 0.0217078 -0.0215559 0.0214945
v 0.0217233 -0.0216281 0.0214635
v 0.0217366 -0.0216902 0.0214142
v 0.0217468 -0.0217378 0.0213499
v 0.0217532 -0.0217678 0.0212751
v 0.0217554 -0.0217780 0.0211948
v 0.0217532 -0.0217678 0.0211145
v 0.0217468 -0.0217378 0.0210397
v 0.0217366 -0.0216902 0.0209754
v 0.0217233 -0.0216281 0.0209261
v 0.0217078 -0.0215559 0.0208951
v 0.0216912 -0.0215586 0.0214945
v 0.0216912 -0.0216334 0.0214635
v 0.0216912 -0.0216977 0.0214142
v 0.0216912 -0.0217470 0.0213499
v 0.0216912 -0.0217780 0.0212751
v 0.0216912 -0.0217885 0.0211948
v 0.0216912 -0.0217780 0.0211145
v 0.0216912 -0.0217470 0.0210397
v 0.0216912 -0.0216977 0.0209754
v 0.0216912 -0.0216334 0.0209261
v 0.0216912 -0.0215586 0.0208951
v 0.0216912 -0.0214783 0.0215051
v 0.0216746 -0.0215559 0.0214945
v 0.0216591 -0.0216281 0.0214635
v 0.0216458 -0.0216902 0.0214142
v 0.0216356 -0.0217378 0.0213499
v 0.0216292 -0.0217678 0.0212751
v 0.0216270 -0.0217780 0.0211948
v 0.0216292 -0.0217678 0.0211145
v 0.0216356 -0.0217378 0.0210397
v 0.0216458 -0.0216902 0.0209754
v 0.0216591 -0.0216281 0.0209261
v 0.0216746 -0.0215559 0.0208951
v 0.0216591 -0.0215478 0.0214945
v 0.0216292 -0.0216126 0.0214635
v 0.0216035 -0.0216683 0.0214142
v 0.0215838 -0.0217110 0.0213499
v 0.0215714 -0.0217378 0.0212751
v 0.0215672 -0.0217470 0.0211948
v 0.0215714 -0.0217378 0.0211145
v 0.0215838 -0.0217110 0.0210397
v 0.0216035 -0.0216683 0.0209754
v 0.0216292 -0.0216126 0.0209261
v 0.0216591 -0.0215478 0.0208951
v 0.0216458 -0.0215351 0.0214945
v 0.0216035 -0.0215880 0.0214635
v 0.0215672 -0.0216334 0.0214142
v 0.0215393 -0.0216683 0.0213499
v 0.0215218 -0.0216902 0.0212751
v 0.0215158 -0.0216977 0.0211948
v 0.0215218 -0.0216902 0.0211145
v 0.0215393 -0.0216683 0.0210397
v 0.0215672 -0.0216334 0.0209754
v 0.0216035 -0.0215880 0.0209261
v 0.0216458 -0.0215351 0.0208951
v 0.0216912 -0.0214783 0.0208846
v 0.0216356 -0.0215184 0.0214945
v 0.0215838 -0.0215559 0.0214635
v 0.0215393 -0.0215880 0.0214142
v 0.0215052 -0.0216126 0.0213499
v 0.0214837 -0.0216281 0.0212751
v 0.0214764 -0.0216334 0.0211948
v 0.0214837 -0.0216281 0.0211145
v 0.0215052 -0.0216126 0.0210397
v 0.0215393 -0.0215880 0.0209754
v 0.0215838 -0.0215559 0.0209261
v 0.0216356 -0.0215184 0.0208951
v 0.0216292 -0.0214991 0.0214945
v 0.0215714 -0.0215184 0.0214635
v 0.0215218 -0.0215351 0.0214142
v 0.0214837 -0.0215478 0.0213499
v 0.0214598 -0.0215559 0.0212751
v 0.0214516 -0.0215586 0.0211948
v 0.0214598 -0.0215559 0.0211145
v 0.0214837 -0.0215478 0.0210397
v 0.0215218 -0.0215351 0.0209754
v 0.0215714 -0.0215184 0.0209261
v 0.0216292 -0.0214991 0.0208951
v 0.0216270 -0.0214783 0.0214945
v 0.0215672 -0.0214783 0.0214635
v 0.0215158 -0.0214783 0.0214142
v 0.0214764 -0.0214783 0.0213499
v 0.0214516 -0.0214783 0.0212751
v 0.0214431 -0.0214783 0.0211948
v 0.0214516 -0.0214783 0.0211145
v 0.0214764 -0.0214783 0.0210397
v 0.0215158 -0.0214783 0.0209754
v 0.0215672 -0.0214783 0.0209261
v 0.0216270 -0.0214783 0.0208951
v 0.0216292 -0.0214575 0.0214945
v 0.0215714 -0.0214381 0.0214635
v 0.0215218 -0.0214215 0.0214142
v 0.0214837 -0.0214088 0.0213499
v 0.0214598 -0.0214007 0.0212751
v 0.0214516 -0.0213980 0.0211948
v 0.0214598 -0.0214007 0.0211145
v 0.0214837 -0.0214088 0.0210397
v 0.0215218 -0.0214215 0.0209754
v 0.0215714 -0.0214381 0.0209261
v 0.0216292 -0.0214575 0.0208951
v 0.0216356 -0.0214381 0.0214945
v 0.0215838 -0.0214007 0.0214635
v 0.0215393 -0.0213686 0.0214142
v 0.0215052 -0.0213440 0.0213499
v 0.0214837 -0.0213285 0.0212751
v 0.0214764 -0.0213232 0.0211948
v 0.0214837 -0.0213285 0.0211145
v 0.0215052 -0.0213440 0.0210397
v 0.0215393 -0.0213686 0.0209754
v 0.0215838 -0.0214007 0.0209261
v 0.0216356 -0.0214381 0.0208951
v 0.0216458 -0.0214215 0.0214945
v 0.0216035 -0.0213686 0.0214635
v 0.0215672 -0.0213232 0.0214142
v 0.0215393 -0.0212883 0.0213499
v 0.0215218 -0.0212664 0.0212751
v 0.0215158 -0.0212589 0.0211948
v 0.0215218 -0.0212664 0.0211145
v 0.0215393 -0.0212883 0.0210397
v 0.0215672 -0.0213232 0.0209754
v 0.0216035 -0.0213686 0.0209261
v 0.0216458 -0.0214215 0.0208951
v 0.0216591 -0.0214088 0.0214945
v 0.0216292 -0.0213440 0.0214635
v 0.0216035 -0.0212883 0.0214142
v 0.0215838 -0.0212456 0.0213499
v 0.0215714 -0.0212188 0.0212751
v 0.0215672 -0.0212096 0.0211948
v 0.0215714 -0.0212188 0.0211145
v 0.0215838 -0.0212456 0.0210397
v 0.0216035 -0.0212883 0.0209754
v 0.0216292 -0.0213440 0.0209261
v 0.0216591 -0.0214088 0.0208951
v 0.0216746 -0.0214007 0.0214945
v 0.0216591 -0.0213285 0.0214635
v 0.0216458 -0.0212664 0.0214142
v 0.0216356 -0.0212188 0.0213499
v 0.0216292 -0.0211888 0.0212751
v 0.0216270 -0.0211786 0.0211948
v 0.0216292 -0.0211888 0.0211145
v 0.0216356 -0.0212188 0.0210397
v 0.0216458 -0.0212664 0.0209754
v 0.0216591 -0.0213285 0.0209261
v 0.0216746 -0.0214007 0.0208951
v 0.0216912 -0.0213980 0.0214945
v 0.0216912 -0.0213232 0.0214635
v 0.0216912 -0.0211786 0.0212751
v 0.0216912 -0.0211680 0.0211948
v 0.0216912 -0.0211786 0.0211145
v 0.0216912 -0.0212096 0.0210397
v 0.0216912 -0.0212589 0.0209754
v 0.0216912 -0.0213232 0.0209261
v 0.0216912 -0.0213980 0.0208951
v 0.0205061 -0.0212589 0.0203374
v 0.0205061 -0.0212096 0.0202732
v 0.0205227 -0.0214007 0.0204177
v 0.0205382 -0.0213285 0.0203867
v 0.0205515 -0.0212664 0.0203374
v 0.0205617 -0.0212188 0.0202732
v 0.0205681 -0.0211888 0.0201984
v 0.0205703 -0.0211786 0.0201181
v 0.0205681 -0.0211888 0.0200378
v 0.0205617 -0.0212188 0.0199630
v 0.0205515 -0.0212664 0.0198987
v 0.0205382 -0.0213285 0.0198494
v 0.0205227 -0.0214007 0.0198184
v 0.0205382 -0.0214088 0.0204177
v 0.0205681 -0.0213440 0.0203867
v 0.0205938 -0.0212883 0.0203374
v 0.0206135 -0.0212456 0.0202732
v 0.0206259 -0.0212188 0.0201984
v 0.0206302 -0.0212096 0.0201181
v 0.0206259 -0.0212188 0.0200378
v 0.0206135 -0.0212456 0.0199630
v 0.0205938 -0.0212883 0.0198987
v 0.0205681 -0.0213440 0.0198494
v 0.0205382 -0.0214088 0.0198184
v 0.0205515 -0.0214215 0.0204177
v 0.0205938 -0.0213686 0.0203867
v 0.0206302 -0.0213232 0.0203374
v 0.0206580 -0.0212883 0.0202732
v 0.0206756 -0.0212664 0.0201984
v 0.0206815 -0.0212589 0.0201181
v 0.0206756 -0.0212664 0.0200378
v 0.0206580 -0.0212883 0.0199630
v 0.0206302 -0.0213232 0.0198987
v 0.0205938 -0.0213686 0.0198494
v 0.0205515 -0.0214215 0.0198184
v 0.0205617 -0.0214381 0.0204177
v 0.0206135 -0.0214007 0.0203867
v 0.0206580 -0.0213686 0.0203374
v 0.0206922 -0.0213440 0.0202732
v 0.0207136 -0.0213285 0.0201984
v 0.0207210 -0.0213232 0.0201181
v 0.0207136 -0.0213285 0.0200378
v 0.0206922 -0.0213440 0.0199630
v 0.0206580 -0.0213686 0.0198987
v 0.0206135 -0.0214007 0.0198494
v 0.0205617 -0.0214381 0.0198184
v 0.0205681 -0.0214575 0.0204177
v 0.0206259 -0.0214381 0.0203867
v 0.0206756 -0.0214215 0.0203374
v 0.0207136 -0.0214088 0.0202732
v 0.0207376 -0.0214007 0.0201984
v 0.0207457 -0.0213980 0.0201181
v 0.0207376 -0.0214007 0.0200378
v 0.0207136 -0.0214088 0.0199630
v 0.0206756 -0.0214215 0.0198987
v 0.0206259 -0.0214381 0.0198494
v 0.0205681 -0.0214575 0.0198184
v 0.0205703 -0.0214783 0.0204177
v 0.0206302 -0.0214783 0.0203867
v 0.0206815 -0.0214783 0.0203374
v 0.0207210 -0.0214783 0.0202732
v 0.0207457 -0.0214783 0.0201984
v 0.0207542 -0.0214783 0.0201181
v 0.0207457 -0.0214783 0.0200378
v 0.0207210 -0.0214783 0.0199630
v 0.0206815 -0.0214783 0.0198987
v 0.0206302 -0.0214783 0.0198494
v 0.0205703 -0.0214783 0.0198184
v 0.0205681 -0.0214991 0.0204177
v 0.0206259 -0.0215184 0.0203867
v 0.0206756 -0.0215351 0.0203374
v 0.0207136 -0.0215478 0.0202732
v 0.0207376 -0.0215559 0.0201984
v 0.0207457 -0.0215586 0.0201181
v 0.0207376 -0.0215559 0.0200378
v 0.0207136 -0.0215478 0.0199630
v 0.0206756 -0.0215351 0.0198987
v 0.0206259 -0.0215184 0.0198494
v 0.0205681 -0.0214991 0.0198184
v 0.0205617 -0.0215184 0.0204177
v 0.0206135 -0.0215559 0.0203867
v 0.0206580 -0.0215880 0.0203374
v 0.0206922 -0.0216126 0.0202732
v 0.0207136 -0.0216281 0.0201984
v 0.0207210 -0.0216334 0.0201181
v 0.0207136 -0.0216281 0.0200378
v 0.0206922 -0.0216126 0.0199630
v 0.0206580 -0.0215880 0.0198987
v 0.0206135 -0.0215559 0.0198494
v 0.0205617 -0.0215184 0.0198184
v 0.0205515 -0.0215351 0.0204177
v 0.0205938 -0.0215880 0.0203867
v 0.0206302 -0.0216334 0.0203374
v 0.0206580 -0.0216683 0.0202732
v 0.0206756 -0.0216902 0.0201984
v 0.0206815 -0.0216977 0.0201181
v 0.0206756 -0.0216902 0.0200378
v 0.0206580 -0.0216683 0.0199630
v 0.0206302 -0.0216334 0.0198987
v 0.0205938 -0.0215880 0.0198494
v 0.0205515 -0.0215351 0.0198184
v 0.0205382 -0.0215478 0.0204177
v 0.0205681 -0.0216126 0.0203867
v 0.0205938 -0.0216683 0.0203374
v 0.0206135 -0.0217110 0.0202732
v 0.0206259 -0.0217378 0.0201984
v 0.0206302 -0.0217470 0.0201181
v 0.0206259 -0.0217378 0.0200378
v 0.0206135 -0.0217110 0.0199630
v 0.0205938 -0.0216683 0.0198987
v 0.0205681 -0.0216126 0.0198494
v 0.0205382 -0.0215478 0.0198184
v 0.0205227 -0.0215559 0.0204177
v 0.0205382 -0.0216281 0.0203867
v 0.0205515 -0.0216902 0.0203374
v 0.0205617 -0.0217378 0.0202732
v 0.0205681 -0.0217678 0.0201984
v 0.0205703 -0.0217780 0.0201181
v 0.0205681 -0.0217678 0.0200378
v 0.0205617 -0.0217378 0.0199630
v 0.0205515 -0.0216902 0.0198987
v 0.0205382 -0.0216281 0.0198494
v 0.0205227 -0.0215559 0.0198184
v 0.0205061 -0.0215586 0.0204177
v 0.0205061 -0.0216334 0.0203867
v 0.0205061 -0.0216977 0.0203374
v 0.0205061 -0.0217470 0.0202732
v 0.0205061 -0.0217780 0.0201984
v 0.0205061 -0.0217885 0.0201181
v 0.0205061 -0.0217780 0.0200378
v 0.0205061 -0.0217470 0.0199630
v 0.0205061 -0.0216977 0.0198987
v 0.0205061 -0.0216334 0.0198494
v 0.0205061 -0.0215586 0.0198184
v 0.0205061 -0.0214783 0.0204283
v 0.0204895 -0.0215559 0.0204177
v 0.0204740 -0.0216281 0.0203867
v 0.0204607 -0.0216902 0.0203374
v 0.0204505 -0.0217378 0.0202732
v 0.0204441 -0.0217678 0.0201984
v 0.0204419 -0.0217780 0.0201181
v 0.0204441 -0.0217678 0.0200378
v 0.0204505 -0.0217378 0.0199630
v 0.0204607 -0.0216902 0.0198987
v 0.0204740 -0.0216281 0.0198494
v 0.0204895 -0.0215559 0.0198184
v 0.0204740 -0.0215478 0.0204177
v 0.0204441 -0.0216126 0.0203867
v 0.0204184 -0.0216683 0.0203374
v 0.0203987 -0.0217110 0.0202732
v 0.0203863 -0.0217378 0.0201984
v 0.0203821 -0.0217470 0.0201181
v 0.0203863 -0.0217378 0.0200378
v 0.0203987 -0.0217110 0.0199630
v 0.0204184 -0.0216683 0.0198987
v 0.0204441 -0.0216126 0.0198494
v 0.0204740 -0.0215478 0.0198184
v 0.0204607 -0.0215351 0.0204177
v 0.0204184 -0.0215880 0.0203867
v 0.0203821 -0.0216334 0.0203374
v 0.0203542 -0.0216683 0.0202732
v 0.0203367 -0.0216902 0.0201984
v 0.0203307 -0.0216977 0.0201181
v 0.0203367 -0.0216902 0.0200378
v 0.0203542 -0.0216683 0.0199630
v 0.0203821 -0.0216334 0.0198987
v 0.0204184 -0.0215880 0.0198494
v 0.0204607 -0.0215351 0.0198184
v 0.0205061 -0.0214783 0.0198078
v 0.0204505 -0.0215184 0.0204177
v 0.0203987 -0.0215559 0.0203867
v 0.0203542 -0.0215880 0.0203374
v 0.0203200 -0.0216126 0.0202732
v 0.0202986 -0.0216281 0.0201984
v 0.0202913 -0.0216334 0.0201181
v 0.0202986 -0.0216281 0.0200378
v 0.0203200 -0.0216126 0.0199630
v 0.0203542 -0.0215880 0.0198987
v 0.0203987 -0.0215559 0.0198494
v 0.0204505 -0.0215184 0.0198184
v 0.0204441 -0.0214991 0.0204177
v 0.0203863 -0.0215184 0.0203867
v 0.0203367 -0.0215351 0.0203374
v 0.0202986 -0.0215478 0.0202732
v 0.0202746 -0.0215559 0.0201984
v 0.0202665 -0.0215586 0.0201181
v 0.0202746 -0.0215559 0.0200378
v 0.0202986 -0.0215478 0.0199630
v 0.0203367 -0.0215351 0.0198987
v 0.0203863 -0.0215184 0.0198494
v 0.0204441 -0.0214991 0.0198184
v 0.0204419 -0.0214783 0.0204177
v 0.0203821 -0.0214783 0.0203867
v 0.0203307 -0.0214783 0.0203374
v 0.0202913 -0.0214783 0.0202732
v 0.0202665 -0.0214783 0.0201984
v 0.0202580 -0.0214783 0.0201181
v 0.0202665 -0.0214783 0.0200378
v 0.0202913 -0.0214783 0.0199630
v 0.0203307 -0.0214783 0.0198987
v 0.0203821 -0.0214783 0.0198494
v 0.0204419 -0.0214783 0.0198184
v 0.0204441 -0.0214575 0.0204177
v 0.0203863 -0.0214381 0.0203867
v 0.0203367 -0.0214215 0.0203374
v 0.0202986 -0.0214088 0.0202732
v 0.0202746 -0.0214007 0.0201984
v 0.0202665 -0.0213980 0.0201181
v 0.0202746 -0.0214007 0.0200378
v 0.0202986 -0.0214088 0.0199630
v 0.0203367 -0.0214215 0.0198987
v 0.0203863 -0.0214381 0.0198494
v 0.0204441 -0.0214575 0.0198184
v 0.0204505 -0.0214381 0.0204177
v 0.0203987 -0.0214007 0.0203867
v 0.0203542 -0.0213686 0.0203374
v 0.0203200 -0.0213440 0.0202732
v 0.0202986 -0.0213285 0.0201984
v 0.0202913 -0.0213232 0.0201181
v 0.0202986 -0.0213285 0.0200378
v 0.0203200 -0.0213440 0.0199630
v 0.0203542 -0.0213686 0.0198987
v 0.0203987 -0.0214007 0.0198494
v 0.0204505 -0.0214381 0.0198184
v 0.0204607 -0.0214215 0.0204177
v 0.0204184 -0.0213686 0.0203867
v 0.0203821 -0.0213232 0.0203374
v 0.0203542 -0.0212883 0.0202732
v 0.0203367 -0.0212664 0.0201984
v 0.0203307 -0.0212589 0.0201181
v 0.0203367 -0.0212664 0.0200378
v 0.0203542 -0.0212883 0.0199630
v 0.0203821 -0.0213232 0.0198987
v 0.0204184 -0.0213686 0.0198494
v 0.0204607 -0.0214215 0.0198184
v 0.0204740 -0.0214088 0.0204177
v 0.0204441 -0.0213440 0.0203867
v 0.0204184 -0.0212883 0.0203374
v 0.0203987 -0.0212456 0.0202732
v 0.0203863 -0.0212188 0.0201984
v 0.0203821 -0.0212096 0.0201181
v 0.0203863 -0.0212188 0.0200378
v 0.0203987 -0.0212456 0.0199630
v 0.0204184 -0.0212883 0.0198987
v 0.0204441 -0.0213440 0.0198494
v 0.0204740 -0.0214088 0.0198184
v 0.0204895 -0.0214007 0.0204177
v 0.0204740 -0.0213285 0.0203867
v 0.0204607 -0.0212664 0.0203374
v 0.0204505 -0.0212188 0.0202732
v 0.0204441 -0.0211888 0.0201984
v 0.0204419 -0.0211786 0.0201181
v 0.0204441 -0.0211888 0.0200378
v 0.0204505 -0.0212188 0.0199630
v 0.0204607 -0.0212664 0.0198987
v 0.0204740 -0.0213285 0.0198494
v 0.0204895 -0.0214007 0.0198184
v 0.0205061 -0.0213980 0.0204177
v 0.0205061 -0.0213232 0.0203867
v 0.0205061 -0.0211786 0.0201984
v 0.0205061 -0.0211680 0.0201181
v 0.0205061 -0.0211786 0.0200378
v 0.0205061 -0.0212096 0.0199630
v 0.0205061 -0.0212589 0.0198987
v 0.0205061 -0.0213232 0.0198494
v 0.0205061 -0.0213980 0.0198184
v 0.0200534 -0.0212589 0.0185952
v 0.0200534 -0.0212096 0.0185310
v 0.0200701 -0.0214007 0.0186755
v 0.0200855 -0.0213285 0.0186446
v 0.0200988 -0.0212664 0.0185952
v 0.0201090 -0.0212188 0.0185310
v 0.0201155 -0.0211888 0.0184562
v 0.0201176 -0.0211786 0.0183759
v 0.0201155 -0.0211888 0.0182956
v 0.0201090 -0.0212188 0.0182208
v 0.0200988 -0.0212664 0.0181565
v 0.0200855 -0.0213285 0.0181072
v 0.0200701 -0.0214007 0.0180762
v 0.0200855 -0.0214088 0.0186755
v 0.0201155 -0.0213440 0.0186446
v 0.0201411 -0.0212883 0.0185952
v 0.0201609 -0.0212456 0.0185310
v 0.0201733 -0.0212188 0.0184562
v 0.0201775 -0.0212096 0.0183759
v 0.0201733 -0.0212188 0.0182956
v 0.0201609 -0.0212456 0.0182208
v 0.0201411 -0.0212883 0.0181565
v 0.0201155 -0.0213440 0.0181072
v 0.0200855 -0.0214088 0.0180762
v 0.0200988 -0.0214215 0.0186755
v 0.0201411 -0.0213686 0.0186446
v 0.0201775 -0.0213232 0.0185952
v 0.0202054 -0.0212883 0.0185310
v 0.0202229 -0.0212664 0.0184562
v 0.0202289 -0.0212589 0.0183759
v 0.0202229 -0.0212664 0.0182956
v 0.0202054 -0.0212883 0.0182208
v 0.0201775 -0.0213232 0.0181565
v 0.0201411 -0.0213686 0.0181072
v 0.0200988 -0.0214215 0.0180762
v 0.0201090 -0.0214381 0.0186755
v 0.0201609 -0.0214007 0.0186446
v 0.0202054 -0.0213686 0.0185952
v 0.0202395 -0.0213440 0.0185310
v 0.0202610 -0.0213285 0.0184562
v 0.0202683 -0.0213232 0.0183759
v 0.0202610 -0.0213285 0.0182956
v 0.0202395 -0.0213440 0.0182208
v 0.0202054 -0.0213686 0.0181565
v 0.0201609 -0.0214007 0.0181072
v 0.0201090 -0.0214381 0.0180762
v 0.0201155 -0.0214575 0.0186755
v 0.0201733 -0.0214381 0.0186446
v 0.0202229 -0.0214215 0.0185952
v 0.0202610 -0.0214088 0.0185310
v 0.0202849 -0.0214007 0.0184562
v 0.0202931 -0.0213980 0.0183759
v 0.0202849 -0.0214007 0.0182956
v 0.0202610 -0.0214088 0.0182208
v 0.0202229 -0.0214215 0.0181565
v 0.0201733 -0.0214381 0.0181072
v 0.0201155 -0.0214575 0.0180762
v 0.0201176 -0.0214783 0.0186755
v 0.0201775 -0.0214783 0.0186446
v 0.0202289 -0.0214783 0.0185952
v 0.0202683 -0.0214783 0.0185310
v 0.0202931 -0.0214783 0.0184562
v 0.0203015 -0.0214783 0.0183759
v 0.0202931 -0.0214783 0.0182956
v 0.0202683 -0.0214783 0.0182208
v 0.0202289 -0.0214783 0.0181565
v 0.0201775 -0.0214783 0.0181072
v 0.0201176 -0.0214783 0.0180762
v 0.0201155 -0.0214991 0.0186755
v 0.0201733 -0.0215184 0.0186446
v 0.0202229 -0.0215351 0.0185952
v 0.0202610 -0.0215478 0.0185310
v 0.0202849 -0.0215559 0.0184562
v 0.0202931 -0.0215586 0.0183759
v 0.0202849 -0.0215559 0.0182956
v 0.0202610 -0.0215478 0.0182208
v 0.0202229 -0.0215351 0.0181565
v 0.0201733 -0.0215184 0.0181072
v 0.0201155 -0.0214991 0.0180762
v 0.0201090 -0.0215184 0.0186755
v 0.0201609 -0.0215559 0.0186446
v 0.0202054 -0.0215880 0.0185952
v 0.0202395 -0.0216126 0.0185310
v 0.0202610 -0.0216281 0.0184562
v 0.0202683 -0.0216334 0.0183759
v 0.0202610 -0.0216281 0.0182956
v 0.0202395 -0.0216126 0.0182208
v 0.0202054 -0.0215880 0.0181565
v 0.0201609 -0.0215559 0.0181072
v 0.0201090 -0.0215184 0.0180762
v 0.0200988 -0.0215351 0.0186755
v 0.0201411 -0.0215880 0.0186446
v 0.0201775 -0.0216334 0.0185952
v 0.0202054 -0.0216683 0.0185310
v 0.0202229 -0.0216902 0.0184562
v 0.0202289 -0.0216977 0.0183759
v 0.0202229 -0.0216902 0.0182956
v 0.0202054 -0.0216683 0.0182208
v 0.0201775 -0.0216334 0.0181565
v 0.0201411 -0.0215880 0.0181072
v 0.0200988 -0.0215351 0.0180762
v 0.0200855 -0.0215478 0.0186755
v 0.0201155 -0.0216126 0.0186446
v 0.0201411 -0.0216683 0.0185952
v 0.0201609 -0.0217110 0.0185310
v 0.0201733 -0.0217378 0.0184562
v 0.0201775 -0.0217470 0.0183759
v 0.0201733 -0.0217378 0.0182956
v 0.0201609 -0.0217110 0.0182208
v 0.0201411 -0.0216683 0.0181565
v 0.0201155 -0.0216126 0.0181072
v 0.0200855 -0.0215478 0.0180762
v 0.0200701 -0.0215559 0.0186755
v 0.0200855 -0.0216281 0.0186446
v 0.0200988 -0.0216902 0.0185952
v 0.0201090 -0.0217378 0.0185310
v 0.0201155 -0.0217678 0.0184562
v 0.0201176 -0.0217780 0.0183759
v 0.0201155 -0.0217678 0.0182956
v 0.0201090 -0.0217378 0.0182208
v 0.0200988 -0.0216902 0.0181565
v 0.0200855 -0.0216281 0.0181072
v 0.0200701 -0.0215559 0.0180762
v 0.0200534 -0.0215586 0.0186755
v 0.0200534 -0.0216334 0.0186446
v 0.0200534 -0.0216977 0.0185952
v 0.0200534 -0.0217470 0.0185310
v 0.0200534 -0.0217780 0.0184562
v 0.0200534 -0.0217885 0.0183759
v 0.0200534 -0.0217780 0.0182956
v 0.0200534 -0.0217470 0.0182208
v 0.0200534 -0.0216977 0.0181565
v 0.0200534 -0.0216334 0.0181072
v 0.0200534 -0.0215586 0.0180762
v 0.0200534 -0.0214783 0.0186861
v 0.0200368 -0.0215559 0.0186755
v 0.0200213 -0.0216281 0.0186446
v 0.0200080 -0.0216902 0.0185952
v 0.0199978 -0.0217378 0.0185310
v 0.0199914 -0.0217678 0.0184562
v 0.0199892 -0.0217780 0.0183759
v 0.0199914 -0.0217678 0.0182956
v 0.0199978 -0.0217378 0.0182208
v 0.0200080 -0.0216902 0.0181565
v 0.0200213 -0.0216281 0.0181072
v 0.0200368 -0.0215559 0.0180762
v 0.0200213 -0.0215478 0.0186755
v 0.0199914 -0.0216126 0.0186446
v 0.0199657 -0.0216683 0.0185952
v 0.0199460 -0.0217110 0.0185310
v 0.0199336 -0.0217378 0.0184562
v 0.0199294 -0.0217470 0.0183759
v 0.0199336 -0.0217378 0.0182956
v 0.0199460 -0.0217110 0.0182208
v 0.0199657 -0.0216683 0.0181565
v 0.0199914 -0.0216126 0.0181072
v 0.0200213 -0.0215478 0.0180762
v 0.0200080 -0.0215351 0.0186755
v 0.0199657 -0.0215880 0.0186446
v 0.0199294 -0.0216334 0.0185952
v 0.0199015 -0.0216683 0.0185310
v 0.0198840 -0.0216902 0.0184562
v 0.0198780 -0.0216977 0.0183759
v 0.0198840 -0.0216902 0.0182956
v 0.0199015 -0.0216683 0.0182208
v 0.0199294 -0.0216334 0.0181565
v 0.0199657 -0.0215880 0.0181072
v 0.0200080 -0.0215351 0.0180762
v 0.0200534 -0.0214783 0.0180656
v 0.0199978 -0.0215184 0.0186755
v 0.0199460 -0.0215559 0.0186446
v 0.0199015 -0.0215880 0.0185952
v 0.0198674 -0.0216126 0.0185310
v 0.0198459 -0.0216281 0.0184562
v 0.0198386 -0.0216334 0.0183759
v 0.0198459 -0.0216281 0.0182956
v 0.0198674 -0.0216126 0.0182208
v 0.0199015 -0.0215880 0.0181565
v 0.0199460 -0.0215559 0.0181072
v 0.0199978 -0.0215184 0.0180762
v 0.0199914 -0.0214991 0.0186755
v 0.0199336 -0.0215184 0.0186446
v 0.0198840 -0.0215351 0.0185952
v 0.0198459 -0.0215478 0.0185310
v 0.0198220 -0.0215559 0.0184562
v 0.0198138 -0.0215586 0.0183759
v 0.0198220 -0.0215559 0.0182956
v 0.0198459 -0.0215478 0.0182208
v 0.0198840 -0.0215351 0.0181565
v 0.0199336 -0.0215184 0.0181072
v 0.0199914 -0.0214991 0.0180762
v 0.0199892 -0.0214783 0.0186755
v 0.0199294 -0.0214783 0.0186446
v 0.0198780 -0.0214783 0.0185952
v 0.0198386 -0.0214783 0.0185310
v 0.0198138 -0.0214783 0.0184562
v 0.0198053 -0.0214783 0.0183759
v 0.0198138 -0.0214783 0.0182956
v 0.0198386 -0.0214783 0.0182208
v 0.0198780 -0.0214783 0.0181565
v 0.0199294 -0.0214783 0.0181072
v 0.0199892 -0.0214783 0.0180762
v 0.0199914 -0.0214575 0.0186755
v 0.0199336 -0.0214381 0.0186446
v 0.0198840 -0.0214215 0.0185952
v 0.0198459 -0.0214088 0.0185310
v 0.0198220 -0.0214007 0.0184562
v 0.0198138 -0.0213980 0.0183759
v 0.0198220 -0.0214007 0.0182956
v 0.0198459 -0.0214088 0.0182208
v 0.0198840 -0.0214215 0.0181565
v 0.0199336 -0.0214381 0.0181072
v 0.0199914 -0.0214575 0.0180762
v 0.0199978 -0.0214381 0.0186755
v 0.0199460 -0.0214007 0.0186446
v 0.0199015 -0.0213686 0.0185952
v 0.0198674 -0.0213440 0.0185310
v 0.0198459 -0.0213285 0.0184562
v 0.0198386 -0.0213232 0.0183759
v 0.0198459 -0.0213285 0.0182956
v 0.0198674 -0.0213440 0.0182208
v 0.0199015 -0.0213686 0.0181565
v 0.0199460 -0.0214007 0.0181072
v 0.0199978 -0.0214381 0.0180762
v 0.0200080 -0.0214215 0.0186755
v 0.0199657 -0.0213686 0.0186446
v 0.0199294 -0.0213232 0.0185952
v 0.0199015 -0.0212883 0.0185310
v 0.0198840 -0.0212664 0.0184562
v 0.0198780 -0.0212589 0.0183759
v 0.0198840 -0.0212664 0.0182956
v 0.0199015 -0.0212883 0.0182208
v 0.0199294 -0.0213232 0.0181565
v 0.0199657 -0.0213686 0.0181072
v 0.0200080 -0.0214215 0.0180762
v 0.0200213 -0.0214088 0.0186755
v 0.0199914 -0.0213440 0.0186446
v 0.0199657 -0.0212883 0.0185952
v 0.0199460 -0.0212456 0.0185310
v 0.0199336 -0.0212188 0.0184562
v 0.0199294 -0.0212096 0.0183759
v 0.0199336 -0.0212188 0.0182956
v 0.0199460 -0.0212456 0.0182208
v 0.0199657 -0.0212883 0.0181565
v 0.0199914 -0.0213440 0.0181072
v 0.0200213 -0.0214088 0.0180762
v 0.0200368 -0.0214007 0.0186755
v 0.0200213 -0.0213285 0.0186446
v 0.0200080 -0.0212664 0.0185952
v 0.0199978 -0.0212188 0.0185310
v 0.0199914 -0.0211888 0.0184562
v 0.0199892 -0.0211786 0.0183759
v 0.0199914 -0.0211888 0.0182956
v 0.0199978 -0.0212188 0.0182208
v 0.0200080 -0.0212664 0.0181565
v 0.0200213 -0.0213285 0.0181072
v 0.0200368 -0.0214007 0.0180762
v 0.0200534 -0.0213980 0.0186755
v 0.0200534 -0.0213232 0.0186446
v 0.0200534 -0.0211786 0.0184562
v 0.0200534 -0.0211680 0.0183759
v 0.0200534 -0.0211786 0.0182956
v 0.0200534 -0.0212096 0.0182208
v 0.0200534 -0.0212589 0.0181565
v 0.0200534 -0.0213232 0.0181072
v 0.0200534 -0.0213980 0.0180762
v 0.0205061 -0.0212589 0.0168530
v 0.0205061 -0.0212096 0.0167888
v 0.0205227 -0.0214007 0.0169333
v 0.0205382 -0.0213285 0.0169024
v 0.0205515 -0.0212664 0.0168530
v 0.0205617 -0.0212188 0.0167888
v 0.0205681 -0.0211888 0.0167140
v 0.0205703 -0.0211786 0.0166337
v 0.0205681 -0.0211888 0.0165534
v 0.0205617 -0.0212188 0.0164786
v 0.0205515 -0.0212664 0.0164143
v 0.0205382 -0.0213285 0.0163650
v 0.0205227 -0.0214007 0.0163340
v 0.0205382 -0.0214088 0.0169333
v 0.0205681 -0.0213440 0.0169024
v 0.0205938 -0.0212883 0.0168530
v 0.0206135 -0.0212456 0.0167888
v 0.0206259 -0.0212188 0.0167140
v 0.0206302 -0.0212096 0.0166337
v 0.0206259 -0.0212188 0.0165534
v 0.0206135 -0.0212456 0.0164786
v 0.0205938 -0.0212883 0.0164143
v 0.0205681 -0.0213440 0.0163650
v 0.0205382 -0.0214088 0.0163340
v 0.0205515 -0.0214215 0.0169333
v 0.0205938 -0.0213686 0.0169024
v 0.0206302 -0.0213232 0.0168530
v 0.0206580 -0.0212883 0.0167888
v 0.0206756 -0.0212664 0.0167140
v 0.0206815 -0.0212589 0.0166337
v 0.0206756 -0.0212664 0.0165534
v 0.0206580 -0.0212883 0.0164786
v 0.0206302 -0.0213232 0.0164143
v 0.0205938 -0.0213686 0.0163650
v 0.0205515 -0.0214215 0.0163340
v 0.0205617 -0.0214381 0.0169333
v 0.0206135 -0.0214007 0.0169024
v 0.0206580 -0.0213686 0.0168530
v 0.0206922 -0.0213440 0.0167888
v 0.0207136 -0.0213285 0.0167140
v 0.0207210 -0.0213232 0.0166337
v 0.0207136 -0.0213285 0.0165534
v 0.0206922 -0.0213440 0.0164786
v 0.0206580 -0.0213686 0.0164143
v 0.0206135 -0.0214007 0.0163650
v 0.0205617 -0.0214381 0.0163340
v 0.0205681 -0.0214575 0.0169333
v 0.0206259 -0.0214381 0.0169024
v 0.0206756 -0.0214215 0.0168530
v 0.0207136 -0.0214088 0.0167888
v 0.0207376 -0.0214007 0.0167140
v 0.0207457 -0.0213980 0.0166337
v 0.0207376 -0.0214007 0.0165534
v 0.0207136 -0.0214088 0.0164786
v 0.0206756 -0.0214215 0.0164143
v 0.0206259 -0.0214381 0.0163650
v 0.0205681 -0.0214575 0.0163340
v 0.0205703 -0.0214783 0.0169333
v 0.0206302 -0.0214783 0.0169024
v 0.0206815 -0.0214783 0.0168530
v 0.0207210 -0.0214783 0.0167888
v 0.0207457 -0.0214783 0.0167140
v 0.0207542 -0.0214783 0.0166337
v 0.0207457 -0.0214783 0.0165534
v 0.0207210 -0.0214783 0.0164786
v 0.0206815 -0.0214783 0.0164143
v 0.0206302 -0.0214783 0.0163650
v 0.0205703 -0.0214783 0.0163340
v 0.0205681 -0.0214991 0.0169333
v 0.0206259 -0.0215184 0.0169024
v 0.0206756 -0.0215351 0.0168530
v 0.0207136 -0.0215478 0.0167888
v 0.0207376 -0.0215559 0.0167140
v 0.0207457 -0.0215586 0.0166337
v 0.0207376 -0.0215559 0.0165534
v 0.0207136 -0.0215478 0.0164786
v 0.0206756 -0.0215351 0.0164143
v 0.0206259 -0.0215184 0.0163650
v 0.0205681 -0.0214991 0.0163340
v 0.0205617 -0.0215184 0.0169333
v 0.0206135 -0.0215559 0.0169024
v 0.0206580 -0.0215880 0.0168530
v 0.0206922 -0.0216126 0.0167888
v 0.0207136 -0.0216281 0.0167140
v 0.0207210 -0.0216334 0.0166337
v 0.0207136 -0.0216281 0.0165534
v 0.0206922 -0.0216126 0.0164786
v 0.0206580 -0.0215880 0.0164143
v 0.0206135 -0.0215559 0.0163650
v 0.0205617 -0.0215184 0.0163340
v 0.0205515 -0.0215351 0.0169333
v 0.0205938 -0.0215880 0.0169024
v 0.0206302 -0.0216334 0.0168530
v 0.0206580 -0.0216683 0.0167888
v 0.0206756 -0.0216902 0.0167140
v 0.0206815 -0.0216977 0.0166337
v 0.0206756 -0.0216902 0.0165534
v 0.0206580 -0.0216683 0.0164786
v 0.0206302 -0.0216334 0.0164143
v 0.0205938 -0.0215880 0.0163650
v 0.0205515 -0.0215351 0.0163340
v 0.0205382 -0.0215478 0.0169333
v 0.0205681 -0.0216126 0.0169024
v 0.0205938 -0.0216683 0.0168530
v 0.0206135 -0.0217110 0.0167888
v 0.0206259 -0.0217378 0.0167140
v 0.0206302 -0.0217470 0.0166337
v 0.0206259 -0.0217378 0.0165534
v 0.0206135 -0.0217110 0.0164786
v 0.0205938 -0.0216683 0.0164143
v 0.0205681 -0.0216126 0.0163650
v 0.0205382 -0.0215478 0.0163340
v 0.0205227 -0.0215559 0.0169333
v 0.0205382 -0.0216281 0.0169024
v 0.0205515 -0.0216902 0.0168530
v 0.0205617 -0.0217378 0.0167888
v 0.0205681 -0.0217678 0.0167140
v 0.0205703 -0.0217780 0.0166337
v 0.0205681 -0.0217678 0.0165534
v 0.0205617 -0.0217378 0.0164786
v 0.0205515 -0.0216902 0.0164143
v 0.0205382 -0.0216281 0.0163650
v 0.0205227 -0.0215559 0.0163340
v 0.0205061 -0.0215586 0.0169333
v 0.0205061 -0.0216334 0.0169024
v 0.0205061 -0.0216977 0.0168530
v 0.0205061 -0.0217470 0.0167888
v 0.0205061 -0.0217780 0.0167140
v 0.0205061 -0.0217885 0.0166337
v 0.0205061 -0.0217780 0.0165534
v 0.0205061 -0.0217470 0.0164786
v 0.0205061 -0.0216977 0.0164143
v 0.0205061 -0.0216334 0.0163650
v 0.0205061 -0.0215586 0.0163340
v 0.0205061 -0.0214783 0.0169439
v 0.0204895 -0.0215559 0.0169333
v 0.0204740 -0.0216281 0.0169024
v 0.0204607 -0.0216902 0.0168530
v 0.0204505 -0.0217378 0.0167888
v 0.0204441 -0.0217678 0.0167140
v 0.0204419 -0.0217780 0.0166337
v 0.0204441 -0.0217678 0.0165534
v 0.0204505 -0.0217378 0.0164786
v 0.0204607 -0.0216902 0.0164143
v 0.0204740 -0.0216281 0.0163650
v 0.0204895 -0.0215559 0.0163340
v 0.0204740 -0.0215478 0.0169333
v 0.0204441 -0.0216126 0.0169024
v 0.0204184 -0.0216683 0.0168530
v 0.0203987 -0.0217110 0.0167888
v 0.0203863 -0.0217378 0.0167140
v 0.0203821 -0.0217470 0.0166337
v 0.0203863 -0.0217378 0.0165534
v 0.0203987 -0.0217110 0.0164786
v 0.0204184 -0.0216683 0.0164143
v 0.0204441 -0.0216126 0.0163650
v 0.0204740 -0.0215478 0.0163340
v 0.0204607 -0.0215351 0.0169333
v 0.0204184 -0.0215880 0.0169024
v 0.0203821 -0.0216334 0.0168530
v 0.0203542 -0.0216683 0.0167888
v 0.0203367 -0.0216902 0.0167140
v 0.0203307 -0.0216977 0.0166337
v 0.0203367 -0.0216902 0.0165534
v 0.0203542 -0.0216683 0.0164786
v 0.0203821 -0.0216334 0.0164143
v 0.0204184 -0.0215880 0.0163650
v 0.0204607 -0.0215351 0.0163340
v 0.0205061 -0.0214783 0.0163234
v 0.0204505 -0.0215184 0.0169333
v 0.0203987 -0.0215559 0.0169024
v 0.0203542 -0.0215880 0.0168530
v 0.0203200 -0.0216126 0.0167888
v 0.0202986 -0.0216281 0.0167140
v 0.0202913 -0.0216334 0.0166337
v 0.0202986 -0.0216281 0.0165534
v 0.0203200 -0.0216126 0.0164786
v 0.0203542 -0.0215880 0.0164143
v 0.0203987 -0.0215559 0.0163650
v 0.0204505 -0.0215184 0.0163340
v 0.0204441 -0.0214991 0.0169333
v 0.0203863 -0.0215184 0.0169024
v 0.0203367 -0.0215351 0.0168530
v 0.0202986 -0.0215478 0.0167888
v 0.0202746 -0.0215559 0.0167140
v 0.0202665 -0.0215586 0.0166337
v 0.0202746 -0.0215559 0.0165534
v 0.0202986 -0.0215478 0.0164786
v 0.0203367 -0.0215351 0.0164143
v 0.0203863 -0.0215184 0.0163650
v 0.0204441 -0.0214991 0.0163340
v 0.0204419 -0.0214783 0.0169333
v 0.0203821 -0.0214783 0.0169024
v 0.0203307 -0.0214783 0.0168530
v 0.0202913 -0.0214783 0.0167888
v 0.0202665 -0.0214783 0.0167140
v 0.0202580 -0.0214783 0.0166337
v 0.0202665 -0.0214783 0.0165534
v 0.0202913 -0.0214783 0.0164786
v 0.0203307 -0.0214783 0.0164143
v 0.0203821 -0.0214783 0.0163650
v 0.0204419 -0.0214783 0.0163340
v 0.0204441 -0.0214575 0.0169333
v 0.0203863 -0.0214381 0.0169024
v 0.0203367 -0.0214215 0.0168530
v 0.0202986 -0.0214088 0.0167888
v 0.0202746 -0.0214007 0.0167140
v 0.0202665 -0.0213980 0.0166337
v 0.0202746 -0.0214007 0.0165534
v 0.0202986 -0.0214088 0.0164786
v 0.0203367 -0.0214215 0.0164143
v 0.0203863 -0.0214381 0.0163650
v 0.0204441 -0.0214575 0.0163340
v 0.0204505 -0.0214381 0.0169333
v 0.0203987 -0.0214007 0.0169024
v 0.0203542 -0.0213686 0.0168530
v 0.0203200 -0.0213440 0.0167888
v 0.0202986 -0.0213285 0.0167140
v 0.0202913 -0.0213232 0.0166337
v 0.0202986 -0.0213285 0.0165534
v 0.0203200 -0.0213440 0.0164786
v 0.0203542 -0.0213686 0.0164143
v 0.0203987 -0.0214007 0.0163650
v 0.0204505 -0.0214381 0.0163340
v 0.0204607 -0.0214215 0.0169333
v 0.0204184 -0.0213686 0.0169024
v 0.0203821 -0.0213232 0.0168530
v 0.0203542 -0.0212883 0.0167888
v 0.0203367 -0.0212664 0.0167140
v 0.0203307 -0.0212589 0.0166337
v 0.0203367 -0.0212664 0.0165534
v 0.0203542 -0.0212883 0.0164786
v 0.0203821 -0.0213232 0.0164143
v 0.0204184 -0.0213686 0.0163650
v 0.0204607 -0.0214215 0.0163340
v 0.0204740 -0.0214088 0.0169333
v 0.0204441 -0.0213440 0.0169024
v 0.0204184 -0.0212883 0.0168530
v 0.0203987 -0.0212456 0.0167888
v 0.0203863 -0.0212188 0.0167140
v 0.0203821 -0.0212096 0.0166337
v 0.0203863 -0.0212188 0.0165534
v 0.0203987 -0.0212456 0.0164786
v 0.0204184 -0.0212883 0.0164143
v 0.0204441 -0.0213440 0.0163650
v 0.0204740 -0.0214088 0.0163340
v 0.0204895 -0.0214007 0.0169333
v 0.0204740 -0.0213285 0.0169024
v 0.0204607 -0.0212664 0.0168530
v 0.0204505 -0.0212188 0.0167888
v 0.0204441 -0.0211888 0.0167140
v 0.0204419 -0.0211786 0.0166337
v 0.0204441 -0.0211888 0.0165534
v 0.0204505 -0.0212188 0.0164786
v 0.0204607 -0.0212664 0.0164143
v 0.0204740 -0.0213285 0.0163650
v 0.0204895 -0.0214007 0.0163340
v 0.0205061 -0.0213980 0.0169333
v 0.0205061 -0.0213232 0.0169024
v 0.0205061 -0.0211786 0.0167140
v 0.0205061 -0.0211680 0.0166337
v 0.0205061 -0.0211786 0.0165534
v 0.0205061 -0.0212096 0.0164786
v 0.0205061 -0.0212589 0.0164143
v 0.0205061 -0.0213232 0.0163650
v 0.0205061 -0.0213980 0.0163340
v 0.0216912 -0.0212589 0.0157763
v 0.0216912 -0.0212096 0.0157121
v 0.0217078 -0.0214007 0.0158566
v 0.0217233 -0.0213285 0.0158256
v 0.0217366 -0.0212664 0.0157763
v 0.0217468 -0.0212188 0.0157121
v 0.0217532 -0.0211888 0.0156372
v 0.0217554 -0.0211786 0.0155569
v 0.0217532 -0.0211888 0.0154766
v 0.0217468 -0.0212188 0.0154018
v 0.0217366 -0.0212664 0.0153376
v 0.0217233 -0.0213285 0.0152883
v 0.0217078 -0.0214007 0.0152573
v 0.0217233 -0.0214088 0.0158566
v 0.0217532 -0.0213440 0.0158256
v 0.0217789 -0.0212883 0.0157763
v 0.0217986 -0.0212456 0.0157121
v 0.0218110 -0.0212188 0.0156372
v 0.0218153 -0.0212096 0.0155569
v 0.0218110 -0.0212188 0.0154766
v 0.0217986 -0.0212456 0.0154018
v 0.0217789 -0.0212883 0.0153376
v 0.0217532 -0.0213440 0.0152883
v 0.0217233 -0.0214088 0.0152573
v 0.0217366 -0.0214215 0.0158566
v 0.0217789 -0.0213686 0.0158256
v 0.0218153 -0.0213232 0.0157763
v 0.0218431 -0.0212883 0.0157121
v 0.0218607 -0.0212664 0.0156372
v 0.0218667 -0.0212589 0.0155569
v 0.0218607 -0.0212664 0.0154766
v 0.0218431 -0.0212883 0.0154018
v 0.0218153 -0.0213232 0.0153376
v 0.0217789 -0.0213686 0.0152883
v 0.0217366 -0.0214215 0.0152573
v 0.0217468 -0.0214381 0.0158566
v 0.0217986 -0.0214007 0.0158256
v 0.0218431 -0.0213686 0.0157763
v 0.0218773 -0.0213440 0.0157121
v 0.0218988 -0.0213285 0.0156372
v 0.0219061 -0.0213232 0.0155569
v 0.0218988 -0.0213285 0.0154766
v 0.0218773 -0.0213440 0.0154018
v 0.0218431 -0.0213686 0.0153376
v 0.0217986 -0.0214007 0.0152883
v 0.0217468 -0.0214381 0.0152573
v 0.0217532 -0.0214575 0.0158566
v 0.0218110 -0.0214381 0.0158256
v 0.0218607 -0.0214215 0.0157763
v 0.0218988 -0.0214088 0.0157121
v 0.0219227 -0.0214007 0.0156372
v 0.0219309 -0.0213980 0.0155569
v 0.0219227 -0.0214007 0.0154766
v 0.0218988 -0.0214088 0.0154018
v 0.0218607 -0.0214215 0.0153376
v 0.0218110 -0.0214381 0.0152883
v 0.0217532 -0.0214575 0.0152573
v 0.0217554 -0.0214783 0.0158566
v 0.0218153 -0.0214783 0.0158256
v 0.0218667 -0.0214783 0.0157763
v 0.0219061 -0.0214783 0.0157121
v 0.0219309 -0.0214783 0.0156372
v 0.0219393 -0.0214783 0.0155569
v 0.0219309 -0.0214783 0.0154766
v 0.0219061 -0.0214783 0.0154018
v 0.0218667 -0.0214783 0.0153376
v 0.0218153 -0.0214783 0.0152883
v 0.0217554 -0.0214783 0.0152573
v 0.0217532 -0.0214991 0.0158566
v 0.0218110 -0.0215184 0.0158256
v 0.0218607 -0.0215351 0.0157763
v 0.0218988 -0.0215478 0.0157121
v 0.0219227 -0.0215559 0.0156372
v 0.0219309 -0.0215586 0.0155569
v 0.0219227 -0.0215559 0.0154766
v 0.0218988 -0.0215478 0.0154018
v 0.0218607 -0.0215351 0.0153376
v 0.0218110 -0.0215184 0.0152883
v 0.0217532 -0.0214991 0.0152573
v 0.0217468 -0.0215184 0.0158566
v 0.0217986 -0.0215559 0.0158256
v 0.0218431 -0.0215880 0.0157763
v 0.0218773 -0.0216126 0.0157121
v 0.0218988 -0.0216281 0.0156372
v 0.0219061 -0.0216334 0.0155569
v 0.0218988 -0.0216281 0.0154766
v 0.0218773 -0.0216126 0.0154018
v 0.0218431 -0.0215880 0.0153376
v 0.0217986 -0.0215559 0.0152883
v 0.0217468 -0.0215184 0.0152573
v 0.0217366 -0.0215351 0.0158566
v 0.0217789 -0.0215880 0.0158256
v 0.0218153 -0.0216334 0.0157763
v 0.0218431 -0.0216683 0.0157121
v 0.0218607 -0.0216902 0.0156372
v 0.0218667 -0.0216977 0.0155569
v 0.0218607 -0.0216902 0.0154766
v 0.0218431 -0.0216683 0.0154018
v 0.0218153 -0.0216334 0.0153376
v 0.0217789 -0.0215880 0.0152883
v 0.0217366 -0.0215351 0.0152573
v 0.0217233 -0.0215478 0.0158566
v 0.0217532 -0.0216126 0.0158256
v 0.0217789 -0.0216683 0.0157763
v 0.0217986 -0.0217110 0.0157121
v 0.0218110 -0.0217378 0.0156372
v 0.0218153 -0.0217470 0.0155569
v 0.0218110 -0.0217378 0.0154766
v 0.0217986 -0.0217110 0.0154018
v 0.0217789 -0.0216683 0.0153376
v 0.0217532 -0.0216126 0.0152883
v 0.0217233 -0.0215478 0.0152573
v 0.0217078 -0.0215559 0.0158566
v 0.0217233 -0.0216281 0.0158256
v 0.0217366 -0.0216902 0.0157763
v 0.0217468 -0.0217378 0.0157121
v 0.0217532 -0.0217678 0.0156372
v 0.0217554 -0.0217780 0.0155569
v 0.0217532 -0.0217678 0.0154766
v 0.0217468 -0.0217378 0.0154018
v 0.0217366 -0.0216902 0.0153376
v 0.0217233 -0.0216281 0.0152883
v 0.0217078 -0.0215559 0.0152573
v 0.0216912 -0.0215586 0.0158566
v 0.0216912 -0.0216334 0.0158256
v 0.0216912 -0.0216977 0.0157763
v 0.0216912 -0.0217470 0.0157121
v 0.0216912 -0.0217780 0.0156372
v 0.0216912 -0.0217885 0.0155569
v 0.0216912 -0.0217780 0.0154766
v 0.0216912 -0.0217470 0.0154018
v 0.0216912 -0.0216977 0.0153376
v 0.0216912 -0.0216334 0.0152883
v 0.0216912 -0.0215586 0.0152573
v 0.0216912 -0.0214783 0.0158672
v 0.0216746 -0.0215559 0.0158566
v 0.0216591 -0.0216281 0.0158256
v 0.0216458 -0.0216902 0.0157763
v 0.0216356 -0.0217378 0.0157121
v 0.0216292 -0.0217678 0.0156372
v 0.0216270 -0.0217780 0.0155569
v 0.0216292 -0.0217678 0.0154766
v 0.0216356 -0.0217378 0.0154018
v 0.0216458 -0.0216902 0.0153376
v 0.0216591 -0.0216281 0.0152883
v 0.0216746 -0.0215559 0.0152573
v 0.0216591 -0.0215478 0.0158566
v 0.0216292 -0.0216126 0.0158256
v 0.0216035 -0.0216683 0.0157763
v 0.0215838 -0.0217110 0.0157121
v 0.0215714 -0.0217378 0.0156372
v 0.0215672 -0.0217470 0.0155569
v 0.0215714 -0.0217378 0.0154766
v 0.0215838 -0.0217110 0.0154018
v 0.0216035 -0.0216683 0.0153376
v 0.0216292 -0.0216126 0.0152883
v 0.0216591 -0.0215478 0.0152573
v 0.0216458 -0.0215351 0.0158566
v 0.0216035 -0.0215880 0.0158256
v 0.0215672 -0.0216334 0.0157763
v 0.0215393 -0.0216683 0.0157121
v 0.0215218 -0.0216902 0.0156372
v 0.0215158 -0.0216977 0.0155569
v 0.0215218 -0.0216902 0.0154766
v 0.0215393 -0.0216683 0.0154018
v 0.0215672 -0.0216334 0.0153376
v 0.0216035 -0.0215880 0.0152883
v 0.0216458 -0.0215351 0.0152573
v 0.0216912 -0.0214783 0.0152467
v 0.0216356 -0.0215184 0.0158566
v 0.0215838 -0.0215559 0.0158256
v 0.0215393 -0.0215880 0.0157763
v 0.0215052 -0.0216126 0.0157121
v 0.0214837 -0.0216281 0.0156372
v 0.0214764 -0.0216334 0.0155569
v 0.0214837 -0.0216281 0.0154766
v 0.0215052 -0.0216126 0.0154018
v 0.0215393 -0.0215880 0.0153376
v 0.0215838 -0.0215559 0.0152883
v 0.0216356 -0.0215184 0.0152573
v 0.0216292 -0.0214991 0.0158566
v 0.0215714 -0.0215184 0.0158256
v 0.0215218 -0.0215351 0.0157763
v 0.0214837 -0.0215478 0.0157121
v 0.0214598 -0.0215559 0.0156372
v 0.0214516 -0.0215586 0.0155569
v 0.0214598 -0.0215559 0.0154766
v 0.0214837 -0.0215478 0.0154018
v 0.0215218 -0.0215351 0.0153376
v 0.0215714 -0.0215184 0.0152883
v 0.0216292 -0.0214991 0.0152573
v 0.0216270 -0.0214783 0.0158566
v 0.0215672 -0.0214783 0.0158256
v 0.0215158 -0.0214783 0.0157763
v 0.0214764 -0.0214783 0.0157121
v 0.0214516 -0.0214783 0.0156372
v 0.0214431 -0.0214783 0.0155569
v 0.0214516 -0.0214783 0.0154766
v 0.0214764 -0.0214783 0.0154018
v 0.0215158 -0.0214783 0.0153376
v 0.0215672 -0.0214783 0.0152883
v 0.0216270 -0.0214783 0.0152573
v 0.0216292 -0.0214575 0.0158566
v 0.0215714 -0.0214381 0.0158256
v 0.0215218 -0.0214215 0.0157763
v 0.0214837 -0.0214088 0.0157121
v 0.0214598 -0.0214007 0.0156372
v 0.0214516 -0.0213980 0.0155569
v 0.0214598 -0.0214007 0.0154766
v 0.0214837 -0.0214088 0.0154018
v 0.0215218 -0.0214215 0.0153376
v 0.0215714 -0.0214381 0.0152883
v 0.0216292 -0.0214575 0.0152573
v 0.0216356 -0.0214381 0.0158566
v 0.0215838 -0.0214007 0.0158256
v 0.0215393 -0.0213686 0.0157763
v 0.0215052 -0.0213440 0.0157121
v 0.0214837 -0.0213285 0.0156372
v 0.0214764 -0.0213232 0.0155569
v 0.0214837 -0.0213285 0.0154766
v 0.0215052 -0.0213440 0.0154018
v 0.0215393 -0.0213686 0.0153376
v 0.0215838 -0.0214007 0.0152883
v 0.0216356 -0.0214381 0.0152573
v 0.0216458 -0.0214215 0.0158566
v 0.0216035 -0.0213686 0.0158256
v 0.0215672 -0.0213232 0.0157763
v 0.0215393 -0.0212883 0.0157121
v 0.0215218 -0.0212664 0.0156372
v 0.0215158 -0.0212589 0.0155569
v 0.0215218 -0.0212664 0.0154766
v 0.0215393 -0.0212883 0.0154018
v 0.0215672 -0.0213232 0.0153376
v 0.0216035 -0.0213686 0.0152883
v 0.0216458 -0.0214215 0.0152573
v 0.0216591 -0.0214088 0.0158566
v 0.0216292 -0.0213440 0.0158256
v 0.0216035 -0.0212883 0.0157763
v 0.0215838 -0.0212456 0.0157121
v 0.0215714 -0.0212188 0.0156372
v 0.0215672 -0.0212096 0.0155569
v 0.0215714 -0.0212188 0.0154766
v 0.0215838 -0.0212456 0.0154018
v 0.0216035 -0.0212883 0.0153376
v 0.0216292 -0.0213440 0.0152883
v 0.0216591 -0.0214088 0.0152573
v 0.0216746 -0.0214007 0.0158566
v 0.0216591 -0.0213285 0.0158256
v 0.0216458 -0.0212664 0.0157763
v 0.0216356 -0.0212188 0.0157121
v 0.0216292 -0.0211888 0.0156372
v 0.0216270 -0.0211786 0.0155569
v 0.0216292 -0.0211888 0.0154766
v 0.0216356 -0.0212188 0.0154018
v 0.0216458 -0.0212664 0.0153376
v 0.0216591 -0.0213285 0.0152883
v 0.0216746 -0.0214007 0.0152573
v 0.0216912 -0.0213980 0.0158566
v 0.0216912 -0.0213232 0.0158256
v 0.0216912 -0.0211786 0.0156372
v 0.0216912 -0.0211680 0.0155569
v 0.0216912 -0.0211786 0.0154766
v 0.0216912 -0.0212096 0.0154018
v 0.0216912 -0.0212589 0.0153376
v 0.0216912 -0.0213232 0.0152883
v 0.0216912 -0.0213980 0.0152573
v 0.0231561 -0.0212589 0.0157763
v 0.0231561 -0.0212096 0.0157121
v 0.0231727 -0.0214007 0.0158566
v 0.0231882 -0.0213285 0.0158256
v 0.0232015 -0.0212664 0.0157763
v 0.0232117 -0.0212188 0.0157121
v 0.0232181 -0.0211888 0.0156372
v 0.0232203 -0.0211786 0.0155569
v 0.0232181 -0.0211888 0.0154766
v 0.0232117 -0.0212188 0.0154018
v 0.0232015 -0.0212664 0.0153376
v 0.0231882 -0.0213285 0.0152883
v 0.0231727 -0.0214007 0.0152573
v 0.0231882 -0.0214088 0.0158566
v 0.0232181 -0.0213440 0.0158256
v 0.0232438 -0.0212883 0.0157763
v 0.0232635 -0.0212456 0.0157121
v 0.0232759 -0.0212188 0.0156372
v 0.0232802 -0.0212096 0.0155569
v 0.0232759 -0.0212188 0.0154766
v 0.0232635 -0.0212456 0.0154018
v 0.0232438 -0.0212883 0.0153376
v 0.0232181 -0.0213440 0.0152883
v 0.0231882 -0.0214088 0.0152573
v 0.0232015 -0.0214215 0.0158566
v 0.0232438 -0.0213686 0.0158256
v 0.0232802 -0.0213232 0.0157763
v 0.0233080 -0.0212883 0.0157121
v 0.0233256 -0.0212664 0.0156372
v 0.0233315 -0.0212589 0.0155569
v 0.0233256 -0.0212664 0.0154766
v 0.0233080 -0.0212883 0.0154018
v 0.0232802 -0.0213232 0.0153376
v 0.0232438 -0.0213686 0.0152883
v 0.0232015 -0.0214215 0.0152573
v 0.0232117 -0.0214381 0.0158566
v 0.0232635 -0.0214007 0.0158256
v 0.0233080 -0.0213686 0.0157763
v 0.0233422 -0.0213440 0.0157121
v 0.0233636 -0.0213285 0.0156372
v 0.0233710 -0.0213232 0.0155569
v 0.0233636 -0.0213285 0.0154766
v 0.0233422 -0.0213440 0.0154018
v 0.0233080 -0.0213686 0.0153376
v 0.0232635 -0.0214007 0.0152883
v 0.0232117 -0.0214381 0.0152573
v 0.0232181 -0.0214575 0.0158566
v 0.0232759 -0.0214381 0.0158256
v 0.0233256 -0.0214215 0.0157763
v 0.0233636 -0.0214088 0.0157121
v 0.0233876 -0.0214007 0.0156372
v 0.0233957 -0.0213980 0.0155569
v 0.0233876 -0.0214007 0.0154766
v 0.0233636 -0.0214088 0.0154018
v 0.0233256 -0.0214215 0.0153376
v 0.0232759 -0.0214381 0.0152883
v 0.0232181 -0.0214575 0.0152573
v 0.0232203 -0.0214783 0.0158566
v 0.0232802 -0.0214783 0.0158256
v 0.0233315 -0.0214783 0.0157763
v 0.0233710 -0.0214783 0.0157121
v 0.0233957 -0.0214783 0.0156372
v 0.0234042 -0.0214783 0.0155569
v 0.0233957 -0.0214783 0.0154766
v 0.0233710 -0.0214783 0.0154018
v 0.0233315 -0.0214783 0.0153376
v 0.0232802 -0.0214783 0.0152883
v 0.0232203 -0.0214783 0.0152573
v 0.0232181 -0.0214991 0.0158566
v 0.0232759 -0.0215184 0.0158256
v 0.0233256 -0.0215351 0.0157763
v 0.0233636 -0.0215478 0.0157121
v 0.0233876 -0.0215559 0.0156372
v 0.0233957 -0.0215586 0.0155569
v 0.0233876 -0.0215559 0.0154766
v 0.0233636 -0.0215478 0.0154018
v 0.0233256 -0.0215351 0.0153376
v 0.0232759 -0.0215184 0.0152883
v 0.0232181 -0.0214991 0.0152573
v 0.0232117 -0.0215184 0.0158566
v 0.0232635 -0.0215559 0.0158256
v 0.0233080 -0.0215880 0.0157763
v 0.0233422 -0.0216126 0.0157121
v 0.0233636 -0.0216281 0.0156372
v 0.0233710 -0.0216334 0.0155569
v 0.0233636 -0.0216281 0.0154766
v 0.0233422 -0.0216126 0.0154018
v 0.0233080 -0.0215880 0.0153376
v 0.0232635 -0.0215559 0.0152883
v 0.0232117 -0.0215184 0.0152573
v 0.0232015 -0.0215351 0.0158566
v 0.0232438 -0.0215880 0.0158256
v 0.0232802 -0.0216334 0.0157763
v 0.0233080 -0.0216683 0.0157121
v 0.0233256 -0.0216902 0.0156372
v 0.0233315 -0.0216977 0.0155569
v 0.0233256 -0.0216902 0.0154766
v 0.0233080 -0.0216683 0.0154018
v 0.0232802 -0.0216334 0.0153376
v 0.0232438 -0.0215880 0.0152883
v 0.0232015 -0.0215351 0.0152573
v 0.0231882 -0.0215478 0.0158566
v 0.0232181 -0.0216126 0.0158256
v 0.0232438 -0.0216683 0.0157763
v 0.0232635 -0.0217110 0.0157121
v 0.0232759 -0.0217378 0.0156372
v 0.0232802 -0.0217470 0.0155569
v 0.0232759 -0.0217378 0.0154766
v 0.0232635 -0.0217110 0.0154018
v 0.0232438 -0.0216683 0.0153376
v 0.0232181 -0.0216126 0.0152883
v 0.0231882 -0.0215478 0.0152573
v 0.0231727 -0.0215559 0.0158566
v 0.0231882 -0.0216281 0.0158256
v 0.0232015 -0.0216902 0.0157763
v 0.0232117 -0.0217378 0.0157121
v 0.0232181 -0.0217678 0.0156372
v 0.0232203 -0.0217780 0.0155569
v 0.0232181 -0.0217678 0.0154766
v 0.0232117 -0.0217378 0.0154018
v 0.0232015 -0.0216902 0.0153376
v 0.0231882 -0.0216281 0.0152883
v 0.0231727 -0.0215559 0.0152573
v 0.0231561 -0.0215586 0.0158566
v 0.0231561 -0.0216334 0.0158256
v 0.0231561 -0.0216977 0.0157763
v 0.0231561 -0.0217470 0.0157121
v 0.0231561 -0.0217780 0.0156372
v 0.0231561 -0.0217885 0.0155569
v 0.0231561 -0.0217780 0.0154766
v 0.0231561 -0.0217470 0.0154018
v 0.0231561 -0.0216977 0.0153376
v 0.0231561 -0.0216334 0.0152883
v 0.0231561 -0.0215586 0.0152573
v 0.0231561 -0.0214783 0.0158672
v 0.0231395 -0.0215559 0.0158566
v 0.0231240 -0.0216281 0.0158256
v 0.0231107 -0.0216902 0.0157763
v 0.0231005 -0.0217378 0.0157121
v 0.0230941 -0.0217678 0.0156372
v 0.0230919 -0.0217780 0.0155569
v 0.0230941 -0.0217678 0.0154766
v 0.0231005 -0.0217378 0.0154018
v 0.0231107 -0.0216902 0.0153376
v 0.0231240 -0.0216281 0.0152883
v 0.0231395 -0.0215559 0.0152573
v 0.0231240 -0.0215478 0.0158566
v 0.0230941 -0.0216126 0.0158256
v 0.0230684 -0.0216683 0.0157763
v 0.0230487 -0.0217110 0.0157121
v 0.0230363 -0.0217378 0.0156372
v 0.0230321 -0.0217470 0.0155569
v 0.0230363 -0.0217378 0.0154766
v 0.0230487 -0.0217110 0.0154018
v 0.0230684 -0.0216683 0.0153376
v 0.0230941 -0.0216126 0.0152883
v 0.0231240 -0.0215478 0.0152573
v 0.0231107 -0.0215351 0.0158566
v 0.0230684 -0.0215880 0.0158256
v 0.0230321 -0.0216334 0.0157763
v 0.0230042 -0.0216683 0.0157121
v 0.0229867 -0.0216902 0.0156372
v 0.0229807 -0.0216977 0.0155569
v 0.0229867 -0.0216902 0.0154766
v 0.0230042 -0.0216683 0.0154018
v 0.0230321 -0.0216334 0.0153376
v 0.0230684 -0.0215880 0.0152883
v 0.0231107 -0.0215351 0.0152573
v 0.0231561 -0.0214783 0.0152467
v 0.0231005 -0.0215184 0.0158566
v 0.0230487 -0.0215559 0.0158256
v 0.0230042 -0.0215880 0.0157763
v 0.0229700 -0.0216126 0.0157121
v 0.0229486 -0.0216281 0.0156372
v 0.0229413 -0.0216334 0.0155569
v 0.0229486 -0.0216281 0.0154766
v 0.0229700 -0.0216126 0.0154018
v 0.0230042 -0.0215880 0.0153376
v 0.0230487 -0.0215559 0.0152883
v 0.0231005 -0.0215184 0.0152573
v 0.0230941 -0.0214991 0.0158566
v 0.0230363 -0.0215184 0.0158256
v 0.0229867 -0.0215351 0.0157763
v 0.0229486 -0.0215478 0.0157121
v 0.0229246 -0.0215559 0.0156372
v 0.0229165 -0.0215586 0.0155569
v 0.0229246 -0.0215559 0.0154766
v 0.0229486 -0.0215478 0.0154018
v 0.0229867 -0.0215351 0.0153376
v 0.0230363 -0.0215184 0.0152883
v 0.0230941 -0.0214991 0.0152573
v 0.0230919 -0.0214783 0.0158566
v 0.0230321 -0.0214783 0.0158256
v 0.0229807 -0.0214783 0.0157763
v 0.0229413 -0.0214783 0.0157121
v 0.0229165 -0.0214783 0.0156372
v 0.0229080 -0.0214783 0.0155569
v 0.0229165 -0.0214783 0.0154766
v 0.0229413 -0.0214783 0.0154018
v 0.0229807 -0.0214783 0.0153376
v 0.0230321 -0.0214783 0.0152883
v 0.0230919 -0.0214783 0.0152573
v 0.0230941 -0.0214575 0.0158566
v 0.0230363 -0.0214381 0.0158256
v 0.0229867 -0.0214215 0.0157763
v 0.0229486 -0.0214088 0.0157121
v 0.0229246 -0.0214007 0.0156372
v 0.0229165 -0.0213980 0.0155569
v 0.0229246 -0.0214007 0.0154766
v 0.0229486 -0.0214088 0.0154018
v 0.0229867 -0.0214215 0.0153376
v 0.0230363 -0.0214381 0.0152883
v 0.0230941 -0.0214575 0.0152573
v 0.0231005 -0.0214381 0.0158566
v 0.0230487 -0.0214007 0.0158256
v 0.0230042 -0.0213686 0.0157763
v 0.0229700 -0.0213440 0.0157121
v 0.0229486 -0.0213285 0.0156372
v 0.0229413 -0.0213232 0.0155569
v 0.0229486 -0.0213285 0.0154766
v 0.0229700 -0.0213440 0.0154018
v 0.0230042 -0.0213686 0.0153376
v 0.0230487 -0.0214007 0.0152883
v 0.0231005 -0.0214381 0.0152573
v 0.0231107 -0.0214215 0.0158566
v 0.0230684 -0.0213686 0.0158256
v 0.0230321 -0.0213232 0.0157763
v 0.0230042 -0.0212883 0.0157121
v 0.0229867 -0.0212664 0.0156372
v 0.0229807 -0.0212589 0.0155569
v 0.0229867 -0.0212664 0.0154766
v 0.0230042 -0.0212883 0.0154018
v 0.0230321 -0.0213232 0.0153376
v 0.0230684 -0.0213686 0.0152883
v 0.0231107 -0.0214215 0.0152573
v 0.0231240 -0.0214088 0.0158566
v 0.0230941 -0.0213440 0.0158256
v 0.0230684 -0.0212883 0.0157763
v 0.0230487 -0.0212456 0.0157121
v 0.0230363 -0.0212188 0.0156372
v 0.0230321 -0.0212096 0.0155569
v 0.0230363 -0.0212188 0.0154766
v 0.0230487 -0.0212456 0.0154018
v 0.0230684 -0.0212883 0.0153376
v 0.0230941 -0.0213440 0.0152883
v 0.0231240 -0.0214088 0.0152573
v 0.0231395 -0.0214007 0.0158566
v 0.0231240 -0.0213285 0.0158256
v 0.0231107 -0.0212664 0.0157763
v 0.0231005 -0.0212188 0.0157121
v 0.0230941 -0.0211888 0.0156372
v 0.0230919 -0.0211786 0.0155569
v 0.0230941 -0.0211888 0.0154766
v 0.0231005 -0.0212188 0.0154018
v 0.0231107 -0.0212664 0.0153376
v 0.0231240 -0.0213285 0.0152883
v 0.0231395 -0.0214007 0.0152573
v 0.0231561 -0.0213980 0.0158566
v 0.0231561 -0.0213232 0.0158256
v 0.0231561 -0.0211786 0.0156372
v 0.0231561 -0.0211680 0.0155569
v 0.0231561 -0.0211786 0.0154766
v 0.0231561 -0.0212096 0.0154018
v 0.0231561 -0.0212589 0.0153376
v 0.0231561 -0.0213232 0.0152883
v 0.0231561 -0.0213980 0.0152573
v 0.0243412 -0.0212589 0.0168530
v 0.0243412 -0.0212096 0.0167888
v 0.0243578 -0.0214007 0.0169333
v 0.0243733 -0.0213285 0.0169024
v 0.0243866 -0.0212664 0.0168530
v 0.0243968 -0.0212188 0.0167888
v 0.0244032 -0.0211888 0.0167140
v 0.0244054 -0.0211786 0.0166337
v 0.0244032 -0.0211888 0.0165534
v 0.0243968 -0.0212188 0.0164786
v 0.0243866 -0.0212664 0.0164143
v 0.0243733 -0.0213285 0.0163650
v 0.0243578 -0.0214007 0.0163340
v 0.0243733 -0.0214088 0.0169333
v 0.0244032 -0.0213440 0.0169024
v 0.0244289 -0.0212883 0.0168530
v 0.0244486 -0.0212456 0.0167888
v 0.0244610 -0.0212188 0.0167140
v 0.0244653 -0.0212096 0.0166337
v 0.0244610 -0.0212188 0.0165534
v 0.0244486 -0.0212456 0.0164786
v 0.0244289 -0.0212883 0.0164143
v 0.0244032 -0.0213440 0.0163650
v 0.0243733 -0.0214088 0.0163340
v 0.0243866 -0.0214215 0.0169333
v 0.0244289 -0.0213686 0.0169024
v 0.0244653 -0.0213232 0.0168530
v 0.0244931 -0.0212883 0.0167888
v 0.0245107 -0.0212664 0.0167140
v 0.0245166 -0.0212589 0.0166337
v 0.0245107 -0.0212664 0.0165534
v 0.0244931 -0.0212883 0.0164786
v 0.0244653 -0.0213232 0.0164143
v 0.0244289 -0.0213686 0.0163650
v 0.0243866 -0.0214215 0.0163340
v 0.0243968 -0.0214381 0.0169333
v 0.0244486 -0.0214007 0.0169024
v 0.0244931 -0.0213686 0.0168530
v 0.0245273 -0.0213440 0.0167888
v 0.0245488 -0.0213285 0.0167140
v 0.0245561 -0.0213232 0.0166337
v 0.0245488 -0.0213285 0.0165534
v 0.0245273 -0.0213440 0.0164786
v 0.0244931 -0.0213686 0.0164143
v 0.0244486 -0.0214007 0.0163650
v 0.0243968 -0.0214381 0.0163340
v 0.0244032 -0.0214575 0.0169333
v 0.0244610 -0.0214381 0.0169024
v 0.0245107 -0.0214215 0.0168530
v 0.0245488 -0.0214088 0.0167888
v 0.0245727 -0.0214007 0.0167140
v 0.0245809 -0.0213980 0.0166337
v 0.0245727 -0.0214007 0.0165534
v 0.0245488 -0.0214088 0.0164786
v 0.0245107 -0.0214215 0.0164143
v 0.0244610 -0.0214381 0.0163650
v 0.0244032 -0.0214575 0.0163340
v 0.0244054 -0.0214783 0.0169333
v 0.0244653 -0.0214783 0.0169024
v 0.0245166 -0.0214783 0.0168530
v 0.0245561 -0.0214783 0.0167888
v 0.0245809 -0.0214783 0.0167140
v 0.0245893 -0.0214783 0.0166337
v 0.0245809 -0.0214783 0.0165534
v 0.0245561 -0.0214783 0.0164786
v 0.0245166 -0.0214783 0.0164143
v 0.0244653 -0.0214783 0.0163650
v 0.0244054 -0.0214783 0.0163340
v 0.0244032 -0.0214991 0.0169333
v 0.0244610 -0.0215184 0.0169024
v 0.0245107 -0.0215351 0.0168530
v 0.0245488 -0.0215478 0.0167888
v 0.0245727 -0.0215559 0.0167140
v 0.0245809 -0.0215586 0.0166337
v 0.0245727 -0.0215559 0.0165534
v 0.0245488 -0.0215478 0.0164786
v 0.0245107 -0.0215351 0.0164143
v 0.0244610 -0.0215184 0.0163650
v 0.0244032 -0.0214991 0.0163340
v 0.0243968 -0.0215184 0.0169333
v 0.0244486 -0.0215559 0.0169024
v 0.0244931 -0.0215880 0.0168530
v 0.0245273 -0.0216126 0.0167888
v 0.0245488 -0.0216281 0.0167140
v 0.0245561 -0.0216334 0.0166337
v 0.0245488 -0.0216281 0.0165534
v 0.0245273 -0.0216126 0.0164786
v 0.0244931 -0.0215880 0.0164143
v 0.0244486 -0.0215559 0.0163650
v 0.0243968 -0.0215184 0.0163340
v 0.0243866 -0.0215351 0.0169333
v 0.0244289 -0.0215880 0.0169024
v 0.0244653 -0.0216334 0.0168530
v 0.0244931 -0.0216683 0.0167888
v 0.0245107 -0.0216902 0.0167140
v 0.0245166 -0.0216977 0.0166337
v 0.0245107 -0.0216902 0.0165534
v 0.0244931 -0.0216683 0.0164786
v 0.0244653 -0.0216334 0.0164143
v 0.0244289 -0.0215880 0.0163650
v 0.0243866 -0.0215351 0.0163340
v 0.0243733 -0.0215478 0.0169333
v 0.0244032 -0.0216126 0.0169024
v 0.0244289 -0.0216683 0.0168530
v 0.0244486 -0.0217110 0.0167888
v 0.0244610 -0.0217378 0.0167140
v 0.0244653 -0.0217470 0.0166337
v 0.0244610 -0.0217378 0.0165534
v 0.0244486 -0.0217110 0.0164786
v 0.0244289 -0.0216683 0.0164143
v 0.0244032 -0.0216126 0.0163650
v 0.0243733 -0.0215478 0.0163340
v 0.0243578 -0.0215559 0.0169333
v 0.0243733 -0.0216281 0.0169024
v 0.0243866 -0.0216902 0.0168530
v 0.0243968 -0.0217378 0.0167888
v 0.0244032 -0.0217678 0.0167140
v 0.0244054 -0.0217780 0.0166337
v 0.0244032 -0.0217678 0.0165534
v 0.0243968 -0.0217378 0.0164786
v 0.0243866 -0.0216902 0.0164143
v 0.0243733 -0.0216281 0.0163650
v 0.0243578 -0.0215559 0.0163340
v 0.0243412 -0.0215586 0.0169333
v 0.0243412 -0.0216334 0.0169024
v 0.0243412 -0.0216977 0.0168530
v 0.0243412 -0.0217470 0.0167888
v 0.0243412 -0.0217780 0.0167140
v 0.0243412 -0.0217885 0.0166337
v 0.0243412 -0.0217780 0.0165534
v 0.0243412 -0.0217470 0.0164786
v 0.0243412 -0.0216977 0.0164143
v 0.0243412 -0.0216334 0.0163650
v 0.0243412 -0.0215586 0.0163340
v 0.0243412 -0.0214783 0.0169439
v 0.0243246 -0.0215559 0.0169333
v 0.0243091 -0.0216281 0.0169024
v 0.0242958 -0.0216902 0.0168530
v 0.0242856 -0.0217378 0.0167888
v 0.0242792 -0.0217678 0.0167140
v 0.0242770 -0.0217780 0.0166337
v 0.0242792 -0.0217678 0.0165534
v 0.0242856 -0.0217378 0.0164786
v 0.0242958 -0.0216902 0.0164143
v 0.0243091 -0.0216281 0.0163650
v 0.0243246 -0.0215559 0.0163340
v 0.0243091 -0.0215478 0.0169333
v 0.0242792 -0.0216126 0.0169024
v 0.0242535 -0.0216683 0.0168530
v 0.0242338 -0.0217110 0.0167888
v 0.0242214 -0.0217378 0.0167140
v 0.0242172 -0.0217470 0.0166337
v 0.0242214 -0.0217378 0.0165534
v 0.0242338 -0.0217110 0.0164786
v 0.0242535 -0.0216683 0.0164143
v 0.0242792 -0.0216126 0.0163650
v 0.0243091 -0.0215478 0.0163340
v 0.0242958 -0.0215351 0.0169333
v 0.0242535 -0.0215880 0.0169024
v 0.0242172 -0.0216334 0.0168530
v 0.0241893 -0.0216683 0.0167888
v 0.0241718 -0.0216902 0.0167140
v 0.0241658 -0.0216977 0.0166337
v 0.0241718 -0.0216902 0.0165534
v 0.0241893 -0.0216683 0.0164786
v 0.0242172 -0.0216334 0.0164143
v 0.0242535 -0.0215880 0.0163650
v 0.0242958 -0.0215351 0.0163340
v 0.0243412 -0.0214783 0.0163234
v 0.0242856 -0.0215184 0.0169333
v 0.0242338 -0.0215559 0.0169024
v 0.0241893 -0.0215880 0.0168530
v 0.0241552 -0.0216126 0.0167888
v 0.0241337 -0.0216281 0.0167140
v 0.0241264 -0.0216334 0.0166337
v 0.0241337 -0.0216281 0.0165534
v 0.0241552 -0.0216126 0.0164786
v 0.0241893 -0.0215880 0.0164143
v 0.0242338 -0.0215559 0.0163650
v 0.0242856 -0.0215184 0.0163340
v 0.0242792 -0.0214991 0.0169333
v 0.0242214 -0.0215184 0.0169024
v 0.0241718 -0.0215351 0.0168530
v 0.0241337 -0.0215478 0.0167888
v 0.0241097 -0.0215559 0.0167140
v 0.0241016 -0.0215586 0.0166337
v 0.0241097 -0.0215559 0.0165534
v 0.0241337 -0.0215478 0.0164786
v 0.0241718 -0.0215351 0.0164143
v 0.0242214 -0.0215184 0.0163650
v 0.0242792 -0.0214991 0.0163340
v 0.0242770 -0.0214783 0.0169333
v 0.0242172 -0.0214783 0.0169024
v 0.0241658 -0.0214783 0.0168530
v 0.0241264 -0.0214783 0.0167888
v 0.0241016 -0.0214783 0.0167140
v 0.0240931 -0.0214783 0.0166337
v 0.0241016 -0.0214783 0.0165534
v 0.0241264 -0.0214783 0.0164786
v 0.0241658 -0.0214783 0.0164143
v 0.0242172 -0.0214783 0.0163650
v 0.0242770 -0.0214783 0.0163340
v 0.0242792 -0.0214575 0.0169333
v 0.0242214 -0.0214381 0.0169024
v 0.0241718 -0.0214215 0.0168530
v 0.0241337 -0.0214088 0.0167888
v 0.0241097 -0.0214007 0.0167140
v 0.0241016 -0.0213980 0.0166337
v 0.0241097 -0.0214007 0.0165534
v 0.0241337 -0.0214088 0.0164786
v 0.0241718 -0.0214215 0.0164143
v 0.0242214 -0.0214381 0.0163650
v 0.0242792 -0.0214575 0.0163340
v 0.0242856 -0.0214381 0.0169333
v 0.0242338 -0.0214007 0.0169024
v 0.0241893 -0.0213686 0.0168530
v 0.0241552 -0.0213440 0.0167888
v 0.0241337 -0.0213285 0.0167140
v 0.0241264 -0.0213232 0.0166337
v 0.0241337 -0.0213285 0.0165534
v 0.0241552 -0.0213440 0.0164786
v 0.0241893 -0.0213686 0.0164143
v 0.0242338 -0.0214007 0.0163650
v 0.0242856 -0.0214381 0.0163340
v 0.0242958 -0.0214215 0.0169333
v 0.0242535 -0.0213686 0.0169024
v 0.0242172 -0.0213232 0.0168530
v 0.0241893 -0.0212883 0.0167888
v 0.0241718 -0.0212664 0.0167140
v 0.0241658 -0.0212589 0.0166337
v 0.0241718 -0.0212664 0.0165534
v 0.0241893 -0.0212883 0.0164786
v 0.0242172 -0.0213232 0.0164143
v 0.0242535 -0.0213686 0.0163650
v 0.0242958 -0.0214215 0.0163340
v 0.0243091 -0.0214088 0.0169333
v 0.0242792 -0.0213440 0.0169024
v 0.0242535 -0.0212883 0.0168530
v 0.0242338 -0.0212456 0.0167888
v 0.0242214 -0.0212188 0.0167140
v 0.0242172 -0.0212096 0.0166337
v 0.0242214 -0.0212188 0.0165534
v 0.0242338 -0.0212456 0.0164786
v 0.0242535 -0.0212883 0.0164143
v 0.0242792 -0.0213440 0.0163650
v 0.0243091 -0.0214088 0.0163340
v 0.0243246 -0.0214007 0.0169333
v 0.0243091 -0.0213285 0.0169024
v 0.0242958 -0.0212664 0.0168530
v 0.0242856 -0.0212188 0.0167888
v 0.0242792 -0.0211888 0.0167140
v 0.0242770 -0.0211786 0.0166337
v 0.0242792 -0.0211888 0.0165534
v 0.0242856 -0.0212188 0.0164786
v 0.0242958 -0.0212664 0.0164143
v 0.0243091 -0.0213285 0.0163650
v 0.0243246 -0.0214007 0.0163340
v 0.0243412 -0.0213980 0.0169333
v 0.0243412 -0.0213232 0.0169024
v 0.0243412 -0.0211786 0.0167140
v 0.0243412 -0.0211680 0.0166337
v 0.0243412 -0.0211786 0.0165534
v 0.0243412 -0.0212096 0.0164786
v 0.0243412 -0.0212589 0.0164143
v 0.0243412 -0.0213232 0.0163650
v 0.0243412 -0.0213980 0.0163340
f 263 262 9
f 263 9 10
f 260 2 6
f 260 6 7
f 169 266 13
f 259 258 3
f 259 3 4
f 264 263 10
f 264 10 11
f 261 260 7
f 261 7 8
f 1 259 4
f 1 4 5
f 265 264 11
f 265 11 12
f 262 261 8
f 262 8 9
f 2 1 5
f 2 5 6
f 266 265 12
f 266 12 13
f 258 135 3
f 5 4 15
f 5 15 16
f 12 11 22
f 12 22 23
f 9 8 19
f 9 19 20
f 6 5 16
f 6 16 17
f 13 12 23
f 13 23 24
f 3 135 14
f 10 9 20
f 10 20 21
f 7 6 17
f 7 17 18
f 169 13 24
f 4 3 14
f 4 14 15
f 11 10 21
f 11 21 22
f 8 7 18
f 8 18 19
f 18 17 28
f 18 28 29
f 169 24 35
f 15 14 25
f 15 25 26
f 22 21 32
f 22 32 33
f 19 18 29
f 19 29 30
f 16 15 26
f 16 26 27
f 23 22 33
f 23 33 34
f 20 19 30
f 20 30 31
f 17 16 27
f 17 27 28
f 24 23 34
f 24 34 35
f 14 135 25
f 21 20 31
f 21 31 32
f 28 27 38
f 28 38 39
f 35 34 45
f 35 45 46
f 25 135 36
f 32 31 42
f 32 42 43
f 29 28 39
f 29 39 40
f 169 35 46
f 26 25 36
f 26 36 37
f 33 32 43
f 33 43 44
f 30 29 40
f 30 40 41
f 27 26 37
f 27 37 38
f 34 33 44
f 34 44 45
f 31 30 41
f 31 41 42
f 41 40 51
f 41 51 52
f 38 37 48
f 38 48 49
f 45 44 55
f 45 55 56
f 42 41 52
f 42 52 53
f 39 38 49
f 39 49 50
f 46 45 56
f 46 56 57
f 36 135 47
f 43 42 53
f 43 53 54
f 40 39 50
f 40 50 51
f 169 46 57
f 37 36 47
f 37 47 48
f 44 43 54
f 44 54 55
f 51 50 61
f 51 61 62
f 169 57 68
f 48 47 58
f 48 58 59
f 55 54 65
f 55 65 66
f 52 51 62
f 52 62 63
f 49 48 59
f 49 59 60
f 56 55 66
f 56 66 67
f 53 52 63
f 53 63 64
f 50 49 60
f 50 60 61
f 57 56 67
f 57 67 68
f 47 135 58
f 54 53 64
f 54 64 65
f 64 63 74
f 64 74 75
f 61 60 71
f 61 71 72
f 68 67 78
f 68 78 79
f 58 135 69
f 65 64 75
f 65 75 76
f 62 61 72
f 62 72 73
f 169 68 79
f 59 58 69
f 59 69 70
f 66 65 76
f 66 76 77
f 63 62 73
f 63 73 74
f 60 59 70
f 60 70 71
f 67 66 77
f 67 77 78
f 74 73 84
f 74 84 85
f 71 70 81
f 71 81 82
f 78 77 88
f 78 88 89
f 75 74 85
f 75 85 86
f 72 71 82
f 72 82 83
f 79 78 89
f 79 89 90
f 69 135 80
f 76 75 86
f 76 86 87
f 73 72 83
f 73 83 84
f 169 79 90
f 70 69 80
f 70 80 81
f 77 76 87
f 77 87 88
f 87 86 97
f 87 97 98
f 84 83 94
f 84 94 95
f 169 90 101
f 81 80 91
f 81 91 92
f 88 87 98
f 88 98 99
f 85 84 95
f 85 95 96
f 82 81 92
f 82 92 93
f 89 88 99
f 89 99 100
f 86 85 96
f 86 96 97
f 83 82 93
f 83 93 94
f 90 89 100
f 90 100 101
f 80 135 91
f 97 96 107
f 97 107 108
f 94 93 104
f 94 104 105
f 101 100 111
f 101 111 112
f 91 135 102
f 98 97 108
f 98 108 109
f 95 94 105
f 95 105 106
f 169 101 112
f 92 91 102
f 92 102 103
f 99 98 109
f 99 109 110
f 96 95 106
f 96 106 107
f 93 92 103
f 93 103 104
f 100 99 110
f 100 110 111
f 110 109 120
f 110 120 121
f 107 106 117
f 107 117 118
f 104 103 114
f 104 114 115
f 111 110 121
f 111 121 122
f 108 107 118
f 108 118 119
f 105 104 115
f 105 115 116
f 112 111 122
f 112 122 123
f 102 135 113
f 109 108 119
f 109 119 120
f 106 105 116
f 106 116 117
f 169 112 123
f 103 102 113
f 103 113 114
f 113 135 124
f 120 119 130
f 120 130 131
f 117 116 127
f 117 127 128
f 169 123 134
f 114 113 124
f 114 124 125
f 121 120 131
f 121 131 132
f 118 117 128
f 118 128 129
f 115 114 125
f 115 125 126
f 122 121 132
f 122 132 133
f 119 118 129
f 119 129 130
f 116 115 126
f 116 126 127
f 123 122 133
f 123 133 134
f 133 132 144
f 133 144 145
f 130 129 141
f 130 141 142
f 127 126 138
f 127 138 139
f 134 133 145
f 134 145 146
f 124 135 136
f 131 130 142
f 131 142 143
f 128 127 139
f 128 139 140
f 169 134 146
f 125 124 136
f 125 136 137
f 132 131 143
f 132 143 144
f 129 128 140
f 129 140 141
f 126 125 137
f 126 137 138
f 137 136 147
f 137 147 148
f 144 143 154
f 144 154 155
f 141 140 151
f 141 151 152
f 138 137 148
f 138 148 149
f 145 144 155
f 145 155 156
f 142 141 152
f 142 152 153
f 139 138 149
f 139 149 150
f 146 145 156
f 146 156 157
f 136 135 147
f 143 142 153
f 143 153 154
f 140 139 150
f 140 150 151
f 169 146 157
f 157 156 167
f 157 167 168
f 147 135 158
f 154 153 164
f 154 164 165
f 151 150 161
f 151 161 162
f 169 157 168
f 148 147 158
f 148 158 159
f 155 154 165
f 155 165 166
f 152 151 162
f 152 162 163
f 149 148 159
f 149 159 160
f 156 155 166
f 156 166 167
f 153 152 163
f 153 163 164
f 150 149 160
f 150 160 161
f 160 159 171
f 160 171 172
f 167 166 178
f 167 178 179
f 164 163 175
f 164 175 176
f 161 160 172
f 161 172 173
f 168 167 179
f 168 179 180
f 158 135 170
f 165 164 176
f 165 176 177
f 162 161 173
f 162 173 174
f 169 168 180
f 159 158 170
f 159 170 171
f 166 165 177
f 166 177 178
f 163 162 174
f 163 174 175
f 169 180 191
f 171 170 181
f 171 181 182
f 178 177 188
f 178 188 189
f 175 174 185
f 175 185 186
f 172 171 182
f 172 182 183
f 179 178 189
f 179 189 190
f 176 175 186
f 176 186 187
f 173 172 183
f 173 183 184
f 180 179 190
f 180 190 191
f 170 135 181
f 177 176 187
f 177 187 188
f 174 173 184
f 174 184 185
f 184 183 194
f 184 194 195
f 191 190 201
f 191 201 202
f 181 135 192
f 188 187 198
f 188 198 199
f 185 184 195
f 185 195 196
f 169 191 202
f 182 181 192
f 182 192 193
f 189 188 199
f 189 199 200
f 186 185 196
f 186 196 197
f 183 182 193
f 183 193 194
f 190 189 200
f 190 200 201
f 187 186 197
f 187 197 198
f 194 193 204
f 194 204 205
f 201 200 211
f 201 211 212
f 198 197 208
f 198 208 209
f 195 194 205
f 195 205 206
f 202 201 212
f 202 212 213
f 192 135 203
f 199 198 209
f 199 209 210
f 196 195 206
f 196 206 207
f 169 202 213
f 193 192 203
f 193 203 204
f 200 199 210
f 200 210 211
f 197 196 207
f 197 207 208
f 207 206 217
f 207 217 218
f 169 213 224
f 204 203 214
f 204 214 215
f 211 210 221
f 211 221 222
f 208 207 218
f 208 218 219
f 205 204 215
f 205 215 216
f 212 211 222
f 212 222 223
f 209 208 219
f 209 219 220
f 206 205 216
f 206 216 217
f 213 212 223
f 213 223 224
f 203 135 214
f 210 209 220
f 210 220 221
f 217 216 227
f 217 227 228
f 224 223 234
f 224 234 235
f 214 135 225
f 221 220 231
f 221 231 232
f 218 217 228
f 218 228 229
f 169 224 235
f 215 214 225
f 215 225 226
f 222 221 232
f 222 232 233
f 219 218 229
f 219 229 230
f 216 215 226
f 216 226 227
f 223 222 233
f 223 233 234
f 220 219 230
f 220 230 231
f 230 229 240
f 230 240 241
f 227 226 237
f 227 237 238
f 234 233 244
f 234 244 245
f 231 230 241
f 231 241 242
f 228 227 238
f 228 238 239
f 235 234 245
f 235 245 246
f 225 135 236
f 232 231 242
f 232 242 243
f 229 228 239
f 229 239 240
f 169 235 246
f 226 225 236
f 226 236 237
f 233 232 243
f 233 243 244
f 240 239 250
f 240 250 251
f 169 246 257
f 237 236 247
f 237 247 248
f 244 243 254
f 244 254 255
f 241 240 251
f 241 251 252
f 238 237 248
f 238 248 249
f 245 244 255
f 245 255 256
f 242 241 252
f 242 252 253
f 239 238 249
f 239 249 250
f 246 245 256
f 246 256 257
f 236 135 247
f 243 242 253
f 243 253 254
f 253 252 261
f 253 261 262
f 250 249 1
f 250 1 2
f 257 256 265
f 257 265 266
f 247 135 258
f 254 253 262
f 254 262 263
f 251 250 2
f 251 2 260
f 169 257 266
f 248 247 258
f 248 258 259
f 255 254 263
f 255 263 264
f 252 251 260
f 252 260 261
f 249 248 259
f 249 259 1
f 256 255 264
f 256 264 265
f 267 525 270
f 267 270 271
f 531 530 277
f 531 277 278
f 528 527 274
f 528 274 275
f 268 267 271
f 268 271 272
f 532 531 278
f 532 278 279
f 524 401 269
f 529 528 275
f 529 275 276
f 526 268 272
f 526 272 273
f 435 532 279
f 525 524 269
f 525 269 270
f 530 529 276
f 530 276 277
f 527 526 273
f 527 273 274
f 276 275 286
f 276 286 287
f 273 272 283
f 273 283 284
f 435 279 290
f 270 269 280
f 270 280 281
f 277 276 287
f 277 287 288
f 274 273 284
f 274 284 285
f 271 270 281
f 271 281 282
f 278 277 288
f 278 288 289
f 275 274 285
f 275 285 286
f 272 271 282
f 272 282 283
f 279 278 289
f 279 289 290
f 269 401 280
f 286 285 296
f 286 296 297
f 283 282 293
f 283 293 294
f 290 289 300
f 290 300 301
f 280 401 291
f 287 286 297
f 287 297 298
f 284 283 294
f 284 294 295
f 435 290 301
f 281 280 291
f 281 291 292
f 288 287 298
f 288 298 299
f 285 284 295
f 285 295 296
f 282 281 292
f 282 292 293
f 289 288 299
f 289 299 300
f 299 298 309
f 299 309 310
f 296 295 306
f 296 306 307
f 293 292 303
f 293 303 304
f 300 299 310
f 300 310 311
f 297 296 307
f 297 307 308
f 294 293 304
f 294 304 305
f 301 300 311
f 301 311 312
f 291 401 302
f 298 297 308
f 298 308 309
f 295 294 305
f 295 305 306
f 435 301 312
f 292 291 302
f 292 302 303
f 302 401 313
f 309 308 319
f 309 319 320
f 306 305 316
f 306 316 317
f 435 312 323
f 303 302 313
f 303 313 314
f 310 309 320
f 310 320 321
f 307 306 317
f 307 317 318
f 304 303 314
f 304 314 315
f 311 310 321
f 311 321 322
f 308 307 318
f 308 318 319
f 305 304 315
f 305 315 316
f 312 311 322
f 312 322 323
f 322 321 332
f 322 332 333
f 319 318 329
f 319 329 330
f 316 315 326
f 316 326 327
f 323 322 333
f 323 333 334
f 313 401 324
f 320 319 330
f 320 330 331
f 317 316 327
f 317 327 328
f 435 323 334
f 314 313 324
f 314 324 325
f 321 320 331
f 321 331 332
f 318 317 328
f 318 328 329
f 315 314 325
f 315 325 326
f 325 324 335
f 325 335 336
f 332 331 342
f 332 342 343
f 329 328 339
f 329 339 340
f 326 325 336
f 326 336 337
f 333 332 343
f 333 343 344
f 330 329 340
f 330 340 341
f 327 326 337
f 327 337 338
f 334 333 344
f 334 344 345
f 324 401 335
f 331 330 341
f 331 341 342
f 328 327 338
f 328 338 339
f 435 334 345
f 345 344 355
f 345 355 356
f 335 401 346
f 342 341 352
f 342 352 353
f 339 338 349
f 339 349 350
f 435 345 356
f 336 335 346
f 336 346 347
f 343 342 353
f 343 353 354
f 340 339 350
f 340 350 351
f 337 336 347
f 337 347 348
f 344 343 354
f 344 354 355
f 341 340 351
f 341 351 352
f 338 337 348
f 338 348 349
f 348 347 358
f 348 358 359
f 355 354 365
f 355 365 366
f 352 351 362
f 352 362 363
f 349 348 359
f 349 359 360
f 356 355 366
f 356 366 367
f 346 401 357
f 353 352 363
f 353 363 364
f 350 349 360
f 350 360 361
f 435 356 367
f 347 346 357
f 347 357 358
f 354 353 364
f 354 364 365
f 351 350 361
f 351 361 362
f 435 367 378
f 358 357 368
f 358 368 369
f 365 364 375
f 365 375 376
f 362 361 372
f 362 372 373
f 359 358 369
f 359 369 370
f 366 365 376
f 366 376 377
f 363 362 373
f 363 373 374
f 360 359 370
f 360 370 371
f 367 366 377
f 367 377 378
f 357 401 368
f 364 363 374
f 364 374 375
f 361 360 371
f 361 371 372
f 371 370 381
f 371 381 382
f 378 377 388
f 378 388 389
f 368 401 379
f 375 374 385
f 375 385 386
f 372 371 382
f 372 382 383
f 435 378 389
f 369 368 379
f 369 379 380
f 376 375 386
f 376 386 387
f 373 372 383
f 373 383 384
f 370 369 380
f 370 380 381
f 377 376 387
f 377 387 388
f 374 373 384
f 374 384 385
f 381 380 391
f 381 391 392
f 388 387 398
f 388 398 399
f 385 384 395
f 385 395 396
f 382 381 392
f 382 392 393
f 389 388 399
f 389 399 400
f 379 401 390
f 386 385 396
f 386 396 397
f 383 382 393
f 383 393 394
f 435 389 400
f 380 379 390
f 380 390 391
f 387 386 397
f 387 397 398
f 384 383 394
f 384 394 395
f 394 393 405
f 394 405 406
f 435 400 412
f 391 390 402
f 391 402 403
f 398 397 409
f 398 409 410
f 395 394 406
f 395 406 407
f 392 391 403
f 392 403 404
f 399 398 410
f 399 410 411
f 396 395 407
f 396 407 408
f 393 392 404
f 393 404 405
f 400 399 411
f 400 411 412
f 390 401 402
f 397 396 408
f 397 408 409
f 405 404 415
f 405 415 416
f 412 411 422
f 412 422 423
f 402 401 413
f 409 408 419
f 409 419 420
f 406 405 416
f 406 416 417
f 435 412 423
f 403 402 413
f 403 413 414
f 410 409 420
f 410 420 421
f 407 406 417
f 407 417 418
f 404 403 414
f 404 414 415
f 411 410 421
f 411 421 422
f 408 407 418
f 408 418 419
f 418 417 428
f 418 428 429
f 415 414 425
f 415 425 426
f 422 421 432
f 422 432 433
f 419 418 429
f 419 429 430
f 416 415 426
f 416 426 427
f 423 422 433
f 423 433 434
f 413 401 424
f 420 419 430
f 420 430 431
f 417 416 427
f 417 427 428
f 435 423 434
f 414 413 424
f 414 424 425
f 421 420 431
f 421 431 432
f 428 427 439
f 428 439 440
f 435 434 446
f 425 424 436
f 425 436 437
f 432 431 443
f 432 443 444
f 429 428 440
f 429 440 441
f 426 425 437
f 426 437 438
f 433 432 444
f 433 444 445
f 430 429 441
f 430 441 442
f 427 426 438
f 427 438 439
f 434 433 445
f 434 445 446
f 424 401 436
f 431 430 442
f 431 442 443
f 442 441 452
f 442 452 453
f 439 438 449
f 439 449 450
f 446 445 456
f 446 456 457
f 436 401 447
f 443 442 453
f 443 453 454
f 440 439 450
f 440 450 451
f 435 446 457
f 437 436 447
f 437 447 448
f 444 443 454
f 444 454 455
f 441 440 451
f 441 451 452
f 438 437 448
f 438 448 449
f 445 444 455
f 445 455 456
f 452 451 462
f 452 462 463
f 449 448 459
f 449 459 460
f 456 455 466
f 456 466 467
f 453 452 463
f 453 463 464
f 450 449 460
f 450 460 461
f 457 456 467
f 457 467 468
f 447 401 458
f 454 453 464
f 454 464 465
f 451 450 461
f 451 461 462
f 435 457 468
f 448 447 458
f 448 458 459
f 455 454 465
f 455 465 466
f 465 464 475
f 465 475 476
f 462 461 472
f 462 472 473
f 435 468 479
f 459 458 469
f 459 469 470
f 466 465 476
f 466 476 477
f 463 462 473
f 463 473 474
f 460 459 470
f 460 470 471
f 467 466 477
f 467 477 478
f 464 463 474
f 464 474 475
f 461 460 471
f 461 471 472
f 468 467 478
f 468 478 479
f 458 401 469
f 475 474 485
f 475 485 486
f 472 471 482
f 472 482 483
f 479 478 489
f 479 489 490
f 469 401 480
f 476 475 486
f 476 486 487
f 473 472 483
f 473 483 484
f 435 479 490
f 470 469 480
f 470 480 481
f 477 476 487
f 477 487 488
f 474 473 484
f 474 484 485
f 471 470 481
f 471 481 482
f 478 477 488
f 478 488 489
f 488 487 498
f 488 498 499
f 485 484 495
f 485 495 496
f 482 481 492
f 482 492 493
f 489 488 499
f 489 499 500
f 486 485 496
f 486 496 497
f 483 482 493
f 483 493 494
f 490 489 500
f 490 500 501
f 480 401 491
f 487 486 497
f 487 497 498
f 484 483 494
f 484 494 495
f 435 490 501
f 481 480 491
f 481 491 492
f 491 401 502
f 498 497 508
f 498 508 509
f 495 494 505
f 495 505 506
f 435 501 512
f 492 491 502
f 492 502 503
f 499 498 509
f 499 509 510
f 496 495 506
f 496 506 507
f 493 492 503
f 493 503 504
f 500 499 510
f 500 510 511
f 497 496 507
f 497 507 508
f 494 493 504
f 494 504 505
f 501 500 511
f 501 511 512
f 511 510 521
f 511 521 522
f 508 507 518
f 508 518 519
f 505 504 515
f 505 515 516
f 512 511 522
f 512 522 523
f 502 401 513
f 509 508 519
f 509 519 520
f 506 505 516
f 506 516 517
f 435 512 523
f 503 502 513
f 503 513 514
f 510 509 520
f 510 520 521
f 507 506 517
f 507 517 518
f 504 503 514
f 504 514 515
f 514 513 524
f 514 524 525
f 521 520 529
f 521 529 530
f 518 517 526
f 518 526 527
f 515 514 525
f 515 525 267
f 522 521 530
f 522 530 531
f 519 518 527
f 519 527 528
f 516 515 267
f 516 267 268
f 523 522 531
f 523 531 532
f 513 401 524
f 520 519 528
f 520 528 529
f 517 516 268
f 517 268 526
f 435 523 532
f 533 791 536
f 533 536 537
f 797 796 543
f 797 543 544
f 794 793 540
f 794 540 541
f 534 533 537
f 534 537 538
f 798 797 544
f 798 544 545
f 790 667 535
f 795 794 541
f 795 541 542
f 792 534 538
f 792 538 539
f 701 798 545
f 791 790 535
f 791 535 536
f 796 795 542
f 796 542 543
f 793 792 539
f 793 539 540
f 542 541 552
f 542 552 553
f 539 538 549
f 539 549 550
f 701 545 556
f 536 535 546
f 536 546 547
f 543 542 553
f 543 553 554
f 540 539 550
f 540 550 551
f 537 536 547
f 537 547 548
f 544 543 554
f 544 554 555
f 541 540 551
f 541 551 552
f 538 537 548
f 538 548 549
f 545 544 555
f 545 555 556
f 535 667 546
f 552 551 562
f 552 562 563
f 549 548 559
f 549 559 560
f 556 555 566
f 556 566 567
f 546 667 557
f 553 552 563
f 553 563 564
f 550 549 560
f 550 560 561
f 701 556 567
f 547 546 557
f 547 557 558
f 554 553 564
f 554 564 565
f 551 550 561
f 551 561 562
f 548 547 558
f 548 558 559
f 555 554 565
f 555 565 566
f 565 564 575
f 565 575 576
f 562 561 572
f 562 572 573
f 559 558 569
f 559 569 570
f 566 565 576
f 566 576 577
f 563 562 573
f 563 573 574
f 560 559 570
f 560 570 571
f 567 566 577
f 567 577 578
f 557 667 568
f 564 563 574
f 564 574 575
f 561 560 571
f 561 571 572
f 701 567 578
f 558 557 568
f 558 568 569
f 568 667 579
f 575 574 585
f 575 585 586
f 572 571 582
f 572 582 583
f 701 578 589
f 569 568 579
f 569 579 580
f 576 575 586
f 576 586 587
f 573 572 583
f 573 583 584
f 570 569 580
f 570 580 581
f 577 576 587
f 577 587 588
f 574 573 584
f 574 584 585
f 571 570 581
f 571 581 582
f 578 577 588
f 578 588 589
f 588 587 598
f 588 598 599
f 585 584 595
f 585 595 596
f 582 581 592
f 582 592 593
f 589 588 599
f 589 599 600
f 579 667 590
f 586 585 596
f 586 596 597
f 583 582 593
f 583 593 594
f 701 589 600
f 580 579 590
f 580 590 591
f 587 586 597
f 587 597 598
f 584 583 594
f 584 594 595
f 581 580 591
f 581 591 592
f 591 590 601
f 591 601 602
f 598 597 608
f 598 608 609
f 595 594 605
f 595 605 606
f 592 591 602
f 592 602 603
f 599 598 609
f 599 609 610
f 596 595 606
f 596 606 607
f 593 592 603
f 593 603 604
f 600 599 610
f 600 610 611
f 590 667 601
f 597 596 607
f 597 607 608
f 594 593 604
f 594 604 605
f 701 600 611
f 611 610 621
f 611 621 622
f 601 667 612
f 608 607 618
f 608 618 619
f 605 604 615
f 605 615 616
f 701 611 622
f 602 601 612
f 602 612 613
f 609 608 619
f 609 619 620
f 606 605 616
f 606 616 617
f 603 602 613
f 603 613 614
f 610 609 620
f 610 620 621
f 607 606 617
f 607 617 618
f 604 603 614
f 604 614 615
f 614 613 624
f 614 624 625
f 621 620 631
f 621 631 632
f 618 617 628
f 618 628 629
f 615 614 625
f 615 625 626
f 622 621 632
f 622 632 633
f 612 667 623
f 619 618 629
f 619 629 630
f 616 615 626
f 616 626 627
f 701 622 633
f 613 612 623
f 613 623 624
f 620 619 630
f 620 630 631
f 617 616 627
f 617 627 628
f 701 633 644
f 624 623 634
f 624 634 635
f 631 630 641
f 631 641 642
f 628 627 638
f 628 638 639
f 625 624 635
f 625 635 636
f 632 631 642
f 632 642 643
f 629 628 639
f 629 639 640
f 626 625 636
f 626 636 637
f 633 632 643
f 633 643 644
f 623 667 634
f 630 629 640
f 630 640 641
f 627 626 637
f 627 637 638
f 637 636 647
f 637 647 648
f 644 643 654
f 644 654 655
f 634 667 645
f 641 640 651
f 641 651 652
f 638 637 648
f 638 648 649
f 701 644 655
f 635 634 645
f 635 645 646
f 642 641 652
f 642 652 653
f 639 638 649
f 639 649 650
f 636 635 646
f 636 646 647
f 643 642 653
f 643 653 654
f 640 639 650
f 640 650 651
f 647 646 657
f 647 657 658
f 654 653 664
f 654 664 665
f 651 650 661
f 651 661 662
f 648 647 658
f 648 658 659
f 655 654 665
f 655 665 666
f 645 667 656
f 652 651 662
f 652 662 663
f 649 648 659
f 649 659 660
f 701 655 666
f 646 645 656
f 646 656 657
f 653 652 663
f 653 663 664
f 650 649 660
f 650 660 661
f 660 659 671
f 660 671 672
f 701 666 678
f 657 656 668
f 657 668 669
f 664 663 675
f 664 675 676
f 661 660 672
f 661 672 673
f 658 657 669
f 658 669 670
f 665 664 676
f 665 676 677
f 662 661 673
f 662 673 674
f 659 658 670
f 659 670 671
f 666 665 677
f 666 677 678
f 656 667 668
f 663 662 674
f 663 674 675
f 671 670 681
f 671 681 682
f 678 677 688
f 678 688 689
f 668 667 679
f 675 674 685
f 675 685 686
f 672 671 682
f 672 682 683
f 701 678 689
f 669 668 679
f 669 679 680
f 676 675 686
f 676 686 687
f 673 672 683
f 673 683 684
f 670 669 680
f 670 680 681
f 677 676 687
f 677 687 688
f 674 673 684
f 674 684 685
f 684 683 694
f 684 694 695
f 681 680 691
f 681 691 692
f 688 687 698
f 688 698 699
f 685 684 695
f 685 695 696
f 682 681 692
f 682 692 693
f 689 688 699
f 689 699 700
f 679 667 690
f 686 685 696
f 686 696 697
f 683 682 693
f 683 693 694
f 701 689 700
f 680 679 690
f 680 690 691
f 687 686 697
f 687 697 698
f 694 693 705
f 694 705 706
f 701 700 712
f 691 690 702
f 691 702 703
f 698 697 709
f 698 709 710
f 695 694 706
f 695 706 707
f 692 691 703
f 692 703 704
f 699 698 710
f 699 710 711
f 696 695 707
f 696 707 708
f 693 692 704
f 693 704 705
f 700 699 711
f 700 711 712
f 690 667 702
f 697 696 708
f 697 708 709
f 708 707 718
f 708 718 719
f 705 704 715
f 705 715 716
f 712 711 722
f 712 722 723
f 702 667 713
f 709 708 719
f 709 719 720
f 706 705 716
f 706 716 717
f 701 712 723
f 703 702 713
f 703 713 714
f 710 709 720
f 710 720 721
f 707 706 717
f 707 717 718
f 704 703 714
f 704 714 715
f 711 710 721
f 711 721 722
f 718 717 728
f 718 728 729
f 715 714 725
f 715 725 726
f 722 721 732
f 722 732 733
f 719 718 729
f 719 729 730
f 716 715 726
f 716 726 727
f 723 722 733
f 723 733 734
f 713 667 724
f 720 719 730
f 720 730 731
f 717 716 727
f 717 727 728
f 701 723 734
f 714 713 724
f 714 724 725
f 721 720 731
f 721 731 732
f 731 730 741
f 731 741 742
f 728 727 738
f 728 738 739
f 701 734 745
f 725 724 735
f 725 735 736
f 732 731 742
f 732 742 743
f 729 728 739
f 729 739 740
f 726 725 736
f 726 736 737
f 733 732 743
f 733 743 744
f 730 729 740
f 730 740 741
f 727 726 737
f 727 737 738
f 734 733 744
f 734 744 745
f 724 667 735
f 741 740 751
f 741 751 752
f 738 737 748
f 738 748 749
f 745 744 755
f 745 755 756
f 735 667 746
f 742 741 752
f 742 752 753
f 739 738 749
f 739 749 750
f 701 745 756
f 736 735 746
f 736 746 747
f 743 742 753
f 743 753 754
f 740 739 750
f 740 750 751
f 737 736 747
f 737 747 748
f 744 743 754
f 744 754 755
f 754 753 764
f 754 764 765
f 751 750 761
f 751 761 762
f 748 747 758
f 748 758 759
f 755 754 765
f 755 765 766
f 752 751 762
f 752 762 763
f 749 748 759
f 749 759 760
f 756 755 766
f 756 766 767
f 746 667 757
f 753 752 763
f 753 763 764
f 750 749 760
f 750 760 761
f 701 756 767
f 747 746 757
f 747 757 758
f 757 667 768
f 764 763 774
f 764 774 775
f 761 760 771
f 761 771 772
f 701 767 778
f 758 757 768
f 758 768 769
f 765 764 775
f 765 775 776
f 762 761 772
f 762 772 773
f 759 758 769
f 759 769 770
f 766 765 776
f 766 776 777
f 763 762 773
f 763 773 774
f 760 759 770
f 760 770 771
f 767 766 777
f 767 777 778
f 777 776 787
f 777 787 788
f 774 773 784
f 774 784 785
f 771 770 781
f 771 781 782
f 778 777 788
f 778 788 789
f 768 667 779
f 775 774 785
f 775 785 786
f 772 771 782
f 772 782 783
f 701 778 789
f 769 768 779
f 769 779 780
f 776 775 786
f 776 786 787
f 773 772 783
f 773 783 784
f 770 769 780
f 770 780 781
f 780 779 790
f 780 790 791
f 787 786 795
f 787 795 796
f 784 783 792
f 784 792 793
f 781 780 791
f 781 791 533
f 788 787 796
f 788 796 797
f 785 784 793
f 785 793 794
f 782 781 533
f 782 533 534
f 789 788 797
f 789 797 798
f 779 667 790
f 786 785 794
f 786 794 795
f 783 782 534
f 783 534 792
f 701 789 798
f 799 1057 802
f 799 802 803
f 1063 1062 809
f 1063 809 810
f 1060 1059 806
f 1060 806 807
f 800 799 803
f 800 803 804
f 1064 1063 810
f 1064 810 811
f 1056 933 801
f 1061 1060 807
f 1061 807 808
f 1058 800 804
f 1058 804 805
f 967 1064 811
f 1057 1056 801
f 1057 801 802
f 1062 1061 808
f 1062 808 809
f 1059 1058 805
f 1059 805 806
f 808 807 818
f 808 818 819
f 805 804 815
f 805 815 816
f 967 811 822
f 802 801 812
f 802 812 813
f 809 808 819
f 809 819 820
f 806 805 816
f 806 816 817
f 803 802 813
f 803 813 814
f 810 809 820
f 810 820 821
f 807 806 817
f 807 817 818
f 804 803 814
f 804 814 815
f 811 810 821
f 811 821 822
f 801 933 812
f 818 817 828
f 818 828 829
f 815 814 825
f 815 825 826
f 822 821 832
f 822 832 833
f 812 933 823
f 819 818 829
f 819 829 830
f 816 815 826
f 816 826 827
f 967 822 833
f 813 812 823
f 813 823 824
f 820 819 830
f 820 830 831
f 817 816 827
f 817 827 828
f 814 813 824
f 814 824 825
f 821 820 831
f 821 831 832
f 831 830 841
f 831 841 842
f 828 827 838
f 828 838 839
f 825 824 835
f 825 835 836
f 832 831 842
f 832 842 843
f 829 828 839
f 829 839 840
f 826 825 836
f 826 836 837
f 833 832 843
f 833 843 844
f 823 933 834
f 830 829 840
f 830 840 841
f 827 826 837
f 827 837 838
f 967 833 844
f 824 823 834
f 824 834 835
f 834 933 845
f 841 840 851
f 841 851 852
f 838 837 848
f 838 848 849
f 967 844 855
f 835 834 845
f 835 845 846
f 842 841 852
f 842 852 853
f 839 838 849
f 839 849 850
f 836 835 846
f 836 846 847
f 843 842 853
f 843 853 854
f 840 839 850
f 840 850 851
f 837 836 847
f 837 847 848
f 844 843 854
f 844 854 855
f 854 853 864
f 854 864 865
f 851 850 861
f 851 861 862
f 848 847 858
f 848 858 859
f 855 854 865
f 855 865 866
f 845 933 856
f 852 851 862
f 852 862 863
f 849 848 859
f 849 859 860
f 967 855 866
f 846 845 856
f 846 856 857
f 853 852 863
f 853 863 864
f 850 849 860
f 850 860 861
f 847 846 857
f 847 857 858
f 857 856 867
f 857 867 868
f 864 863 874
f 864 874 875
f 861 860 871
f 861 871 872
f 858 857 868
f 858 868 869
f 865 864 875
f 865 875 876
f 862 861 872
f 862 872 873
f 859 858 869
f 859 869 870
f 866 865 876
f 866 876 877
f 856 933 867
f 863 862 873
f 863 873 874
f 860 859 870
f 860 870 871
f 967 866 877
f 877 876 887
f 877 887 888
f 867 933 878
f 874 873 884
f 874 884 885
f 871 870 881
f 871 881 882
f 967 877 888
f 868 867 878
f 868 878 879
f 875 874 885
f 875 885 886
f 872 871 882
f 872 882 883
f 869 868 879
f 869 879 880
f 876 875 886
f 876 886 887
f 873 872 883
f 873 883 884
f 870 869 880
f 870 880 881
f 880 879 890
f 880 890 891
f 887 886 897
f 887 897 898
f 884 883 894
f 884 894 895
f 881 880 891
f 881 891 892
f 888 887 898
f 888 898 899
f 878 933 889
f 885 884 895
f 885 895 896
f 882 881 892
f 882 892 893
f 967 888 899
f 879 878 889
f 879 889 890
f 886 885 896
f 886 896 897
f 883 882 893
f 883 893 894
f 967 899 910
f 890 889 900
f 890 900 901
f 897 896 907
f 897 907 908
f 894 893 904
f 894 904 905
f 891 890 901
f 891 901 902
f 898 897 908
f 898 908 909
f 895 894 905
f 895 905 906
f 892 891 902
f 892 902 903
f 899 898 909
f 899 909 910
f 889 933 900
f 896 895 906
f 896 906 907
f 893 892 903
f 893 903 904
f 903 902 913
f 903 913 914
f 910 909 920
f 910 920 921
f 900 933 911
f 907 906 917
f 907 917 918
f 904 903 914
f 904 914 915
f 967 910 921
f 901 900 911
f 901 911 912
f 908 907 918
f 908 918 919
f 905 904 915
f 905 915 916
f 902 901 912
f 902 912 913
f 909 908 919
f 909 919 920
f 906 905 916
f 906 916 917
f 913 912 923
f 913 923 924
f 920 919 930
f 920 930 931
f 917 916 927
f 917 927 928
f 914 913 924
f 914 924 925
f 921 920 931
f 921 931 932
f 911 933 922
f 918 917 928
f 918 928 929
f 915 914 925
f 915 925 926
f 967 921 932
f 912 911 922
f 912 922 923
f 919 918 929
f 919 929 930
f 916 915 926
f 916 926 927
f 926 925 937
f 926 937 938
f 967 932 944
f 923 922 934
f 923 934 935
f 930 929 941
f 930 941 942
f 927 926 938
f 927 938 939
f 924 923 935
f 924 935 936
f 931 930 942
f 931 942 943
f 928 927 939
f 928 939 940
f 925 924 936
f 925 936 937
f 932 931 943
f 932 943 944
f 922 933 934
f 929 928 940
f 929 940 941
f 937 936 947
f 937 947 948
f 944 943 954
f 944 954 955
f 934 933 945
f 941 940 951
f 941 951 952
f 938 937 948
f 938 948 949
f 967 944 955
f 935 934 945
f 935 945 946
f 942 941 952
f 942 952 953
f 939 938 949
f 939 949 950
f 936 935 946
f 936 946 947
f 943 942 953
f 943 953 954
f 940 939 950
f 940 950 951
f 950 949 960
f 950 960 961
f 947 946 957
f 947 957 958
f 954 953 964
f 954 964 965
f 951 950 961
f 951 961 962
f 948 947 958
f 948 958 959
f 955 954 965
f 955 965 966
f 945 933 956
f 952 951 962
f 952 962 963
f 949 948 959
f 949 959 960
f 967 955 966
f 946 945 956
f 946 956 957
f 953 952 963
f 953 963 964
f 960 959 971
f 960 971 972
f 967 966 978
f 957 956 968
f 957 968 969
f 964 963 975
f 964 975 976
f 961 960 972
f 961 972 973
f 958 957 969
f 958 969 970
f 965 964 976
f 965 976 977
f 962 961 973
f 962 973 974
f 959 958 970
f 959 970 971
f 966 965 977
f 966 977 978
f 956 933 968
f 963 962 974
f 963 974 975
f 974 973 984
f 974 984 985
f 971 970 981
f 971 981 982
f 978 977 988
f 978 988 989
f 968 933 979
f 975 974 985
f 975 985 986
f 972 971 982
f 972 982 983
f 967 978 989
f 969 968 979
f 969 979 980
f 976 975 986
f 976 986 987
f 973 972 983
f 973 983 984
f 970 969 980
f 970 980 981
f 977 976 987
f 977 987 988
f 984 983 994
f 984 994 995
f 981 980 991
f 981 991 992
f 988 987 998
f 988 998 999
f 985 984 995
f 985 995 996
f 982 981 992
f 982 992 993
f 989 988 999
f 989 999 1000
f 979 933 990
f 986 985 996
f 986 996 997
f 983 982 993
f 983 993 994
f 967 989 1000
f 980 979 990
f 980 990 991
f 987 986 997
f 987 997 998
f 997 996 1007
f 997 1007 1008
f 994 993 1004
f 994 1004 1005
f 967 1000 1011
f 991 990 1001
f 991 1001 1002
f 998 997 1008
f 998 1008 1009
f 995 994 1005
f 995 1005 1006
f 992 991 1002
f 992 1002 1003
f 999 998 1009
f 999 1009 1010
f 996 995 1006
f 996 1006 1007
f 993 992 1003
f 993 1003 1004
f 1000 999 1010
f 1000 1010 1011
f 990 933 1001
f 1007 1006 1017
f 1007 1017 1018
f 1004 1003 1014
f 1004 1014 1015
f 1011 1010 1021
f 1011 1021 1022
f 1001 933 1012
f 1008 1007 1018
f 1008 1018 1019
f 1005 1004 1015
f 1005 1015 1016
f 967 1011 1022
f 1002 1001 1012
f 1002 1012 1013
f 1009 1008 1019
f 1009 1019 1020
f 1006 1005 1016
f 1006 1016 1017
f 1003 1002 1013
f 1003 1013 1014
f 1010 1009 1020
f 1010 1020 1021
f 1020 1019 1030
f 1020 1030 1031
f 1017 1016 1027
f 1017 1027 1028
f 1014 1013 1024
f 1014 1024 1025
f 1021 1020 1031
f 1021 1031 1032
f 1018 1017 1028
f 1018 1028 1029
f 1015 1014 1025
f 1015 1025 1026
f 1022 1021 1032
f 1022 1032 1033
f 1012 933 1023
f 1019 1018 1029
f 1019 1029 1030
f 1016 1015 1026
f 1016 1026 1027
f 967 1022 1033
f 1013 1012 1023
f 1013 1023 1024
f 1023 933 1034
f 1030 1029 1040
f 1030 1040 1041
f 1027 1026 1037
f 1027 1037 1038
f 967 1033 1044
f 1024 1023 1034
f 1024 1034 1035
f 1031 1030 1041
f 1031 1041 1042
f 1028 1027 1038
f 1028 1038 1039
f 1025 1024 1035
f 1025 1035 1036
f 1032 1031 1042
f 1032 1042 1043
f 1029 1028 1039
f 1029 1039 1040
f 1026 1025 1036
f 1026 1036 1037
f 1033 1032 1043
f 1033 1043 1044
f 1043 1042 1053
f 1043 1053 1054
f 1040 1039 1050
f 1040 1050 1051
f 1037 1036 1047
f 1037 1047 1048
f 1044 1043 1054
f 1044 1054 1055
f 1034 933 1045
f 1041 1040 1051
f 1041 1051 1052
f 1038 1037 1048
f 1038 1048 1049
f 967 1044 1055
f 1035 1034 1045
f 1035 1045 1046
f 1042 1041 1052
f 1042 1052 1053
f 1039 1038 1049
f 1039 1049 1050
f 1036 1035 1046
f 1036 1046 1047
f 1046 1045 1056
f 1046 1056 1057
f 1053 1052 1061
f 1053 1061 1062
f 1050 1049 1058
f 1050 1058 1059
f 1047 1046 1057
f 1047 1057 799
f 1054 1053 1062
f 1054 1062 1063
f 1051 1050 1059
f 1051 1059 1060
f 1048 1047 799
f 1048 799 800
f 1055 1054 1063
f 1055 1063 1064
f 1045 933 1056
f 1052 1051 1060
f 1052 1060 1061
f 1049 1048 800
f 1049 800 1058
f 967 1055 1064
f 1065 1323 1068
f 1065 1068 1069
f 1329 1328 1075
f 1329 1075 1076
f 1326 1325 1072
f 1326 1072 1073
f 1066 1065 1069
f 1066 1069 1070
f 1330 1329 1076
f 1330 1076 1077
f 1322 1199 1067
f 1327 1326 1073
f 1327 1073 1074
f 1324 1066 1070
f 1324 1070 1071
f 1233 1330 1077
f 1323 1322 1067
f 1323 1067 1068
f 1328 1327 1074
f 1328 1074 1075
f 1325 1324 1071
f 1325 1071 1072
f 1074 1073 1084
f 1074 1084 1085
f 1071 1070 1081
f 1071 1081 1082
f 1233 1077 1088
f 1068 1067 1078
f 1068 1078 1079
f 1075 1074 1085
f 1075 1085 1086
f 1072 1071 1082
f 1072 1082 1083
f 1069 1068 1079
f 1069 1079 1080
f 1076 1075 1086
f 1076 1086 1087
f 1073 1072 1083
f 1073 1083 1084
f 1070 1069 1080
f 1070 1080 1081
f 1077 1076 1087
f 1077 1087 1088
f 1067 1199 1078
f 1084 1083 1094
f 1084 1094 1095
f 1081 1080 1091
f 1081 1091 1092
f 1088 1087 1098
f 1088 1098 1099
f 1078 1199 1089
f 1085 1084 1095
f 1085 1095 1096
f 1082 1081 1092
f 1082 1092 1093
f 1233 1088 1099
f 1079 1078 1089
f 1079 1089 1090
f 1086 1085 1096
f 1086 1096 1097
f 1083 1082 1093
f 1083 1093 1094
f 1080 1079 1090
f 1080 1090 1091
f 1087 1086 1097
f 1087 1097 1098
f 1097 1096 1107
f 1097 1107 1108
f 1094 1093 1104
f 1094 1104 1105
f 1091 1090 1101
f 1091 1101 1102
f 1098 1097 1108
f 1098 1108 1109
f 1095 1094 1105
f 1095 1105 1106
f 1092 1091 1102
f 1092 1102 1103
f 1099 1098 1109
f 1099 1109 1110
f 1089 1199 1100
f 1096 1095 1106
f 1096 1106 1107
f 1093 1092 1103
f 1093 1103 1104
f 1233 1099 1110
f 1090 1089 1100
f 1090 1100 1101
f 1100 1199 1111
f 1107 1106 1117
f 1107 1117 1118
f 1104 1103 1114
f 1104 1114 1115
f 1233 1110 1121
f 1101 1100 1111
f 1101 1111 1112
f 1108 1107 1118
f 1108 1118 1119
f 1105 1104 1115
f 1105 1115 1116
f 1102 1101 1112
f 1102 1112 1113
f 1109 1108 1119
f 1109 1119 1120
f 1106 1105 1116
f 1106 1116 1117
f 1103 1102 1113
f 1103 1113 1114
f 1110 1109 1120
f 1110 1120 1121
f 1120 1119 1130
f 1120 1130 1131
f 1117 1116 1127
f 1117 1127 1128
f 1114 1113 1124
f 1114 1124 1125
f 1121 1120 1131
f 1121 1131 1132
f 1111 1199 1122
f 1118 1117 1128
f 1118 1128 1129
f 1115 1114 1125
f 1115 1125 1126
f 1233 1121 1132
f 1112 1111 1122
f 1112 1122 1123
f 1119 1118 1129
f 1119 1129 1130
f 1116 1115 1126
f 1116 1126 1127
f 1113 1112 1123
f 1113 1123 1124
f 1123 1122 1133
f 1123 1133 1134
f 1130 1129 1140
f 1130 1140 1141
f 1127 1126 1137
f 1127 1137 1138
f 1124 1123 1134
f 1124 1134 1135
f 1131 1130 1141
f 1131 1141 1142
f 1128 1127 1138
f 1128 1138 1139
f 1125 1124 1135
f 1125 1135 1136
f 1132 1131 1142
f 1132 1142 1143
f 1122 1199 1133
f 1129 1128 1139
f 1129 1139 1140
f 1126 1125 1136
f 1126 1136 1137
f 1233 1132 1143
f 1143 1142 1153
f 1143 1153 1154
f 1133 1199 1144
f 1140 1139 1150
f 1140 1150 1151
f 1137 1136 1147
f 1137 1147 1148
f 1233 1143 1154
f 1134 1133 1144
f 1134 1144 1145
f 1141 1140 1151
f 1141 1151 1152
f 1138 1137 1148
f 1138 1148 1149
f 1135 1134 1145
f 1135 1145 1146
f 1142 1141 1152
f 1142 1152 1153
f 1139 1138 1149
f 1139 1149 1150
f 1136 1135 1146
f 1136 1146 1147
f 1146 1145 1156
f 1146 1156 1157
f 1153 1152 1163
f 1153 1163 1164
f 1150 1149 1160
f 1150 1160 1161
f 1147 1146 1157
f 1147 1157 1158
f 1154 1153 1164
f 1154 1164 1165
f 1144 1199 1155
f 1151 1150 1161
f 1151 1161 1162
f 1148 1147 1158
f 1148 1158 1159
f 1233 1154 1165
f 1145 1144 1155
f 1145 1155 1156
f 1152 1151 1162
f 1152 1162 1163
f 1149 1148 1159
f 1149 1159 1160
f 1233 1165 1176
f 1156 1155 1166
f 1156 1166 1167
f 1163 1162 1173
f 1163 1173 1174
f 1160 1159 1170
f 1160 1170 1171
f 1157 1156 1167
f 1157 1167 1168
f 1164 1163 1174
f 1164 1174 1175
f 1161 1160 1171
f 1161 1171 1172
f 1158 1157 1168
f 1158 1168 1169
f 1165 1164 1175
f 1165 1175 1176
f 1155 1199 1166
f 1162 1161 1172
f 1162 1172 1173
f 1159 1158 1169
f 1159 1169 1170
f 1169 1168 1179
f 1169 1179 1180
f 1176 1175 1186
f 1176 1186 1187
f 1166 1199 1177
f 1173 1172 1183
f 1173 1183 1184
f 1170 1169 1180
f 1170 1180 1181
f 1233 1176 1187
f 1167 1166 1177
f 1167 1177 1178
f 1174 1173 1184
f 1174 1184 1185
f 1171 1170 1181
f 1171 1181 1182
f 1168 1167 1178
f 1168 1178 1179
f 1175 1174 1185
f 1175 1185 1186
f 1172 1171 1182
f 1172 1182 1183
f 1179 1178 1189
f 1179 1189 1190
f 1186 1185 1196
f 1186 1196 1197
f 1183 1182 1193
f 1183 1193 1194
f 1180 1179 1190
f 1180 1190 1191
f 1187 1186 1197
f 1187 1197 1198
f 1177 1199 1188
f 1184 1183 1194
f 1184 1194 1195
f 1181 1180 1191
f 1181 1191 1192
f 1233 1187 1198
f 1178 1177 1188
f 1178 1188 1189
f 1185 1184 1195
f 1185 1195 1196
f 1182 1181 1192
f 1182 1192 1193
f 1192 1191 1203
f 1192 1203 1204
f 1233 1198 1210
f 1189 1188 1200
f 1189 1200 1201
f 1196 1195 1207
f 1196 1207 1208
f 1193 1192 1204
f 1193 1204 1205
f 1190 1189 1201
f 1190 1201 1202
f 1197 1196 1208
f 1197 1208 1209
f 1194 1193 1205
f 1194 1205 1206
f 1191 1190 1202
f 1191 1202 1203
f 1198 1197 1209
f 1198 1209 1210
f 1188 1199 1200
f 1195 1194 1206
f 1195 1206 1207
f 1203 1202 1213
f 1203 1213 1214
f 1210 1209 1220
f 1210 1220 1221
f 1200 1199 1211
f 1207 1206 1217
f 1207 1217 1218
f 1204 1203 1214
f 1204 1214 1215
f 1233 1210 1221
f 1201 1200 1211
f 1201 1211 1212
f 1208 1207 1218
f 1208 1218 1219
f 1205 1204 1215
f 1205 1215 1216
f 1202 1201 1212
f 1202 1212 1213
f 1209 1208 1219
f 1209 1219 1220
f 1206 1205 1216
f 1206 1216 1217
f 1216 1215 1226
f 1216 1226 1227
f 1213 1212 1223
f 1213 1223 1224
f 1220 1219 1230
f 1220 1230 1231
f 1217 1216 1227
f 1217 1227 1228
f 1214 1213 1224
f 1214 1224 1225
f 1221 1220 1231
f 1221 1231 1232
f 1211 1199 1222
f 1218 1217 1228
f 1218 1228 1229
f 1215 1214 1225
f 1215 1225 1226
f 1233 1221 1232
f 1212 1211 1222
f 1212 1222 1223
f 1219 1218 1229
f 1219 1229 1230
f 1226 1225 1237
f 1226 1237 1238
f 1233 1232 1244
f 1223 1222 1234
f 1223 1234 1235
f 1230 1229 1241
f 1230 1241 1242
f 1227 1226 1238
f 1227 1238 1239
f 1224 1223 1235
f 1224 1235 1236
f 1231 1230 1242
f 1231 1242 1243
f 1228 1227 1239
f 1228 1239 1240
f 1225 1224 1236
f 1225 1236 1237
f 1232 1231 1243
f 1232 1243 1244
f 1222 1199 1234
f 1229 1228 1240
f 1229 1240 1241
f 1240 1239 1250
f 1240 1250 1251
f 1237 1236 1247
f 1237 1247 1248
f 1244 1243 1254
f 1244 1254 1255
f 1234 1199 1245
f 1241 1240 1251
f 1241 1251 1252
f 1238 1237 1248
f 1238 1248 1249
f 1233 1244 1255
f 1235 1234 1245
f 1235 1245 1246
f 1242 1241 1252
f 1242 1252 1253
f 1239 1238 1249
f 1239 1249 1250
f 1236 1235 1246
f 1236 1246 1247
f 1243 1242 1253
f 1243 1253 1254
f 1250 1249 1260
f 1250 1260 1261
f 1247 1246 1257
f 1247 1257 1258
f 1254 1253 1264
f 1254 1264 1265
f 1251 1250 1261
f 1251 1261 1262
f 1248 1247 1258
f 1248 1258 1259
f 1255 1254 1265
f 1255 1265 1266
f 1245 1199 1256
f 1252 1251 1262
f 1252 1262 1263
f 1249 1248 1259
f 1249 1259 1260
f 1233 1255 1266
f 1246 1245 1256
f 1246 1256 1257
f 1253 1252 1263
f 1253 1263 1264
f 1263 1262 1273
f 1263 1273 1274
f 1260 1259 1270
f 1260 1270 1271
f 1233 1266 1277
f 1257 1256 1267
f 1257 1267 1268
f 1264 1263 1274
f 1264 1274 1275
f 1261 1260 1271
f 1261 1271 1272
f 1258 1257 1268
f 1258 1268 1269
f 1265 1264 1275
f 1265 1275 1276
f 1262 1261 1272
f 1262 1272 1273
f 1259 1258 1269
f 1259 1269 1270
f 1266 1265 1276
f 1266 1276 1277
f 1256 1199 1267
f 1273 1272 1283
f 1273 1283 1284
f 1270 1269 1280
f 1270 1280 1281
f 1277 1276 1287
f 1277 1287 1288
f 1267 1199 1278
f 1274 1273 1284
f 1274 1284 1285
f 1271 1270 1281
f 1271 1281 1282
f 1233 1277 1288
f 1268 1267 1278
f 1268 1278 1279
f 1275 1274 1285
f 1275 1285 1286
f 1272 1271 1282
f 1272 1282 1283
f 1269 1268 1279
f 1269 1279 1280
f 1276 1275 1286
f 1276 1286 1287
f 1286 1285 1296
f 1286 1296 1297
f 1283 1282 1293
f 1283 1293 1294
f 1280 1279 1290
f 1280 1290 1291
f 1287 1286 1297
f 1287 1297 1298
f 1284 1283 1294
f 1284 1294 1295
f 1281 1280 1291
f 1281 1291 1292
f 1288 1287 1298
f 1288 1298 1299
f 1278 1199 1289
f 1285 1284 1295
f 1285 1295 1296
f 1282 1281 1292
f 1282 1292 1293
f 1233 1288 1299
f 1279 1278 1289
f 1279 1289 1290
f 1289 1199 1300
f 1296 1295 1306
f 1296 1306 1307
f 1293 1292 1303
f 1293 1303 1304
f 1233 1299 1310
f 1290 1289 1300
f 1290 1300 1301
f 1297 1296 1307
f 1297 1307 1308
f 1294 1293 1304
f 1294 1304 1305
f 1291 1290 1301
f 1291 1301 1302
f 1298 1297 1308
f 1298 1308 1309
f 1295 1294 1305
f 1295 1305 1306
f 1292 1291 1302
f 1292 1302 1303
f 1299 1298 1309
f 1299 1309 1310
f 1309 1308 1319
f 1309 1319 1320
f 1306 1305 1316
f 1306 1316 1317
f 1303 1302 1313
f 1303 1313 1314
f 1310 1309 1320
f 1310 1320 1321
f 1300 1199 1311
f 1307 1306 1317
f 1307 1317 1318
f 1304 1303 1314
f 1304 1314 1315
f 1233 1310 1321
f 1301 1300 1311
f 1301 1311 1312
f 1308 1307 1318
f 1308 1318 1319
f 1305 1304 1315
f 1305 1315 1316
f 1302 1301 1312
f 1302 1312 1313
f 1312 1311 1322
f 1312 1322 1323
f 1319 1318 1327
f 1319 1327 1328
f 1316 1315 1324
f 1316 1324 1325
f 1313 1312 1323
f 1313 1323 1065
f 1320 1319 1328
f 1320 1328 1329
f 1317 1316 1325
f 1317 1325 1326
f 1314 1313 1065
f 1314 1065 1066
f 1321 1320 1329
f 1321 1329 1330
f 1311 1199 1322
f 1318 1317 1326
f 1318 1326 1327
f 1315 1314 1066
f 1315 1066 1324
f 1233 1321 1330
f 1331 1589 1334
f 1331 1334 1335
f 1595 1594 1341
f 1595 1341 1342
f 1592 1591 1338
f 1592 1338 1339
f 1332 1331 1335
f 1332 1335 1336
f 1596 1595 1342
f 1596 1342 1343
f 1588 1465 1333
f 1593 1592 1339
f 1593 1339 1340
f 1590 1332 1336
f 1590 1336 1337
f 1499 1596 1343
f 1589 1588 1333
f 1589 1333 1334
f 1594 1593 1340
f 1594 1340 1341
f 1591 1590 1337
f 1591 1337 1338
f 1340 1339 1350
f 1340 1350 1351
f 1337 1336 1347
f 1337 1347 1348
f 1499 1343 1354
f 1334 1333 1344
f 1334 1344 1345
f 1341 1340 1351
f 1341 1351 1352
f 1338 1337 1348
f 1338 1348 1349
f 1335 1334 1345
f 1335 1345 1346
f 1342 1341 1352
f 1342 1352 1353
f 1339 1338 1349
f 1339 1349 1350
f 1336 1335 1346
f 1336 1346 1347
f 1343 1342 1353
f 1343 1353 1354
f 1333 1465 1344
f 1350 1349 1360
f 1350 1360 1361
f 1347 1346 1357
f 1347 1357 1358
f 1354 1353 1364
f 1354 1364 1365
f 1344 1465 1355
f 1351 1350 1361
f 1351 1361 1362
f 1348 1347 1358
f 1348 1358 1359
f 1499 1354 1365
f 1345 1344 1355
f 1345 1355 1356
f 1352 1351 1362
f 1352 1362 1363
f 1349 1348 1359
f 1349 1359 1360
f 1346 1345 1356
f 1346 1356 1357
f 1353 1352 1363
f 1353 1363 1364
f 1363 1362 1373
f 1363 1373 1374
f 1360 1359 1370
f 1360 1370 1371
f 1357 1356 1367
f 1357 1367 1368
f 1364 1363 1374
f 1364 1374 1375
f 1361 1360 1371
f 1361 1371 1372
f 1358 1357 1368
f 1358 1368 1369
f 1365 1364 1375
f 1365 1375 1376
f 1355 1465 1366
f 1362 1361 1372
f 1362 1372 1373
f 1359 1358 1369
f 1359 1369 1370
f 1499 1365 1376
f 1356 1355 1366
f 1356 1366 1367
f 1366 1465 1377
f 1373 1372 1383
f 1373 1383 1384
f 1370 1369 1380
f 1370 1380 1381
f 1499 1376 1387
f 1367 1366 1377
f 1367 1377 1378
f 1374 1373 1384
f 1374 1384 1385
f 1371 1370 1381
f 1371 1381 1382
f 1368 1367 1378
f 1368 1378 1379
f 1375 1374 1385
f 1375 1385 1386
f 1372 1371 1382
f 1372 1382 1383
f 1369 1368 1379
f 1369 1379 1380
f 1376 1375 1386
f 1376 1386 1387
f 1386 1385 1396
f 1386 1396 1397
f 1383 1382 1393
f 1383 1393 1394
f 1380 1379 1390
f 1380 1390 1391
f 1387 1386 1397
f 1387 1397 1398
f 1377 1465 1388
f 1384 1383 1394
f 1384 1394 1395
f 1381 1380 1391
f 1381 1391 1392
f 1499 1387 1398
f 1378 1377 1388
f 1378 1388 1389
f 1385 1384 1395
f 1385 1395 1396
f 1382 1381 1392
f 1382 1392 1393
f 1379 1378 1389
f 1379 1389 1390
f 1389 1388 1399
f 1389 1399 1400
f 1396 1395 1406
f 1396 1406 1407
f 1393 1392 1403
f 1393 1403 1404
f 1390 1389 1400
f 1390 1400 1401
f 1397 1396 1407
f 1397 1407 1408
f 1394 1393 1404
f 1394 1404 1405
f 1391 1390 1401
f 1391 1401 1402
f 1398 1397 1408
f 1398 1408 1409
f 1388 1465 1399
f 1395 1394 1405
f 1395 1405 1406
f 1392 1391 1402
f 1392 1402 1403
f 1499 1398 1409
f 1409 1408 1419
f 1409 1419 1420
f 1399 1465 1410
f 1406 1405 1416
f 1406 1416 1417
f 1403 1402 1413
f 1403 1413 1414
f 1499 1409 1420
f 1400 1399 1410
f 1400 1410 1411
f 1407 1406 1417
f 1407 1417 1418
f 1404 1403 1414
f 1404 1414 1415
f 1401 1400 1411
f 1401 1411 1412
f 1408 1407 1418
f 1408 1418 1419
f 1405 1404 1415
f 1405 1415 1416
f 1402 1401 1412
f 1402 1412 1413
f 1412 1411 1422
f 1412 1422 1423
f 1419 1418 1429
f 1419 1429 1430
f 1416 1415 1426
f 1416 1426 1427
f 1413 1412 1423
f 1413 1423 1424
f 1420 1419 1430
f 1420 1430 1431
f 1410 1465 1421
f 1417 1416 1427
f 1417 1427 1428
f 1414 1413 1424
f 1414 1424 1425
f 1499 1420 1431
f 1411 1410 1421
f 1411 1421 1422
f 1418 1417 1428
f 1418 1428 1429
f 1415 1414 1425
f 1415 1425 1426
f 1499 1431 1442
f 1422 1421 1432
f 1422 1432 1433
f 1429 1428 1439
f 1429 1439 1440
f 1426 1425 1436
f 1426 1436 1437
f 1423 1422 1433
f 1423 1433 1434
f 1430 1429 1440
f 1430 1440 1441
f 1427 1426 1437
f 1427 1437 1438
f 1424 1423 1434
f 1424 1434 1435
f 1431 1430 1441
f 1431 1441 1442
f 1421 1465 1432
f 1428 1427 1438
f 1428 1438 1439
f 1425 1424 1435
f 1425 1435 1436
f 1435 1434 1445
f 1435 1445 1446
f 1442 1441 1452
f 1442 1452 1453
f 1432 1465 1443
f 1439 1438 1449
f 1439 1449 1450
f 1436 1435 1446
f 1436 1446 1447
f 1499 1442 1453
f 1433 1432 1443
f 1433 1443 1444
f 1440 1439 1450
f 1440 1450 1451
f 1437 1436 1447
f 1437 1447 1448
f 1434 1433 1444
f 1434 1444 1445
f 1441 1440 1451
f 1441 1451 1452
f 1438 1437 1448
f 1438 1448 1449
f 1445 1444 1455
f 1445 1455 1456
f 1452 1451 1462
f 1452 1462 1463
f 1449 1448 1459
f 1449 1459 1460
f 1446 1445 1456
f 1446 1456 1457
f 1453 1452 1463
f 1453 1463 1464
f 1443 1465 1454
f 1450 1449 1460
f 1450 1460 1461
f 1447 1446 1457
f 1447 1457 1458
f 1499 1453 1464
f 1444 1443 1454
f 1444 1454 1455
f 1451 1450 1461
f 1451 1461 1462
f 1448 1447 1458
f 1448 1458 1459
f 1458 1457 1469
f 1458 1469 1470
f 1499 1464 1476
f 1455 1454 1466
f 1455 1466 1467
f 1462 1461 1473
f 1462 1473 1474
f 1459 1458 1470
f 1459 1470 1471
f 1456 1455 1467
f 1456 1467 1468
f 1463 1462 1474
f 1463 1474 1475
f 1460 1459 1471
f 1460 1471 1472
f 1457 1456 1468
f 1457 1468 1469
f 1464 1463 1475
f 1464 1475 1476
f 1454 1465 1466
f 1461 1460 1472
f 1461 1472 1473
f 1469 1468 1479
f 1469 1479 1480
f 1476 1475 1486
f 1476 1486 1487
f 1466 1465 1477
f 1473 1472 1483
f 1473 1483 1484
f 1470 1469 1480
f 1470 1480 1481
f 1499 1476 1487
f 1467 1466 1477
f 1467 1477 1478
f 1474 1473 1484
f 1474 1484 1485
f 1471 1470 1481
f 1471 1481 1482
f 1468 1467 1478
f 1468 1478 1479
f 1475 1474 1485
f 1475 1485 1486
f 1472 1471 1482
f 1472 1482 1483
f 1482 1481 1492
f 1482 1492 1493
f 1479 1478 1489
f 1479 1489 1490
f 1486 1485 1496
f 1486 1496 1497
f 1483 1482 1493
f 1483 1493 1494
f 1480 1479 1490
f 1480 1490 1491
f 1487 1486 1497
f 1487 1497 1498
f 1477 1465 1488
f 1484 1483 1494
f 1484 1494 1495
f 1481 1480 1491
f 1481 1491 1492
f 1499 1487 1498
f 1478 1477 1488
f 1478 1488 1489
f 1485 1484 1495
f 1485 1495 1496
f 1492 1491 1503
f 1492 1503 1504
f 1499 1498 1510
f 1489 1488 1500
f 1489 1500 1501
f 1496 1495 1507
f 1496 1507 1508
f 1493 1492 1504
f 1493 1504 1505
f 1490 1489 1501
f 1490 1501 1502
f 1497 1496 1508
f 1497 1508 1509
f 1494 1493 1505
f 1494 1505 1506
f 1491 1490 1502
f 1491 1502 1503
f 1498 1497 1509
f 1498 1509 1510
f 1488 1465 1500
f 1495 1494 1506
f 1495 1506 1507
f 1506 1505 1516
f 1506 1516 1517
f 1503 1502 1513
f 1503 1513 1514
f 1510 1509 1520
f 1510 1520 1521
f 1500 1465 1511
f 1507 1506 1517
f 1507 1517 1518
f 1504 1503 1514
f 1504 1514 1515
f 1499 1510 1521
f 1501 1500 1511
f 1501 1511 1512
f 1508 1507 1518
f 1508 1518 1519
f 1505 1504 1515
f 1505 1515 1516
f 1502 1501 1512
f 1502 1512 1513
f 1509 1508 1519
f 1509 1519 1520
f 1516 1515 1526
f 1516 1526 1527
f 1513 1512 1523
f 1513 1523 1524
f 1520 1519 1530
f 1520 1530 1531
f 1517 1516 1527
f 1517 1527 1528
f 1514 1513 1524
f 1514 1524 1525
f 1521 1520 1531
f 1521 1531 1532
f 1511 1465 1522
f 1518 1517 1528
f 1518 1528 1529
f 1515 1514 1525
f 1515 1525 1526
f 1499 1521 1532
f 1512 1511 1522
f 1512 1522 1523
f 1519 1518 1529
f 1519 1529 1530
f 1529 1528 1539
f 1529 1539 1540
f 1526 1525 1536
f 1526 1536 1537
f 1499 1532 1543
f 1523 1522 1533
f 1523 1533 1534
f 1530 1529 1540
f 1530 1540 1541
f 1527 1526 1537
f 1527 1537 1538
f 1524 1523 1534
f 1524 1534 1535
f 1531 1530 1541
f 1531 1541 1542
f 1528 1527 1538
f 1528 1538 1539
f 1525 1524 1535
f 1525 1535 1536
f 1532 1531 1542
f 1532 1542 1543
f 1522 1465 1533
f 1539 1538 1549
f 1539 1549 1550
f 1536 1535 1546
f 1536 1546 1547
f 1543 1542 1553
f 1543 1553 1554
f 1533 1465 1544
f 1540 1539 1550
f 1540 1550 1551
f 1537 1536 1547
f 1537 1547 1548
f 1499 1543 1554
f 1534 1533 1544
f 1534 1544 1545
f 1541 1540 1551
f 1541 1551 1552
f 1538 1537 1548
f 1538 1548 1549
f 1535 1534 1545
f 1535 1545 1546
f 1542 1541 1552
f 1542 1552 1553
f 1552 1551 1562
f 1552 1562 1563
f 1549 1548 1559
f 1549 1559 1560
f 1546 1545 1556
f 1546 1556 1557
f 1553 1552 1563
f 1553 1563 1564
f 1550 1549 1560
f 1550 1560 1561
f 1547 1546 1557
f 1547 1557 1558
f 1554 1553 1564
f 1554 1564 1565
f 1544 1465 1555
f 1551 1550 1561
f 1551 1561 1562
f 1548 1547 1558
f 1548 1558 1559
f 1499 1554 1565
f 1545 1544 1555
f 1545 1555 1556
f 1555 1465 1566
f 1562 1561 1572
f 1562 1572 1573
f 1559 1558 1569
f 1559 1569 1570
f 1499 1565 1576
f 1556 1555 1566
f 1556 1566 1567
f 1563 1562 1573
f 1563 1573 1574
f 1560 1559 1570
f 1560 1570 1571
f 1557 1556 1567
f 1557 1567 1568
f 1564 1563 1574
f 1564 1574 1575
f 1561 1560 1571
f 1561 1571 1572
f 1558 1557 1568
f 1558 1568 1569
f 1565 1564 1575
f 1565 1575 1576
f 1575 1574 1585
f 1575 1585 1586
f 1572 1571 1582
f 1572 1582 1583
f 1569 1568 1579
f 1569 1579 1580
f 1576 1575 1586
f 1576 1586 1587
f 1566 1465 1577
f 1573 1572 1583
f 1573 1583 1584
f 1570 1569 1580
f 1570 1580 1581
f 1499 1576 1587
f 1567 1566 1577
f 1567 1577 1578
f 1574 1573 1584
f 1574 1584 1585
f 1571 1570 1581
f 1571 1581 1582
f 1568 1567 1578
f 1568 1578 1579
f 1578 1577 1588
f 1578 1588 1589
f 1585 1584 1593
f 1585 1593 1594
f 1582 1581 1590
f 1582 1590 1591
f 1579 1578 1589
f 1579 1589 1331
f 1586 1585 1594
f 1586 1594 1595
f 1583 1582 1591
f 1583 1591 1592
f 1580 1579 1331
f 1580 1331 1332
f 1587 1586 1595
f 1587 1595 1596
f 1577 1465 1588
f 1584 1583 1592
f 1584 1592 1593
f 1581 1580 1332
f 1581 1332 1590
f 1499 1587 1596
f 1597 1855 1600
f 1597 1600 1601
f 1861 1860 1607
f 1861 1607 1608
f 1858 1857 1604
f 1858 1604 1605
f 1598 1597 1601
f 1598 1601 1602
f 1862 1861 1608
f 1862 1608 1609
f 1854 1731 1599
f 1859 1858 1605
f 1859 1605 1606
f 1856 1598 1602
f 1856 1602 1603
f 1765 1862 1609
f 1855 1854 1599
f 1855 1599 1600
f 1860 1859 1606
f 1860 1606 1607
f 1857 1856 1603
f 1857 1603 1604
f 1606 1605 1616
f 1606 1616 1617
f 1603 1602 1613
f 1603 1613 1614
f 1765 1609 1620
f 1600 1599 1610
f 1600 1610 1611
f 1607 1606 1617
f 1607 1617 1618
f 1604 1603 1614
f 1604 1614 1615
f 1601 1600 1611
f 1601 1611 1612
f 1608 1607 1618
f 1608 1618 1619
f 1605 1604 1615
f 1605 1615 1616
f 1602 1601 1612
f 1602 1612 1613
f 1609 1608 1619
f 1609 1619 1620
f 1599 1731 1610
f 1616 1615 1626
f 1616 1626 1627
f 1613 1612 1623
f 1613 1623 1624
f 1620 1619 1630
f 1620 1630 1631
f 1610 1731 1621
f 1617 1616 1627
f 1617 1627 1628
f 1614 1613 1624
f 1614 1624 1625
f 1765 1620 1631
f 1611 1610 1621
f 1611 1621 1622
f 1618 1617 1628
f 1618 1628 1629
f 1615 1614 1625
f 1615 1625 1626
f 1612 1611 1622
f 1612 1622 1623
f 1619 1618 1629
f 1619 1629 1630
f 1629 1628 1639
f 1629 1639 1640
f 1626 1625 1636
f 1626 1636 1637
f 1623 1622 1633
f 1623 1633 1634
f 1630 1629 1640
f 1630 1640 1641
f 1627 1626 1637
f 1627 1637 1638
f 1624 1623 1634
f 1624 1634 1635
f 1631 1630 1641
f 1631 1641 1642
f 1621 1731 1632
f 1628 1627 1638
f 1628 1638 1639
f 1625 1624 1635
f 1625 1635 1636
f 1765 1631 1642
f 1622 1621 1632
f 1622 1632 1633
f 1632 1731 1643
f 1639 1638 1649
f 1639 1649 1650
f 1636 1635 1646
f 1636 1646 1647
f 1765 1642 1653
f 1633 1632 1643
f 1633 1643 1644
f 1640 1639 1650
f 1640 1650 1651
f 1637 1636 1647
f 1637 1647 1648
f 1634 1633 1644
f 1634 1644 1645
f 1641 1640 1651
f 1641 1651 1652
f 1638 1637 1648
f 1638 1648 1649
f 1635 1634 1645
f 1635 1645 1646
f 1642 1641 1652
f 1642 1652 1653
f 1652 1651 1662
f 1652 1662 1663
f 1649 1648 1659
f 1649 1659 1660
f 1646 1645 1656
f 1646 1656 1657
f 1653 1652 1663
f 1653 1663 1664
f 1643 1731 1654
f 1650 1649 1660
f 1650 1660 1661
f 1647 1646 1657
f 1647 1657 1658
f 1765 1653 1664
f 1644 1643 1654
f 1644 1654 1655
f 1651 1650 1661
f 1651 1661 1662
f 1648 1647 1658
f 1648 1658 1659
f 1645 1644 1655
f 1645 1655 1656
f 1655 1654 1665
f 1655 1665 1666
f 1662 1661 1672
f 1662 1672 1673
f 1659 1658 1669
f 1659 1669 1670
f 1656 1655 1666
f 1656 1666 1667
f 1663 1662 1673
f 1663 1673 1674
f 1660 1659 1670
f 1660 1670 1671
f 1657 1656 1667
f 1657 1667 1668
f 1664 1663 1674
f 1664 1674 1675
f 1654 1731 1665
f 1661 1660 1671
f 1661 1671 1672
f 1658 1657 1668
f 1658 1668 1669
f 1765 1664 1675
f 1675 1674 1685
f 1675 1685 1686
f 1665 1731 1676
f 1672 1671 1682
f 1672 1682 1683
f 1669 1668 1679
f 1669 1679 1680
f 1765 1675 1686
f 1666 1665 1676
f 1666 1676 1677
f 1673 1672 1683
f 1673 1683 1684
f 1670 1669 1680
f 1670 1680 1681
f 1667 1666 1677
f 1667 1677 1678
f 1674 1673 1684
f 1674 1684 1685
f 1671 1670 1681
f 1671 1681 1682
f 1668 1667 1678
f 1668 1678 1679
f 1678 1677 1688
f 1678 1688 1689
f 1685 1684 1695
f 1685 1695 1696
f 1682 1681 1692
f 1682 1692 1693
f 1679 1678 1689
f 1679 1689 1690
f 1686 1685 1696
f 1686 1696 1697
f 1676 1731 1687
f 1683 1682 1693
f 1683 1693 1694
f 1680 1679 1690
f 1680 1690 1691
f 1765 1686 1697
f 1677 1676 1687
f 1677 1687 1688
f 1684 1683 1694
f 1684 1694 1695
f 1681 1680 1691
f 1681 1691 1692
f 1765 1697 1708
f 1688 1687 1698
f 1688 1698 1699
f 1695 1694 1705
f 1695 1705 1706
f 1692 1691 1702
f 1692 1702 1703
f 1689 1688 1699
f 1689 1699 1700
f 1696 1695 1706
f 1696 1706 1707
f 1693 1692 1703
f 1693 1703 1704
f 1690 1689 1700
f 1690 1700 1701
f 1697 1696 1707
f 1697 1707 1708
f 1687 1731 1698
f 1694 1693 1704
f 1694 1704 1705
f 1691 1690 1701
f 1691 1701 1702
f 1701 1700 1711
f 1701 1711 1712
f 1708 1707 1718
f 1708 1718 1719
f 1698 1731 1709
f 1705 1704 1715
f 1705 1715 1716
f 1702 1701 1712
f 1702 1712 1713
f 1765 1708 1719
f 1699 1698 1709
f 1699 1709 1710
f 1706 1705 1716
f 1706 1716 1717
f 1703 1702 1713
f 1703 1713 1714
f 1700 1699 1710
f 1700 1710 1711
f 1707 1706 1717
f 1707 1717 1718
f 1704 1703 1714
f 1704 1714 1715
f 1711 1710 1721
f 1711 1721 1722
f 1718 1717 1728
f 1718 1728 1729
f 1715 1714 1725
f 1715 1725 1726
f 1712 1711 1722
f 1712 1722 1723
f 1719 1718 1729
f 1719 1729 1730
f 1709 1731 1720
f 1716 1715 1726
f 1716 1726 1727
f 1713 1712 1723
f 1713 1723 1724
f 1765 1719 1730
f 1710 1709 1720
f 1710 1720 1721
f 1717 1716 1727
f 1717 1727 1728
f 1714 1713 1724
f 1714 1724 1725
f 1724 1723 1735
f 1724 1735 1736
f 1765 1730 1742
f 1721 1720 1732
f 1721 1732 1733
f 1728 1727 1739
f 1728 1739 1740
f 1725 1724 1736
f 1725 1736 1737
f 1722 1721 1733
f 1722 1733 1734
f 1729 1728 1740
f 1729 1740 1741
f 1726 1725 1737
f 1726 1737 1738
f 1723 1722 1734
f 1723 1734 1735
f 1730 1729 1741
f 1730 1741 1742
f 1720 1731 1732
f 1727 1726 1738
f 1727 1738 1739
f 1735 1734 1745
f 1735 1745 1746
f 1742 1741 1752
f 1742 1752 1753
f 1732 1731 1743
f 1739 1738 1749
f 1739 1749 1750
f 1736 1735 1746
f 1736 1746 1747
f 1765 1742 1753
f 1733 1732 1743
f 1733 1743 1744
f 1740 1739 1750
f 1740 1750 1751
f 1737 1736 1747
f 1737 1747 1748
f 1734 1733 1744
f 1734 1744 1745
f 1741 1740 1751
f 1741 1751 1752
f 1738 1737 1748
f 1738 1748 1749
f 1748 1747 1758
f 1748 1758 1759
f 1745 1744 1755
f 1745 1755 1756
f 1752 1751 1762
f 1752 1762 1763
f 1749 1748 1759
f 1749 1759 1760
f 1746 1745 1756
f 1746 1756 1757
f 1753 1752 1763
f 1753 1763 1764
f 1743 1731 1754
f 1750 1749 1760
f 1750 1760 1761
f 1747 1746 1757
f 1747 1757 1758
f 1765 1753 1764
f 1744 1743 1754
f 1744 1754 1755
f 1751 1750 1761
f 1751 1761 1762
f 1758 1757 1769
f 1758 1769 1770
f 1765 1764 1776
f 1755 1754 1766
f 1755 1766 1767
f 1762 1761 1773
f 1762 1773 1774
f 1759 1758 1770
f 1759 1770 1771
f 1756 1755 1767
f 1756 1767 1768
f 1763 1762 1774
f 1763 1774 1775
f 1760 1759 1771
f 1760 1771 1772
f 1757 1756 1768
f 1757 1768 1769
f 1764 1763 1775
f 1764 1775 1776
f 1754 1731 1766
f 1761 1760 1772
f 1761 1772 1773
f 1772 1771 1782
f 1772 1782 1783
f 1769 1768 1779
f 1769 1779 1780
f 1776 1775 1786
f 1776 1786 1787
f 1766 1731 1777
f 1773 1772 1783
f 1773 1783 1784
f 1770 1769 1780
f 1770 1780 1781
f 1765 1776 1787
f 1767 1766 1777
f 1767 1777 1778
f 1774 1773 1784
f 1774 1784 1785
f 1771 1770 1781
f 1771 1781 1782
f 1768 1767 1778
f 1768 1778 1779
f 1775 1774 1785
f 1775 1785 1786
f 1782 1781 1792
f 1782 1792 1793
f 1779 1778 1789
f 1779 1789 1790
f 1786 1785 1796
f 1786 1796 1797
f 1783 1782 1793
f 1783 1793 1794
f 1780 1779 1790
f 1780 1790 1791
f 1787 1786 1797
f 1787 1797 1798
f 1777 1731 1788
f 1784 1783 1794
f 1784 1794 1795
f 1781 1780 1791
f 1781 1791 1792
f 1765 1787 1798
f 1778 1777 1788
f 1778 1788 1789
f 1785 1784 1795
f 1785 1795 1796
f 1795 1794 1805
f 1795 1805 1806
f 1792 1791 1802
f 1792 1802 1803
f 1765 1798 1809
f 1789 1788 1799
f 1789 1799 1800
f 1796 1795 1806
f 1796 1806 1807
f 1793 1792 1803
f 1793 1803 1804
f 1790 1789 1800
f 1790 1800 1801
f 1797 1796 1807
f 1797 1807 1808
f 1794 1793 1804
f 1794 1804 1805
f 1791 1790 1801
f 1791 1801 1802
f 1798 1797 1808
f 1798 1808 1809
f 1788 1731 1799
f 1805 1804 1815
f 1805 1815 1816
f 1802 1801 1812
f 1802 1812 1813
f 1809 1808 1819
f 1809 1819 1820
f 1799 1731 1810
f 1806 1805 1816
f 1806 1816 1817
f 1803 1802 1813
f 1803 1813 1814
f 1765 1809 1820
f 1800 1799 1810
f 1800 1810 1811
f 1807 1806 1817
f 1807 1817 1818
f 1804 1803 1814
f 1804 1814 1815
f 1801 1800 1811
f 1801 1811 1812
f 1808 1807 1818
f 1808 1818 1819
f 1818 1817 1828
f 1818 1828 1829
f 1815 1814 1825
f 1815 1825 1826
f 1812 1811 1822
f 1812 1822 1823
f 1819 1818 1829
f 1819 1829 1830
f 1816 1815 1826
f 1816 1826 1827
f 1813 1812 1823
f 1813 1823 1824
f 1820 1819 1830
f 1820 1830 1831
f 1810 1731 1821
f 1817 1816 1827
f 1817 1827 1828
f 1814 1813 1824
f 1814 1824 1825
f 1765 1820 1831
f 1811 1810 1821
f 1811 1821 1822
f 1821 1731 1832
f 1828 1827 1838
f 1828 1838 1839
f 1825 1824 1835
f 1825 1835 1836
f 1765 1831 1842
f 1822 1821 1832
f 1822 1832 1833
f 1829 1828 1839
f 1829 1839 1840
f 1826 1825 1836
f 1826 1836 1837
f 1823 1822 1833
f 1823 1833 1834
f 1830 1829 1840
f 1830 1840 1841
f 1827 1826 1837
f 1827 1837 1838
f 1824 1823 1834
f 1824 1834 1835
f 1831 1830 1841
f 1831 1841 1842
f 1841 1840 1851
f 1841 1851 1852
f 1838 1837 1848
f 1838 1848 1849
f 1835 1834 1845
f 1835 1845 1846
f 1842 1841 1852
f 1842 1852 1853
f 1832 1731 1843
f 1839 1838 1849
f 1839 1849 1850
f 1836 1835 1846
f 1836 1846 1847
f 1765 1842 1853
f 1833 1832 1843
f 1833 1843 1844
f 1840 1839 1850
f 1840 1850 1851
f 1837 1836 1847
f 1837 1847 1848
f 1834 1833 1844
f 1834 1844 1845
f 1844 1843 1854
f 1844 1854 1855
f 1851 1850 1859
f 1851 1859 1860
f 1848 1847 1856
f 1848 1856 1857
f 1845 1844 1855
f 1845 1855 1597
f 1852 1851 1860
f 1852 1860 1861
f 1849 1848 1857
f 1849 1857 1858
f 1846 1845 1597
f 1846 1597 1598
f 1853 1852 1861
f 1853 1861 1862
f 1843 1731 1854
f 1850 1849 1858
f 1850 1858 1859
f 1847 1846 1598
f 1847 1598 1856
f 1765 1853 1862
f 2125 2124 1871
f 2125 1871 1872
f 2122 1864 1868
f 2122 1868 1869
f 2031 2128 1875
f 2121 2120 1865
f 2121 1865 1866
f 2126 2125 1872
f 2126 1872 1873
f 2123 2122 1869
f 2123 1869 1870
f 1863 2121 1866
f 1863 1866 1867
f 2127 2126 1873
f 2127 1873 1874
f 2124 2123 1870
f 2124 1870 1871
f 1864 1863 1867
f 1864 1867 1868
f 2128 2127 1874
f 2128 1874 1875
f 2120 1997 1865
f 1867 1866 1877
f 1867 1877 1878
f 1874 1873 1884
f 1874 1884 1885
f 1871 1870 1881
f 1871 1881 1882
f 1868 1867 1878
f 1868 1878 1879
f 1875 1874 1885
f 1875 1885 1886
f 1865 1997 1876
f 1872 1871 1882
f 1872 1882 1883
f 1869 1868 1879
f 1869 1879 1880
f 2031 1875 1886
f 1866 1865 1876
f 1866 1876 1877
f 1873 1872 1883
f 1873 1883 1884
f 1870 1869 1880
f 1870 1880 1881
f 1880 1879 1890
f 1880 1890 1891
f 2031 1886 1897
f 1877 1876 1887
f 1877 1887 1888
f 1884 1883 1894
f 1884 1894 1895
f 1881 1880 1891
f 1881 1891 1892
f 1878 1877 1888
f 1878 1888 1889
f 1885 1884 1895
f 1885 1895 1896
f 1882 1881 1892
f 1882 1892 1893
f 1879 1878 1889
f 1879 1889 1890
f 1886 1885 1896
f 1886 1896 1897
f 1876 1997 1887
f 1883 1882 1893
f 1883 1893 1894
f 1890 1889 1900
f 1890 1900 1901
f 1897 1896 1907
f 1897 1907 1908
f 1887 1997 1898
f 1894 1893 1904
f 1894 1904 1905
f 1891 1890 1901
f 1891 1901 1902
f 2031 1897 1908
f 1888 1887 1898
f 1888 1898 1899
f 1895 1894 1905
f 1895 1905 1906
f 1892 1891 1902
f 1892 1902 1903
f 1889 1888 1899
f 1889 1899 1900
f 1896 1895 1906
f 1896 1906 1907
f 1893 1892 1903
f 1893 1903 1904
f 1903 1902 1913
f 1903 1913 1914
f 1900 1899 1910
f 1900 1910 1911
f 1907 1906 1917
f 1907 1917 1918
f 1904 1903 1914
f 1904 1914 1915
f 1901 1900 1911
f 1901 1911 1912
f 1908 1907 1918
f 1908 1918 1919
f 1898 1997 1909
f 1905 1904 1915
f 1905 1915 1916
f 1902 1901 1912
f 1902 1912 1913
f 2031 1908 1919
f 1899 1898 1909
f 1899 1909 1910
f 1906 1905 1916
f 1906 1916 1917
f 1913 1912 1923
f 1913 1923 1924
f 2031 1919 1930
f 1910 1909 1920
f 1910 1920 1921
f 1917 1916 1927
f 1917 1927 1928
f 1914 1913 1924
f 1914 1924 1925
f 1911 1910 1921
f 1911 1921 1922
f 1918 1917 1928
f 1918 1928 1929
f 1915 1914 1925
f 1915 1925 1926
f 1912 1911 1922
f 1912 1922 1923
f 1919 1918 1929
f 1919 1929 1930
f 1909 1997 1920
f 1916 1915 1926
f 1916 1926 1927
f 1926 1925 1936
f 1926 1936 1937
f 1923 1922 1933
f 1923 1933 1934
f 1930 1929 1940
f 1930 1940 1941
f 1920 1997 1931
f 1927 1926 1937
f 1927 1937 1938
f 1924 1923 1934
f 1924 1934 1935
f 2031 1930 1941
f 1921 1920 1931
f 1921 1931 1932
f 1928 1927 1938
f 1928 1938 1939
f 1925 1924 1935
f 1925 1935 1936
f 1922 1921 1932
f 1922 1932 1933
f 1929 1928 1939
f 1929 1939 1940
f 1936 1935 1946
f 1936 1946 1947
f 1933 1932 1943
f 1933 1943 1944
f 1940 1939 1950
f 1940 1950 1951
f 1937 1936 1947
f 1937 1947 1948
f 1934 1933 1944
f 1934 1944 1945
f 1941 1940 1951
f 1941 1951 1952
f 1931 1997 1942
f 1938 1937 1948
f 1938 1948 1949
f 1935 1934 1945
f 1935 1945 1946
f 2031 1941 1952
f 1932 1931 1942
f 1932 1942 1943
f 1939 1938 1949
f 1939 1949 1950
f 1949 1948 1959
f 1949 1959 1960
f 1946 1945 1956
f 1946 1956 1957
f 2031 1952 1963
f 1943 1942 1953
f 1943 1953 1954
f 1950 1949 1960
f 1950 1960 1961
f 1947 1946 1957
f 1947 1957 1958
f 1944 1943 1954
f 1944 1954 1955
f 1951 1950 1961
f 1951 1961 1962
f 1948 1947 1958
f 1948 1958 1959
f 1945 1944 1955
f 1945 1955 1956
f 1952 1951 1962
f 1952 1962 1963
f 1942 1997 1953
f 1959 1958 1969
f 1959 1969 1970
f 1956 1955 1966
f 1956 1966 1967
f 1963 1962 1973
f 1963 1973 1974
f 1953 1997 1964
f 1960 1959 1970
f 1960 1970 1971
f 1957 1956 1967
f 1957 1967 1968
f 2031 1963 1974
f 1954 1953 1964
f 1954 1964 1965
f 1961 1960 1971
f 1961 1971 1972
f 1958 1957 1968
f 1958 1968 1969
f 1955 1954 1965
f 1955 1965 1966
f 1962 1961 1972
f 1962 1972 1973
f 1972 1971 1982
f 1972 1982 1983
f 1969 1968 1979
f 1969 1979 1980
f 1966 1965 1976
f 1966 1976 1977
f 1973 1972 1983
f 1973 1983 1984
f 1970 1969 1980
f 1970 1980 1981
f 1967 1966 1977
f 1967 1977 1978
f 1974 1973 1984
f 1974 1984 1985
f 1964 1997 1975
f 1971 1970 1981
f 1971 1981 1982
f 1968 1967 1978
f 1968 1978 1979
f 2031 1974 1985
f 1965 1964 1975
f 1965 1975 1976
f 1975 1997 1986
f 1982 1981 1992
f 1982 1992 1993
f 1979 1978 1989
f 1979 1989 1990
f 2031 1985 1996
f 1976 1975 1986
f 1976 1986 1987
f 1983 1982 1993
f 1983 1993 1994
f 1980 1979 1990
f 1980 1990 1991
f 1977 1976 1987
f 1977 1987 1988
f 1984 1983 1994
f 1984 1994 1995
f 1981 1980 1991
f 1981 1991 1992
f 1978 1977 1988
f 1978 1988 1989
f 1985 1984 1995
f 1985 1995 1996
f 1995 1994 2006
f 1995 2006 2007
f 1992 1991 2003
f 1992 2003 2004
f 1989 1988 2000
f 1989 2000 2001
f 1996 1995 2007
f 1996 2007 2008
f 1986 1997 1998
f 1993 1992 2004
f 1993 2004 2005
f 1990 1989 2001
f 1990 2001 2002
f 2031 1996 2008
f 1987 1986 1998
f 1987 1998 1999
f 1994 1993 2005
f 1994 2005 2006
f 1991 1990 2002
f 1991 2002 2003
f 1988 1987 1999
f 1988 1999 2000
f 1999 1998 2009
f 1999 2009 2010
f 2006 2005 2016
f 2006 2016 2017
f 2003 2002 2013
f 2003 2013 2014
f 2000 1999 2010
f 2000 2010 2011
f 2007 2006 2017
f 2007 2017 2018
f 2004 2003 2014
f 2004 2014 2015
f 2001 2000 2011
f 2001 2011 2012
f 2008 2007 2018
f 2008 2018 2019
f 1998 1997 2009
f 2005 2004 2015
f 2005 2015 2016
f 2002 2001 2012
f 2002 2012 2013
f 2031 2008 2019
f 2019 2018 2029
f 2019 2029 2030
f 2009 1997 2020
f 2016 2015 2026
f 2016 2026 2027
f 2013 2012 2023
f 2013 2023 2024
f 2031 2019 2030
f 2010 2009 2020
f 2010 2020 2021
f 2017 2016 2027
f 2017 2027 2028
f 2014 2013 2024
f 2014 2024 2025
f 2011 2010 2021
f 2011 2021 2022
f 2018 2017 2028
f 2018 2028 2029
f 2015 2014 2025
f 2015 2025 2026
f 2012 2011 2022
f 2012 2022 2023
f 2022 2021 2033
f 2022 2033 2034
f 2029 2028 2040
f 2029 2040 2041
f 2026 2025 2037
f 2026 2037 2038
f 2023 2022 2034
f 2023 2034 2035
f 2030 2029 2041
f 2030 2041 2042
f 2020 1997 2032
f 2027 2026 2038
f 2027 2038 2039
f 2024 2023 2035
f 2024 2035 2036
f 2031 2030 2042
f 2021 2020 2032
f 2021 2032 2033
f 2028 2027 2039
f 2028 2039 2040
f 2025 2024 2036
f 2025 2036 2037
f 2031 2042 2053
f 2033 2032 2043
f 2033 2043 2044
f 2040 2039 2050
f 2040 2050 2051
f 2037 2036 2047
f 2037 2047 2048
f 2034 2033 2044
f 2034 2044 2045
f 2041 2040 2051
f 2041 2051 2052
f 2038 2037 2048
f 2038 2048 2049
f 2035 2034 2045
f 2035 2045 2046
f 2042 2041 2052
f 2042 2052 2053
f 2032 1997 2043
f 2039 2038 2049
f 2039 2049 2050
f 2036 2035 2046
f 2036 2046 2047
f 2046 2045 2056
f 2046 2056 2057
f 2053 2052 2063
f 2053 2063 2064
f 2043 1997 2054
f 2050 2049 2060
f 2050 2060 2061
f 2047 2046 2057
f 2047 2057 2058
f 2031 2053 2064
f 2044 2043 2054
f 2044 2054 2055
f 2051 2050 2061
f 2051 2061 2062
f 2048 2047 2058
f 2048 2058 2059
f 2045 2044 2055
f 2045 2055 2056
f 2052 2051 2062
f 2052 2062 2063
f 2049 2048 2059
f 2049 2059 2060
f 2056 2055 2066
f 2056 2066 2067
f 2063 2062 2073
f 2063 2073 2074
f 2060 2059 2070
f 2060 2070 2071
f 2057 2056 2067
f 2057 2067 2068
f 2064 2063 2074
f 2064 2074 2075
f 2054 1997 2065
f 2061 2060 2071
f 2061 2071 2072
f 2058 2057 2068
f 2058 2068 2069
f 2031 2064 2075
f 2055 2054 2065
f 2055 2065 2066
f 2062 2061 2072
f 2062 2072 2073
f 2059 2058 2069
f 2059 2069 2070
f 2069 2068 2079
f 2069 2079 2080
f 2031 2075 2086
f 2066 2065 2076
f 2066 2076 2077
f 2073 2072 2083
f 2073 2083 2084
f 2070 2069 2080
f 2070 2080 2081
f 2067 2066 2077
f 2067 2077 2078
f 2074 2073 2084
f 2074 2084 2085
f 2071 2070 2081
f 2071 2081 2082
f 2068 2067 2078
f 2068 2078 2079
f 2075 2074 2085
f 2075 2085 2086
f 2065 1997 2076
f 2072 2071 2082
f 2072 2082 2083
f 2079 2078 2089
f 2079 2089 2090
f 2086 2085 2096
f 2086 2096 2097
f 2076 1997 2087
f 2083 2082 2093
f 2083 2093 2094
f 2080 2079 2090
f 2080 2090 2091
f 2031 2086 2097
f 2077 2076 2087
f 2077 2087 2088
f 2084 2083 2094
f 2084 2094 2095
f 2081 2080 2091
f 2081 2091 2092
f 2078 2077 2088
f 2078 2088 2089
f 2085 2084 2095
f 2085 2095 2096
f 2082 2081 2092
f 2082 2092 2093
f 2092 2091 2102
f 2092 2102 2103
f 2089 2088 2099
f 2089 2099 2100
f 2096 2095 2106
f 2096 2106 2107
f 2093 2092 2103
f 2093 2103 2104
f 2090 2089 2100
f 2090 2100 2101
f 2097 2096 2107
f 2097 2107 2108
f 2087 1997 2098
f 2094 2093 2104
f 2094 2104 2105
f 2091 2090 2101
f 2091 2101 2102
f 2031 2097 2108
f 2088 2087 2098
f 2088 2098 2099
f 2095 2094 2105
f 2095 2105 2106
f 2102 2101 2112
f 2102 2112 2113
f 2031 2108 2119
f 2099 2098 2109
f 2099 2109 2110
f 2106 2105 2116
f 2106 2116 2117
f 2103 2102 2113
f 2103 2113 2114
f 2100 2099 2110
f 2100 2110 2111
f 2107 2106 2117
f 2107 2117 2118
f 2104 2103 2114
f 2104 2114 2115
f 2101 2100 2111
f 2101 2111 2112
f 2108 2107 2118
f 2108 2118 2119
f 2098 1997 2109
f 2105 2104 2115
f 2105 2115 2116
f 2115 2114 2123
f 2115 2123 2124
f 2112 2111 1863
f 2112 1863 1864
f 2119 2118 2127
f 2119 2127 2128
f 2109 1997 2120
f 2116 2115 2124
f 2116 2124 2125
f 2113 2112 1864
f 2113 1864 2122
f 2031 2119 2128
f 2110 2109 2120
f 2110 2120 2121
f 2117 2116 2125
f 2117 2125 2126
f 2114 2113 2122
f 2114 2122 2123
f 2111 2110 2121
f 2111 2121 1863
f 2118 2117 2126
f 2118 2126 2127
f 2129 2387 2132
f 2129 2132 2133
f 2393 2392 2139
f 2393 2139 2140
f 2390 2389 2136
f 2390 2136 2137
f 2130 2129 2133
f 2130 2133 2134
f 2394 2393 2140
f 2394 2140 2141
f 2386 2263 2131
f 2391 2390 2137
f 2391 2137 2138
f 2388 2130 2134
f 2388 2134 2135
f 2297 2394 2141
f 2387 2386 2131
f 2387 2131 2132
f 2392 2391 2138
f 2392 2138 2139
f 2389 2388 2135
f 2389 2135 2136
f 2138 2137 2148
f 2138 2148 2149
f 2135 2134 2145
f 2135 2145 2146
f 2297 2141 2152
f 2132 2131 2142
f 2132 2142 2143
f 2139 2138 2149
f 2139 2149 2150
f 2136 2135 2146
f 2136 2146 2147
f 2133 2132 2143
f 2133 2143 2144
f 2140 2139 2150
f 2140 2150 2151
f 2137 2136 2147
f 2137 2147 2148
f 2134 2133 2144
f 2134 2144 2145
f 2141 2140 2151
f 2141 2151 2152
f 2131 2263 2142
f 2148 2147 2158
f 2148 2158 2159
f 2145 2144 2155
f 2145 2155 2156
f 2152 2151 2162
f 2152 2162 2163
f 2142 2263 2153
f 2149 2148 2159
f 2149 2159 2160
f 2146 2145 2156
f 2146 2156 2157
f 2297 2152 2163
f 2143 2142 2153
f 2143 2153 2154
f 2150 2149 2160
f 2150 2160 2161
f 2147 2146 2157
f 2147 2157 2158
f 2144 2143 2154
f 2144 2154 2155
f 2151 2150 2161
f 2151 2161 2162
f 2161 2160 2171
f 2161 2171 2172
f 2158 2157 2168
f 2158 2168 2169
f 2155 2154 2165
f 2155 2165 2166
f 2162 2161 2172
f 2162 2172 2173
f 2159 2158 2169
f 2159 2169 2170
f 2156 2155 2166
f 2156 2166 2167
f 2163 2162 2173
f 2163 2173 2174
f 2153 2263 2164
f 2160 2159 2170
f 2160 2170 2171
f 2157 2156 2167
f 2157 2167 2168
f 2297 2163 2174
f 2154 2153 2164
f 2154 2164 2165
f 2164 2263 2175
f 2171 2170 2181
f 2171 2181 2182
f 2168 2167 2178
f 2168 2178 2179
f 2297 2174 2185
f 2165 2164 2175
f 2165 2175 2176
f 2172 2171 2182
f 2172 2182 2183
f 2169 2168 2179
f 2169 2179 2180
f 2166 2165 2176
f 2166 2176 2177
f 2173 2172 2183
f 2173 2183 2184
f 2170 2169 2180
f 2170 2180 2181
f 2167 2166 2177
f 2167 2177 2178
f 2174 2173 2184
f 2174 2184 2185
f 2184 2183 2194
f 2184 2194 2195
f 2181 2180 2191
f 2181 2191 2192
f 2178 2177 2188
f 2178 2188 2189
f 2185 2184 2195
f 2185 2195 2196
f 2175 2263 2186
f 2182 2181 2192
f 2182 2192 2193
f 2179 2178 2189
f 2179 2189 2190
f 2297 2185 2196
f 2176 2175 2186
f 2176 2186 2187
f 2183 2182 2193
f 2183 2193 2194
f 2180 2179 2190
f 2180 2190 2191
f 2177 2176 2187
f 2177 2187 2188
f 2187 2186 2197
f 2187 2197 2198
f 2194 2193 2204
f 2194 2204 2205
f 2191 2190 2201
f 2191 2201 2202
f 2188 2187 2198
f 2188 2198 2199
f 2195 2194 2205
f 2195 2205 2206
f 2192 2191 2202
f 2192 2202 2203
f 2189 2188 2199
f 2189 2199 2200
f 2196 2195 2206
f 2196 2206 2207
f 2186 2263 2197
f 2193 2192 2203
f 2193 2203 2204
f 2190 2189 2200
f 2190 2200 2201
f 2297 2196 2207
f 2207 2206 2217
f 2207 2217 2218
f 2197 2263 2208
f 2204 2203 2214
f 2204 2214 2215
f 2201 2200 2211
f 2201 2211 2212
f 2297 2207 2218
f 2198 2197 2208
f 2198 2208 2209
f 2205 2204 2215
f 2205 2215 2216
f 2202 2201 2212
f 2202 2212 2213
f 2199 2198 2209
f 2199 2209 2210
f 2206 2205 2216
f 2206 2216 2217
f 2203 2202 2213
f 2203 2213 2214
f 2200 2199 2210
f 2200 2210 2211
f 2210 2209 2220
f 2210 2220 2221
f 2217 2216 2227
f 2217 2227 2228
f 2214 2213 2224
f 2214 2224 2225
f 2211 2210 2221
f 2211 2221 2222
f 2218 2217 2228
f 2218 2228 2229
f 2208 2263 2219
f 2215 2214 2225
f 2215 2225 2226
f 2212 2211 2222
f 2212 2222 2223
f 2297 2218 2229
f 2209 2208 2219
f 2209 2219 2220
f 2216 2215 2226
f 2216 2226 2227
f 2213 2212 2223
f 2213 2223 2224
f 2297 2229 2240
f 2220 2219 2230
f 2220 2230 2231
f 2227 2226 2237
f 2227 2237 2238
f 2224 2223 2234
f 2224 2234 2235
f 2221 2220 2231
f 2221 2231 2232
f 2228 2227 2238
f 2228 2238 2239
f 2225 2224 2235
f 2225 2235 2236
f 2222 2221 2232
f 2222 2232 2233
f 2229 2228 2239
f 2229 2239 2240
f 2219 2263 2230
f 2226 2225 2236
f 2226 2236 2237
f 2223 2222 2233
f 2223 2233 2234
f 2233 2232 2243
f 2233 2243 2244
f 2240 2239 2250
f 2240 2250 2251
f 2230 2263 2241
f 2237 2236 2247
f 2237 2247 2248
f 2234 2233 2244
f 2234 2244 2245
f 2297 2240 2251
f 2231 2230 2241
f 2231 2241 2242
f 2238 2237 2248
f 2238 2248 2249
f 2235 2234 2245
f 2235 2245 2246
f 2232 2231 2242
f 2232 2242 2243
f 2239 2238 2249
f 2239 2249 2250
f 2236 2235 2246
f 2236 2246 2247
f 2243 2242 2253
f 2243 2253 2254
f 2250 2249 2260
f 2250 2260 2261
f 2247 2246 2257
f 2247 2257 2258
f 2244 2243 2254
f 2244 2254 2255
f 2251 2250 2261
f 2251 2261 2262
f 2241 2263 2252
f 2248 2247 2258
f 2248 2258 2259
f 2245 2244 2255
f 2245 2255 2256
f 2297 2251 2262
f 2242 2241 2252
f 2242 2252 2253
f 2249 2248 2259
f 2249 2259 2260
f 2246 2245 2256
f 2246 2256 2257
f 2256 2255 2267
f 2256 2267 2268
f 2297 2262 2274
f 2253 2252 2264
f 2253 2264 2265
f 2260 2259 2271
f 2260 2271 2272
f 2257 2256 2268
f 2257 2268 2269
f 2254 2253 2265
f 2254 2265 2266
f 2261 2260 2272
f 2261 2272 2273
f 2258 2257 2269
f 2258 2269 2270
f 2255 2254 2266
f 2255 2266 2267
f 2262 2261 2273
f 2262 2273 2274
f 2252 2263 2264
f 2259 2258 2270
f 2259 2270 2271
f 2267 2266 2277
f 2267 2277 2278
f 2274 2273 2284
f 2274 2284 2285
f 2264 2263 2275
f 2271 2270 2281
f 2271 2281 2282
f 2268 2267 2278
f 2268 2278 2279
f 2297 2274 2285
f 2265 2264 2275
f 2265 2275 2276
f 2272 2271 2282
f 2272 2282 2283
f 2269 2268 2279
f 2269 2279 2280
f 2266 2265 2276
f 2266 2276 2277
f 2273 2272 2283
f 2273 2283 2284
f 2270 2269 2280
f 2270 2280 2281
f 2280 2279 2290
f 2280 2290 2291
f 2277 2276 2287
f 2277 2287 2288
f 2284 2283 2294
f 2284 2294 2295
f 2281 2280 2291
f 2281 2291 2292
f 2278 2277 2288
f 2278 2288 2289
f 2285 2284 2295
f 2285 2295 2296
f 2275 2263 2286
f 2282 2281 2292
f 2282 2292 2293
f 2279 2278 2289
f 2279 2289 2290
f 2297 2285 2296
f 2276 2275 2286
f 2276 2286 2287
f 2283 2282 2293
f 2283 2293 2294
f 2290 2289 2301
f 2290 2301 2302
f 2297 2296 2308
f 2287 2286 2298
f 2287 2298 2299
f 2294 2293 2305
f 2294 2305 2306
f 2291 2290 2302
f 2291 2302 2303
f 2288 2287 2299
f 2288 2299 2300
f 2295 2294 2306
f 2295 2306 2307
f 2292 2291 2303
f 2292 2303 2304
f 2289 2288 2300
f 2289 2300 2301
f 2296 2295 2307
f 2296 2307 2308
f 2286 2263 2298
f 2293 2292 2304
f 2293 2304 2305
f 2304 2303 2314
f 2304 2314 2315
f 2301 2300 2311
f 2301 2311 2312
f 2308 2307 2318
f 2308 2318 2319
f 2298 2263 2309
f 2305 2304 2315
f 2305 2315 2316
f 2302 2301 2312
f 2302 2312 2313
f 2297 2308 2319
f 2299 2298 2309
f 2299 2309 2310
f 2306 2305 2316
f 2306 2316 2317
f 2303 2302 2313
f 2303 2313 2314
f 2300 2299 2310
f 2300 2310 2311
f 2307 2306 2317
f 2307 2317 2318
f 2314 2313 2324
f 2314 2324 2325
f 2311 2310 2321
f 2311 2321 2322
f 2318 2317 2328
f 2318 2328 2329
f 2315 2314 2325
f 2315 2325 2326
f 2312 2311 2322
f 2312 2322 2323
f 2319 2318 2329
f 2319 2329 2330
f 2309 2263 2320
f 2316 2315 2326
f 2316 2326 2327
f 2313 2312 2323
f 2313 2323 2324
f 2297 2319 2330
f 2310 2309 2320
f 2310 2320 2321
f 2317 2316 2327
f 2317 2327 2328
f 2327 2326 2337
f 2327 2337 2338
f 2324 2323 2334
f 2324 2334 2335
f 2297 2330 2341
f 2321 2320 2331
f 2321 2331 2332
f 2328 2327 2338
f 2328 2338 2339
f 2325 2324 2335
f 2325 2335 2336
f 2322 2321 2332
f 2322 2332 2333
f 2329 2328 2339
f 2329 2339 2340
f 2326 2325 2336
f 2326 2336 2337
f 2323 2322 2333
f 2323 2333 2334
f 2330 2329 2340
f 2330 2340 2341
f 2320 2263 2331
f 2337 2336 2347
f 2337 2347 2348
f 2334 2333 2344
f 2334 2344 2345
f 2341 2340 2351
f 2341 2351 2352
f 2331 2263 2342
f 2338 2337 2348
f 2338 2348 2349
f 2335 2334 2345
f 2335 2345 2346
f 2297 2341 2352
f 2332 2331 2342
f 2332 2342 2343
f 2339 2338 2349
f 2339 2349 2350
f 2336 2335 2346
f 2336 2346 2347
f 2333 2332 2343
f 2333 2343 2344
f 2340 2339 2350
f 2340 2350 2351
f 2350 2349 2360
f 2350 2360 2361
f 2347 2346 2357
f 2347 2357 2358
f 2344 2343 2354
f 2344 2354 2355
f 2351 2350 2361
f 2351 2361 2362
f 2348 2347 2358
f 2348 2358 2359
f 2345 2344 2355
f 2345 2355 2356
f 2352 2351 2362
f 2352 2362 2363
f 2342 2263 2353
f 2349 2348 2359
f 2349 2359 2360
f 2346 2345 2356
f 2346 2356 2357
f 2297 2352 2363
f 2343 2342 2353
f 2343 2353 2354
f 2353 2263 2364
f 2360 2359 2370
f 2360 2370 2371
f 2357 2356 2367
f 2357 2367 2368
f 2297 2363 2374
f 2354 2353 2364
f 2354 2364 2365
f 2361 2360 2371
f 2361 2371 2372
f 2358 2357 2368
f 2358 2368 2369
f 2355 2354 2365
f 2355 2365 2366
f 2362 2361 2372
f 2362 2372 2373
f 2359 2358 2369
f 2359 2369 2370
f 2356 2355 2366
f 2356 2366 2367
f 2363 2362 2373
f 2363 2373 2374
f 2373 2372 2383
f 2373 2383 2384
f 2370 2369 2380
f 2370 2380 2381
f 2367 2366 2377
f 2367 2377 2378
f 2374 2373 2384
f 2374 2384 2385
f 2364 2263 2375
f 2371 2370 2381
f 2371 2381 2382
f 2368 2367 2378
f 2368 2378 2379
f 2297 2374 2385
f 2365 2364 2375
f 2365 2375 2376
f 2372 2371 2382
f 2372 2382 2383
f 2369 2368 2379
f 2369 2379 2380
f 2366 2365 2376
f 2366 2376 2377
f 2376 2375 2386
f 2376 2386 2387
f 2383 2382 2391
f 2383 2391 2392
f 2380 2379 2388
f 2380 2388 2389
f 2377 2376 2387
f 2377 2387 2129
f 2384 2383 2392
f 2384 2392 2393
f 2381 2380 2389
f 2381 2389 2390
f 2378 2377 2129
f 2378 2129 2130
f 2385 2384 2393
f 2385 2393 2394
f 2375 2263 2386
f 2382 2381 2390
f 2382 2390 2391
f 2379 2378 2130
f 2379 2130 2388
f 2297 2385 2394
f 2395 2653 2398
f 2395 2398 2399
f 2659 2658 2405
f 2659 2405 2406
f 2656 2655 2402
f 2656 2402 2403
f 2396 2395 2399
f 2396 2399 2400
f 2660 2659 2406
f 2660 2406 2407
f 2652 2529 2397
f 2657 2656 2403
f 2657 2403 2404
f 2654 2396 2400
f 2654 2400 2401
f 2563 2660 2407
f 2653 2652 2397
f 2653 2397 2398
f 2658 2657 2404
f 2658 2404 2405
f 2655 2654 2401
f 2655 2401 2402
f 2404 2403 2414
f 2404 2414 2415
f 2401 2400 2411
f 2401 2411 2412
f 2563 2407 2418
f 2398 2397 2408
f 2398 2408 2409
f 2405 2404 2415
f 2405 2415 2416
f 2402 2401 2412
f 2402 2412 2413
f 2399 2398 2409
f 2399 2409 2410
f 2406 2405 2416
f 2406 2416 2417
f 2403 2402 2413
f 2403 2413 2414
f 2400 2399 2410
f 2400 2410 2411
f 2407 2406 2417
f 2407 2417 2418
f 2397 2529 2408
f 2414 2413 2424
f 2414 2424 2425
f 2411 2410 2421
f 2411 2421 2422
f 2418 2417 2428
f 2418 2428 2429
f 2408 2529 2419
f 2415 2414 2425
f 2415 2425 2426
f 2412 2411 2422
f 2412 2422 2423
f 2563 2418 2429
f 2409 2408 2419
f 2409 2419 2420
f 2416 2415 2426
f 2416 2426 2427
f 2413 2412 2423
f 2413 2423 2424
f 2410 2409 2420
f 2410 2420 2421
f 2417 2416 2427
f 2417 2427 2428
f 2427 2426 2437
f 2427 2437 2438
f 2424 2423 2434
f 2424 2434 2435
f 2421 2420 2431
f 2421 2431 2432
f 2428 2427 2438
f 2428 2438 2439
f 2425 2424 2435
f 2425 2435 2436
f 2422 2421 2432
f 2422 2432 2433
f 2429 2428 2439
f 2429 2439 2440
f 2419 2529 2430
f 2426 2425 2436
f 2426 2436 2437
f 2423 2422 2433
f 2423 2433 2434
f 2563 2429 2440
f 2420 2419 2430
f 2420 2430 2431
f 2430 2529 2441
f 2437 2436 2447
f 2437 2447 2448
f 2434 2433 2444
f 2434 2444 2445
f 2563 2440 2451
f 2431 2430 2441
f 2431 2441 2442
f 2438 2437 2448
f 2438 2448 2449
f 2435 2434 2445
f 2435 2445 2446
f 2432 2431 2442
f 2432 2442 2443
f 2439 2438 2449
f 2439 2449 2450
f 2436 2435 2446
f 2436 2446 2447
f 2433 2432 2443
f 2433 2443 2444
f 2440 2439 2450
f 2440 2450 2451
f 2450 2449 2460
f 2450 2460 2461
f 2447 2446 2457
f 2447 2457 2458
f 2444 2443 2454
f 2444 2454 2455
f 2451 2450 2461
f 2451 2461 2462
f 2441 2529 2452
f 2448 2447 2458
f 2448 2458 2459
f 2445 2444 2455
f 2445 2455 2456
f 2563 2451 2462
f 2442 2441 2452
f 2442 2452 2453
f 2449 2448 2459
f 2449 2459 2460
f 2446 2445 2456
f 2446 2456 2457
f 2443 2442 2453
f 2443 2453 2454
f 2453 2452 2463
f 2453 2463 2464
f 2460 2459 2470
f 2460 2470 2471
f 2457 2456 2467
f 2457 2467 2468
f 2454 2453 2464
f 2454 2464 2465
f 2461 2460 2471
f 2461 2471 2472
f 2458 2457 2468
f 2458 2468 2469
f 2455 2454 2465
f 2455 2465 2466
f 2462 2461 2472
f 2462 2472 2473
f 2452 2529 2463
f 2459 2458 2469
f 2459 2469 2470
f 2456 2455 2466
f 2456 2466 2467
f 2563 2462 2473
f 2473 2472 2483
f 2473 2483 2484
f 2463 2529 2474
f 2470 2469 2480
f 2470 2480 2481
f 2467 2466 2477
f 2467 2477 2478
f 2563 2473 2484
f 2464 2463 2474
f 2464 2474 2475
f 2471 2470 2481
f 2471 2481 2482
f 2468 2467 2478
f 2468 2478 2479
f 2465 2464 2475
f 2465 2475 2476
f 2472 2471 2482
f 2472 2482 2483
f 2469 2468 2479
f 2469 2479 2480
f 2466 2465 2476
f 2466 2476 2477
f 2476 2475 2486
f 2476 2486 2487
f 2483 2482 2493
f 2483 2493 2494
f 2480 2479 2490
f 2480 2490 2491
f 2477 2476 2487
f 2477 2487 2488
f 2484 2483 2494
f 2484 2494 2495
f 2474 2529 2485
f 2481 2480 2491
f 2481 2491 2492
f 2478 2477 2488
f 2478 2488 2489
f 2563 2484 2495
f 2475 2474 2485
f 2475 2485 2486
f 2482 2481 2492
f 2482 2492 2493
f 2479 2478 2489
f 2479 2489 2490
f 2563 2495 2506
f 2486 2485 2496
f 2486 2496 2497
f 2493 2492 2503
f 2493 2503 2504
f 2490 2489 2500
f 2490 2500 2501
f 2487 2486 2497
f 2487 2497 2498
f 2494 2493 2504
f 2494 2504 2505
f 2491 2490 2501
f 2491 2501 2502
f 2488 2487 2498
f 2488 2498 2499
f 2495 2494 2505
f 2495 2505 2506
f 2485 2529 2496
f 2492 2491 2502
f 2492 2502 2503
f 2489 2488 2499
f 2489 2499 2500
f 2499 2498 2509
f 2499 2509 2510
f 2506 2505 2516
f 2506 2516 2517
f 2496 2529 2507
f 2503 2502 2513
f 2503 2513 2514
f 2500 2499 2510
f 2500 2510 2511
f 2563 2506 2517
f 2497 2496 2507
f 2497 2507 2508
f 2504 2503 2514
f 2504 2514 2515
f 2501 2500 2511
f 2501 2511 2512
f 2498 2497 2508
f 2498 2508 2509
f 2505 2504 2515
f 2505 2515 2516
f 2502 2501 2512
f 2502 2512 2513
f 2509 2508 2519
f 2509 2519 2520
f 2516 2515 2526
f 2516 2526 2527
f 2513 2512 2523
f 2513 2523 2524
f 2510 2509 2520
f 2510 2520 2521
f 2517 2516 2527
f 2517 2527 2528
f 2507 2529 2518
f 2514 2513 2524
f 2514 2524 2525
f 2511 2510 2521
f 2511 2521 2522
f 2563 2517 2528
f 2508 2507 2518
f 2508 2518 2519
f 2515 2514 2525
f 2515 2525 2526
f 2512 2511 2522
f 2512 2522 2523
f 2522 2521 2533
f 2522 2533 2534
f 2563 2528 2540
f 2519 2518 2530
f 2519 2530 2531
f 2526 2525 2537
f 2526 2537 2538
f 2523 2522 2534
f 2523 2534 2535
f 2520 2519 2531
f 2520 2531 2532
f 2527 2526 2538
f 2527 2538 2539
f 2524 2523 2535
f 2524 2535 2536
f 2521 2520 2532
f 2521 2532 2533
f 2528 2527 2539
f 2528 2539 2540
f 2518 2529 2530
f 2525 2524 2536
f 2525 2536 2537
f 2533 2532 2543
f 2533 2543 2544
f 2540 2539 2550
f 2540 2550 2551
f 2530 2529 2541
f 2537 2536 2547
f 2537 2547 2548
f 2534 2533 2544
f 2534 2544 2545
f 2563 2540 2551
f 2531 2530 2541
f 2531 2541 2542
f 2538 2537 2548
f 2538 2548 2549
f 2535 2534 2545
f 2535 2545 2546
f 2532 2531 2542
f 2532 2542 2543
f 2539 2538 2549
f 2539 2549 2550
f 2536 2535 2546
f 2536 2546 2547
f 2546 2545 2556
f 2546 2556 2557
f 2543 2542 2553
f 2543 2553 2554
f 2550 2549 2560
f 2550 2560 2561
f 2547 2546 2557
f 2547 2557 2558
f 2544 2543 2554
f 2544 2554 2555
f 2551 2550 2561
f 2551 2561 2562
f 2541 2529 2552
f 2548 2547 2558
f 2548 2558 2559
f 2545 2544 2555
f 2545 2555 2556
f 2563 2551 2562
f 2542 2541 2552
f 2542 2552 2553
f 2549 2548 2559
f 2549 2559 2560
f 2556 2555 2567
f 2556 2567 2568
f 2563 2562 2574
f 2553 2552 2564
f 2553 2564 2565
f 2560 2559 2571
f 2560 2571 2572
f 2557 2556 2568
f 2557 2568 2569
f 2554 2553 2565
f 2554 2565 2566
f 2561 2560 2572
f 2561 2572 2573
f 2558 2557 2569
f 2558 2569 2570
f 2555 2554 2566
f 2555 2566 2567
f 2562 2561 2573
f 2562 2573 2574
f 2552 2529 2564
f 2559 2558 2570
f 2559 2570 2571
f 2570 2569 2580
f 2570 2580 2581
f 2567 2566 2577
f 2567 2577 2578
f 2574 2573 2584
f 2574 2584 2585
f 2564 2529 2575
f 2571 2570 2581
f 2571 2581 2582
f 2568 2567 2578
f 2568 2578 2579
f 2563 2574 2585
f 2565 2564 2575
f 2565 2575 2576
f 2572 2571 2582
f 2572 2582 2583
f 2569 2568 2579
f 2569 2579 2580
f 2566 2565 2576
f 2566 2576 2577
f 2573 2572 2583
f 2573 2583 2584
f 2580 2579 2590
f 2580 2590 2591
f 2577 2576 2587
f 2577 2587 2588
f 2584 2583 2594
f 2584 2594 2595
f 2581 2580 2591
f 2581 2591 2592
f 2578 2577 2588
f 2578 2588 2589
f 2585 2584 2595
f 2585 2595 2596
f 2575 2529 2586
f 2582 2581 2592
f 2582 2592 2593
f 2579 2578 2589
f 2579 2589 2590
f 2563 2585 2596
f 2576 2575 2586
f 2576 2586 2587
f 2583 2582 2593
f 2583 2593 2594
f 2593 2592 2603
f 2593 2603 2604
f 2590 2589 2600
f 2590 2600 2601
f 2563 2596 2607
f 2587 2586 2597
f 2587 2597 2598
f 2594 2593 2604
f 2594 2604 2605
f 2591 2590 2601
f 2591 2601 2602
f 2588 2587 2598
f 2588 2598 2599
f 2595 2594 2605
f 2595 2605 2606
f 2592 2591 2602
f 2592 2602 2603
f 2589 2588 2599
f 2589 2599 2600
f 2596 2595 2606
f 2596 2606 2607
f 2586 2529 2597
f 2603 2602 2613
f 2603 2613 2614
f 2600 2599 2610
f 2600 2610 2611
f 2607 2606 2617
f 2607 2617 2618
f 2597 2529 2608
f 2604 2603 2614
f 2604 2614 2615
f 2601 2600 2611
f 2601 2611 2612
f 2563 2607 2618
f 2598 2597 2608
f 2598 2608 2609
f 2605 2604 2615
f 2605 2615 2616
f 2602 2601 2612
f 2602 2612 2613
f 2599 2598 2609
f 2599 2609 2610
f 2606 2605 2616
f 2606 2616 2617
f 2616 2615 2626
f 2616 2626 2627
f 2613 2612 2623
f 2613 2623 2624
f 2610 2609 2620
f 2610 2620 2621
f 2617 2616 2627
f 2617 2627 2628
f 2614 2613 2624
f 2614 2624 2625
f 2611 2610 2621
f 2611 2621 2622
f 2618 2617 2628
f 2618 2628 2629
f 2608 2529 2619
f 2615 2614 2625
f 2615 2625 2626
f 2612 2611 2622
f 2612 2622 2623
f 2563 2618 2629
f 2609 2608 2619
f 2609 2619 2620
f 2619 2529 2630
f 2626 2625 2636
f 2626 2636 2637
f 2623 2622 2633
f 2623 2633 2634
f 2563 2629 2640
f 2620 2619 2630
f 2620 2630 2631
f 2627 2626 2637
f 2627 2637 2638
f 2624 2623 2634
f 2624 2634 2635
f 2621 2620 2631
f 2621 2631 2632
f 2628 2627 2638
f 2628 2638 2639
f 2625 2624 2635
f 2625 2635 2636
f 2622 2621 2632
f 2622 2632 2633
f 2629 2628 2639
f 2629 2639 2640
f 2639 2638 2649
f 2639 2649 2650
f 2636 2635 2646
f 2636 2646 2647
f 2633 2632 2643
f 2633 2643 2644
f 2640 2639 2650
f 2640 2650 2651
f 2630 2529 2641
f 2637 2636 2647
f 2637 2647 2648
f 2634 2633 2644
f 2634 2644 2645
f 2563 2640 2651
f 2631 2630 2641
f 2631 2641 2642
f 2638 2637 2648
f 2638 2648 2649
f 2635 2634 2645
f 2635 2645 2646
f 2632 2631 2642
f 2632 2642 2643
f 2642 2641 2652
f 2642 2652 2653
f 2649 2648 2657
f 2649 2657 2658
f 2646 2645 2654
f 2646 2654 2655
f 2643 2642 2653
f 2643 2653 2395
f 2650 2649 2658
f 2650 2658 2659
f 2647 2646 2655
f 2647 2655 2656
f 2644 2643 2395
f 2644 2395 2396
f 2651 2650 2659
f 2651 2659 2660
f 2641 2529 2652
f 2648 2647 2656
f 2648 2656 2657
f 2645 2644 2396
f 2645 2396 2654
f 2563 2651 2660
f 2662 2661 2665
f 2662 2665 2666
f 2926 2925 2672
f 2926 2672 2673
f 2918 2795 2663
f 2923 2922 2669
f 2923 2669 2670
f 2920 2662 2666
f 2920 2666 2667
f 2829 2926 2673
f 2919 2918 2663
f 2919 2663 2664
f 2924 2923 2670
f 2924 2670 2671
f 2921 2920 2667
f 2921 2667 2668
f 2661 2919 2664
f 2661 2664 2665
f 2925 2924 2671
f 2925 2671 2672
f 2922 2921 2668
f 2922 2668 2669
f 2671 2670 2681
f 2671 2681 2682
f 2668 2667 2678
f 2668 2678 2679
f 2665 2664 2675
f 2665 2675 2676
f 2672 2671 2682
f 2672 2682 2683
f 2669 2668 2679
f 2669 2679 2680
f 2666 2665 2676
f 2666 2676 2677
f 2673 2672 2683
f 2673 2683 2684
f 2663 2795 2674
f 2670 2669 2680
f 2670 2680 2681
f 2667 2666 2677
f 2667 2677 2678
f 2829 2673 2684
f 2664 2663 2674
f 2664 2674 2675
f 2674 2795 2685
f 2681 2680 2691
f 2681 2691 2692
f 2678 2677 2688
f 2678 2688 2689
f 2829 2684 2695
f 2675 2674 2685
f 2675 2685 2686
f 2682 2681 2692
f 2682 2692 2693
f 2679 2678 2689
f 2679 2689 2690
f 2676 2675 2686
f 2676 2686 2687
f 2683 2682 2693
f 2683 2693 2694
f 2680 2679 2690
f 2680 2690 2691
f 2677 2676 2687
f 2677 2687 2688
f 2684 2683 2694
f 2684 2694 2695
f 2694 2693 2704
f 2694 2704 2705
f 2691 2690 2701
f 2691 2701 2702
f 2688 2687 2698
f 2688 2698 2699
f 2695 2694 2705
f 2695 2705 2706
f 2685 2795 2696
f 2692 2691 2702
f 2692 2702 2703
f 2689 2688 2699
f 2689 2699 2700
f 2829 2695 2706
f 2686 2685 2696
f 2686 2696 2697
f 2693 2692 2703
f 2693 2703 2704
f 2690 2689 2700
f 2690 2700 2701
f 2687 2686 2697
f 2687 2697 2698
f 2697 2696 2707
f 2697 2707 2708
f 2704 2703 2714
f 2704 2714 2715
f 2701 2700 2711
f 2701 2711 2712
f 2698 2697 2708
f 2698 2708 2709
f 2705 2704 2715
f 2705 2715 2716
f 2702 2701 2712
f 2702 2712 2713
f 2699 2698 2709
f 2699 2709 2710
f 2706 2705 2716
f 2706 2716 2717
f 2696 2795 2707
f 2703 2702 2713
f 2703 2713 2714
f 2700 2699 2710
f 2700 2710 2711
f 2829 2706 2717
f 2717 2716 2727
f 2717 2727 2728
f 2707 2795 2718
f 2714 2713 2724
f 2714 2724 2725
f 2711 2710 2721
f 2711 2721 2722
f 2829 2717 2728
f 2708 2707 2718
f 2708 2718 2719
f 2715 2714 2725
f 2715 2725 2726
f 2712 2711 2722
f 2712 2722 2723
f 2709 2708 2719
f 2709 2719 2720
f 2716 2715 2726
f 2716 2726 2727
f 2713 2712 2723
f 2713 2723 2724
f 2710 2709 2720
f 2710 2720 2721
f 2720 2719 2730
f 2720 2730 2731
f 2727 2726 2737
f 2727 2737 2738
f 2724 2723 2734
f 2724 2734 2735
f 2721 2720 2731
f 2721 2731 2732
f 2728 2727 2738
f 2728 2738 2739
f 2718 2795 2729
f 2725 2724 2735
f 2725 2735 2736
f 2722 2721 2732
f 2722 2732 2733
f 2829 2728 2739
f 2719 2718 2729
f 2719 2729 2730
f 2726 2725 2736
f 2726 2736 2737
f 2723 2722 2733
f 2723 2733 2734
f 2829 2739 2750
f 2730 2729 2740
f 2730 2740 2741
f 2737 2736 2747
f 2737 2747 2748
f 2734 2733 2744
f 2734 2744 2745
f 2731 2730 2741
f 2731 2741 2742
f 2738 2737 2748
f 2738 2748 2749
f 2735 2734 2745
f 2735 2745 2746
f 2732 2731 2742
f 2732 2742 2743
f 2739 2738 2749
f 2739 2749 2750
f 2729 2795 2740
f 2736 2735 2746
f 2736 2746 2747
f 2733 2732 2743
f 2733 2743 2744
f 2743 2742 2753
f 2743 2753 2754
f 2750 2749 2760
f 2750 2760 2761
f 2740 2795 2751
f 2747 2746 2757
f 2747 2757 2758
f 2744 2743 2754
f 2744 2754 2755
f 2829 2750 2761
f 2741 2740 2751
f 2741 2751 2752
f 2748 2747 2758
f 2748 2758 2759
f 2745 2744 2755
f 2745 2755 2756
f 2742 2741 2752
f 2742 2752 2753
f 2749 2748 2759
f 2749 2759 2760
f 2746 2745 2756
f 2746 2756 2757
f 2753 2752 2763
f 2753 2763 2764
f 2760 2759 2770
f 2760 2770 2771
f 2757 2756 2767
f 2757 2767 2768
f 2754 2753 2764
f 2754 2764 2765
f 2761 2760 2771
f 2761 2771 2772
f 2751 2795 2762
f 2758 2757 2768
f 2758 2768 2769
f 2755 2754 2765
f 2755 2765 2766
f 2829 2761 2772
f 2752 2751 2762
f 2752 2762 2763
f 2759 2758 2769
f 2759 2769 2770
f 2756 2755 2766
f 2756 2766 2767
f 2766 2765 2776
f 2766 2776 2777
f 2829 2772 2783
f 2763 2762 2773
f 2763 2773 2774
f 2770 2769 2780
f 2770 2780 2781
f 2767 2766 2777
f 2767 2777 2778
f 2764 2763 2774
f 2764 2774 2775
f 2771 2770 2781
f 2771 2781 2782
f 2768 2767 2778
f 2768 2778 2779
f 2765 2764 2775
f 2765 2775 2776
f 2772 2771 2782
f 2772 2782 2783
f 2762 2795 2773
f 2769 2768 2779
f 2769 2779 2780
f 2776 2775 2786
f 2776 2786 2787
f 2783 2782 2793
f 2783 2793 2794
f 2773 2795 2784
f 2780 2779 2790
f 2780 2790 2791
f 2777 2776 2787
f 2777 2787 2788
f 2829 2783 2794
f 2774 2773 2784
f 2774 2784 2785
f 2781 2780 2791
f 2781 2791 2792
f 2778 2777 2788
f 2778 2788 2789
f 2775 2774 2785
f 2775 2785 2786
f 2782 2781 2792
f 2782 2792 2793
f 2779 2778 2789
f 2779 2789 2790
f 2789 2788 2800
f 2789 2800 2801
f 2786 2785 2797
f 2786 2797 2798
f 2793 2792 2804
f 2793 2804 2805
f 2790 2789 2801
f 2790 2801 2802
f 2787 2786 2798
f 2787 2798 2799
f 2794 2793 2805
f 2794 2805 2806
f 2784 2795 2796
f 2791 2790 2802
f 2791 2802 2803
f 2788 2787 2799
f 2788 2799 2800
f 2829 2794 2806
f 2785 2784 2796
f 2785 2796 2797
f 2792 2791 2803
f 2792 2803 2804
f 2800 2799 2810
f 2800 2810 2811
f 2829 2806 2817
f 2797 2796 2807
f 2797 2807 2808
f 2804 2803 2814
f 2804 2814 2815
f 2801 2800 2811
f 2801 2811 2812
f 2798 2797 2808
f 2798 2808 2809
f 2805 2804 2815
f 2805 2815 2816
f 2802 2801 2812
f 2802 2812 2813
f 2799 2798 2809
f 2799 2809 2810
f 2806 2805 2816
f 2806 2816 2817
f 2796 2795 2807
f 2803 2802 2813
f 2803 2813 2814
f 2813 2812 2823
f 2813 2823 2824
f 2810 2809 2820
f 2810 2820 2821
f 2817 2816 2827
f 2817 2827 2828
f 2807 2795 2818
f 2814 2813 2824
f 2814 2824 2825
f 2811 2810 2821
f 2811 2821 2822
f 2829 2817 2828
f 2808 2807 2818
f 2808 2818 2819
f 2815 2814 2825
f 2815 2825 2826
f 2812 2811 2822
f 2812 2822 2823
f 2809 2808 2819
f 2809 2819 2820
f 2816 2815 2826
f 2816 2826 2827
f 2823 2822 2834
f 2823 2834 2835
f 2820 2819 2831
f 2820 2831 2832
f 2827 2826 2838
f 2827 2838 2839
f 2824 2823 2835
f 2824 2835 2836
f 2821 2820 2832
f 2821 2832 2833
f 2828 2827 2839
f 2828 2839 2840
f 2818 2795 2830
f 2825 2824 2836
f 2825 2836 2837
f 2822 2821 2833
f 2822 2833 2834
f 2829 2828 2840
f 2819 2818 2830
f 2819 2830 2831
f 2826 2825 2837
f 2826 2837 2838
f 2837 2836 2847
f 2837 2847 2848
f 2834 2833 2844
f 2834 2844 2845
f 2829 2840 2851
f 2831 2830 2841
f 2831 2841 2842
f 2838 2837 2848
f 2838 2848 2849
f 2835 2834 2845
f 2835 2845 2846
f 2832 2831 2842
f 2832 2842 2843
f 2839 2838 2849
f 2839 2849 2850
f 2836 2835 2846
f 2836 2846 2847
f 2833 2832 2843
f 2833 2843 2844
f 2840 2839 2850
f 2840 2850 2851
f 2830 2795 2841
f 2847 2846 2857
f 2847 2857 2858
f 2844 2843 2854
f 2844 2854 2855
f 2851 2850 2861
f 2851 2861 2862
f 2841 2795 2852
f 2848 2847 2858
f 2848 2858 2859
f 2845 2844 2855
f 2845 2855 2856
f 2829 2851 2862
f 2842 2841 2852
f 2842 2852 2853
f 2849 2848 2859
f 2849 2859 2860
f 2846 2845 2856
f 2846 2856 2857
f 2843 2842 2853
f 2843 2853 2854
f 2850 2849 2860
f 2850 2860 2861
f 2860 2859 2870
f 2860 2870 2871
f 2857 2856 2867
f 2857 2867 2868
f 2854 2853 2864
f 2854 2864 2865
f 2861 2860 2871
f 2861 2871 2872
f 2858 2857 2868
f 2858 2868 2869
f 2855 2854 2865
f 2855 2865 2866
f 2862 2861 2872
f 2862 2872 2873
f 2852 2795 2863
f 2859 2858 2869
f 2859 2869 2870
f 2856 2855 2866
f 2856 2866 2867
f 2829 2862 2873
f 2853 2852 2863
f 2853 2863 2864
f 2863 2795 2874
f 2870 2869 2880
f 2870 2880 2881
f 2867 2866 2877
f 2867 2877 2878
f 2829 2873 2884
f 2864 2863 2874
f 2864 2874 2875
f 2871 2870 2881
f 2871 2881 2882
f 2868 2867 2878
f 2868 2878 2879
f 2865 2864 2875
f 2865 2875 2876
f 2872 2871 2882
f 2872 2882 2883
f 2869 2868 2879
f 2869 2879 2880
f 2866 2865 2876
f 2866 2876 2877
f 2873 2872 2883
f 2873 2883 2884
f 2883 2882 2893
f 2883 2893 2894
f 2880 2879 2890
f 2880 2890 2891
f 2877 2876 2887
f 2877 2887 2888
f 2884 2883 2894
f 2884 2894 2895
f 2874 2795 2885
f 2881 2880 2891
f 2881 2891 2892
f 2878 2877 2888
f 2878 2888 2889
f 2829 2884 2895
f 2875 2874 2885
f 2875 2885 2886
f 2882 2881 2892
f 2882 2892 2893
f 2879 2878 2889
f 2879 2889 2890
f 2876 2875 2886
f 2876 2886 2887
f 2886 2885 2896
f 2886 2896 2897
f 2893 2892 2903
f 2893 2903 2904
f 2890 2889 2900
f 2890 2900 2901
f 2887 2886 2897
f 2887 2897 2898
f 2894 2893 2904
f 2894 2904 2905
f 2891 2890 2901
f 2891 2901 2902
f 2888 2887 2898
f 2888 2898 2899
f 2895 2894 2905
f 2895 2905 2906
f 2885 2795 2896
f 2892 2891 2902
f 2892 2902 2903
f 2889 2888 2899
f 2889 2899 2900
f 2829 2895 2906
f 2906 2905 2916
f 2906 2916 2917
f 2896 2795 2907
f 2903 2902 2913
f 2903 2913 2914
f 2900 2899 2910
f 2900 2910 2911
f 2829 2906 2917
f 2897 2896 2907
f 2897 2907 2908
f 2904 2903 2914
f 2904 2914 2915
f 2901 2900 2911
f 2901 2911 2912
f 2898 2897 2908
f 2898 2908 2909
f 2905 2904 2915
f 2905 2915 2916
f 2902 2901 2912
f 2902 2912 2913
f 2899 2898 2909
f 2899 2909 2910
f 2909 2908 2919
f 2909 2919 2661
f 2916 2915 2924
f 2916 2924 2925
f 2913 2912 2921
f 2913 2921 2922
f 2910 2909 2661
f 2910 2661 2662
f 2917 2916 2925
f 2917 2925 2926
f 2907 2795 2918
f 2914 2913 2922
f 2914 2922 2923
f 2911 2910 2662
f 2911 2662 2920
f 2829 2917 2926
f 2908 2907 2918
f 2908 2918 2919
f 2915 2914 2923
f 2915 2923 2924
f 2912 2911 2920
f 2912 2920 2921
f 3189 3188 2935
f 3189 2935 2936
f 3186 2928 2932
f 3186 2932 2933
f 3095 3192 2939
f 3185 3184 2929
f 3185 2929 2930
f 3190 3189 2936
f 3190 2936 2937
f 3187 3186 2933
f 3187 2933 2934
f 2927 3185 2930
f 2927 2930 2931
f 3191 3190 2937
f 3191 2937 2938
f 3188 3187 2934
f 3188 2934 2935
f 2928 2927 2931
f 2928 2931 2932
f 3192 3191 2938
f 3192 2938 2939
f 3184 3061 2929
f 2931 2930 2941
f 2931 2941 2942
f 2938 2937 2948
f 2938 2948 2949
f 2935 2934 2945
f 2935 2945 2946
f 2932 2931 2942
f 2932 2942 2943
f 2939 2938 2949
f 2939 2949 2950
f 2929 3061 2940
f 2936 2935 2946
f 2936 2946 2947
f 2933 2932 2943
f 2933 2943 2944
f 3095 2939 2950
f 2930 2929 2940
f 2930 2940 2941
f 2937 2936 2947
f 2937 2947 2948
f 2934 2933 2944
f 2934 2944 2945
f 2944 2943 2954
f 2944 2954 2955
f 3095 2950 2961
f 2941 2940 2951
f 2941 2951 2952
f 2948 2947 2958
f 2948 2958 2959
f 2945 2944 2955
f 2945 2955 2956
f 2942 2941 2952
f 2942 2952 2953
f 2949 2948 2959
f 2949 2959 2960
f 2946 2945 2956
f 2946 2956 2957
f 2943 2942 2953
f 2943 2953 2954
f 2950 2949 2960
f 2950 2960 2961
f 2940 3061 2951
f 2947 2946 2957
f 2947 2957 2958
f 2954 2953 2964
f 2954 2964 2965
f 2961 2960 2971
f 2961 2971 2972
f 2951 3061 2962
f 2958 2957 2968
f 2958 2968 2969
f 2955 2954 2965
f 2955 2965 2966
f 3095 2961 2972
f 2952 2951 2962
f 2952 2962 2963
f 2959 2958 2969
f 2959 2969 2970
f 2956 2955 2966
f 2956 2966 2967
f 2953 2952 2963
f 2953 2963 2964
f 2960 2959 2970
f 2960 2970 2971
f 2957 2956 2967
f 2957 2967 2968
f 2967 2966 2977
f 2967 2977 2978
f 2964 2963 2974
f 2964 2974 2975
f 2971 2970 2981
f 2971 2981 2982
f 2968 2967 2978
f 2968 2978 2979
f 2965 2964 2975
f 2965 2975 2976
f 2972 2971 2982
f 2972 2982 2983
f 2962 3061 2973
f 2969 2968 2979
f 2969 2979 2980
f 2966 2965 2976
f 2966 2976 2977
f 3095 2972 2983
f 2963 2962 2973
f 2963 2973 2974
f 2970 2969 2980
f 2970 2980 2981
f 2977 2976 2987
f 2977 2987 2988
f 3095 2983 2994
f 2974 2973 2984
f 2974 2984 2985
f 2981 2980 2991
f 2981 2991 2992
f 2978 2977 2988
f 2978 2988 2989
f 2975 2974 2985
f 2975 2985 2986
f 2982 2981 2992
f 2982 2992 2993
f 2979 2978 2989
f 2979 2989 2990
f 2976 2975 2986
f 2976 2986 2987
f 2983 2982 2993
f 2983 2993 2994
f 2973 3061 2984
f 2980 2979 2990
f 2980 2990 2991
f 2990 2989 3000
f 2990 3000 3001
f 2987 2986 2997
f 2987 2997 2998
f 2994 2993 3004
f 2994 3004 3005
f 2984 3061 2995
f 2991 2990 3001
f 2991 3001 3002
f 2988 2987 2998
f 2988 2998 2999
f 3095 2994 3005
f 2985 2984 2995
f 2985 2995 2996
f 2992 2991 3002
f 2992 3002 3003
f 2989 2988 2999
f 2989 2999 3000
f 2986 2985 2996
f 2986 2996 2997
f 2993 2992 3003
f 2993 3003 3004
f 3000 2999 3010
f 3000 3010 3011
f 2997 2996 3007
f 2997 3007 3008
f 3004 3003 3014
f 3004 3014 3015
f 3001 3000 3011
f 3001 3011 3012
f 2998 2997 3008
f 2998 3008 3009
f 3005 3004 3015
f 3005 3015 3016
f 2995 3061 3006
f 3002 3001 3012
f 3002 3012 3013
f 2999 2998 3009
f 2999 3009 3010
f 3095 3005 3016
f 2996 2995 3006
f 2996 3006 3007
f 3003 3002 3013
f 3003 3013 3014
f 3013 3012 3023
f 3013 3023 3024
f 3010 3009 3020
f 3010 3020 3021
f 3095 3016 3027
f 3007 3006 3017
f 3007 3017 3018
f 3014 3013 3024
f 3014 3024 3025
f 3011 3010 3021
f 3011 3021 3022
f 3008 3007 3018
f 3008 3018 3019
f 3015 3014 3025
f 3015 3025 3026
f 3012 3011 3022
f 3012 3022 3023
f 3009 3008 3019
f 3009 3019 3020
f 3016 3015 3026
f 3016 3026 3027
f 3006 3061 3017
f 3023 3022 3033
f 3023 3033 3034
f 3020 3019 3030
f 3020 3030 3031
f 3027 3026 3037
f 3027 3037 3038
f 3017 3061 3028
f 3024 3023 3034
f 3024 3034 3035
f 3021 3020 3031
f 3021 3031 3032
f 3095 3027 3038
f 3018 3017 3028
f 3018 3028 3029
f 3025 3024 3035
f 3025 3035 3036
f 3022 3021 3032
f 3022 3032 3033
f 3019 3018 3029
f 3019 3029 3030
f 3026 3025 3036
f 3026 3036 3037
f 3036 3035 3046
f 3036 3046 3047
f 3033 3032 3043
f 3033 3043 3044
f 3030 3029 3040
f 3030 3040 3041
f 3037 3036 3047
f 3037 3047 3048
f 3034 3033 3044
f 3034 3044 3045
f 3031 3030 3041
f 3031 3041 3042
f 3038 3037 3048
f 3038 3048 3049
f 3028 3061 3039
f 3035 3034 3045
f 3035 3045 3046
f 3032 3031 3042
f 3032 3042 3043
f 3095 3038 3049
f 3029 3028 3039
f 3029 3039 3040
f 3039 3061 3050
f 3046 3045 3056
f 3046 3056 3057
f 3043 3042 3053
f 3043 3053 3054
f 3095 3049 3060
f 3040 3039 3050
f 3040 3050 3051
f 3047 3046 3057
f 3047 3057 3058
f 3044 3043 3054
f 3044 3054 3055
f 3041 3040 3051
f 3041 3051 3052
f 3048 3047 3058
f 3048 3058 3059
f 3045 3044 3055
f 3045 3055 3056
f 3042 3041 3052
f 3042 3052 3053
f 3049 3048 3059
f 3049 3059 3060
f 3059 3058 3070
f 3059 3070 3071
f 3056 3055 3067
f 3056 3067 3068
f 3053 3052 3064
f 3053 3064 3065
f 3060 3059 3071
f 3060 3071 3072
f 3050 3061 3062
f 3057 3056 3068
f 3057 3068 3069
f 3054 3053 3065
f 3054 3065 3066
f 3095 3060 3072
f 3051 3050 3062
f 3051 3062 3063
f 3058 3057 3069
f 3058 3069 3070
f 3055 3054 3066
f 3055 3066 3067
f 3052 3051 3063
f 3052 3063 3064
f 3063 3062 3073
f 3063 3073 3074
f 3070 3069 3080
f 3070 3080 3081
f 3067 3066 3077
f 3067 3077 3078
f 3064 3063 3074
f 3064 3074 3075
f 3071 3070 3081
f 3071 3081 3082
f 3068 3067 3078
f 3068 3078 3079
f 3065 3064 3075
f 3065 3075 3076
f 3072 3071 3082
f 3072 3082 3083
f 3062 3061 3073
f 3069 3068 3079
f 3069 3079 3080
f 3066 3065 3076
f 3066 3076 3077
f 3095 3072 3083
f 3083 3082 3093
f 3083 3093 3094
f 3073 3061 3084
f 3080 3079 3090
f 3080 3090 3091
f 3077 3076 3087
f 3077 3087 3088
f 3095 3083 3094
f 3074 3073 3084
f 3074 3084 3085
f 3081 3080 3091
f 3081 3091 3092
f 3078 3077 3088
f 3078 3088 3089
f 3075 3074 3085
f 3075 3085 3086
f 3082 3081 3092
f 3082 3092 3093
f 3079 3078 3089
f 3079 3089 3090
f 3076 3075 3086
f 3076 3086 3087
f 3086 3085 3097
f 3086 3097 3098
f 3093 3092 3104
f 3093 3104 3105
f 3090 3089 3101
f 3090 3101 3102
f 3087 3086 3098
f 3087 3098 3099
f 3094 3093 3105
f 3094 3105 3106
f 3084 3061 3096
f 3091 3090 3102
f 3091 3102 3103
f 3088 3087 3099
f 3088 3099 3100
f 3095 3094 3106
f 3085 3084 3096
f 3085 3096 3097
f 3092 3091 3103
f 3092 3103 3104
f 3089 3088 3100
f 3089 3100 3101
f 3095 3106 3117
f 3097 3096 3107
f 3097 3107 3108
f 3104 3103 3114
f 3104 3114 3115
f 3101 3100 3111
f 3101 3111 3112
f 3098 3097 3108
f 3098 3108 3109
f 3105 3104 3115
f 3105 3115 3116
f 3102 3101 3112
f 3102 3112 3113
f 3099 3098 3109
f 3099 3109 3110
f 3106 3105 3116
f 3106 3116 3117
f 3096 3061 3107
f 3103 3102 3113
f 3103 3113 3114
f 3100 3099 3110
f 3100 3110 3111
f 3110 3109 3120
f 3110 3120 3121
f 3117 3116 3127
f 3117 3127 3128
f 3107 3061 3118
f 3114 3113 3124
f 3114 3124 3125
f 3111 3110 3121
f 3111 3121 3122
f 3095 3117 3128
f 3108 3107 3118
f 3108 3118 3119
f 3115 3114 3125
f 3115 3125 3126
f 3112 3111 3122
f 3112 3122 3123
f 3109 3108 3119
f 3109 3119 3120
f 3116 3115 3126
f 3116 3126 3127
f 3113 3112 3123
f 3113 3123 3124
f 3120 3119 3130
f 3120 3130 3131
f 3127 3126 3137
f 3127 3137 3138
f 3124 3123 3134
f 3124 3134 3135
f 3121 3120 3131
f 3121 3131 3132
f 3128 3127 3138
f 3128 3138 3139
f 3118 3061 3129
f 3125 3124 3135
f 3125 3135 3136
f 3122 3121 3132
f 3122 3132 3133
f 3095 3128 3139
f 3119 3118 3129
f 3119 3129 3130
f 3126 3125 3136
f 3126 3136 3137
f 3123 3122 3133
f 3123 3133 3134
f 3133 3132 3143
f 3133 3143 3144
f 3095 3139 3150
f 3130 3129 3140
f 3130 3140 3141
f 3137 3136 3147
f 3137 3147 3148
f 3134 3133 3144
f 3134 3144 3145
f 3131 3130 3141
f 3131 3141 3142
f 3138 3137 3148
f 3138 3148 3149
f 3135 3134 3145
f 3135 3145 3146
f 3132 3131 3142
f 3132 3142 3143
f 3139 3138 3149
f 3139 3149 3150
f 3129 3061 3140
f 3136 3135 3146
f 3136 3146 3147
f 3143 3142 3153
f 3143 3153 3154
f 3150 3149 3160
f 3150 3160 3161
f 3140 3061 3151
f 3147 3146 3157
f 3147 3157 3158
f 3144 3143 3154
f 3144 3154 3155
f 3095 3150 3161
f 3141 3140 3151
f 3141 3151 3152
f 3148 3147 3158
f 3148 3158 3159
f 3145 3144 3155
f 3145 3155 3156
f 3142 3141 3152
f 3142 3152 3153
f 3149 3148 3159
f 3149 3159 3160
f 3146 3145 3156
f 3146 3156 3157
f 3156 3155 3166
f 3156 3166 3167
f 3153 3152 3163
f 3153 3163 3164
f 3160 3159 3170
f 3160 3170 3171
f 3157 3156 3167
f 3157 3167 3168
f 3154 3153 3164
f 3154 3164 3165
f 3161 3160 3171
f 3161 3171 3172
f 3151 3061 3162
f 3158 3157 3168
f 3158 3168 3169
f 3155 3154 3165
f 3155 3165 3166
f 3095 3161 3172
f 3152 3151 3162
f 3152 3162 3163
f 3159 3158 3169
f 3159 3169 3170
f 3166 3165 3176
f 3166 3176 3177
f 3095 3172 3183
f 3163 3162 3173
f 3163 3173 3174
f 3170 3169 3180
f 3170 3180 3181
f 3167 3166 3177
f 3167 3177 3178
f 3164 3163 3174
f 3164 3174 3175
f 3171 3170 3181
f 3171 3181 3182
f 3168 3167 3178
f 3168 3178 3179
f 3165 3164 3175
f 3165 3175 3176
f 3172 3171 3182
f 3172 3182 3183
f 3162 3061 3173
f 3169 3168 3179
f 3169 3179 3180
f 3179 3178 3187
f 3179 3187 3188
f 3176 3175 2927
f 3176 2927 2928
f 3183 3182 3191
f 3183 3191 3192
f 3173 3061 3184
f 3180 3179 3188
f 3180 3188 3189
f 3177 3176 2928
f 3177 2928 3186
f 3095 3183 3192
f 3174 3173 3184
f 3174 3184 3185
f 3181 3180 3189
f 3181 3189 3190
f 3178 3177 3186
f 3178 3186 3187
f 3175 3174 3185
f 3175 3185 2927
f 3182 3181 3190
f 3182 3190 3191
f 3194 3193 3197
f 3194 3197 3198
f 3458 3457 3204
f 3458 3204 3205
f 3450 3327 3195
f 3455 3454 3201
f 3455 3201 3202
f 3452 3194 3198
f 3452 3198 3199
f 3361 3458 3205
f 3451 3450 3195
f 3451 3195 3196
f 3456 3455 3202
f 3456 3202 3203
f 3453 3452 3199
f 3453 3199 3200
f 3193 3451 3196
f 3193 3196 3197
f 3457 3456 3203
f 3457 3203 3204
f 3454 3453 3200
f 3454 3200 3201
f 3203 3202 3213
f 3203 3213 3214
f 3200 3199 3210
f 3200 3210 3211
f 3197 3196 3207
f 3197 3207 3208
f 3204 3203 3214
f 3204 3214 3215
f 3201 3200 3211
f 3201 3211 3212
f 3198 3197 3208
f 3198 3208 3209
f 3205 3204 3215
f 3205 3215 3216
f 3195 3327 3206
f 3202 3201 3212
f 3202 3212 3213
f 3199 3198 3209
f 3199 3209 3210
f 3361 3205 3216
f 3196 3195 3206
f 3196 3206 3207
f 3206 3327 3217
f 3213 3212 3223
f 3213 3223 3224
f 3210 3209 3220
f 3210 3220 3221
f 3361 3216 3227
f 3207 3206 3217
f 3207 3217 3218
f 3214 3213 3224
f 3214 3224 3225
f 3211 3210 3221
f 3211 3221 3222
f 3208 3207 3218
f 3208 3218 3219
f 3215 3214 3225
f 3215 3225 3226
f 3212 3211 3222
f 3212 3222 3223
f 3209 3208 3219
f 3209 3219 3220
f 3216 3215 3226
f 3216 3226 3227
f 3226 3225 3236
f 3226 3236 3237
f 3223 3222 3233
f 3223 3233 3234
f 3220 3219 3230
f 3220 3230 3231
f 3227 3226 3237
f 3227 3237 3238
f 3217 3327 3228
f 3224 3223 3234
f 3224 3234 3235
f 3221 3220 3231
f 3221 3231 3232
f 3361 3227 3238
f 3218 3217 3228
f 3218 3228 3229
f 3225 3224 3235
f 3225 3235 3236
f 3222 3221 3232
f 3222 3232 3233
f 3219 3218 3229
f 3219 3229 3230
f 3229 3228 3239
f 3229 3239 3240
f 3236 3235 3246
f 3236 3246 3247
f 3233 3232 3243
f 3233 3243 3244
f 3230 3229 3240
f 3230 3240 3241
f 3237 3236 3247
f 3237 3247 3248
f 3234 3233 3244
f 3234 3244 3245
f 3231 3230 3241
f 3231 3241 3242
f 3238 3237 3248
f 3238 3248 3249
f 3228 3327 3239
f 3235 3234 3245
f 3235 3245 3246
f 3232 3231 3242
f 3232 3242 3243
f 3361 3238 3249
f 3249 3248 3259
f 3249 3259 3260
f 3239 3327 3250
f 3246 3245 3256
f 3246 3256 3257
f 3243 3242 3253
f 3243 3253 3254
f 3361 3249 3260
f 3240 3239 3250
f 3240 3250 3251
f 3247 3246 3257
f 3247 3257 3258
f 3244 3243 3254
f 3244 3254 3255
f 3241 3240 3251
f 3241 3251 3252
f 3248 3247 3258
f 3248 3258 3259
f 3245 3244 3255
f 3245 3255 3256
f 3242 3241 3252
f 3242 3252 3253
f 3252 3251 3262
f 3252 3262 3263
f 3259 3258 3269
f 3259 3269 3270
f 3256 3255 3266
f 3256 3266 3267
f 3253 3252 3263
f 3253 3263 3264
f 3260 3259 3270
f 3260 3270 3271
f 3250 3327 3261
f 3257 3256 3267
f 3257 3267 3268
f 3254 3253 3264
f 3254 3264 3265
f 3361 3260 3271
f 3251 3250 3261
f 3251 3261 3262
f 3258 3257 3268
f 3258 3268 3269
f 3255 3254 3265
f 3255 3265 3266
f 3361 3271 3282
f 3262 3261 3272
f 3262 3272 3273
f 3269 3268 3279
f 3269 3279 3280
f 3266 3265 3276
f 3266 3276 3277
f 3263 3262 3273
f 3263 3273 3274
f 3270 3269 3280
f 3270 3280 3281
f 3267 3266 3277
f 3267 3277 3278
f 3264 3263 3274
f 3264 3274 3275
f 3271 3270 3281
f 3271 3281 3282
f 3261 3327 3272
f 3268 3267 3278
f 3268 3278 3279
f 3265 3264 3275
f 3265 3275 3276
f 3275 3274 3285
f 3275 3285 3286
f 3282 3281 3292
f 3282 3292 3293
f 3272 3327 3283
f 3279 3278 3289
f 3279 3289 3290
f 3276 3275 3286
f 3276 3286 3287
f 3361 3282 3293
f 3273 3272 3283
f 3273 3283 3284
f 3280 3279 3290
f 3280 3290 3291
f 3277 3276 3287
f 3277 3287 3288
f 3274 3273 3284
f 3274 3284 3285
f 3281 3280 3291
f 3281 3291 3292
f 3278 3277 3288
f 3278 3288 3289
f 3285 3284 3295
f 3285 3295 3296
f 3292 3291 3302
f 3292 3302 3303
f 3289 3288 3299
f 3289 3299 3300
f 3286 3285 3296
f 3286 3296 3297
f 3293 3292 3303
f 3293 3303 3304
f 3283 3327 3294
f 3290 3289 3300
f 3290 3300 3301
f 3287 3286 3297
f 3287 3297 3298
f 3361 3293 3304
f 3284 3283 3294
f 3284 3294 3295
f 3291 3290 3301
f 3291 3301 3302
f 3288 3287 3298
f 3288 3298 3299
f 3298 3297 3308
f 3298 3308 3309
f 3361 3304 3315
f 3295 3294 3305
f 3295 3305 3306
f 3302 3301 3312
f 3302 3312 3313
f 3299 3298 3309
f 3299 3309 3310
f 3296 3295 3306
f 3296 3306 3307
f 3303 3302 3313
f 3303 3313 3314
f 3300 3299 3310
f 3300 3310 3311
f 3297 3296 3307
f 3297 3307 3308
f 3304 3303 3314
f 3304 3314 3315
f 3294 3327 3305
f 3301 3300 3311
f 3301 3311 3312
f 3308 3307 3318
f 3308 3318 3319
f 3315 3314 3325
f 3315 3325 3326
f 3305 3327 3316
f 3312 3311 3322
f 3312 3322 3323
f 3309 3308 3319
f 3309 3319 3320
f 3361 3315 3326
f 3306 3305 3316
f 3306 3316 3317
f 3313 3312 3323
f 3313 3323 3324
f 3310 3309 3320
f 3310 3320 3321
f 3307 3306 3317
f 3307 3317 3318
f 3314 3313 3324
f 3314 3324 3325
f 3311 3310 3321
f 3311 3321 3322
f 3321 3320 3332
f 3321 3332 3333
f 3318 3317 3329
f 3318 3329 3330
f 3325 3324 3336
f 3325 3336 3337
f 3322 3321 3333
f 3322 3333 3334
f 3319 3318 3330
f 3319 3330 3331
f 3326 3325 3337
f 3326 3337 3338
f 3316 3327 3328
f 3323 3322 3334
f 3323 3334 3335
f 3320 3319 3331
f 3320 3331 3332
f 3361 3326 3338
f 3317 3316 3328
f 3317 3328 3329
f 3324 3323 3335
f 3324 3335 3336
f 3332 3331 3342
f 3332 3342 3343
f 3361 3338 3349
f 3329 3328 3339
f 3329 3339 3340
f 3336 3335 3346
f 3336 3346 3347
f 3333 3332 3343
f 3333 3343 3344
f 3330 3329 3340
f 3330 3340 3341
f 3337 3336 3347
f 3337 3347 3348
f 3334 3333 3344
f 3334 3344 3345
f 3331 3330 3341
f 3331 3341 3342
f 3338 3337 3348
f 3338 3348 3349
f 3328 3327 3339
f 3335 3334 3345
f 3335 3345 3346
f 3345 3344 3355
f 3345 3355 3356
f 3342 3341 3352
f 3342 3352 3353
f 3349 3348 3359
f 3349 3359 3360
f 3339 3327 3350
f 3346 3345 3356
f 3346 3356 3357
f 3343 3342 3353
f 3343 3353 3354
f 3361 3349 3360
f 3340 3339 3350
f 3340 3350 3351
f 3347 3346 3357
f 3347 3357 3358
f 3344 3343 3354
f 3344 3354 3355
f 3341 3340 3351
f 3341 3351 3352
f 3348 3347 3358
f 3348 3358 3359
f 3355 3354 3366
f 3355 3366 3367
f 3352 3351 3363
f 3352 3363 3364
f 3359 3358 3370
f 3359 3370 3371
f 3356 3355 3367
f 3356 3367 3368
f 3353 3352 3364
f 3353 3364 3365
f 3360 3359 3371
f 3360 3371 3372
f 3350 3327 3362
f 3357 3356 3368
f 3357 3368 3369
f 3354 3353 3365
f 3354 3365 3366
f 3361 3360 3372
f 3351 3350 3362
f 3351 3362 3363
f 3358 3357 3369
f 3358 3369 3370
f 3369 3368 3379
f 3369 3379 3380
f 3366 3365 3376
f 3366 3376 3377
f 3361 3372 3383
f 3363 3362 3373
f 3363 3373 3374
f 3370 3369 3380
f 3370 3380 3381
f 3367 3366 3377
f 3367 3377 3378
f 3364 3363 3374
f 3364 3374 3375
f 3371 3370 3381
f 3371 3381 3382
f 3368 3367 3378
f 3368 3378 3379
f 3365 3364 3375
f 3365 3375 3376
f 3372 3371 3382
f 3372 3382 3383
f 3362 3327 3373
f 3379 3378 3389
f 3379 3389 3390
f 3376 3375 3386
f 3376 3386 3387
f 3383 3382 3393
f 3383 3393 3394
f 3373 3327 3384
f 3380 3379 3390
f 3380 3390 3391
f 3377 3376 3387
f 3377 3387 3388
f 3361 3383 3394
f 3374 3373 3384
f 3374 3384 3385
f 3381 3380 3391
f 3381 3391 3392
f 3378 3377 3388
f 3378 3388 3389
f 3375 3374 3385
f 3375 3385 3386
f 3382 3381 3392
f 3382 3392 3393
f 3392 3391 3402
f 3392 3402 3403
f 3389 3388 3399
f 3389 3399 3400
f 3386 3385 3396
f 3386 3396 3397
f 3393 3392 3403
f 3393 3403 3404
f 3390 3389 3400
f 3390 3400 3401
f 3387 3386 3397
f 3387 3397 3398
f 3394 3393 3404
f 3394 3404 3405
f 3384 3327 3395
f 3391 3390 3401
f 3391 3401 3402
f 3388 3387 3398
f 3388 3398 3399
f 3361 3394 3405
f 3385 3384 3395
f 3385 3395 3396
f 3395 3327 3406
f 3402 3401 3412
f 3402 3412 3413
f 3399 3398 3409
f 3399 3409 3410
f 3361 3405 3416
f 3396 3395 3406
f 3396 3406 3407
f 3403 3402 3413
f 3403 3413 3414
f 3400 3399 3410
f 3400 3410 3411
f 3397 3396 3407
f 3397 3407 3408
f 3404 3403 3414
f 3404 3414 3415
f 3401 3400 3411
f 3401 3411 3412
f 3398 3397 3408
f 3398 3408 3409
f 3405 3404 3415
f 3405 3415 3416
f 3415 3414 3425
f 3415 3425 3426
f 3412 3411 3422
f 3412 3422 3423
f 3409 3408 3419
f 3409 3419 3420
f 3416 3415 3426
f 3416 3426 3427
f 3406 3327 3417
f 3413 3412 3423
f 3413 3423 3424
f 3410 3409 3420
f 3410 3420 3421
f 3361 3416 3427
f 3407 3406 3417
f 3407 3417 3418
f 3414 3413 3424
f 3414 3424 3425
f 3411 3410 3421
f 3411 3421 3422
f 3408 3407 3418
f 3408 3418 3419
f 3418 3417 3428
f 3418 3428 3429
f 3425 3424 3435
f 3425 3435 3436
f 3422 3421 3432
f 3422 3432 3433
f 3419 3418 3429
f 3419 3429 3430
f 3426 3425 3436
f 3426 3436 3437
f 3423 3422 3433
f 3423 3433 3434
f 3420 3419 3430
f 3420 3430 3431
f 3427 3426 3437
f 3427 3437 3438
f 3417 3327 3428
f 3424 3423 3434
f 3424 3434 3435
f 3421 3420 3431
f 3421 3431 3432
f 3361 3427 3438
f 3438 3437 3448
f 3438 3448 3449
f 3428 3327 3439
f 3435 3434 3445
f 3435 3445 3446
f 3432 3431 3442
f 3432 3442 3443
f 3361 3438 3449
f 3429 3428 3439
f 3429 3439 3440
f 3436 3435 3446
f 3436 3446 3447
f 3433 3432 3443
f 3433 3443 3444
f 3430 3429 3440
f 3430 3440 3441
f 3437 3436 3447
f 3437 3447 3448
f 3434 3433 3444
f 3434 3444 3445
f 3431 3430 3441
f 3431 3441 3442
f 3441 3440 3451
f 3441 3451 3193
f 3448 3447 3456
f 3448 3456 3457
f 3445 3444 3453
f 3445 3453 3454
f 3442 3441 3193
f 3442 3193 3194
f 3449 3448 3457
f 3449 3457 3458
f 3439 3327 3450
f 3446 3445 3454
f 3446 3454 3455
f 3443 3442 3194
f 3443 3194 3452
f 3361 3449 3458
f 3440 3439 3450
f 3440 3450 3451
f 3447 3446 3455
f 3447 3455 3456
f 3444 3443 3452
f 3444 3452 3453
f 3460 3459 3463
f 3460 3463 3464
f 3724 3723 3470
f 3724 3470 3471
f 3716 3593 3461
f 3721 3720 3467
f 3721 3467 3468
f 3718 3460 3464
f 3718 3464 3465
f 3627 3724 3471
f 3717 3716 3461
f 3717 3461 3462
f 3722 3721 3468
f 3722 3468 3469
f 3719 3718 3465
f 3719 3465 3466
f 3459 3717 3462
f 3459 3462 3463
f 3723 3722 3469
f 3723 3469 3470
f 3720 3719 3466
f 3720 3466 3467
f 3469 3468 3479
f 3469 3479 3480
f 3466 3465 3476
f 3466 3476 3477
f 3463 3462 3473
f 3463 3473 3474
f 3470 3469 3480
f 3470 3480 3481
f 3467 3466 3477
f 3467 3477 3478
f 3464 3463 3474
f 3464 3474 3475
f 3471 3470 3481
f 3471 3481 3482
f 3461 3593 3472
f 3468 3467 3478
f 3468 3478 3479
f 3465 3464 3475
f 3465 3475 3476
f 3627 3471 3482
f 3462 3461 3472
f 3462 3472 3473
f 3472 3593 3483
f 3479 3478 3489
f 3479 3489 3490
f 3476 3475 3486
f 3476 3486 3487
f 3627 3482 3493
f 3473 3472 3483
f 3473 3483 3484
f 3480 3479 3490
f 3480 3490 3491
f 3477 3476 3487
f 3477 3487 3488
f 3474 3473 3484
f 3474 3484 3485
f 3481 3480 3491
f 3481 3491 3492
f 3478 3477 3488
f 3478 3488 3489
f 3475 3474 3485
f 3475 3485 3486
f 3482 3481 3492
f 3482 3492 3493
f 3492 3491 3502
f 3492 3502 3503
f 3489 3488 3499
f 3489 3499 3500
f 3486 3485 3496
f 3486 3496 3497
f 3493 3492 3503
f 3493 3503 3504
f 3483 3593 3494
f 3490 3489 3500
f 3490 3500 3501
f 3487 3486 3497
f 3487 3497 3498
f 3627 3493 3504
f 3484 3483 3494
f 3484 3494 3495
f 3491 3490 3501
f 3491 3501 3502
f 3488 3487 3498
f 3488 3498 3499
f 3485 3484 3495
f 3485 3495 3496
f 3495 3494 3505
f 3495 3505 3506
f 3502 3501 3512
f 3502 3512 3513
f 3499 3498 3509
f 3499 3509 3510
f 3496 3495 3506
f 3496 3506 3507
f 3503 3502 3513
f 3503 3513 3514
f 3500 3499 3510
f 3500 3510 3511
f 3497 3496 3507
f 3497 3507 3508
f 3504 3503 3514
f 3504 3514 3515
f 3494 3593 3505
f 3501 3500 3511
f 3501 3511 3512
f 3498 3497 3508
f 3498 3508 3509
f 3627 3504 3515
f 3515 3514 3525
f 3515 3525 3526
f 3505 3593 3516
f 3512 3511 3522
f 3512 3522 3523
f 3509 3508 3519
f 3509 3519 3520
f 3627 3515 3526
f 3506 3505 3516
f 3506 3516 3517
f 3513 3512 3523
f 3513 3523 3524
f 3510 3509 3520
f 3510 3520 3521
f 3507 3506 3517
f 3507 3517 3518
f 3514 3513 3524
f 3514 3524 3525
f 3511 3510 3521
f 3511 3521 3522
f 3508 3507 3518
f 3508 3518 3519
f 3518 3517 3528
f 3518 3528 3529
f 3525 3524 3535
f 3525 3535 3536
f 3522 3521 3532
f 3522 3532 3533
f 3519 3518 3529
f 3519 3529 3530
f 3526 3525 3536
f 3526 3536 3537
f 3516 3593 3527
f 3523 3522 3533
f 3523 3533 3534
f 3520 3519 3530
f 3520 3530 3531
f 3627 3526 3537
f 3517 3516 3527
f 3517 3527 3528
f 3524 3523 3534
f 3524 3534 3535
f 3521 3520 3531
f 3521 3531 3532
f 3627 3537 3548
f 3528 3527 3538
f 3528 3538 3539
f 3535 3534 3545
f 3535 3545 3546
f 3532 3531 3542
f 3532 3542 3543
f 3529 3528 3539
f 3529 3539 3540
f 3536 3535 3546
f 3536 3546 3547
f 3533 3532 3543
f 3533 3543 3544
f 3530 3529 3540
f 3530 3540 3541
f 3537 3536 3547
f 3537 3547 3548
f 3527 3593 3538
f 3534 3533 3544
f 3534 3544 3545
f 3531 3530 3541
f 3531 3541 3542
f 3541 3540 3551
f 3541 3551 3552
f 3548 3547 3558
f 3548 3558 3559
f 3538 3593 3549
f 3545 3544 3555
f 3545 3555 3556
f 3542 3541 3552
f 3542 3552 3553
f 3627 3548 3559
f 3539 3538 3549
f 3539 3549 3550
f 3546 3545 3556
f 3546 3556 3557
f 3543 3542 3553
f 3543 3553 3554
f 3540 3539 3550
f 3540 3550 3551
f 3547 3546 3557
f 3547 3557 3558
f 3544 3543 3554
f 3544 3554 3555
f 3551 3550 3561
f 3551 3561 3562
f 3558 3557 3568
f 3558 3568 3569
f 3555 3554 3565
f 3555 3565 3566
f 3552 3551 3562
f 3552 3562 3563
f 3559 3558 3569
f 3559 3569 3570
f 3549 3593 3560
f 3556 3555 3566
f 3556 3566 3567
f 3553 3552 3563
f 3553 3563 3564
f 3627 3559 3570
f 3550 3549 3560
f 3550 3560 3561
f 3557 3556 3567
f 3557 3567 3568
f 3554 3553 3564
f 3554 3564 3565
f 3564 3563 3574
f 3564 3574 3575
f 3627 3570 3581
f 3561 3560 3571
f 3561 3571 3572
f 3568 3567 3578
f 3568 3578 3579
f 3565 3564 3575
f 3565 3575 3576
f 3562 3561 3572
f 3562 3572 3573
f 3569 3568 3579
f 3569 3579 3580
f 3566 3565 3576
f 3566 3576 3577
f 3563 3562 3573
f 3563 3573 3574
f 3570 3569 3580
f 3570 3580 3581
f 3560 3593 3571
f 3567 3566 3577
f 3567 3577 3578
f 3574 3573 3584
f 3574 3584 3585
f 3581 3580 3591
f 3581 3591 3592
f 3571 3593 3582
f 3578 3577 3588
f 3578 3588 3589
f 3575 3574 3585
f 3575 3585 3586
f 3627 3581 3592
f 3572 3571 3582
f 3572 3582 3583
f 3579 3578 3589
f 3579 3589 3590
f 3576 3575 3586
f 3576 3586 3587
f 3573 3572 3583
f 3573 3583 3584
f 3580 3579 3590
f 3580 3590 3591
f 3577 3576 3587
f 3577 3587 3588
f 3587 3586 3598
f 3587 3598 3599
f 3584 3583 3595
f 3584 3595 3596
f 3591 3590 3602
f 3591 3602 3603
f 3588 3587 3599
f 3588 3599 3600
f 3585 3584 3596
f 3585 3596 3597
f 3592 3591 3603
f 3592 3603 3604
f 3582 3593 3594
f 3589 3588 3600
f 3589 3600 3601
f 3586 3585 3597
f 3586 3597 3598
f 3627 3592 3604
f 3583 3582 3594
f 3583 3594 3595
f 3590 3589 3601
f 3590 3601 3602
f 3598 3597 3608
f 3598 3608 3609
f 3627 3604 3615
f 3595 3594 3605
f 3595 3605 3606
f 3602 3601 3612
f 3602 3612 3613
f 3599 3598 3609
f 3599 3609 3610
f 3596 3595 3606
f 3596 3606 3607
f 3603 3602 3613
f 3603 3613 3614
f 3600 3599 3610
f 3600 3610 3611
f 3597 3596 3607
f 3597 3607 3608
f 3604 3603 3614
f 3604 3614 3615
f 3594 3593 3605
f 3601 3600 3611
f 3601 3611 3612
f 3611 3610 3621
f 3611 3621 3622
f 3608 3607 3618
f 3608 3618 3619
f 3615 3614 3625
f 3615 3625 3626
f 3605 3593 3616
f 3612 3611 3622
f 3612 3622 3623
f 3609 3608 3619
f 3609 3619 3620
f 3627 3615 3626
f 3606 3605 3616
f 3606 3616 3617
f 3613 3612 3623
f 3613 3623 3624
f 3610 3609 3620
f 3610 3620 3621
f 3607 3606 3617
f 3607 3617 3618
f 3614 3613 3624
f 3614 3624 3625
f 3621 3620 3632
f 3621 3632 3633
f 3618 3617 3629
f 3618 3629 3630
f 3625 3624 3636
f 3625 3636 3637
f 3622 3621 3633
f 3622 3633 3634
f 3619 3618 3630
f 3619 3630 3631
f 3626 3625 3637
f 3626 3637 3638
f 3616 3593 3628
f 3623 3622 3634
f 3623 3634 3635
f 3620 3619 3631
f 3620 3631 3632
f 3627 3626 3638
f 3617 3616 3628
f 3617 3628 3629
f 3624 3623 3635
f 3624 3635 3636
f 3635 3634 3645
f 3635 3645 3646
f 3632 3631 3642
f 3632 3642 3643
f 3627 3638 3649
f 3629 3628 3639
f 3629 3639 3640
f 3636 3635 3646
f 3636 3646 3647
f 3633 3632 3643
f 3633 3643 3644
f 3630 3629 3640
f 3630 3640 3641
f 3637 3636 3647
f 3637 3647 3648
f 3634 3633 3644
f 3634 3644 3645
f 3631 3630 3641
f 3631 3641 3642
f 3638 3637 3648
f 3638 3648 3649
f 3628 3593 3639
f 3645 3644 3655
f 3645 3655 3656
f 3642 3641 3652
f 3642 3652 3653
f 3649 3648 3659
f 3649 3659 3660
f 3639 3593 3650
f 3646 3645 3656
f 3646 3656 3657
f 3643 3642 3653
f 3643 3653 3654
f 3627 3649 3660
f 3640 3639 3650
f 3640 3650 3651
f 3647 3646 3657
f 3647 3657 3658
f 3644 3643 3654
f 3644 3654 3655
f 3641 3640 3651
f 3641 3651 3652
f 3648 3647 3658
f 3648 3658 3659
f 3658 3657 3668
f 3658 3668 3669
f 3655 3654 3665
f 3655 3665 3666
f 3652 3651 3662
f 3652 3662 3663
f 3659 3658 3669
f 3659 3669 3670
f 3656 3655 3666
f 3656 3666 3667
f 3653 3652 3663
f 3653 3663 3664
f 3660 3659 3670
f 3660 3670 3671
f 3650 3593 3661
f 3657 3656 3667
f 3657 3667 3668
f 3654 3653 3664
f 3654 3664 3665
f 3627 3660 3671
f 3651 3650 3661
f 3651 3661 3662
f 3661 3593 3672
f 3668 3667 3678
f 3668 3678 3679
f 3665 3664 3675
f 3665 3675 3676
f 3627 3671 3682
f 3662 3661 3672
f 3662 3672 3673
f 3669 3668 3679
f 3669 3679 3680
f 3666 3665 3676
f 3666 3676 3677
f 3663 3662 3673
f 3663 3673 3674
f 3670 3669 3680
f 3670 3680 3681
f 3667 3666 3677
f 3667 3677 3678
f 3664 3663 3674
f 3664 3674 3675
f 3671 3670 3681
f 3671 3681 3682
f 3681 3680 3691
f 3681 3691 3692
f 3678 3677 3688
f 3678 3688 3689
f 3675 3674 3685
f 3675 3685 3686
f 3682 3681 3692
f 3682 3692 3693
f 3672 3593 3683
f 3679 3678 3689
f 3679 3689 3690
f 3676 3675 3686
f 3676 3686 3687
f 3627 3682 3693
f 3673 3672 3683
f 3673 3683 3684
f 3680 3679 3690
f 3680 3690 3691
f 3677 3676 3687
f 3677 3687 3688
f 3674 3673 3684
f 3674 3684 3685
f 3684 3683 3694
f 3684 3694 3695
f 3691 3690 3701
f 3691 3701 3702
f 3688 3687 3698
f 3688 3698 3699
f 3685 3684 3695
f 3685 3695 3696
f 3692 3691 3702
f 3692 3702 3703
f 3689 3688 3699
f 3689 3699 3700
f 3686 3685 3696
f 3686 3696 3697
f 3693 3692 3703
f 3693 3703 3704
f 3683 3593 3694
f 3690 3689 3700
f 3690 3700 3701
f 3687 3686 3697
f 3687 3697 3698
f 3627 3693 3704
f 3704 3703 3714
f 3704 3714 3715
f 3694 3593 3705
f 3701 3700 3711
f 3701 3711 3712
f 3698 3697 3708
f 3698 3708 3709
f 3627 3704 3715
f 3695 3694 3705
f 3695 3705 3706
f 3702 3701 3712
f 3702 3712 3713
f 3699 3698 3709
f 3699 3709 3710
f 3696 3695 3706
f 3696 3706 3707
f 3703 3702 3713
f 3703 3713 3714
f 3700 3699 3710
f 3700 3710 3711
f 3697 3696 3707
f 3697 3707 3708
f 3707 3706 3717
f 3707 3717 3459
f 3714 3713 3722
f 3714 3722 3723
f 3711 3710 3719
f 3711 3719 3720
f 3708 3707 3459
f 3708 3459 3460
f 3715 3714 3723
f 3715 3723 3724
f 3705 3593 3716
f 3712 3711 3720
f 3712 3720 3721
f 3709 3708 3460
f 3709 3460 3718
f 3627 3715 3724
f 3706 3705 3716
f 3706 3716 3717
f 3713 3712 3721
f 3713 3721 3722
f 3710 3709 3718
f 3710 3718 3719
f 3726 3725 3729
f 3726 3729 3730
f 3990 3989 3736
f 3990 3736 3737
f 3982 3859 3727
f 3987 3986 3733
f 3987 3733 3734
f 3984 3726 3730
f 3984 3730 3731
f 3893 3990 3737
f 3983 3982 3727
f 3983 3727 3728
f 3988 3987 3734
f 3988 3734 3735
f 3985 3984 3731
f 3985 3731 3732
f 3725 3983 3728
f 3725 3728 3729
f 3989 3988 3735
f 3989 3735 3736
f 3986 3985 3732
f 3986 3732 3733
f 3735 3734 3745
f 3735 3745 3746
f 3732 3731 3742
f 3732 3742 3743
f 3729 3728 3739
f 3729 3739 3740
f 3736 3735 3746
f 3736 3746 3747
f 3733 3732 3743
f 3733 3743 3744
f 3730 3729 3740
f 3730 3740 3741
f 3737 3736 3747
f 3737 3747 3748
f 3727 3859 3738
f 3734 3733 3744
f 3734 3744 3745
f 3731 3730 3741
f 3731 3741 3742
f 3893 3737 3748
f 3728 3727 3738
f 3728 3738 3739
f 3738 3859 3749
f 3745 3744 3755
f 3745 3755 3756
f 3742 3741 3752
f 3742 3752 3753
f 3893 3748 3759
f 3739 3738 3749
f 3739 3749 3750
f 3746 3745 3756
f 3746 3756 3757
f 3743 3742 3753
f 3743 3753 3754
f 3740 3739 3750
f 3740 3750 3751
f 3747 3746 3757
f 3747 3757 3758
f 3744 3743 3754
f 3744 3754 3755
f 3741 3740 3751
f 3741 3751 3752
f 3748 3747 3758
f 3748 3758 3759
f 3758 3757 3768
f 3758 3768 3769
f 3755 3754 3765
f 3755 3765 3766
f 3752 3751 3762
f 3752 3762 3763
f 3759 3758 3769
f 3759 3769 3770
f 3749 3859 3760
f 3756 3755 3766
f 3756 3766 3767
f 3753 3752 3763
f 3753 3763 3764
f 3893 3759 3770
f 3750 3749 3760
f 3750 3760 3761
f 3757 3756 3767
f 3757 3767 3768
f 3754 3753 3764
f 3754 3764 3765
f 3751 3750 3761
f 3751 3761 3762
f 3761 3760 3771
f 3761 3771 3772
f 3768 3767 3778
f 3768 3778 3779
f 3765 3764 3775
f 3765 3775 3776
f 3762 3761 3772
f 3762 3772 3773
f 3769 3768 3779
f 3769 3779 3780
f 3766 3765 3776
f 3766 3776 3777
f 3763 3762 3773
f 3763 3773 3774
f 3770 3769 3780
f 3770 3780 3781
f 3760 3859 3771
f 3767 3766 3777
f 3767 3777 3778
f 3764 3763 3774
f 3764 3774 3775
f 3893 3770 3781
f 3781 3780 3791
f 3781 3791 3792
f 3771 3859 3782
f 3778 3777 3788
f 3778 3788 3789
f 3775 3774 3785
f 3775 3785 3786
f 3893 3781 3792
f 3772 3771 3782
f 3772 3782 3783
f 3779 3778 3789
f 3779 3789 3790
f 3776 3775 3786
f 3776 3786 3787
f 3773 3772 3783
f 3773 3783 3784
f 3780 3779 3790
f 3780 3790 3791
f 3777 3776 3787
f 3777 3787 3788
f 3774 3773 3784
f 3774 3784 3785
f 3784 3783 3794
f 3784 3794 3795
f 3791 3790 3801
f 3791 3801 3802
f 3788 3787 3798
f 3788 3798 3799
f 3785 3784 3795
f 3785 3795 3796
f 3792 3791 3802
f 3792 3802 3803
f 3782 3859 3793
f 3789 3788 3799
f 3789 3799 3800
f 3786 3785 3796
f 3786 3796 3797
f 3893 3792 3803
f 3783 3782 3793
f 3783 3793 3794
f 3790 3789 3800
f 3790 3800 3801
f 3787 3786 3797
f 3787 3797 3798
f 3893 3803 3814
f 3794 3793 3804
f 3794 3804 3805
f 3801 3800 3811
f 3801 3811 3812
f 3798 3797 3808
f 3798 3808 3809
f 3795 3794 3805
f 3795 3805 3806
f 3802 3801 3812
f 3802 3812 3813
f 3799 3798 3809
f 3799 3809 3810
f 3796 3795 3806
f 3796 3806 3807
f 3803 3802 3813
f 3803 3813 3814
f 3793 3859 3804
f 3800 3799 3810
f 3800 3810 3811
f 3797 3796 3807
f 3797 3807 3808
f 3807 3806 3817
f 3807 3817 3818
f 3814 3813 3824
f 3814 3824 3825
f 3804 3859 3815
f 3811 3810 3821
f 3811 3821 3822
f 3808 3807 3818
f 3808 3818 3819
f 3893 3814 3825
f 3805 3804 3815
f 3805 3815 3816
f 3812 3811 3822
f 3812 3822 3823
f 3809 3808 3819
f 3809 3819 3820
f 3806 3805 3816
f 3806 3816 3817
f 3813 3812 3823
f 3813 3823 3824
f 3810 3809 3820
f 3810 3820 3821
f 3817 3816 3827
f 3817 3827 3828
f 3824 3823 3834
f 3824 3834 3835
f 3821 3820 3831
f 3821 3831 3832
f 3818 3817 3828
f 3818 3828 3829
f 3825 3824 3835
f 3825 3835 3836
f 3815 3859 3826
f 3822 3821 3832
f 3822 3832 3833
f 3819 3818 3829
f 3819 3829 3830
f 3893 3825 3836
f 3816 3815 3826
f 3816 3826 3827
f 3823 3822 3833
f 3823 3833 3834
f 3820 3819 3830
f 3820 3830 3831
f 3830 3829 3840
f 3830 3840 3841
f 3893 3836 3847
f 3827 3826 3837
f 3827 3837 3838
f 3834 3833 3844
f 3834 3844 3845
f 3831 3830 3841
f 3831 3841 3842
f 3828 3827 3838
f 3828 3838 3839
f 3835 3834 3845
f 3835 3845 3846
f 3832 3831 3842
f 3832 3842 3843
f 3829 3828 3839
f 3829 3839 3840
f 3836 3835 3846
f 3836 3846 3847
f 3826 3859 3837
f 3833 3832 3843
f 3833 3843 3844
f 3840 3839 3850
f 3840 3850 3851
f 3847 3846 3857
f 3847 3857 3858
f 3837 3859 3848
f 3844 3843 3854
f 3844 3854 3855
f 3841 3840 3851
f 3841 3851 3852
f 3893 3847 3858
f 3838 3837 3848
f 3838 3848 3849
f 3845 3844 3855
f 3845 3855 3856
f 3842 3841 3852
f 3842 3852 3853
f 3839 3838 3849
f 3839 3849 3850
f 3846 3845 3856
f 3846 3856 3857
f 3843 3842 3853
f 3843 3853 3854
f 3853 3852 3864
f 3853 3864 3865
f 3850 3849 3861
f 3850 3861 3862
f 3857 3856 3868
f 3857 3868 3869
f 3854 3853 3865
f 3854 3865 3866
f 3851 3850 3862
f 3851 3862 3863
f 3858 3857 3869
f 3858 3869 3870
f 3848 3859 3860
f 3855 3854 3866
f 3855 3866 3867
f 3852 3851 3863
f 3852 3863 3864
f 3893 3858 3870
f 3849 3848 3860
f 3849 3860 3861
f 3856 3855 3867
f 3856 3867 3868
f 3864 3863 3874
f 3864 3874 3875
f 3893 3870 3881
f 3861 3860 3871
f 3861 3871 3872
f 3868 3867 3878
f 3868 3878 3879
f 3865 3864 3875
f 3865 3875 3876
f 3862 3861 3872
f 3862 3872 3873
f 3869 3868 3879
f 3869 3879 3880
f 3866 3865 3876
f 3866 3876 3877
f 3863 3862 3873
f 3863 3873 3874
f 3870 3869 3880
f 3870 3880 3881
f 3860 3859 3871
f 3867 3866 3877
f 3867 3877 3878
f 3877 3876 3887
f 3877 3887 3888
f 3874 3873 3884
f 3874 3884 3885
f 3881 3880 3891
f 3881 3891 3892
f 3871 3859 3882
f 3878 3877 3888
f 3878 3888 3889
f 3875 3874 3885
f 3875 3885 3886
f 3893 3881 3892
f 3872 3871 3882
f 3872 3882 3883
f 3879 3878 3889
f 3879 3889 3890
f 3876 3875 3886
f 3876 3886 3887
f 3873 3872 3883
f 3873 3883 3884
f 3880 3879 3890
f 3880 3890 3891
f 3887 3886 3898
f 3887 3898 3899
f 3884 3883 3895
f 3884 3895 3896
f 3891 3890 3902
f 3891 3902 3903
f 3888 3887 3899
f 3888 3899 3900
f 3885 3884 3896
f 3885 3896 3897
f 3892 3891 3903
f 3892 3903 3904
f 3882 3859 3894
f 3889 3888 3900
f 3889 3900 3901
f 3886 3885 3897
f 3886 3897 3898
f 3893 3892 3904
f 3883 3882 3894
f 3883 3894 3895
f 3890 3889 3901
f 3890 3901 3902
f 3901 3900 3911
f 3901 3911 3912
f 3898 3897 3908
f 3898 3908 3909
f 3893 3904 3915
f 3895 3894 3905
f 3895 3905 3906
f 3902 3901 3912
f 3902 3912 3913
f 3899 3898 3909
f 3899 3909 3910
f 3896 3895 3906
f 3896 3906 3907
f 3903 3902 3913
f 3903 3913 3914
f 3900 3899 3910
f 3900 3910 3911
f 3897 3896 3907
f 3897 3907 3908
f 3904 3903 3914
f 3904 3914 3915
f 3894 3859 3905
f 3911 3910 3921
f 3911 3921 3922
f 3908 3907 3918
f 3908 3918 3919
f 3915 3914 3925
f 3915 3925 3926
f 3905 3859 3916
f 3912 3911 3922
f 3912 3922 3923
f 3909 3908 3919
f 3909 3919 3920
f 3893 3915 3926
f 3906 3905 3916
f 3906 3916 3917
f 3913 3912 3923
f 3913 3923 3924
f 3910 3909 3920
f 3910 3920 3921
f 3907 3906 3917
f 3907 3917 3918
f 3914 3913 3924
f 3914 3924 3925
f 3924 3923 3934
f 3924 3934 3935
f 3921 3920 3931
f 3921 3931 3932
f 3918 3917 3928
f 3918 3928 3929
f 3925 3924 3935
f 3925 3935 3936
f 3922 3921 3932
f 3922 3932 3933
f 3919 3918 3929
f 3919 3929 3930
f 3926 3925 3936
f 3926 3936 3937
f 3916 3859 3927
f 3923 3922 3933
f 3923 3933 3934
f 3920 3919 3930
f 3920 3930 3931
f 3893 3926 3937
f 3917 3916 3927
f 3917 3927 3928
f 3927 3859 3938
f 3934 3933 3944
f 3934 3944 3945
f 3931 3930 3941
f 3931 3941 3942
f 3893 3937 3948
f 3928 3927 3938
f 3928 3938 3939
f 3935 3934 3945
f 3935 3945 3946
f 3932 3931 3942
f 3932 3942 3943
f 3929 3928 3939
f 3929 3939 3940
f 3936 3935 3946
f 3936 3946 3947
f 3933 3932 3943
f 3933 3943 3944
f 3930 3929 3940
f 3930 3940 3941
f 3937 3936 3947
f 3937 3947 3948
f 3947 3946 3957
f 3947 3957 3958
f 3944 3943 3954
f 3944 3954 3955
f 3941 3940 3951
f 3941 3951 3952
f 3948 3947 3958
f 3948 3958 3959
f 3938 3859 3949
f 3945 3944 3955
f 3945 3955 3956
f 3942 3941 3952
f 3942 3952 3953
f 3893 3948 3959
f 3939 3938 3949
f 3939 3949 3950
f 3946 3945 3956
f 3946 3956 3957
f 3943 3942 3953
f 3943 3953 3954
f 3940 3939 3950
f 3940 3950 3951
f 3950 3949 3960
f 3950 3960 3961
f 3957 3956 3967
f 3957 3967 3968
f 3954 3953 3964
f 3954 3964 3965
f 3951 3950 3961
f 3951 3961 3962
f 3958 3957 3968
f 3958 3968 3969
f 3955 3954 3965
f 3955 3965 3966
f 3952 3951 3962
f 3952 3962 3963
f 3959 3958 3969
f 3959 3969 3970
f 3949 3859 3960
f 3956 3955 3966
f 3956 3966 3967
f 3953 3952 3963
f 3953 3963 3964
f 3893 3959 3970
f 3970 3969 3980
f 3970 3980 3981
f 3960 3859 3971
f 3967 3966 3977
f 3967 3977 3978
f 3964 3963 3974
f 3964 3974 3975
f 3893 3970 3981
f 3961 3960 3971
f 3961 3971 3972
f 3968 3967 3978
f 3968 3978 3979
f 3965 3964 3975
f 3965 3975 3976
f 3962 3961 3972
f 3962 3972 3973
f 3969 3968 3979
f 3969 3979 3980
f 3966 3965 3976
f 3966 3976 3977
f 3963 3962 3973
f 3963 3973 3974
f 3973 3972 3983
f 3973 3983 3725
f 3980 3979 3988
f 3980 3988 3989
f 3977 3976 3985
f 3977 3985 3986
f 3974 3973 3725
f 3974 3725 3726
f 3981 3980 3989
f 3981 3989 3990
f 3971 3859 3982
f 3978 3977 3986
f 3978 3986 3987
f 3975 3974 3726
f 3975 3726 3984
f 3893 3981 3990
f 3972 3971 3982
f 3972 3982 3983
f 3979 3978 3987
f 3979 3987 3988
f 3976 3975 3984
f 3976 3984 3985
f 4253 4252 3999
f 4253 3999 4000
f 4250 3992 3996
f 4250 3996 3997
f 4159 4256 4003
f 4249 4248 3993
f 4249 3993 3994
f 4254 4253 4000
f 4254 4000 4001
f 4251 4250 3997
f 4251 3997 3998
f 3991 4249 3994
f 3991 3994 3995
f 4255 4254 4001
f 4255 4001 4002
f 4252 4251 3998
f 4252 3998 3999
f 3992 3991 3995
f 3992 3995 3996
f 4256 4255 4002
f 4256 4002 4003
f 4248 4125 3993
f 3995 3994 4005
f 3995 4005 4006
f 4002 4001 4012
f 4002 4012 4013
f 3999 3998 4009
f 3999 4009 4010
f 3996 3995 4006
f 3996 4006 4007
f 4003 4002 4013
f 4003 4013 4014
f 3993 4125 4004
f 4000 3999 4010
f 4000 4010 4011
f 3997 3996 4007
f 3997 4007 4008
f 4159 4003 4014
f 3994 3993 4004
f 3994 4004 4005
f 4001 4000 4011
f 4001 4011 4012
f 3998 3997 4008
f 3998 4008 4009
f 4008 4007 4018
f 4008 4018 4019
f 4159 4014 4025
f 4005 4004 4015
f 4005 4015 4016
f 4012 4011 4022
f 4012 4022 4023
f 4009 4008 4019
f 4009 4019 4020
f 4006 4005 4016
f 4006 4016 4017
f 4013 4012 4023
f 4013 4023 4024
f 4010 4009 4020
f 4010 4020 4021
f 4007 4006 4017
f 4007 4017 4018
f 4014 4013 4024
f 4014 4024 4025
f 4004 4125 4015
f 4011 4010 4021
f 4011 4021 4022
f 4018 4017 4028
f 4018 4028 4029
f 4025 4024 4035
f 4025 4035 4036
f 4015 4125 4026
f 4022 4021 4032
f 4022 4032 4033
f 4019 4018 4029
f 4019 4029 4030
f 4159 4025 4036
f 4016 4015 4026
f 4016 4026 4027
f 4023 4022 4033
f 4023 4033 4034
f 4020 4019 4030
f 4020 4030 4031
f 4017 4016 4027
f 4017 4027 4028
f 4024 4023 4034
f 4024 4034 4035
f 4021 4020 4031
f 4021 4031 4032
f 4031 4030 4041
f 4031 4041 4042
f 4028 4027 4038
f 4028 4038 4039
f 4035 4034 4045
f 4035 4045 4046
f 4032 4031 4042
f 4032 4042 4043
f 4029 4028 4039
f 4029 4039 4040
f 4036 4035 4046
f 4036 4046 4047
f 4026 4125 4037
f 4033 4032 4043
f 4033 4043 4044
f 4030 4029 4040
f 4030 4040 4041
f 4159 4036 4047
f 4027 4026 4037
f 4027 4037 4038
f 4034 4033 4044
f 4034 4044 4045
f 4041 4040 4051
f 4041 4051 4052
f 4159 4047 4058
f 4038 4037 4048
f 4038 4048 4049
f 4045 4044 4055
f 4045 4055 4056
f 4042 4041 4052
f 4042 4052 4053
f 4039 4038 4049
f 4039 4049 4050
f 4046 4045 4056
f 4046 4056 4057
f 4043 4042 4053
f 4043 4053 4054
f 4040 4039 4050
f 4040 4050 4051
f 4047 4046 4057
f 4047 4057 4058
f 4037 4125 4048
f 4044 4043 4054
f 4044 4054 4055
f 4054 4053 4064
f 4054 4064 4065
f 4051 4050 4061
f 4051 4061 4062
f 4058 4057 4068
f 4058 4068 4069
f 4048 4125 4059
f 4055 4054 4065
f 4055 4065 4066
f 4052 4051 4062
f 4052 4062 4063
f 4159 4058 4069
f 4049 4048 4059
f 4049 4059 4060
f 4056 4055 4066
f 4056 4066 4067
f 4053 4052 4063
f 4053 4063 4064
f 4050 4049 4060
f 4050 4060 4061
f 4057 4056 4067
f 4057 4067 4068
f 4064 4063 4074
f 4064 4074 4075
f 4061 4060 4071
f 4061 4071 4072
f 4068 4067 4078
f 4068 4078 4079
f 4065 4064 4075
f 4065 4075 4076
f 4062 4061 4072
f 4062 4072 4073
f 4069 4068 4079
f 4069 4079 4080
f 4059 4125 4070
f 4066 4065 4076
f 4066 4076 4077
f 4063 4062 4073
f 4063 4073 4074
f 4159 4069 4080
f 4060 4059 4070
f 4060 4070 4071
f 4067 4066 4077
f 4067 4077 4078
f 4077 4076 4087
f 4077 4087 4088
f 4074 4073 4084
f 4074 4084 4085
f 4159 4080 4091
f 4071 4070 4081
f 4071 4081 4082
f 4078 4077 4088
f 4078 4088 4089
f 4075 4074 4085
f 4075 4085 4086
f 4072 4071 4082
f 4072 4082 4083
f 4079 4078 4089
f 4079 4089 4090
f 4076 4075 4086
f 4076 4086 4087
f 4073 4072 4083
f 4073 4083 4084
f 4080 4079 4090
f 4080 4090 4091
f 4070 4125 4081
f 4087 4086 4097
f 4087 4097 4098
f 4084 4083 4094
f 4084 4094 4095
f 4091 4090 4101
f 4091 4101 4102
f 4081 4125 4092
f 4088 4087 4098
f 4088 4098 4099
f 4085 4084 4095
f 4085 4095 4096
f 4159 4091 4102
f 4082 4081 4092
f 4082 4092 4093
f 4089 4088 4099
f 4089 4099 4100
f 4086 4085 4096
f 4086 4096 4097
f 4083 4082 4093
f 4083 4093 4094
f 4090 4089 4100
f 4090 4100 4101
f 4100 4099 4110
f 4100 4110 4111
f 4097 4096 4107
f 4097 4107 4108
f 4094 4093 4104
f 4094 4104 4105
f 4101 4100 4111
f 4101 4111 4112
f 4098 4097 4108
f 4098 4108 4109
f 4095 4094 4105
f 4095 4105 4106
f 4102 4101 4112
f 4102 4112 4113
f 4092 4125 4103
f 4099 4098 4109
f 4099 4109 4110
f 4096 4095 4106
f 4096 4106 4107
f 4159 4102 4113
f 4093 4092 4103
f 4093 4103 4104
f 4103 4125 4114
f 4110 4109 4120
f 4110 4120 4121
f 4107 4106 4117
f 4107 4117 4118
f 4159 4113 4124
f 4104 4103 4114
f 4104 4114 4115
f 4111 4110 4121
f 4111 4121 4122
f 4108 4107 4118
f 4108 4118 4119
f 4105 4104 4115
f 4105 4115 4116
f 4112 4111 4122
f 4112 4122 4123
f 4109 4108 4119
f 4109 4119 4120
f 4106 4105 4116
f 4106 4116 4117
f 4113 4112 4123
f 4113 4123 4124
f 4123 4122 4134
f 4123 4134 4135
f 4120 4119 4131
f 4120 4131 4132
f 4117 4116 4128
f 4117 4128 4129
f 4124 4123 4135
f 4124 4135 4136
f 4114 4125 4126
f 4121 4120 4132
f 4121 4132 4133
f 4118 4117 4129
f 4118 4129 4130
f 4159 4124 4136
f 4115 4114 4126
f 4115 4126 4127
f 4122 4121 4133
f 4122 4133 4134
f 4119 4118 4130
f 4119 4130 4131
f 4116 4115 4127
f 4116 4127 4128
f 4127 4126 4137
f 4127 4137 4138
f 4134 4133 4144
f 4134 4144 4145
f 4131 4130 4141
f 4131 4141 4142
f 4128 4127 4138
f 4128 4138 4139
f 4135 4134 4145
f 4135 4145 4146
f 4132 4131 4142
f 4132 4142 4143
f 4129 4128 4139
f 4129 4139 4140
f 4136 4135 4146
f 4136 4146 4147
f 4126 4125 4137
f 4133 4132 4143
f 4133 4143 4144
f 4130 4129 4140
f 4130 4140 4141
f 4159 4136 4147
f 4147 4146 4157
f 4147 4157 4158
f 4137 4125 4148
f 4144 4143 4154
f 4144 4154 4155
f 4141 4140 4151
f 4141 4151 4152
f 4159 4147 4158
f 4138 4137 4148
f 4138 4148 4149
f 4145 4144 4155
f 4145 4155 4156
f 4142 4141 4152
f 4142 4152 4153
f 4139 4138 4149
f 4139 4149 4150
f 4146 4145 4156
f 4146 4156 4157
f 4143 4142 4153
f 4143 4153 4154
f 4140 4139 4150
f 4140 4150 4151
f 4150 4149 4161
f 4150 4161 4162
f 4157 4156 4168
f 4157 4168 4169
f 4154 4153 4165
f 4154 4165 4166
f 4151 4150 4162
f 4151 4162 4163
f 4158 4157 4169
f 4158 4169 4170
f 4148 4125 4160
f 4155 4154 4166
f 4155 4166 4167
f 4152 4151 4163
f 4152 4163 4164
f 4159 4158 4170
f 4149 4148 4160
f 4149 4160 4161
f 4156 4155 4167
f 4156 4167 4168
f 4153 4152 4164
f 4153 4164 4165
f 4159 4170 4181
f 4161 4160 4171
f 4161 4171 4172
f 4168 4167 4178
f 4168 4178 4179
f 4165 4164 4175
f 4165 4175 4176
f 4162 4161 4172
f 4162 4172 4173
f 4169 4168 4179
f 4169 4179 4180
f 4166 4165 4176
f 4166 4176 4177
f 4163 4162 4173
f 4163 4173 4174
f 4170 4169 4180
f 4170 4180 4181
f 4160 4125 4171
f 4167 4166 4177
f 4167 4177 4178
f 4164 4163 4174
f 4164 4174 4175
f 4174 4173 4184
f 4174 4184 4185
f 4181 4180 4191
f 4181 4191 4192
f 4171 4125 4182
f 4178 4177 4188
f 4178 4188 4189
f 4175 4174 4185
f 4175 4185 4186
f 4159 4181 4192
f 4172 4171 4182
f 4172 4182 4183
f 4179 4178 4189
f 4179 4189 4190
f 4176 4175 4186
f 4176 4186 4187
f 4173 4172 4183
f 4173 4183 4184
f 4180 4179 4190
f 4180 4190 4191
f 4177 4176 4187
f 4177 4187 4188
f 4184 4183 4194
f 4184 4194 4195
f 4191 4190 4201
f 4191 4201 4202
f 4188 4187 4198
f 4188 4198 4199
f 4185 4184 4195
f 4185 4195 4196
f 4192 4191 4202
f 4192 4202 4203
f 4182 4125 4193
f 4189 4188 4199
f 4189 4199 4200
f 4186 4185 4196
f 4186 4196 4197
f 4159 4192 4203
f 4183 4182 4193
f 4183 4193 4194
f 4190 4189 4200
f 4190 4200 4201
f 4187 4186 4197
f 4187 4197 4198
f 4197 4196 4207
f 4197 4207 4208
f 4159 4203 4214
f 4194 4193 4204
f 4194 4204 4205
f 4201 4200 4211
f 4201 4211 4212
f 4198 4197 4208
f 4198 4208 4209
f 4195 4194 4205
f 4195 4205 4206
f 4202 4201 4212
f 4202 4212 4213
f 4199 4198 4209
f 4199 4209 4210
f 4196 4195 4206
f 4196 4206 4207
f 4203 4202 4213
f 4203 4213 4214
f 4193 4125 4204
f 4200 4199 4210
f 4200 4210 4211
f 4207 4206 4217
f 4207 4217 4218
f 4214 4213 4224
f 4214 4224 4225
f 4204 4125 4215
f 4211 4210 4221
f 4211 4221 4222
f 4208 4207 4218
f 4208 4218 4219
f 4159 4214 4225
f 4205 4204 4215
f 4205 4215 4216
f 4212 4211 4222
f 4212 4222 4223
f 4209 4208 4219
f 4209 4219 4220
f 4206 4205 4216
f 4206 4216 4217
f 4213 4212 4223
f 4213 4223 4224
f 4210 4209 4220
f 4210 4220 4221
f 4220 4219 4230
f 4220 4230 4231
f 4217 4216 4227
f 4217 4227 4228
f 4224 4223 4234
f 4224 4234 4235
f 4221 4220 4231
f 4221 4231 4232
f 4218 4217 4228
f 4218 4228 4229
f 4225 4224 4235
f 4225 4235 4236
f 4215 4125 4226
f 4222 4221 4232
f 4222 4232 4233
f 4219 4218 4229
f 4219 4229 4230
f 4159 4225 4236
f 4216 4215 4226
f 4216 4226 4227
f 4223 4222 4233
f 4223 4233 4234
f 4230 4229 4240
f 4230 4240 4241
f 4159 4236 4247
f 4227 4226 4237
f 4227 4237 4238
f 4234 4233 4244
f 4234 4244 4245
f 4231 4230 4241
f 4231 4241 4242
f 4228 4227 4238
f 4228 4238 4239
f 4235 4234 4245
f 4235 4245 4246
f 4232 4231 4242
f 4232 4242 4243
f 4229 4228 4239
f 4229 4239 4240
f 4236 4235 4246
f 4236 4246 4247
f 4226 4125 4237
f 4233 4232 4243
f 4233 4243 4244
f 4243 4242 4251
f 4243 4251 4252
f 4240 4239 3991
f 4240 3991 3992
f 4247 4246 4255
f 4247 4255 4256
f 4237 4125 4248
f 4244 4243 4252
f 4244 4252 4253
f 4241 4240 3992
f 4241 3992 4250
f 4159 4247 4256
f 4238 4237 4248
f 4238 4248 4249
f 4245 4244 4253
f 4245 4253 4254
f 4242 4241 4250
f 4242 4250 4251
f 4239 4238 4249
f 4239 4249 3991
f 4246 4245 4254
f 4246 4254 4255
f 4258 4257 4261
f 4258 4261 4262
f 4522 4521 4268
f 4522 4268 4269
f 4514 4391 4259
f 4519 4518 4265
f 4519 4265 4266
f 4516 4258 4262
f 4516 4262 4263
f 4425 4522 4269
f 4515 4514 4259
f 4515 4259 4260
f 4520 4519 4266
f 4520 4266 4267
f 4517 4516 4263
f 4517 4263 4264
f 4257 4515 4260
f 4257 4260 4261
f 4521 4520 4267
f 4521 4267 4268
f 4518 4517 4264
f 4518 4264 4265
f 4267 4266 4277
f 4267 4277 4278
f 4264 4263 4274
f 4264 4274 4275
f 4261 4260 4271
f 4261 4271 4272
f 4268 4267 4278
f 4268 4278 4279
f 4265 4264 4275
f 4265 4275 4276
f 4262 4261 4272
f 4262 4272 4273
f 4269 4268 4279
f 4269 4279 4280
f 4259 4391 4270
f 4266 4265 4276
f 4266 4276 4277
f 4263 4262 4273
f 4263 4273 4274
f 4425 4269 4280
f 4260 4259 4270
f 4260 4270 4271
f 4270 4391 4281
f 4277 4276 4287
f 4277 4287 4288
f 4274 4273 4284
f 4274 4284 4285
f 4425 4280 4291
f 4271 4270 4281
f 4271 4281 4282
f 4278 4277 4288
f 4278 4288 4289
f 4275 4274 4285
f 4275 4285 4286
f 4272 4271 4282
f 4272 4282 4283
f 4279 4278 4289
f 4279 4289 4290
f 4276 4275 4286
f 4276 4286 4287
f 4273 4272 4283
f 4273 4283 4284
f 4280 4279 4290
f 4280 4290 4291
f 4290 4289 4300
f 4290 4300 4301
f 4287 4286 4297
f 4287 4297 4298
f 4284 4283 4294
f 4284 4294 4295
f 4291 4290 4301
f 4291 4301 4302
f 4281 4391 4292
f 4288 4287 4298
f 4288 4298 4299
f 4285 4284 4295
f 4285 4295 4296
f 4425 4291 4302
f 4282 4281 4292
f 4282 4292 4293
f 4289 4288 4299
f 4289 4299 4300
f 4286 4285 4296
f 4286 4296 4297
f 4283 4282 4293
f 4283 4293 4294
f 4293 4292 4303
f 4293 4303 4304
f 4300 4299 4310
f 4300 4310 4311
f 4297 4296 4307
f 4297 4307 4308
f 4294 4293 4304
f 4294 4304 4305
f 4301 4300 4311
f 4301 4311 4312
f 4298 4297 4308
f 4298 4308 4309
f 4295 4294 4305
f 4295 4305 4306
f 4302 4301 4312
f 4302 4312 4313
f 4292 4391 4303
f 4299 4298 4309
f 4299 4309 4310
f 4296 4295 4306
f 4296 4306 4307
f 4425 4302 4313
f 4313 4312 4323
f 4313 4323 4324
f 4303 4391 4314
f 4310 4309 4320
f 4310 4320 4321
f 4307 4306 4317
f 4307 4317 4318
f 4425 4313 4324
f 4304 4303 4314
f 4304 4314 4315
f 4311 4310 4321
f 4311 4321 4322
f 4308 4307 4318
f 4308 4318 4319
f 4305 4304 4315
f 4305 4315 4316
f 4312 4311 4322
f 4312 4322 4323
f 4309 4308 4319
f 4309 4319 4320
f 4306 4305 4316
f 4306 4316 4317
f 4316 4315 4326
f 4316 4326 4327
f 4323 4322 4333
f 4323 4333 4334
f 4320 4319 4330
f 4320 4330 4331
f 4317 4316 4327
f 4317 4327 4328
f 4324 4323 4334
f 4324 4334 4335
f 4314 4391 4325
f 4321 4320 4331
f 4321 4331 4332
f 4318 4317 4328
f 4318 4328 4329
f 4425 4324 4335
f 4315 4314 4325
f 4315 4325 4326
f 4322 4321 4332
f 4322 4332 4333
f 4319 4318 4329
f 4319 4329 4330
f 4425 4335 4346
f 4326 4325 4336
f 4326 4336 4337
f 4333 4332 4343
f 4333 4343 4344
f 4330 4329 4340
f 4330 4340 4341
f 4327 4326 4337
f 4327 4337 4338
f 4334 4333 4344
f 4334 4344 4345
f 4331 4330 4341
f 4331 4341 4342
f 4328 4327 4338
f 4328 4338 4339
f 4335 4334 4345
f 4335 4345 4346
f 4325 4391 4336
f 4332 4331 4342
f 4332 4342 4343
f 4329 4328 4339
f 4329 4339 4340
f 4339 4338 4349
f 4339 4349 4350
f 4346 4345 4356
f 4346 4356 4357
f 4336 4391 4347
f 4343 4342 4353
f 4343 4353 4354
f 4340 4339 4350
f 4340 4350 4351
f 4425 4346 4357
f 4337 4336 4347
f 4337 4347 4348
f 4344 4343 4354
f 4344 4354 4355
f 4341 4340 4351
f 4341 4351 4352
f 4338 4337 4348
f 4338 4348 4349
f 4345 4344 4355
f 4345 4355 4356
f 4342 4341 4352
f 4342 4352 4353
f 4349 4348 4359
f 4349 4359 4360
f 4356 4355 4366
f 4356 4366 4367
f 4353 4352 4363
f 4353 4363 4364
f 4350 4349 4360
f 4350 4360 4361
f 4357 4356 4367
f 4357 4367 4368
f 4347 4391 4358
f 4354 4353 4364
f 4354 4364 4365
f 4351 4350 4361
f 4351 4361 4362
f 4425 4357 4368
f 4348 4347 4358
f 4348 4358 4359
f 4355 4354 4365
f 4355 4365 4366
f 4352 4351 4362
f 4352 4362 4363
f 4362 4361 4372
f 4362 4372 4373
f 4425 4368 4379
f 4359 4358 4369
f 4359 4369 4370
f 4366 4365 4376
f 4366 4376 4377
f 4363 4362 4373
f 4363 4373 4374
f 4360 4359 4370
f 4360 4370 4371
f 4367 4366 4377
f 4367 4377 4378
f 4364 4363 4374
f 4364 4374 4375
f 4361 4360 4371
f 4361 4371 4372
f 4368 4367 4378
f 4368 4378 4379
f 4358 4391 4369
f 4365 4364 4375
f 4365 4375 4376
f 4372 4371 4382
f 4372 4382 4383
f 4379 4378 4389
f 4379 4389 4390
f 4369 4391 4380
f 4376 4375 4386
f 4376 4386 4387
f 4373 4372 4383
f 4373 4383 4384
f 4425 4379 4390
f 4370 4369 4380
f 4370 4380 4381
f 4377 4376 4387
f 4377 4387 4388
f 4374 4373 4384
f 4374 4384 4385
f 4371 4370 4381
f 4371 4381 4382
f 4378 4377 4388
f 4378 4388 4389
f 4375 4374 4385
f 4375 4385 4386
f 4385 4384 4396
f 4385 4396 4397
f 4382 4381 4393
f 4382 4393 4394
f 4389 4388 4400
f 4389 4400 4401
f 4386 4385 4397
f 4386 4397 4398
f 4383 4382 4394
f 4383 4394 4395
f 4390 4389 4401
f 4390 4401 4402
f 4380 4391 4392
f 4387 4386 4398
f 4387 4398 4399
f 4384 4383 4395
f 4384 4395 4396
f 4425 4390 4402
f 4381 4380 4392
f 4381 4392 4393
f 4388 4387 4399
f 4388 4399 4400
f 4396 4395 4406
f 4396 4406 4407
f 4425 4402 4413
f 4393 4392 4403
f 4393 4403 4404
f 4400 4399 4410
f 4400 4410 4411
f 4397 4396 4407
f 4397 4407 4408
f 4394 4393 4404
f 4394 4404 4405
f 4401 4400 4411
f 4401 4411 4412
f 4398 4397 4408
f 4398 4408 4409
f 4395 4394 4405
f 4395 4405 4406
f 4402 4401 4412
f 4402 4412 4413
f 4392 4391 4403
f 4399 4398 4409
f 4399 4409 4410
f 4409 4408 4419
f 4409 4419 4420
f 4406 4405 4416
f 4406 4416 4417
f 4413 4412 4423
f 4413 4423 4424
f 4403 4391 4414
f 4410 4409 4420
f 4410 4420 4421
f 4407 4406 4417
f 4407 4417 4418
f 4425 4413 4424
f 4404 4403 4414
f 4404 4414 4415
f 4411 4410 4421
f 4411 4421 4422
f 4408 4407 4418
f 4408 4418 4419
f 4405 4404 4415
f 4405 4415 4416
f 4412 4411 4422
f 4412 4422 4423
f 4419 4418 4430
f 4419 4430 4431
f 4416 4415 4427
f 4416 4427 4428
f 4423 4422 4434
f 4423 4434 4435
f 4420 4419 4431
f 4420 4431 4432
f 4417 4416 4428
f 4417 4428 4429
f 4424 4423 4435
f 4424 4435 4436
f 4414 4391 4426
f 4421 4420 4432
f 4421 4432 4433
f 4418 4417 4429
f 4418 4429 4430
f 4425 4424 4436
f 4415 4414 4426
f 4415 4426 4427
f 4422 4421 4433
f 4422 4433 4434
f 4433 4432 4443
f 4433 4443 4444
f 4430 4429 4440
f 4430 4440 4441
f 4425 4436 4447
f 4427 4426 4437
f 4427 4437 4438
f 4434 4433 4444
f 4434 4444 4445
f 4431 4430 4441
f 4431 4441 4442
f 4428 4427 4438
f 4428 4438 4439
f 4435 4434 4445
f 4435 4445 4446
f 4432 4431 4442
f 4432 4442 4443
f 4429 4428 4439
f 4429 4439 4440
f 4436 4435 4446
f 4436 4446 4447
f 4426 4391 4437
f 4443 4442 4453
f 4443 4453 4454
f 4440 4439 4450
f 4440 4450 4451
f 4447 4446 4457
f 4447 4457 4458
f 4437 4391 4448
f 4444 4443 4454
f 4444 4454 4455
f 4441 4440 4451
f 4441 4451 4452
f 4425 4447 4458
f 4438 4437 4448
f 4438 4448 4449
f 4445 4444 4455
f 4445 4455 4456
f 4442 4441 4452
f 4442 4452 4453
f 4439 4438 4449
f 4439 4449 4450
f 4446 4445 4456
f 4446 4456 4457
f 4456 4455 4466
f 4456 4466 4467
f 4453 4452 4463
f 4453 4463 4464
f 4450 4449 4460
f 4450 4460 4461
f 4457 4456 4467
f 4457 4467 4468
f 4454 4453 4464
f 4454 4464 4465
f 4451 4450 4461
f 4451 4461 4462
f 4458 4457 4468
f 4458 4468 4469
f 4448 4391 4459
f 4455 4454 4465
f 4455 4465 4466
f 4452 4451 4462
f 4452 4462 4463
f 4425 4458 4469
f 4449 4448 4459
f 4449 4459 4460
f 4459 4391 4470
f 4466 4465 4476
f 4466 4476 4477
f 4463 4462 4473
f 4463 4473 4474
f 4425 4469 4480
f 4460 4459 4470
f 4460 4470 4471
f 4467 4466 4477
f 4467 4477 4478
f 4464 4463 4474
f 4464 4474 4475
f 4461 4460 4471
f 4461 4471 4472
f 4468 4467 4478
f 4468 4478 4479
f 4465 4464 4475
f 4465 4475 4476
f 4462 4461 4472
f 4462 4472 4473
f 4469 4468 4479
f 4469 4479 4480
f 4479 4478 4489
f 4479 4489 4490
f 4476 4475 4486
f 4476 4486 4487
f 4473 4472 4483
f 4473 4483 4484
f 4480 4479 4490
f 4480 4490 4491
f 4470 4391 4481
f 4477 4476 4487
f 4477 4487 4488
f 4474 4473 4484
f 4474 4484 4485
f 4425 4480 4491
f 4471 4470 4481
f 4471 4481 4482
f 4478 4477 4488
f 4478 4488 4489
f 4475 4474 4485
f 4475 4485 4486
f 4472 4471 4482
f 4472 4482 4483
f 4482 4481 4492
f 4482 4492 4493
f 4489 4488 4499
f 4489 4499 4500
f 4486 4485 4496
f 4486 4496 4497
f 4483 4482 4493
f 4483 4493 4494
f 4490 4489 4500
f 4490 4500 4501
f 4487 4486 4497
f 4487 4497 4498
f 4484 4483 4494
f 4484 4494 4495
f 4491 4490 4501
f 4491 4501 4502
f 4481 4391 4492
f 4488 4487 4498
f 4488 4498 4499
f 4485 4484 4495
f 4485 4495 4496
f 4425 4491 4502
f 4502 4501 4512
f 4502 4512 4513
f 4492 4391 4503
f 4499 4498 4509
f 4499 4509 4510
f 4496 4495 4506
f 4496 4506 4507
f 4425 4502 4513
f 4493 4492 4503
f 4493 4503 4504
f 4500 4499 4510
f 4500 4510 4511
f 4497 4496 4507
f 4497 4507 4508
f 4494 4493 4504
f 4494 4504 4505
f 4501 4500 4511
f 4501 4511 4512
f 4498 4497 4508
f 4498 4508 4509
f 4495 4494 4505
f 4495 4505 4506
f 4505 4504 4515
f 4505 4515 4257
f 4512 4511 4520
f 4512 4520 4521
f 4509 4508 4517
f 4509 4517 4518
f 4506 4505 4257
f 4506 4257 4258
f 4513 4512 4521
f 4513 4521 4522
f 4503 4391 4514
f 4510 4509 4518
f 4510 4518 4519
f 4507 4506 4258
f 4507 4258 4516
f 4425 4513 4522
f 4504 4503 4514
f 4504 4514 4515
f 4511 4510 4519
f 4511 4519 4520
f 4508 4507 4516
f 4508 4516 4517
f 4523 4781 4526
f 4523 4526 4527
f 4787 4786 4533
f 4787 4533 4534
f 4784 4783 4530
f 4784 4530 4531
f 4524 4523 4527
f 4524 4527 4528
f 4788 4787 4534
f 4788 4534 4535
f 4780 4657 4525
f 4785 4784 4531
f 4785 4531 4532
f 4782 4524 4528
f 4782 4528 4529
f 4691 4788 4535
f 4781 4780 4525
f 4781 4525 4526
f 4786 4785 4532
f 4786 4532 4533
f 4783 4782 4529
f 4783 4529 4530
f 4532 4531 4542
f 4532 4542 4543
f 4529 4528 4539
f 4529 4539 4540
f 4691 4535 4546
f 4526 4525 4536
f 4526 4536 4537
f 4533 4532 4543
f 4533 4543 4544
f 4530 4529 4540
f 4530 4540 4541
f 4527 4526 4537
f 4527 4537 4538
f 4534 4533 4544
f 4534 4544 4545
f 4531 4530 4541
f 4531 4541 4542
f 4528 4527 4538
f 4528 4538 4539
f 4535 4534 4545
f 4535 4545 4546
f 4525 4657 4536
f 4542 4541 4552
f 4542 4552 4553
f 4539 4538 4549
f 4539 4549 4550
f 4546 4545 4556
f 4546 4556 4557
f 4536 4657 4547
f 4543 4542 4553
f 4543 4553 4554
f 4540 4539 4550
f 4540 4550 4551
f 4691 4546 4557
f 4537 4536 4547
f 4537 4547 4548
f 4544 4543 4554
f 4544 4554 4555
f 4541 4540 4551
f 4541 4551 4552
f 4538 4537 4548
f 4538 4548 4549
f 4545 4544 4555
f 4545 4555 4556
f 4555 4554 4565
f 4555 4565 4566
f 4552 4551 4562
f 4552 4562 4563
f 4549 4548 4559
f 4549 4559 4560
f 4556 4555 4566
f 4556 4566 4567
f 4553 4552 4563
f 4553 4563 4564
f 4550 4549 4560
f 4550 4560 4561
f 4557 4556 4567
f 4557 4567 4568
f 4547 4657 4558
f 4554 4553 4564
f 4554 4564 4565
f 4551 4550 4561
f 4551 4561 4562
f 4691 4557 4568
f 4548 4547 4558
f 4548 4558 4559
f 4558 4657 4569
f 4565 4564 4575
f 4565 4575 4576
f 4562 4561 4572
f 4562 4572 4573
f 4691 4568 4579
f 4559 4558 4569
f 4559 4569 4570
f 4566 4565 4576
f 4566 4576 4577
f 4563 4562 4573
f 4563 4573 4574
f 4560 4559 4570
f 4560 4570 4571
f 4567 4566 4577
f 4567 4577 4578
f 4564 4563 4574
f 4564 4574 4575
f 4561 4560 4571
f 4561 4571 4572
f 4568 4567 4578
f 4568 4578 4579
f 4578 4577 4588
f 4578 4588 4589
f 4575 4574 4585
f 4575 4585 4586
f 4572 4571 4582
f 4572 4582 4583
f 4579 4578 4589
f 4579 4589 4590
f 4569 4657 4580
f 4576 4575 4586
f 4576 4586 4587
f 4573 4572 4583
f 4573 4583 4584
f 4691 4579 4590
f 4570 4569 4580
f 4570 4580 4581
f 4577 4576 4587
f 4577 4587 4588
f 4574 4573 4584
f 4574 4584 4585
f 4571 4570 4581
f 4571 4581 4582
f 4581 4580 4591
f 4581 4591 4592
f 4588 4587 4598
f 4588 4598 4599
f 4585 4584 4595
f 4585 4595 4596
f 4582 4581 4592
f 4582 4592 4593
f 4589 4588 4599
f 4589 4599 4600
f 4586 4585 4596
f 4586 4596 4597
f 4583 4582 4593
f 4583 4593 4594
f 4590 4589 4600
f 4590 4600 4601
f 4580 4657 4591
f 4587 4586 4597
f 4587 4597 4598
f 4584 4583 4594
f 4584 4594 4595
f 4691 4590 4601
f 4601 4600 4611
f 4601 4611 4612
f 4591 4657 4602
f 4598 4597 4608
f 4598 4608 4609
f 4595 4594 4605
f 4595 4605 4606
f 4691 4601 4612
f 4592 4591 4602
f 4592 4602 4603
f 4599 4598 4609
f 4599 4609 4610
f 4596 4595 4606
f 4596 4606 4607
f 4593 4592 4603
f 4593 4603 4604
f 4600 4599 4610
f 4600 4610 4611
f 4597 4596 4607
f 4597 4607 4608
f 4594 4593 4604
f 4594 4604 4605
f 4604 4603 4614
f 4604 4614 4615
f 4611 4610 4621
f 4611 4621 4622
f 4608 4607 4618
f 4608 4618 4619
f 4605 4604 4615
f 4605 4615 4616
f 4612 4611 4622
f 4612 4622 4623
f 4602 4657 4613
f 4609 4608 4619
f 4609 4619 4620
f 4606 4605 4616
f 4606 4616 4617
f 4691 4612 4623
f 4603 4602 4613
f 4603 4613 4614
f 4610 4609 4620
f 4610 4620 4621
f 4607 4606 4617
f 4607 4617 4618
f 4691 4623 4634
f 4614 4613 4624
f 4614 4624 4625
f 4621 4620 4631
f 4621 4631 4632
f 4618 4617 4628
f 4618 4628 4629
f 4615 4614 4625
f 4615 4625 4626
f 4622 4621 4632
f 4622 4632 4633
f 4619 4618 4629
f 4619 4629 4630
f 4616 4615 4626
f 4616 4626 4627
f 4623 4622 4633
f 4623 4633 4634
f 4613 4657 4624
f 4620 4619 4630
f 4620 4630 4631
f 4617 4616 4627
f 4617 4627 4628
f 4627 4626 4637
f 4627 4637 4638
f 4634 4633 4644
f 4634 4644 4645
f 4624 4657 4635
f 4631 4630 4641
f 4631 4641 4642
f 4628 4627 4638
f 4628 4638 4639
f 4691 4634 4645
f 4625 4624 4635
f 4625 4635 4636
f 4632 4631 4642
f 4632 4642 4643
f 4629 4628 4639
f 4629 4639 4640
f 4626 4625 4636
f 4626 4636 4637
f 4633 4632 4643
f 4633 4643 4644
f 4630 4629 4640
f 4630 4640 4641
f 4637 4636 4647
f 4637 4647 4648
f 4644 4643 4654
f 4644 4654 4655
f 4641 4640 4651
f 4641 4651 4652
f 4638 4637 4648
f 4638 4648 4649
f 4645 4644 4655
f 4645 4655 4656
f 4635 4657 4646
f 4642 4641 4652
f 4642 4652 4653
f 4639 4638 4649
f 4639 4649 4650
f 4691 4645 4656
f 4636 4635 4646
f 4636 4646 4647
f 4643 4642 4653
f 4643 4653 4654
f 4640 4639 4650
f 4640 4650 4651
f 4650 4649 4661
f 4650 4661 4662
f 4691 4656 4668
f 4647 4646 4658
f 4647 4658 4659
f 4654 4653 4665
f 4654 4665 4666
f 4651 4650 4662
f 4651 4662 4663
f 4648 4647 4659
f 4648 4659 4660
f 4655 4654 4666
f 4655 4666 4667
f 4652 4651 4663
f 4652 4663 4664
f 4649 4648 4660
f 4649 4660 4661
f 4656 4655 4667
f 4656 4667 4668
f 4646 4657 4658
f 4653 4652 4664
f 4653 4664 4665
f 4661 4660 4671
f 4661 4671 4672
f 4668 4667 4678
f 4668 4678 4679
f 4658 4657 4669
f 4665 4664 4675
f 4665 4675 4676
f 4662 4661 4672
f 4662 4672 4673
f 4691 4668 4679
f 4659 4658 4669
f 4659 4669 4670
f 4666 4665 4676
f 4666 4676 4677
f 4663 4662 4673
f 4663 4673 4674
f 4660 4659 4670
f 4660 4670 4671
f 4667 4666 4677
f 4667 4677 4678
f 4664 4663 4674
f 4664 4674 4675
f 4674 4673 4684
f 4674 4684 4685
f 4671 4670 4681
f 4671 4681 4682
f 4678 4677 4688
f 4678 4688 4689
f 4675 4674 4685
f 4675 4685 4686
f 4672 4671 4682
f 4672 4682 4683
f 4679 4678 4689
f 4679 4689 4690
f 4669 4657 4680
f 4676 4675 4686
f 4676 4686 4687
f 4673 4672 4683
f 4673 4683 4684
f 4691 4679 4690
f 4670 4669 4680
f 4670 4680 4681
f 4677 4676 4687
f 4677 4687 4688
f 4684 4683 4695
f 4684 4695 4696
f 4691 4690 4702
f 4681 4680 4692
f 4681 4692 4693
f 4688 4687 4699
f 4688 4699 4700
f 4685 4684 4696
f 4685 4696 4697
f 4682 4681 4693
f 4682 4693 4694
f 4689 4688 4700
f 4689 4700 4701
f 4686 4685 4697
f 4686 4697 4698
f 4683 4682 4694
f 4683 4694 4695
f 4690 4689 4701
f 4690 4701 4702
f 4680 4657 4692
f 4687 4686 4698
f 4687 4698 4699
f 4698 4697 4708
f 4698 4708 4709
f 4695 4694 4705
f 4695 4705 4706
f 4702 4701 4712
f 4702 4712 4713
f 4692 4657 4703
f 4699 4698 4709
f 4699 4709 4710
f 4696 4695 4706
f 4696 4706 4707
f 4691 4702 4713
f 4693 4692 4703
f 4693 4703 4704
f 4700 4699 4710
f 4700 4710 4711
f 4697 4696 4707
f 4697 4707 4708
f 4694 4693 4704
f 4694 4704 4705
f 4701 4700 4711
f 4701 4711 4712
f 4708 4707 4718
f 4708 4718 4719
f 4705 4704 4715
f 4705 4715 4716
f 4712 4711 4722
f 4712 4722 4723
f 4709 4708 4719
f 4709 4719 4720
f 4706 4705 4716
f 4706 4716 4717
f 4713 4712 4723
f 4713 4723 4724
f 4703 4657 4714
f 4710 4709 4720
f 4710 4720 4721
f 4707 4706 4717
f 4707 4717 4718
f 4691 4713 4724
f 4704 4703 4714
f 4704 4714 4715
f 4711 4710 4721
f 4711 4721 4722
f 4721 4720 4731
f 4721 4731 4732
f 4718 4717 4728
f 4718 4728 4729
f 4691 4724 4735
f 4715 4714 4725
f 4715 4725 4726
f 4722 4721 4732
f 4722 4732 4733
f 4719 4718 4729
f 4719 4729 4730
f 4716 4715 4726
f 4716 4726 4727
f 4723 4722 4733
f 4723 4733 4734
f 4720 4719 4730
f 4720 4730 4731
f 4717 4716 4727
f 4717 4727 4728
f 4724 4723 4734
f 4724 4734 4735
f 4714 4657 4725
f 4731 4730 4741
f 4731 4741 4742
f 4728 4727 4738
f 4728 4738 4739
f 4735 4734 4745
f 4735 4745 4746
f 4725 4657 4736
f 4732 4731 4742
f 4732 4742 4743
f 4729 4728 4739
f 4729 4739 4740
f 4691 4735 4746
f 4726 4725 4736
f 4726 4736 4737
f 4733 4732 4743
f 4733 4743 4744
f 4730 4729 4740
f 4730 4740 4741
f 4727 4726 4737
f 4727 4737 4738
f 4734 4733 4744
f 4734 4744 4745
f 4744 4743 4754
f 4744 4754 4755
f 4741 4740 4751
f 4741 4751 4752
f 4738 4737 4748
f 4738 4748 4749
f 4745 4744 4755
f 4745 4755 4756
f 4742 4741 4752
f 4742 4752 4753
f 4739 4738 4749
f 4739 4749 4750
f 4746 4745 4756
f 4746 4756 4757
f 4736 4657 4747
f 4743 4742 4753
f 4743 4753 4754
f 4740 4739 4750
f 4740 4750 4751
f 4691 4746 4757
f 4737 4736 4747
f 4737 4747 4748
f 4747 4657 4758
f 4754 4753 4764
f 4754 4764 4765
f 4751 4750 4761
f 4751 4761 4762
f 4691 4757 4768
f 4748 4747 4758
f 4748 4758 4759
f 4755 4754 4765
f 4755 4765 4766
f 4752 4751 4762
f 4752 4762 4763
f 4749 4748 4759
f 4749 4759 4760
f 4756 4755 4766
f 4756 4766 4767
f 4753 4752 4763
f 4753 4763 4764
f 4750 4749 4760
f 4750 4760 4761
f 4757 4756 4767
f 4757 4767 4768
f 4767 4766 4777
f 4767 4777 4778
f 4764 4763 4774
f 4764 4774 4775
f 4761 4760 4771
f 4761 4771 4772
f 4768 4767 4778
f 4768 4778 4779
f 4758 4657 4769
f 4765 4764 4775
f 4765 4775 4776
f 4762 4761 4772
f 4762 4772 4773
f 4691 4768 4779
f 4759 4758 4769
f 4759 4769 4770
f 4766 4765 4776
f 4766 4776 4777
f 4763 4762 4773
f 4763 4773 4774
f 4760 4759 4770
f 4760 4770 4771
f 4770 4769 4780
f 4770 4780 4781
f 4777 4776 4785
f 4777 4785 4786
f 4774 4773 4782
f 4774 4782 4783
f 4771 4770 4781
f 4771 4781 4523
f 4778 4777 4786
f 4778 4786 4787
f 4775 4774 4783
f 4775 4783 4784
f 4772 4771 4523
f 4772 4523 4524
f 4779 4778 4787
f 4779 4787 4788
f 4769 4657 4780
f 4776 4775 4784
f 4776 4784 4785
f 4773 4772 4524
f 4773 4524 4782
f 4691 4779 4788
f 5052 5051 4798
f 5052 4798 4799
f 5049 5048 4795
f 5049 4795 4796
f 4789 5047 4792
f 4789 4792 4793
f 5053 5052 4799
f 5053 4799 4800
f 5050 5049 4796
f 5050 4796 4797
f 4790 4789 4793
f 4790 4793 4794
f 5054 5053 4800
f 5054 4800 4801
f 5046 4923 4791
f 5051 5050 4797
f 5051 4797 4798
f 5048 4790 4794
f 5048 4794 4795
f 4957 5054 4801
f 5047 5046 4791
f 5047 4791 4792
f 4794 4793 4804
f 4794 4804 4805
f 4801 4800 4811
f 4801 4811 4812
f 4791 4923 4802
f 4798 4797 4808
f 4798 4808 4809
f 4795 4794 4805
f 4795 4805 4806
f 4957 4801 4812
f 4792 4791 4802
f 4792 4802 4803
f 4799 4798 4809
f 4799 4809 4810
f 4796 4795 4806
f 4796 4806 4807
f 4793 4792 4803
f 4793 4803 4804
f 4800 4799 4810
f 4800 4810 4811
f 4797 4796 4807
f 4797 4807 4808
f 4807 4806 4817
f 4807 4817 4818
f 4804 4803 4814
f 4804 4814 4815
f 4811 4810 4821
f 4811 4821 4822
f 4808 4807 4818
f 4808 4818 4819
f 4805 4804 4815
f 4805 4815 4816
f 4812 4811 4822
f 4812 4822 4823
f 4802 4923 4813
f 4809 4808 4819
f 4809 4819 4820
f 4806 4805 4816
f 4806 4816 4817
f 4957 4812 4823
f 4803 4802 4813
f 4803 4813 4814
f 4810 4809 4820
f 4810 4820 4821
f 4817 4816 4827
f 4817 4827 4828
f 4957 4823 4834
f 4814 4813 4824
f 4814 4824 4825
f 4821 4820 4831
f 4821 4831 4832
f 4818 4817 4828
f 4818 4828 4829
f 4815 4814 4825
f 4815 4825 4826
f 4822 4821 4832
f 4822 4832 4833
f 4819 4818 4829
f 4819 4829 4830
f 4816 4815 4826
f 4816 4826 4827
f 4823 4822 4833
f 4823 4833 4834
f 4813 4923 4824
f 4820 4819 4830
f 4820 4830 4831
f 4830 4829 4840
f 4830 4840 4841
f 4827 4826 4837
f 4827 4837 4838
f 4834 4833 4844
f 4834 4844 4845
f 4824 4923 4835
f 4831 4830 4841
f 4831 4841 4842
f 4828 4827 4838
f 4828 4838 4839
f 4957 4834 4845
f 4825 4824 4835
f 4825 4835 4836
f 4832 4831 4842
f 4832 4842 4843
f 4829 4828 4839
f 4829 4839 4840
f 4826 4825 4836
f 4826 4836 4837
f 4833 4832 4843
f 4833 4843 4844
f 4840 4839 4850
f 4840 4850 4851
f 4837 4836 4847
f 4837 4847 4848
f 4844 4843 4854
f 4844 4854 4855
f 4841 4840 4851
f 4841 4851 4852
f 4838 4837 4848
f 4838 4848 4849
f 4845 4844 4855
f 4845 4855 4856
f 4835 4923 4846
f 4842 4841 4852
f 4842 4852 4853
f 4839 4838 4849
f 4839 4849 4850
f 4957 4845 4856
f 4836 4835 4846
f 4836 4846 4847
f 4843 4842 4853
f 4843 4853 4854
f 4853 4852 4863
f 4853 4863 4864
f 4850 4849 4860
f 4850 4860 4861
f 4957 4856 4867
f 4847 4846 4857
f 4847 4857 4858
f 4854 4853 4864
f 4854 4864 4865
f 4851 4850 4861
f 4851 4861 4862
f 4848 4847 4858
f 4848 4858 4859
f 4855 4854 4865
f 4855 4865 4866
f 4852 4851 4862
f 4852 4862 4863
f 4849 4848 4859
f 4849 4859 4860
f 4856 4855 4866
f 4856 4866 4867
f 4846 4923 4857
f 4863 4862 4873
f 4863 4873 4874
f 4860 4859 4870
f 4860 4870 4871
f 4867 4866 4877
f 4867 4877 4878
f 4857 4923 4868
f 4864 4863 4874
f 4864 4874 4875
f 4861 4860 4871
f 4861 4871 4872
f 4957 4867 4878
f 4858 4857 4868
f 4858 4868 4869
f 4865 4864 4875
f 4865 4875 4876
f 4862 4861 4872
f 4862 4872 4873
f 4859 4858 4869
f 4859 4869 4870
f 4866 4865 4876
f 4866 4876 4877
f 4876 4875 4886
f 4876 4886 4887
f 4873 4872 4883
f 4873 4883 4884
f 4870 4869 4880
f 4870 4880 4881
f 4877 4876 4887
f 4877 4887 4888
f 4874 4873 4884
f 4874 4884 4885
f 4871 4870 4881
f 4871 4881 4882
f 4878 4877 4888
f 4878 4888 4889
f 4868 4923 4879
f 4875 4874 4885
f 4875 4885 4886
f 4872 4871 4882
f 4872 4882 4883
f 4957 4878 4889
f 4869 4868 4879
f 4869 4879 4880
f 4879 4923 4890
f 4886 4885 4896
f 4886 4896 4897
f 4883 4882 4893
f 4883 4893 4894
f 4957 4889 4900
f 4880 4879 4890
f 4880 4890 4891
f 4887 4886 4897
f 4887 4897 4898
f 4884 4883 4894
f 4884 4894 4895
f 4881 4880 4891
f 4881 4891 4892
f 4888 4887 4898
f 4888 4898 4899
f 4885 4884 4895
f 4885 4895 4896
f 4882 4881 4892
f 4882 4892 4893
f 4889 4888 4899
f 4889 4899 4900
f 4899 4898 4909
f 4899 4909 4910
f 4896 4895 4906
f 4896 4906 4907
f 4893 4892 4903
f 4893 4903 4904
f 4900 4899 4910
f 4900 4910 4911
f 4890 4923 4901
f 4897 4896 4907
f 4897 4907 4908
f 4894 4893 4904
f 4894 4904 4905
f 4957 4900 4911
f 4891 4890 4901
f 4891 4901 4902
f 4898 4897 4908
f 4898 4908 4909
f 4895 4894 4905
f 4895 4905 4906
f 4892 4891 4902
f 4892 4902 4903
f 4902 4901 4912
f 4902 4912 4913
f 4909 4908 4919
f 4909 4919 4920
f 4906 4905 4916
f 4906 4916 4917
f 4903 4902 4913
f 4903 4913 4914
f 4910 4909 4920
f 4910 4920 4921
f 4907 4906 4917
f 4907 4917 4918
f 4904 4903 4914
f 4904 4914 4915
f 4911 4910 4921
f 4911 4921 4922
f 4901 4923 4912
f 4908 4907 4918
f 4908 4918 4919
f 4905 4904 4915
f 4905 4915 4916
f 4957 4911 4922
f 4922 4921 4933
f 4922 4933 4934
f 4912 4923 4924
f 4919 4918 4930
f 4919 4930 4931
f 4916 4915 4927
f 4916 4927 4928
f 4957 4922 4934
f 4913 4912 4924
f 4913 4924 4925
f 4920 4919 4931
f 4920 4931 4932
f 4917 4916 4928
f 4917 4928 4929
f 4914 4913 4925
f 4914 4925 4926
f 4921 4920 4932
f 4921 4932 4933
f 4918 4917 4929
f 4918 4929 4930
f 4915 4914 4926
f 4915 4926 4927
f 4926 4925 4936
f 4926 4936 4937
f 4933 4932 4943
f 4933 4943 4944
f 4930 4929 4940
f 4930 4940 4941
f 4927 4926 4937
f 4927 4937 4938
f 4934 4933 4944
f 4934 4944 4945
f 4924 4923 4935
f 4931 4930 4941
f 4931 4941 4942
f 4928 4927 4938
f 4928 4938 4939
f 4957 4934 4945
f 4925 4924 4935
f 4925 4935 4936
f 4932 4931 4942
f 4932 4942 4943
f 4929 4928 4939
f 4929 4939 4940
f 4957 4945 4956
f 4936 4935 4946
f 4936 4946 4947
f 4943 4942 4953
f 4943 4953 4954
f 4940 4939 4950
f 4940 4950 4951
f 4937 4936 4947
f 4937 4947 4948
f 4944 4943 4954
f 4944 4954 4955
f 4941 4940 4951
f 4941 4951 4952
f 4938 4937 4948
f 4938 4948 4949
f 4945 4944 4955
f 4945 4955 4956
f 4935 4923 4946
f 4942 4941 4952
f 4942 4952 4953
f 4939 4938 4949
f 4939 4949 4950
f 4949 4948 4960
f 4949 4960 4961
f 4956 4955 4967
f 4956 4967 4968
f 4946 4923 4958
f 4953 4952 4964
f 4953 4964 4965
f 4950 4949 4961
f 4950 4961 4962
f 4957 4956 4968
f 4947 4946 4958
f 4947 4958 4959
f 4954 4953 4965
f 4954 4965 4966
f 4951 4950 4962
f 4951 4962 4963
f 4948 4947 4959
f 4948 4959 4960
f 4955 4954 4966
f 4955 4966 4967
f 4952 4951 4963
f 4952 4963 4964
f 4960 4959 4970
f 4960 4970 4971
f 4967 4966 4977
f 4967 4977 4978
f 4964 4963 4974
f 4964 4974 4975
f 4961 4960 4971
f 4961 4971 4972
f 4968 4967 4978
f 4968 4978 4979
f 4958 4923 4969
f 4965 4964 4975
f 4965 4975 4976
f 4962 4961 4972
f 4962 4972 4973
f 4957 4968 4979
f 4959 4958 4969
f 4959 4969 4970
f 4966 4965 4976
f 4966 4976 4977
f 4963 4962 4973
f 4963 4973 4974
f 4973 4972 4983
f 4973 4983 4984
f 4957 4979 4990
f 4970 4969 4980
f 4970 4980 4981
f 4977 4976 4987
f 4977 4987 4988
f 4974 4973 4984
f 4974 4984 4985
f 4971 4970 4981
f 4971 4981 4982
f 4978 4977 4988
f 4978 4988 4989
f 4975 4974 4985
f 4975 4985 4986
f 4972 4971 4982
f 4972 4982 4983
f 4979 4978 4989
f 4979 4989 4990
f 4969 4923 4980
f 4976 4975 4986
f 4976 4986 4987
f 4983 4982 4993
f 4983 4993 4994
f 4990 4989 5000
f 4990 5000 5001
f 4980 4923 4991
f 4987 4986 4997
f 4987 4997 4998
f 4984 4983 4994
f 4984 4994 4995
f 4957 4990 5001
f 4981 4980 4991
f 4981 4991 4992
f 4988 4987 4998
f 4988 4998 4999
f 4985 4984 4995
f 4985 4995 4996
f 4982 4981 4992
f 4982 4992 4993
f 4989 4988 4999
f 4989 4999 5000
f 4986 4985 4996
f 4986 4996 4997
f 4996 4995 5006
f 4996 5006 5007
f 4993 4992 5003
f 4993 5003 5004
f 5000 4999 5010
f 5000 5010 5011
f 4997 4996 5007
f 4997 5007 5008
f 4994 4993 5004
f 4994 5004 5005
f 5001 5000 5011
f 5001 5011 5012
f 4991 4923 5002
f 4998 4997 5008
f 4998 5008 5009
f 4995 4994 5005
f 4995 5005 5006
f 4957 5001 5012
f 4992 4991 5002
f 4992 5002 5003
f 4999 4998 5009
f 4999 5009 5010
f 5006 5005 5016
f 5006 5016 5017
f 4957 5012 5023
f 5003 5002 5013
f 5003 5013 5014
f 5010 5009 5020
f 5010 5020 5021
f 5007 5006 5017
f 5007 5017 5018
f 5004 5003 5014
f 5004 5014 5015
f 5011 5010 5021
f 5011 5021 5022
f 5008 5007 5018
f 5008 5018 5019
f 5005 5004 5015
f 5005 5015 5016
f 5012 5011 5022
f 5012 5022 5023
f 5002 4923 5013
f 5009 5008 5019
f 5009 5019 5020
f 5019 5018 5029
f 5019 5029 5030
f 5016 5015 5026
f 5016 5026 5027
f 5023 5022 5033
f 5023 5033 5034
f 5013 4923 5024
f 5020 5019 5030
f 5020 5030 5031
f 5017 5016 5027
f 5017 5027 5028
f 4957 5023 5034
f 5014 5013 5024
f 5014 5024 5025
f 5021 5020 5031
f 5021 5031 5032
f 5018 5017 5028
f 5018 5028 5029
f 5015 5014 5025
f 5015 5025 5026
f 5022 5021 5032
f 5022 5032 5033
f 5029 5028 5039
f 5029 5039 5040
f 5026 5025 5036
f 5026 5036 5037
f 5033 5032 5043
f 5033 5043 5044
f 5030 5029 5040
f 5030 5040 5041
f 5027 5026 5037
f 5027 5037 5038
f 5034 5033 5044
f 5034 5044 5045
f 5024 4923 5035
f 5031 5030 5041
f 5031 5041 5042
f 5028 5027 5038
f 5028 5038 5039
f 4957 5034 5045
f 5025 5024 5035
f 5025 5035 5036
f 5032 5031 5042
f 5032 5042 5043
f 5042 5041 5050
f 5042 5050 5051
f 5039 5038 4790
f 5039 4790 5048
f 4957 5045 5054
f 5036 5035 5046
f 5036 5046 5047
f 5043 5042 5051
f 5043 5051 5052
f 5040 5039 5048
f 5040 5048 5049
f 5037 5036 5047
f 5037 5047 4789
f 5044 5043 5052
f 5044 5052 5053
f 5041 5040 5049
f 5041 5049 5050
f 5038 5037 4789
f 5038 4789 4790
f 5045 5044 5053
f 5045 5053 5054
f 5035 4923 5046
f 5055 5313 5058
f 5055 5058 5059
f 5319 5318 5065
f 5319 5065 5066
f 5316 5315 5062
f 5316 5062 5063
f 5056 5055 5059
f 5056 5059 5060
f 5320 5319 5066
f 5320 5066 5067
f 5312 5189 5057
f 5317 5316 5063
f 5317 5063 5064
f 5314 5056 5060
f 5314 5060 5061
f 5223 5320 5067
f 5313 5312 5057
f 5313 5057 5058
f 5318 5317 5064
f 5318 5064 5065
f 5315 5314 5061
f 5315 5061 5062
f 5064 5063 5074
f 5064 5074 5075
f 5061 5060 5071
f 5061 5071 5072
f 5223 5067 5078
f 5058 5057 5068
f 5058 5068 5069
f 5065 5064 5075
f 5065 5075 5076
f 5062 5061 5072
f 5062 5072 5073
f 5059 5058 5069
f 5059 5069 5070
f 5066 5065 5076
f 5066 5076 5077
f 5063 5062 5073
f 5063 5073 5074
f 5060 5059 5070
f 5060 5070 5071
f 5067 5066 5077
f 5067 5077 5078
f 5057 5189 5068
f 5074 5073 5084
f 5074 5084 5085
f 5071 5070 5081
f 5071 5081 5082
f 5078 5077 5088
f 5078 5088 5089
f 5068 5189 5079
f 5075 5074 5085
f 5075 5085 5086
f 5072 5071 5082
f 5072 5082 5083
f 5223 5078 5089
f 5069 5068 5079
f 5069 5079 5080
f 5076 5075 5086
f 5076 5086 5087
f 5073 5072 5083
f 5073 5083 5084
f 5070 5069 5080
f 5070 5080 5081
f 5077 5076 5087
f 5077 5087 5088
f 5087 5086 5097
f 5087 5097 5098
f 5084 5083 5094
f 5084 5094 5095
f 5081 5080 5091
f 5081 5091 5092
f 5088 5087 5098
f 5088 5098 5099
f 5085 5084 5095
f 5085 5095 5096
f 5082 5081 5092
f 5082 5092 5093
f 5089 5088 5099
f 5089 5099 5100
f 5079 5189 5090
f 5086 5085 5096
f 5086 5096 5097
f 5083 5082 5093
f 5083 5093 5094
f 5223 5089 5100
f 5080 5079 5090
f 5080 5090 5091
f 5090 5189 5101
f 5097 5096 5107
f 5097 5107 5108
f 5094 5093 5104
f 5094 5104 5105
f 5223 5100 5111
f 5091 5090 5101
f 5091 5101 5102
f 5098 5097 5108
f 5098 5108 5109
f 5095 5094 5105
f 5095 5105 5106
f 5092 5091 5102
f 5092 5102 5103
f 5099 5098 5109
f 5099 5109 5110
f 5096 5095 5106
f 5096 5106 5107
f 5093 5092 5103
f 5093 5103 5104
f 5100 5099 5110
f 5100 5110 5111
f 5110 5109 5120
f 5110 5120 5121
f 5107 5106 5117
f 5107 5117 5118
f 5104 5103 5114
f 5104 5114 5115
f 5111 5110 5121
f 5111 5121 5122
f 5101 5189 5112
f 5108 5107 5118
f 5108 5118 5119
f 5105 5104 5115
f 5105 5115 5116
f 5223 5111 5122
f 5102 5101 5112
f 5102 5112 5113
f 5109 5108 5119
f 5109 5119 5120
f 5106 5105 5116
f 5106 5116 5117
f 5103 5102 5113
f 5103 5113 5114
f 5113 5112 5123
f 5113 5123 5124
f 5120 5119 5130
f 5120 5130 5131
f 5117 5116 5127
f 5117 5127 5128
f 5114 5113 5124
f 5114 5124 5125
f 5121 5120 5131
f 5121 5131 5132
f 5118 5117 5128
f 5118 5128 5129
f 5115 5114 5125
f 5115 5125 5126
f 5122 5121 5132
f 5122 5132 5133
f 5112 5189 5123
f 5119 5118 5129
f 5119 5129 5130
f 5116 5115 5126
f 5116 5126 5127
f 5223 5122 5133
f 5133 5132 5143
f 5133 5143 5144
f 5123 5189 5134
f 5130 5129 5140
f 5130 5140 5141
f 5127 5126 5137
f 5127 5137 5138
f 5223 5133 5144
f 5124 5123 5134
f 5124 5134 5135
f 5131 5130 5141
f 5131 5141 5142
f 5128 5127 5138
f 5128 5138 5139
f 5125 5124 5135
f 5125 5135 5136
f 5132 5131 5142
f 5132 5142 5143
f 5129 5128 5139
f 5129 5139 5140
f 5126 5125 5136
f 5126 5136 5137
f 5136 5135 5146
f 5136 5146 5147
f 5143 5142 5153
f 5143 5153 5154
f 5140 5139 5150
f 5140 5150 5151
f 5137 5136 5147
f 5137 5147 5148
f 5144 5143 5154
f 5144 5154 5155
f 5134 5189 5145
f 5141 5140 5151
f 5141 5151 5152
f 5138 5137 5148
f 5138 5148 5149
f 5223 5144 5155
f 5135 5134 5145
f 5135 5145 5146
f 5142 5141 5152
f 5142 5152 5153
f 5139 5138 5149
f 5139 5149 5150
f 5223 5155 5166
f 5146 5145 5156
f 5146 5156 5157
f 5153 5152 5163
f 5153 5163 5164
f 5150 5149 5160
f 5150 5160 5161
f 5147 5146 5157
f 5147 5157 5158
f 5154 5153 5164
f 5154 5164 5165
f 5151 5150 5161
f 5151 5161 5162
f 5148 5147 5158
f 5148 5158 5159
f 5155 5154 5165
f 5155 5165 5166
f 5145 5189 5156
f 5152 5151 5162
f 5152 5162 5163
f 5149 5148 5159
f 5149 5159 5160
f 5159 5158 5169
f 5159 5169 5170
f 5166 5165 5176
f 5166 5176 5177
f 5156 5189 5167
f 5163 5162 5173
f 5163 5173 5174
f 5160 5159 5170
f 5160 5170 5171
f 5223 5166 5177
f 5157 5156 5167
f 5157 5167 5168
f 5164 5163 5174
f 5164 5174 5175
f 5161 5160 5171
f 5161 5171 5172
f 5158 5157 5168
f 5158 5168 5169
f 5165 5164 5175
f 5165 5175 5176
f 5162 5161 5172
f 5162 5172 5173
f 5169 5168 5179
f 5169 5179 5180
f 5176 5175 5186
f 5176 5186 5187
f 5173 5172 5183
f 5173 5183 5184
f 5170 5169 5180
f 5170 5180 5181
f 5177 5176 5187
f 5177 5187 5188
f 5167 5189 5178
f 5174 5173 5184
f 5174 5184 5185
f 5171 5170 5181
f 5171 5181 5182
f 5223 5177 5188
f 5168 5167 5178
f 5168 5178 5179
f 5175 5174 5185
f 5175 5185 5186
f 5172 5171 5182
f 5172 5182 5183
f 5182 5181 5193
f 5182 5193 5194
f 5223 5188 5200
f 5179 5178 5190
f 5179 5190 5191
f 5186 5185 5197
f 5186 5197 5198
f 5183 5182 5194
f 5183 5194 5195
f 5180 5179 5191
f 5180 5191 5192
f 5187 5186 5198
f 5187 5198 5199
f 5184 5183 5195
f 5184 5195 5196
f 5181 5180 5192
f 5181 5192 5193
f 5188 5187 5199
f 5188 5199 5200
f 5178 5189 5190
f 5185 5184 5196
f 5185 5196 5197
f 5193 5192 5203
f 5193 5203 5204
f 5200 5199 5210
f 5200 5210 5211
f 5190 5189 5201
f 5197 5196 5207
f 5197 5207 5208
f 5194 5193 5204
f 5194 5204 5205
f 5223 5200 5211
f 5191 5190 5201
f 5191 5201 5202
f 5198 5197 5208
f 5198 5208 5209
f 5195 5194 5205
f 5195 5205 5206
f 5192 5191 5202
f 5192 5202 5203
f 5199 5198 5209
f 5199 5209 5210
f 5196 5195 5206
f 5196 5206 5207
f 5206 5205 5216
f 5206 5216 5217
f 5203 5202 5213
f 5203 5213 5214
f 5210 5209 5220
f 5210 5220 5221
f 5207 5206 5217
f 5207 5217 5218
f 5204 5203 5214
f 5204 5214 5215
f 5211 5210 5221
f 5211 5221 5222
f 5201 5189 5212
f 5208 5207 5218
f 5208 5218 5219
f 5205 5204 5215
f 5205 5215 5216
f 5223 5211 5222
f 5202 5201 5212
f 5202 5212 5213
f 5209 5208 5219
f 5209 5219 5220
f 5216 5215 5227
f 5216 5227 5228
f 5223 5222 5234
f 5213 5212 5224
f 5213 5224 5225
f 5220 5219 5231
f 5220 5231 5232
f 5217 5216 5228
f 5217 5228 5229
f 5214 5213 5225
f 5214 5225 5226
f 5221 5220 5232
f 5221 5232 5233
f 5218 5217 5229
f 5218 5229 5230
f 5215 5214 5226
f 5215 5226 5227
f 5222 5221 5233
f 5222 5233 5234
f 5212 5189 5224
f 5219 5218 5230
f 5219 5230 5231
f 5230 5229 5240
f 5230 5240 5241
f 5227 5226 5237
f 5227 5237 5238
f 5234 5233 5244
f 5234 5244 5245
f 5224 5189 5235
f 5231 5230 5241
f 5231 5241 5242
f 5228 5227 5238
f 5228 5238 5239
f 5223 5234 5245
f 5225 5224 5235
f 5225 5235 5236
f 5232 5231 5242
f 5232 5242 5243
f 5229 5228 5239
f 5229 5239 5240
f 5226 5225 5236
f 5226 5236 5237
f 5233 5232 5243
f 5233 5243 5244
f 5240 5239 5250
f 5240 5250 5251
f 5237 5236 5247
f 5237 5247 5248
f 5244 5243 5254
f 5244 5254 5255
f 5241 5240 5251
f 5241 5251 5252
f 5238 5237 5248
f 5238 5248 5249
f 5245 5244 5255
f 5245 5255 5256
f 5235 5189 5246
f 5242 5241 5252
f 5242 5252 5253
f 5239 5238 5249
f 5239 5249 5250
f 5223 5245 5256
f 5236 5235 5246
f 5236 5246 5247
f 5243 5242 5253
f 5243 5253 5254
f 5253 5252 5263
f 5253 5263 5264
f 5250 5249 5260
f 5250 5260 5261
f 5223 5256 5267
f 5247 5246 5257
f 5247 5257 5258
f 5254 5253 5264
f 5254 5264 5265
f 5251 5250 5261
f 5251 5261 5262
f 5248 5247 5258
f 5248 5258 5259
f 5255 5254 5265
f 5255 5265 5266
f 5252 5251 5262
f 5252 5262 5263
f 5249 5248 5259
f 5249 5259 5260
f 5256 5255 5266
f 5256 5266 5267
f 5246 5189 5257
f 5263 5262 5273
f 5263 5273 5274
f 5260 5259 5270
f 5260 5270 5271
f 5267 5266 5277
f 5267 5277 5278
f 5257 5189 5268
f 5264 5263 5274
f 5264 5274 5275
f 5261 5260 5271
f 5261 5271 5272
f 5223 5267 5278
f 5258 5257 5268
f 5258 5268 5269
f 5265 5264 5275
f 5265 5275 5276
f 5262 5261 5272
f 5262 5272 5273
f 5259 5258 5269
f 5259 5269 5270
f 5266 5265 5276
f 5266 5276 5277
f 5276 5275 5286
f 5276 5286 5287
f 5273 5272 5283
f 5273 5283 5284
f 5270 5269 5280
f 5270 5280 5281
f 5277 5276 5287
f 5277 5287 5288
f 5274 5273 5284
f 5274 5284 5285
f 5271 5270 5281
f 5271 5281 5282
f 5278 5277 5288
f 5278 5288 5289
f 5268 5189 5279
f 5275 5274 5285
f 5275 5285 5286
f 5272 5271 5282
f 5272 5282 5283
f 5223 5278 5289
f 5269 5268 5279
f 5269 5279 5280
f 5279 5189 5290
f 5286 5285 5296
f 5286 5296 5297
f 5283 5282 5293
f 5283 5293 5294
f 5223 5289 5300
f 5280 5279 5290
f 5280 5290 5291
f 5287 5286 5297
f 5287 5297 5298
f 5284 5283 5294
f 5284 5294 5295
f 5281 5280 5291
f 5281 5291 5292
f 5288 5287 5298
f 5288 5298 5299
f 5285 5284 5295
f 5285 5295 5296
f 5282 5281 5292
f 5282 5292 5293
f 5289 5288 5299
f 5289 5299 5300
f 5299 5298 5309
f 5299 5309 5310
f 5296 5295 5306
f 5296 5306 5307
f 5293 5292 5303
f 5293 5303 5304
f 5300 5299 5310
f 5300 5310 5311
f 5290 5189 5301
f 5297 5296 5307
f 5297 5307 5308
f 5294 5293 5304
f 5294 5304 5305
f 5223 5300 5311
f 5291 5290 5301
f 5291 5301 5302
f 5298 5297 5308
f 5298 5308 5309
f 5295 5294 5305
f 5295 5305 5306
f 5292 5291 5302
f 5292 5302 5303
f 5302 5301 5312
f 5302 5312 5313
f 5309 5308 5317
f 5309 5317 5318
f 5306 5305 5314
f 5306 5314 5315
f 5303 5302 5313
f 5303 5313 5055
f 5310 5309 5318
f 5310 5318 5319
f 5307 5306 5315
f 5307 5315 5316
f 5304 5303 5055
f 5304 5055 5056
f 5311 5310 5319
f 5311 5319 5320
f 5301 5189 5312
f 5308 5307 5316
f 5308 5316 5317
f 5305 5304 5056
f 5305 5056 5314
f 5223 5311 5320
